mineke_lemma_id	mineke_lemma	mineke_entry_number	mineke_image_filenames	mineke_max_page_number	meineke_source_text_version_id	meineke_source_variant	meineke_notes	meineke_text_hash	match_billerbeck_lemma_id	match_billerbeck_lemma	match_billerbeck_entry_number	match_billerbeck_id	match_similarity	match2_billerbeck_lemma_id	match2_billerbeck_lemma	match2_similarity	similarity_delta	normalized_mineke	normalized_match
135457	Ἀβάκαινον		meineke_page_015.jpg	15	8629	ocr	OCR from image meineke_page_015.jpg (id=1187)	b86d77482b5963d5df528a24e73985cfcb909f2c73b90a56047570cc39abf055	61052	Ἀβάκαινον	2	Α2	1.000000	2074	Καικῖνον	0.555556	0.444444	αβακαινον	αβακαινον
135458	Ἀβαντίς	1	meineke_page_016.jpg	16	8630	ocr	OCR from image meineke_page_016.jpg (id=1188)	00152b31917a4defcb608b285f46a1428f2e4fc9debae8862d085374254ce0dc	61053	Ἀβαντίς	3	Α3	1.000000	61139	Αἰανῖτις	0.750000	0.250000	αβαντισ	αβαντισ
135462	Ἄβδηρα		meineke_page_019.jpg	19	8633	ocr	OCR from image meineke_page_019.jpg (id=1191)	8059ea78eb91b955456d5c58c8fc75843103556b14da3dc118af2fbe3fa4d6d4	61056	Ἄβδηρα	6	Α6	1.000000	13847	Δηρά	0.666667	0.333333	αβδηρα	αβδηρα
135464	Ἀβόλλα	1	meineke_page_020.jpg	20	8635	ocr	OCR from image meineke_page_020.jpg (id=1192)	07707c1fc4259dde4fb85b2b076a9bd154dd519525edc5caa6a75f8ca970da78	61059	Ἄβολλα	9	Α9	1.000000	105809	Ἄχολλα	0.833333	0.166667	αβολλα	αβολλα
135471	Ἀβρότονον		meineke_page_022.jpg	22	8640	ocr	OCR from image meineke_page_022.jpg (id=1194)	24fbf202c0e47d30b32d149937d9d8f9125a3937a765fe80e73a5a99342a3010	61065	Ἀβρότονον	15	Α15	1.000000	14873	Δράκονον	0.555556	0.444444	αβροτονον	αβροτονον
135477	Ἀγάθη	1	meineke_page_024.jpg	24	8645	ocr	OCR from image meineke_page_024.jpg (id=1196)	c7d65fd6aea3de6ec5a660de4d5c4c1903dd2279f42b42bdcbd373a639764adb	61071	Ἀγάθη	21	Α21	1.000000	82908	Ἀμάθη	0.800000	0.200000	αγαθη	αγαθη
135481	Ἀγαμῆδη		meineke_page_025.jpg	25	8649	ocr	OCR from image meineke_page_025.jpg (id=1197)	06224818ec000146a5f00192a51a03ba302e0d8b2a7045e36192a36e38d1bc0b	61075	Ἀγαμήδη	25	Α25	1.000000	61137	Αἰαμηνή	0.714286	0.285714	αγαμηδη	αγαμηδη
135482	Ἀγάμμεια	1	meineke_page_026.jpg	26	8650	ocr	OCR from image meineke_page_026.jpg (id=1198)	95e0af1a3979f313877a5bd83d1b0f7ef1f8c5ca77add97ced5fbebb272c1102	61076	Ἀγάμμεια	26	Α26	1.000000	61070	Ἀγάθεια	0.750000	0.250000	αγαμμεια	αγαμμεια
135484	Ἀγβάτανα	3	meineke_page_026.jpg	26	8652	ocr	OCR from image meineke_page_026.jpg (id=1198)	0b2980d6c06a98d2f0ee07c5aed166815ca9deb4fcba27ce859ae6f5cfd6e8b2	61078	Ἀγβάτανα	28	Α28	1.000000	105826	Βαγίστανα	0.666667	0.333333	αγβατανα	αγβατανα
135485	Ἀγγελή		meineke_page_027.jpg	27	8653	ocr	OCR from image meineke_page_027.jpg (id=1199)	26c0905ba626aa47437904d77c7f7e8f9d618499bc18b3c1883018d26e724301	61079	Ἀγγελή	29	Α29	1.000000	96958	Ἀρβέλη	0.666667	0.333333	αγγελη	αγγελη
135492	Ἀγκύριον		meineke_page_031.jpg	31	8659	ocr	OCR from image meineke_page_031.jpg (id=1203)	ba21f760c48d7160ea1259983286240ba9a0c0787ea3c5e0e9f86244e442f717	61084	Ἀγκύριον	34	Α34	1.000000	8989	Μανδύριον	0.666667	0.333333	αγκυριον	αγκυριον
135495	Ἄγνους	1	meineke_page_032.jpg	32	8662	ocr	OCR from image meineke_page_032.jpg (id=1204)	40b55b0071f0bf2dcd30b7c745fec34edf077ae29eac91827069e7571a51b748	61087	Ἀγνοῦς	37	Α37	1.000000	13817	Δαφνοῦς	0.714286	0.285714	αγνουσ	αγνουσ
135511	Ἀγχίαλη		meineke_page_037.jpg	37	8678	ocr	OCR from image meineke_page_037.jpg (id=1209)	9497d35358bc7a36558918a040d757ee5998274c00b855ba961c106ec3b43bad	61103	Ἀγχιάλη	53	Α53	1.000000	61104	Ἀγχίση	0.714286	0.285714	αγχιαλη	αγχιαλη
135516	Ὰδαρούπολις	2	meineke_page_039.jpg	39	8683	ocr	OCR from image meineke_page_039.jpg (id=1211)	762775d60c738bea31639bbfc007097481ac14d59e078c29bdd0b57750477cfe	61106	Ἀδαρούπολις	56		1.000000	85693	Ἀνταιούπολις	0.750000	0.250000	αδαρουπολισ	αδαρουπολισ
135517	Ὰδέρκων	3	meineke_page_039.jpg	39	8684	ocr	OCR from image meineke_page_039.jpg (id=1211)	d36dc0274153ef12dc7c3622c8c0959e691608576e4ae97d1ca29b44c081e528	61107	Ἀδέρκων	57	Α57	1.000000	13839	Δερτών	0.714286	0.285714	αδερκων	αδερκων
135518	Ὰδιαβηνή	4	meineke_page_039.jpg	39	8685	ocr	OCR from image meineke_page_039.jpg (id=1211)	1074aa45bb132ab0472d5ecd577bb250d622bb713ed12ea3b232a2ab49a5884b	61108	Ἀδιαβηνή	58	Α58	1.000000	14818	Διαβήτη	0.750000	0.250000	αδιαβηνη	αδιαβηνη
135523	Ἀδρανόν		meineke_page_041.jpg	41	19041	ocr	OCR from image meineke_page_047.jpg (id=1219)	2e572349dd2f37bd149bdcbf081c9f1e5dfc783ea998f846408a4b43048967db	61113	Ἀδρανόν	63	Α63	1.000000	61112	Ἀδράνη	0.714286	0.285714	αδρανον	αδρανον
135524	Ἀδραστεία		meineke_page_041.jpg	41	19042	ocr	OCR from image meineke_page_047.jpg (id=1219)	4de9a89051fd9826985cfe47fe68a4838d6e04129081a515bad4bde4d87ba6eb	61114	Ἀδράστεια	64	Α64	1.000000	85723	Ἀπεράντεια	0.700000	0.300000	αδραστεια	αδραστεια
135525	Ἀδρία		meineke_page_041.jpg	41	8692	ocr	OCR from image meineke_page_041.jpg (id=1213)	ab3f5a280673b08f840baa95308946f386a4b08d6abf97062f18677407ad721a	61115	Ἀδρία	65	Α65	1.000000	85680	Ἀνδρία	0.833333	0.166667	αδρια	αδρια
135526	Ἀδρόττα	1	meineke_page_042.jpg	42	8693	ocr	OCR from image meineke_page_042.jpg (id=1214)	93c2750bacb21607b1acbe65412ee923ff3a0699eb2693df38d593223a273c56	61116	Ἄδροττα	66	Α66	1.000000	3278	Κόροντα	0.571429	0.428571	αδροττα	αδροττα
135527	Ἀδρύμης / Ἀδρύμητος	2	meineke_page_042.jpg	42	8694	ocr	OCR from image meineke_page_042.jpg (id=1214)	e1b144d1c21223e49a7e426bbf897c99b72534de8a3cb3fa51d4d9e18f58e954	61117	Ἀδρύμης, Ἀδρύμητος	67	Α67	1.000000	82928	Ἀμήστρατος	0.500000	0.500000	αδρυμησαδρυμητοσ	αδρυμησαδρυμητοσ
135532	Ἀζανία	19	meineke_page_043.jpg	43	8699	ocr	OCR from image meineke_page_043.jpg (id=1215)	299bdc27af7e1fafc92d9046fa6453c8319bf97d310a49702f4bfeda1328f95e	61121	Ἀζανία	71	Α71	1.000000	61124	Ἁζηνιά	0.833333	0.166667	αζανια	αζανια
135533	Ἀζάνοι		meineke_page_044.jpg	44	8700	ocr	OCR from image meineke_page_044.jpg (id=1216)	288bdd507516e8ce4ab919877ab288caa60c2afe5bf9e549e5b6b8d672ff05f1	61122	Ἀζανοί	72	Α72	1.000000	99806	Ἀριανοί	0.714286	0.285714	αζανοι	αζανοι
135535	Ὰδαρουπόλις	2	meineke_page_045.jpg	45	8702	ocr	OCR from image meineke_page_045.jpg (id=1217)	6ed332c75caec7e822368943028764372c197ca0e0f48aab5adc22d4f5927f9a	61106	Ἀδαρούπολις	56		1.000000	85693	Ἀνταιούπολις	0.750000	0.250000	αδαρουπολισ	αδαρουπολισ
135552	Ἀζανια	5	meineke_page_049.jpg	49	8718	ocr	OCR from image meineke_page_049.jpg (id=1221)	36ba59bb3ef317e42af651bb91a555821ef7f4836614ce4af12ae9f54802eaa5	61121	Ἀζανία	71	Α71	1.000000	61124	Ἁζηνιά	0.833333	0.166667	αζανια	αζανια
135556	Ἀζηνιά		meineke_page_051.jpg	51	8722	ocr	OCR from image meineke_page_051.jpg (id=1223)	032cfb692e14902d75faae3f95b5d84d1e3bf789ade5a1ec335f50344fe3d400	61124	Ἁζηνιά	74	Α74	1.000000	61121	Ἀζανία	0.833333	0.166667	αζηνια	αζηνια
135557	Ἀζιλις		meineke_page_051.jpg	51	8723	ocr	OCR from image meineke_page_051.jpg (id=1223)	fe91c31355c07ed8256285358975bcbaea183492c54a7f0c8b56ebd203cb12f6	61125	Ἄζιλις	75	Α75	1.000000	105868	Βάσιλις	0.714286	0.285714	αζιλισ	αζιλισ
135558	Ἀζωρος		meineke_page_051.jpg	51	8724	ocr	OCR from image meineke_page_051.jpg (id=1223)	eb0525805d9f0e3bc0729e8bdf5fa4729c77bc6a9fbfaec794e3c76798cfc55e	61126	Ἄζωρος	76	Α76	1.000000	121780	Γάζωρος	0.857143	0.142857	αζωροσ	αζωροσ
135571	Αιαμηνή		meineke_page_056.jpg	56	8737	ocr	OCR from image meineke_page_056.jpg (id=1228)	cd7dec1cd6e4c746abe68870d3c0ad0481355311012b23be0766c772fb0879ab	61137	Αἰαμηνή	87	Α87	1.000000	61108	Ἀδιαβηνή	0.750000	0.250000	αιαμηνη	αιαμηνη
135572	Αἰανή		meineke_page_056.jpg	56	8738	ocr	OCR from image meineke_page_056.jpg (id=1228)	5cc4a1a1726adebfd95f3fc74a9cc2689569be8831cd9fc04a8c0d7e3a2f1420	61138	Αἰανή	88	Α88	1.000000	61194	Αἴτνη	0.800000	0.200000	αιανη	αιανη
135573	Αἰανῖτις		meineke_page_056.jpg	56	8739	ocr	OCR from image meineke_page_056.jpg (id=1228)	05b81864312b656a46078260d6bd7037e6d7b89048a9c0f8a8e9f82dc5971343	61139	Αἰανῖτις	89	Α89	1.000000	61053	Ἀβαντίς	0.750000	0.250000	αιανιτισ	αιανιτισ
135574	Αἰβοῦδαι		meineke_page_056.jpg	56	8740	ocr	OCR from image meineke_page_056.jpg (id=1228)	6148a1b9b245140a0a1a20d3cc093773940d9c08de29b68672b00a5f545cb4ce	61140	Αἰβοῦδαι	90	Α90	1.000000	61141	Αἴβουρα	0.750000	0.250000	αιβουδαι	αιβουδαι
135575	Αἰβοῦρα		meineke_page_056.jpg	56	8741	ocr	OCR from image meineke_page_056.jpg (id=1228)	e080609735df76fbc9915ad7ce839e64c1dbb7984da3be16f829c614f765189e	61141	Αἴβουρα	91	Α91	1.000000	61140	Αἰβοῦδαι	0.750000	0.250000	αιβουρα	αιβουρα
135576	Αἴγα	1	meineke_page_057.jpg	57	8742	ocr	OCR from image meineke_page_057.jpg (id=1229)	b9d2f7f69606813c41e46437ebde468013ac09c2c016f10f30300f7c2386ed8b	61142	Αἰγά	92	Α92	1.000000	61136	Αἶα	0.750000	0.250000	αιγα	αιγα
135582	Αἴγιαλος		meineke_page_059.jpg	59	8748	ocr	OCR from image meineke_page_059.jpg (id=1231)	89901bd6f586285a717729240e6176ca716785ba00043493468ee6b3189d5047	61149	Αἰγιαλός	100	Α100	1.000000	96969	Ἄργιλος	0.750000	0.250000	αιγιαλοσ	αιγιαλοσ
135585	Αἰγιλιά		meineke_page_060.jpg	60	8751	ocr	OCR from image meineke_page_060.jpg (id=1232)	c9f039dc7e9a3c83e0d31dc15285c5dc68c1f55e7718fb4f39bc8fd4fbdfe69a	61151	Αἰγιλιά	102	Α102	1.000000	61152	Αἰγίλιψ	0.857143	0.142857	αιγιλια	αιγιλια
135591	Αἰγόσθενᾰ	2	meineke_page_063.jpg	63	8757	ocr	OCR from image meineke_page_063.jpg (id=1235)	f47877effd5f2d7dc0900200a7785bc16d306c49bc2e3cc278b93c685429153f	61158	Αἰγόσθενα	109	Α109	1.000000	8462	Λυκοσθένη	0.555556	0.444444	αιγοσθενα	αιγοσθενα
135598	Αιδούσιοι		meineke_page_065.jpg	65	8764	ocr	OCR from image meineke_page_065.jpg (id=1237)	fda7c8ca65ea6918dbfbaacba319bfd01d6aacebf7774453db153d0805d84831	61166	Αἰδούσιοι	117	Α117	1.000000	2061	Καδούσιοι	0.777778	0.222222	αιδουσιοι	αιδουσιοι
135601	Αἴθαλη		meineke_page_065.jpg	65	8767	ocr	OCR from image meineke_page_065.jpg (id=1237)	a0dabbe77c4d5696226f601d17cfecb33025a25758a15e83c638eb98b0d36045	61169	Αἰθάλη	120	Α120	1.000000	22212	Ἰθάκη	0.666667	0.333333	αιθαλη	αιθαλη
135603	Αἴθηρ		meineke_page_065.jpg	65	8769	ocr	OCR from image meineke_page_065.jpg (id=1237)	bafcb26a771854df0688c83f74b64c16437c12139e5204940e55f95ea1700331	61171	Αἰθήρ	122	Α122	1.000000	80241	Ἀλίφηρα	0.571429	0.428571	αιθηρ	αιθηρ
135606	Αἰϑόπιον	3	meineke_page_066.jpg	66	8772	ocr	OCR from image meineke_page_066.jpg (id=1238)	13e90bc9c4f99a00041c5e57360c594dfe7fa2c016e2873b4b0287059efa5c6f	61174	Αἰθόπιον	125	Α125	1.000000	17043	Ἐλλόπιον	0.625000	0.375000	αιθοπιον	αιθοπιον
135612	Αἰμονία	1	meineke_page_068.jpg	68	19068	ocr	OCR from image meineke_page_074.jpg (id=1246)	cde6e3ee616c6aad78361bd010bc4ff69ba8f4829fbe1f0df160d4f7f850649e	61179	Αἱμονία	130	Α130	1.000000	61211	Ἀκμονία	0.857143	0.142857	αιμονια	αιμονια
135613	Αἶμος		meineke_page_069.jpg	69	19069	ocr	OCR from image meineke_page_075.jpg (id=1247)	2997ea87717c92dc5721d27203b4b05180ee482d5aa2eeb88d85c69bba7342a4	61180	Αἷμος	131	Α131	1.000000	61184	Αἶνος	0.800000	0.200000	αιμοσ	αιμοσ
135615	Αἰνήθος		meineke_page_070.jpg	70	8781	ocr	OCR from image meineke_page_070.jpg (id=1242)	078fb2b769518ee75758fed50ac1c3692aa0eeea2306b1405b34186f637c90bd	61182	Αἴνηθος	133	Α133	1.000000	37851	Σίνθος	0.714286	0.285714	αινηθοσ	αινηθοσ
135617	Αἰξωνεία		meineke_page_071.jpg	71	8783	ocr	OCR from image meineke_page_071.jpg (id=1243)	3c5fffd1d96c6aa0f4159cdd70a544bb87c2296104164e2f36964c3942855076	61185	Αἰξώνεια	136	Α136	1.000000	125146	Χαιρώνεια	0.777778	0.222222	αιξωνεια	αιξωνεια
135618	Αἰόλειον	1	meineke_page_072.jpg	72	19073	ocr	OCR from image meineke_page_078.jpg (id=1250)	4aa70898f224dc3d5ea3898bb9aa8933d07e155a0b9bbb2b28068e65442aff14	61186	Αἰόλειον	137	Α137	1.000000	135422	Φιλομήλειον	0.636364	0.363636	αιολειον	αιολειον
135620	Αἰπεία	3	meineke_page_072.jpg	72	8786	ocr	OCR from image meineke_page_072.jpg (id=1244)	67877b84d60b14e09d379d4a843e8ef101c13bf7daa64ede75427cae4abd9656	61188	Αἴπεια	139	Α139	1.000000	61181	Αἴνεια	0.833333	0.166667	αιπεια	αιπεια
135623	Αἴλανον	3	meineke_page_073.jpg	73	8789	ocr	OCR from image meineke_page_073.jpg (id=1245)	be9cfc352b4f9741d0a4cd7f733c009afc455810de092057e745c52ab16efc73	61177	Ἀίλανον	128	Α128	1.000000	61113	Ἀδρανόν	0.714286	0.285714	αιλανον	αιλανον
135624	Αἴλια	4	meineke_page_073.jpg	73	8790	ocr	OCR from image meineke_page_073.jpg (id=1245)	7dbb5238a2d8a9964a8d21169c508dd46d72249fecd1f5882cd64b848137b470	61178	Αἰλία	129	Α129	1.000000	61187	Αἰολία	0.833333	0.166667	αιλια	αιλια
135628	Αἰνεία		meineke_page_075.jpg	75	8794	ocr	OCR from image meineke_page_075.jpg (id=1247)	18e477289e36772d849cb6c28b2086284d28ea9160b055fd64f650472c1a477e	61181	Αἴνεια	132	Α132	1.000000	61183	Αἰνία	0.833333	0.166667	αινεια	αινεια
135630	Αἴνια		meineke_page_076.jpg	76	8796	ocr	OCR from image meineke_page_076.jpg (id=1248)	a5e2d68f559cecb1bf919cf0160195204e335f3380c488ffc5a8091c6223d272	61183	Αἰνία	134	Α134	1.000000	61181	Αἴνεια	0.833333	0.166667	αινια	αινια
135640	Αἰσύμη		meineke_page_079.jpg	79	8806	ocr	OCR from image meineke_page_079.jpg (id=1251)	29216b03364b572ed1da67b213832931b99196d1a5326f072de4726dd9990567	61192	Αἰσύμη	143	Α143	1.000000	12808	Οἰσύμη	0.833333	0.166667	αισυμη	αισυμη
135641	Αἰσών		meineke_page_079.jpg	79	8807	ocr	OCR from image meineke_page_079.jpg (id=1251)	42c4a409250a00c1288551cbe12aa69fd391b8fd8d8b87b85f444364da0e3af0	61193	Αἰσών	144	Α144	1.000000	102816	Αὔσων	0.800000	0.200000	αισων	αισων
135644	Αἰτωλία	2	meineke_page_080.jpg	80	19133	ocr	OCR from image meineke_page_151.jpg (id=1323)	b912332eab83f63410df8f7702db828b6e5a392c33cc2249ca95aab8612efe4c	61195	Αἰτωλία	146	Α146	1.000000	23669	Ἰταλία	0.714286	0.285714	αιτωλια	αιτωλια
135645	Ἀκαδήμεια	1	meineke_page_081.jpg	81	8811	ocr	OCR from image meineke_page_081.jpg (id=1253)	42863b6653f7ef1eff6e83c75a268be7bb3dc2b91a8e8939e164829f9f226e8f	61196	Ἀκαδήμεια	147	Α147	1.000000	2059	Καδμεία	0.777778	0.222222	ακαδημεια	ακαδημεια
135646	Ἀκακήσιον	2	meineke_page_081.jpg	81	8812	ocr	OCR from image meineke_page_081.jpg (id=1253)	17e0d1a890716dcb68c8c0e1eb51c3b508c0c92b023a19f376bb746ae98703ff	61197	Ἀκακήσιον	148	Α148	1.000000	8997	Μαραθήσιον	0.700000	0.300000	ακακησιον	ακακησιον
135648	Ἀκαμαντίον	4	meineke_page_081.jpg	81	8814	ocr	OCR from image meineke_page_081.jpg (id=1253)	8905f7714686e0292a2adc124274bac4fb8f37e703770eabd1bc7862788924e9	61199	Ἀκαμάντιον	150	Α150	1.000000	61213	Ἀκόντιον	0.700000	0.300000	ακαμαντιον	ακαμαντιον
135649	Ἀκανθός	5	meineke_page_081.jpg	81	8815	ocr	OCR from image meineke_page_081.jpg (id=1253)	80af4f1d6aa19d1b046cf04c1df5ad4d33b33d885300e77a8f12298fee4e14f0	61200	Ἄκανθος	151	Α151	1.000000	135363	Φάλανθος	0.750000	0.250000	ακανθοσ	ακανθοσ
135651	Ἄκανναί		meineke_page_082.jpg	82	8817	ocr	OCR from image meineke_page_082.jpg (id=1254)	c9ecd9603fd65ebaaba9fcaea7873f5eda3f17d57613e0e1b08b228e904f5fab	61201	Ἀκάνναι	152	Α152	1.000000	2346	Κάναι	0.714286	0.285714	ακανναι	ακανναι
135657	Ἀκεσαί	1	meineke_page_084.jpg	84	8823	ocr	OCR from image meineke_page_084.jpg (id=1256)	2cbb25965532503dbb0424812e77b0907be19f9216e3255c9fdeec65cc698e7a	61206	Ἀκεσαί	157	Α157	1.000000	61208	Ἀκέστη	0.666667	0.333333	ακεσαι	ακεσαι
135659	Ἀκέστη	3	meineke_page_084.jpg	84	8825	ocr	OCR from image meineke_page_084.jpg (id=1256)	d8b87b03a4db6e107d14b8f620b5563b346c508069fc32441790c082678cfc47	61208	Ἀκέστη	159	Α159	1.000000	12862	Ὀρέστη	0.666667	0.333333	ακεστη	ακεστη
135667	Ἀκράγαντες	3	meineke_page_087.jpg	87	8833	ocr	OCR from image meineke_page_087.jpg (id=1259)	9ea8bafd9114e623fca2d0cff89c360220540d53dfa3a4113118ecdb655feea1	80193	Ἀκράγαντες	167	Α167	1.000000	121797	Γαράμαντες	0.700000	0.300000	ακραγαντεσ	ακραγαντεσ
135673	Ἀκρόπολις	6	meineke_page_088.jpg	88	8839	ocr	OCR from image meineke_page_088.jpg (id=1260)	f8a212e538f309d26b8949b0026be5be05cb5360d972a5acb6813d4c0e678e8b	80199	Ἀκρόπολις	173	Α173	1.000000	2495	Καρόπολις	0.777778	0.222222	ακροπολισ	ακροπολισ
135674	Ἀκρώρεια		meineke_page_089.jpg	89	8840	ocr	OCR from image meineke_page_089.jpg (id=1261)	c4a435753f4499b8a1675ffbe9dc704b31ab753956ed9662f4aac7415ac0887a	80200	Ἀκρώρεια	174	Α174	1.000000	80201	Ἀκρώρειοι	0.777778	0.222222	ακρωρεια	ακρωρεια
135676	Ἀκτιον	3	meineke_page_090.jpg	90	8842	ocr	OCR from image meineke_page_090.jpg (id=1262)	aa4167b5865f3bd501b73ce07eff1a782ccd0d82b1446fbdb7b1370dc0152d27	80203	Ἄκτιον	177	Α177	1.000000	61213	Ἀκόντιον	0.750000	0.250000	ακτιον	ακτιον
135677	Ἀκυληία	4	meineke_page_090.jpg	90	8843	ocr	OCR from image meineke_page_090.jpg (id=1262)	dbbe79f2a7bb79580a660b12e0b8e08b65bdd32909f193dfa735f8c5cea1fdda	80204	Ἀκυληία	178	Α178	1.000000	80205	Ἀκυλῖνα	0.714286	0.285714	ακυληια	ακυληια
135683	Ἀλαβάνδα		meineke_page_091.jpg	91	8849	ocr	OCR from image meineke_page_091.jpg (id=1263)	f8eede4184f4c74865d721450dabbf644471133ee33f29f04e024fb0a7d97ef7	80210	Ἀλάβανδα	184	Α184	1.000000	7637	Λάβρανδα	0.750000	0.250000	αλαβανδα	αλαβανδα
135684	Ἀλαβαστρά		meineke_page_091.jpg	91	8850	ocr	OCR from image meineke_page_091.jpg (id=1263)	63818090e977cd37decbe6617a788e0a708a33657135290f3afad8cdeaf4b618	80211	Ἀλάβαστρα	185	Α185	1.000000	7634	Λάβαρα	0.666667	0.333333	αλαβαστρα	αλαβαστρα
135686	Ἀλαβούριον		meineke_page_092.jpg	92	8852	ocr	OCR from image meineke_page_092.jpg (id=1264)	28cb974c52492d4e37889c73e5daed0e01ab283d94c564fabae29b937dab2533	80212	Ἀλαβούριον	186	Α186	1.000000	85721	Ἀπάτουρον	0.700000	0.300000	αλαβουριον	αλαβουριον
135688	Ἀλαζών		meineke_page_092.jpg	92	8854	ocr	OCR from image meineke_page_092.jpg (id=1264)	7de36b8d75856ecc57861e6e2e6340b92b80261a78840b7af1d4b1f9b02c83f1	80214	Ἀλαζών	188	Α188	1.000000	80213	Ἀλαβών	0.833333	0.166667	αλαζων	αλαζων
135690	Ἁλαί	1	meineke_page_093.jpg	93	8856	ocr	OCR from image meineke_page_093.jpg (id=1265)	592cb354dca1fb59dfb5c6dcb067299ba42875a62d6eb58e9cdecc3331874c79	80216	Ἀλαί	190	Α190	1.000000	102809	Αὐλαί	0.800000	0.200000	αλαι	αλαι
135695	Ἄλβα		meineke_page_094.jpg	94	8861	ocr	OCR from image meineke_page_094.jpg (id=1266)	583233efe9a6e0dfdb626d4cf0caeb0cf2002758308e9e0bd187b0336011bee3	80221	Ἄλβα	195	Α195	1.000000	80225	Ἀλέα	0.750000	0.250000	αλβα	αλβα
135697	Ἀλβίων		meineke_page_094.jpg	94	8863	ocr	OCR from image meineke_page_094.jpg (id=1266)	56e1d3e8d2ed8b0a37c195187114f0dc5273eff0f65180625a645199d3444183	80223	Ἀλβίων	197	Α197	1.000000	80213	Ἀλαβών	0.666667	0.333333	αλβιων	αλβιων
135698	Ἀλγίδος		meineke_page_094.jpg	94	8864	ocr	OCR from image meineke_page_094.jpg (id=1266)	82128ed6c21c8f63fa94ce8144b4a40cb6267b75e1221fdcc5b9372964b40730	80224	Ἄλγιδος	198	Α198	1.000000	11064	Νάγιδος	0.714286	0.285714	αλγιδοσ	αλγιδοσ
135708	Ἀλιζῶνες	1	meineke_page_099.jpg	99	8874	ocr	OCR from image meineke_page_099.jpg (id=1271)	efb231c43f74031cbc39ef9c79f39feec01578249be0f677419d5abc81b40b9e	80231	Ἁλιζῶνες	205	Α205	1.000000	12817	Ὀλιζών	0.625000	0.375000	αλιζωνεσ	αλιζωνεσ
135711	Ἀλικύρνα	4	meineke_page_099.jpg	99	8877	ocr	OCR from image meineke_page_099.jpg (id=1271)	97ce7e351a7e28d7d4784c04db5154e32ae4f0ec4ad7cbf2373e1a9f3095aa38	80234	Ἁλίκυρνα	208	Α208	1.000000	80240	Ἁλίσαρνα	0.750000	0.250000	αλικυρνα	αλικυρνα
135715	Ἀλιμαλα		meineke_page_100.jpg	100	8881	ocr	OCR from image meineke_page_100.jpg (id=1272)	dfc04405e4ffbaac42466f18be008d836e9cf34ba83fb20fb9cc096e9de5762c	80238	Ἀλίμαλα	212	Α212	1.000000	80240	Ἁλίσαρνα	0.625000	0.375000	αλιμαλα	αλιμαλα
135719	Ἀλκομεναί		meineke_page_100.jpg	100	8885	ocr	OCR from image meineke_page_100.jpg (id=1272)	ad86f4d1b035fe3d17c35a711bab1586480cf054c240b74b11fd354a59e44424	80242	Ἀλκομεναί	216	Α216	1.000000	22196	Ἰδομεναί	0.666667	0.333333	αλκομεναι	αλκομεναι
135726	Ἀλμωπία		meineke_page_101.jpg	101	8892	ocr	OCR from image meineke_page_101.jpg (id=1273)	b1988a08b1f775b60443d386883523aa5cb15f1471d9a21ea37770b2c4d86dac	80248	Ἀλμωπία	223	Α223	1.000000	82933	Ἀμμωνία	0.714286	0.285714	αλμωπια	αλμωπια
135737	Ἀλύβας		meineke_page_104.jpg	104	8903	ocr	OCR from image meineke_page_104.jpg (id=1276)	ae46b676f5a33fe27d060336cd4d1dcdd31fc46ca66d4f3708d2421e39adae4a	82892	Ἀλύβας	232	Α232	1.000000	128485	Χάλυβες	0.714286	0.285714	αλυβασ	αλυβασ
135738	Ἀλύβη		meineke_page_104.jpg	104	8904	ocr	OCR from image meineke_page_104.jpg (id=1276)	be4ae9ad81d7b12382462317ce4f73c2853cc3e21bfa4ffb632f2644d26dde03	82893	Ἀλύβη	233	Α233	1.000000	2330	Καλύβη	0.833333	0.166667	αλυβη	αλυβη
135740	Ἀλύκος		meineke_page_104.jpg	104	8906	ocr	OCR from image meineke_page_104.jpg (id=1276)	1434206f20524288d4684ee4fb42a2110258e0f68105256e27ffe2329b31322c	82895	Ἄλυκος	235	Α235	1.000000	20851	Ἰαλυσός	0.714286	0.285714	αλυκοσ	αλυκοσ
135744	Ἀλῶνη		meineke_page_105.jpg	105	8910	ocr	OCR from image meineke_page_105.jpg (id=1277)	a36082ca622e42ad5b66f962c64c1113598630531a2d56db8f61bc416c1f2ed6	82898	Ἁλώνη	238	Α238	1.000000	19520	Ἠλώνη	0.800000	0.200000	αλωνη	αλωνη
135745	Ἀλωνίς		meineke_page_105.jpg	105	8911	ocr	OCR from image meineke_page_105.jpg (id=1277)	34cd17c2e981e3c7c5a21f8f9b9bef25f651c63307dd386a6269effc5b149819	82899	Ἀλωνίς	239	Α239	1.000000	82889	Ἄλπωνος	0.714286	0.285714	αλωνισ	αλωνισ
135748	Ἀμαδόκοι		meineke_page_105.jpg	105	8914	ocr	OCR from image meineke_page_105.jpg (id=1277)	3647489cd1ced8295115b02a875bb7d677aa2dc7002cbc4d16dd55a6cc3e58c7	82904	Ἀμάδοκοι	244	Α244	1.000000	82952	Ἀμφίδολοι	0.666667	0.333333	αμαδοκοι	αμαδοκοι
135757	Ἀμαξιτός	5	meineke_page_108.jpg	108	8923	ocr	OCR from image meineke_page_108.jpg (id=1280)	5ce8de949cd0dfde81b24c458f1b25225a942a2f31ce38a8f5ba8d4786def084	82917	Ἀμαξιτός	257	Α257	1.000000	8486	Μαδυτός	0.625000	0.375000	αμαξιτοσ	αμαξιτοσ
135759	Ἀμαρδοί	7	meineke_page_108.jpg	108	8925	ocr	OCR from image meineke_page_108.jpg (id=1280)	4ce5826eed630254b6d382f7ac69d0ba398e2e9d915b1d57296f9175eb5f104d	82919	Ἀμαρδοί	259	Α259	1.000000	9006	Μάρδοι	0.857143	0.142857	αμαρδοι	αμαρδοι
135760	Ἀμαρυνθος	8	meineke_page_108.jpg	108	8926	ocr	OCR from image meineke_page_108.jpg (id=1280)	d94fe8f69b59c51b348629756cd0eb5adf8e4259b99e790bbbabc15437ad81f2	82920	Ἀμάρυνθος	260	Α260	1.000000	96945	Ἀράκυνθος	0.777778	0.222222	αμαρυνθοσ	αμαρυνθοσ
135762	Ἀμαστρίς	1	meineke_page_109.jpg	109	8928	ocr	OCR from image meineke_page_109.jpg (id=1281)	b0b8914f07d878ee751c3deea0dd9466445470e5f02fb960499d24052fd5d552	82922	Ἄμαστρις	262	Α262	1.000000	2085	Καλασίρις	0.666667	0.333333	αμαστρισ	αμαστρισ
135767	Ἀμήστρατος		meineke_page_110.jpg	110	8933	ocr	OCR from image meineke_page_110.jpg (id=1282)	cc3374f2d63f415fd80aea63ae761e7562be3763205fd860711ba4e93347659e	82928	Ἀμήστρατος	268	Α268	1.000000	41992	Στράτος	0.700000	0.300000	αμηστρατοσ	αμηστρατοσ
135772	Ἀμμωνία	1	meineke_page_111.jpg	111	8938	ocr	OCR from image meineke_page_111.jpg (id=1283)	83fa016d46a28005b8e1b52be7c3e152a382abfe06be81fe047f3f29fec137be	82933	Ἀμμωνία	273	Α273	1.000000	2343	Καμμανία	0.750000	0.250000	αμμωνια	αμμωνια
135773	Ἄμνισός	2	meineke_page_111.jpg	111	8939	ocr	OCR from image meineke_page_111.jpg (id=1283)	67186ec733dc7ecbb11748ca3db20c1587bca36dc303e952866ed3ee5b8968e7	82934	Ἀμνισός	274	Α274	1.000000	82932	Ἀμισός	0.857143	0.142857	αμνισοσ	αμνισοσ
135775	Ἄμοργος	4	meineke_page_111.jpg	111	8941	ocr	OCR from image meineke_page_111.jpg (id=1283)	c994edcfdd87a4e289232d6262c8423b684dd9880b51c0a80c5e82fce45c93c9	82935	Ἀμοργός	275	Α276	1.000000	82936	Ἄμολβος	0.714286	0.285714	αμοργοσ	αμοργοσ
135782	Ἀμύκλαι	6	meineke_page_112.jpg	112	8948	ocr	OCR from image meineke_page_112.jpg (id=1284)	c1bc8e67b49102fd3624eb20e476e1ec88119ec561cd77f591eaca6a43293063	82943	Ἀμύκλαι	283	Α283	1.000000	10336	Μυλαί	0.714286	0.285714	αμυκλαι	αμυκλαι
135785	Ἀμφάξιον	2	meineke_page_114.jpg	114	8951	ocr	OCR from image meineke_page_114.jpg (id=1286)	d4cb5925949d462f2bf381c741e017f488077e50c220eb4a687b56bc66138682	82949	Ἀμφάξιον	289	Α289	1.000000	12844	Ὀμφάλιον	0.750000	0.250000	αμφαξιον	αμφαξιον
135786	Ἀμφεία	3	meineke_page_114.jpg	114	8952	ocr	OCR from image meineke_page_114.jpg (id=1286)	c629372d19e82ad02d05b63c32ac041464b78140852c16b38d9b89293b53cd7a	82950	Ἄμφεια	290	Α290	1.000000	82921	Ἀμάσεια	0.714286	0.285714	αμφεια	αμφεια
135787	Ἀμφιγένεια	4	meineke_page_114.jpg	114	8953	ocr	OCR from image meineke_page_114.jpg (id=1286)	2a1b46c99389086850ac0ec81695e12329bfc924af79c3d921de89de37f9b2be	82951	Ἀμφιγένεια	291	Α291	1.000000	61163	Αἰγάνεια	0.700000	0.300000	αμφιγενεια	αμφιγενεια
135788	Ἀμφιδόλοι	5	meineke_page_114.jpg	114	8954	ocr	OCR from image meineke_page_114.jpg (id=1286)	e9f44479eebae82bfc1e326f94e421c41496b7f5ef895c8e04dec14c50a86bfd	82952	Ἀμφίδολοι	292	Α292	1.000000	82954	Ἀμφίλοχοι	0.777778	0.222222	αμφιδολοι	αμφιδολοι
135789	Ἀμφικαια	1	meineke_page_115.jpg	115	8955	ocr	OCR from image meineke_page_115.jpg (id=1287)	97ff1f6accdcf0e49f4f4c98d979d16989baa52bdcd00e6b9e66faa682b05c8f	82953	Ἀμφίκαια	293	Α293	1.000000	11884	Νίκαια	0.625000	0.375000	αμφικαια	αμφικαια
135790	Ἀμφίλοχοι	2	meineke_page_115.jpg	115	8956	ocr	OCR from image meineke_page_115.jpg (id=1287)	451efb1178fa9ccbf602395044ee2117f988945d93fe430a2a75d87f746d7c29	82954	Ἀμφίλοχοι	294	Α294	1.000000	82952	Ἀμφίδολοι	0.777778	0.222222	αμφιλοχοι	αμφιλοχοι
135792	Ἀμφίπολις	4	meineke_page_115.jpg	115	8958	ocr	OCR from image meineke_page_115.jpg (id=1287)	66f8be2d88e872594a10aa7b947d764c1abf8b18d32ef8f72169484f8b78b9d5	82956	Ἀμφίπολις	296	Α296	1.000000	2328	Καλλίπολις	0.700000	0.300000	αμφιπολισ	αμφιπολισ
135793	Ἀμφίσσα	5	meineke_page_115.jpg	115	8959	ocr	OCR from image meineke_page_115.jpg (id=1287)	851f1b7aafa9cb938f38d0bc33a6434b5ebc4fddb4144ccee19bdd1138224b8a	82957	Ἄμφισσα	297	Α297	1.000000	82931	Ἄμισα	0.714286	0.285714	αμφισσα	αμφισσα
135797	Ἀναγυρούς	5	meineke_page_116.jpg	116	8963	ocr	OCR from image meineke_page_116.jpg (id=1288)	cfdd732083a5e484e9b5bb9efaf1466ef2e935f545c008589ee9cb2dee700d69	85668	Ἀναγυροῦς	300	Α300	1.000000	96976	Ἄργυρος	0.666667	0.333333	αναγυρουσ	αναγυρουσ
135799	Ἀναία		meineke_page_117.jpg	117	8965	ocr	OCR from image meineke_page_117.jpg (id=1289)	48c06f73413a96a8b7478e3721263efaff6907f20ba7aa58b7ce4089f571d47a	85670	Ἀναία	302	Α302	1.000000	85675	Ἄναυα	0.800000	0.200000	αναια	αναια
135800	Ἀνακαία		meineke_page_117.jpg	117	8966	ocr	OCR from image meineke_page_117.jpg (id=1289)	77ef316a299b187d6cc0bfd872a15ed299210456e183357dade0b6caff089e4d	85671	Ἀνακαία	303	Α303	1.000000	11884	Νίκαια	0.714286	0.285714	ανακαια	ανακαια
135801	Ἀνάκη		meineke_page_117.jpg	117	8967	ocr	OCR from image meineke_page_117.jpg (id=1289)	0d86d1f15f38219c8689d227e10c363ec336ad2b3e1871b2a6aa20ec1ff3c242	85672	Ἀνάκη	304	Α304	1.000000	85676	Ἀνάφη	0.800000	0.200000	ανακη	ανακη
135802	Ἀνακτόριον		meineke_page_117.jpg	117	8968	ocr	OCR from image meineke_page_117.jpg (id=1289)	3947f07ef1e69ea2833286abc1e55e00a571db56ef6cd2cba3f8b260bdb803f3	85673	Ἀνακτόριον	305	Α305	1.000000	8974	Μακτώριον	0.700000	0.300000	ανακτοριον	ανακτοριον
135803	Ἀναριακή		meineke_page_118.jpg	118	8969	ocr	OCR from image meineke_page_118.jpg (id=1290)	ba3cdba1f332b59199c5cf621a3c4822f4f182426435a1eeffd3d6bf436663d3	85674	Ἀναριάκη	306	Α306	1.000000	85670	Ἀναία	0.625000	0.375000	αναριακη	αναριακη
135805	Ἄναφη		meineke_page_118.jpg	118	8971	ocr	OCR from image meineke_page_118.jpg (id=1290)	0fc63a38ddb5fc1b79092a32a9d7e8b966586c8147ff7c8f600191b5e334115d	85676	Ἀνάφη	308	Α308	1.000000	85672	Ἀνάκη	0.800000	0.200000	αναφη	αναφη
135806	Ἀνάφλυστος		meineke_page_118.jpg	118	8972	ocr	OCR from image meineke_page_118.jpg (id=1290)	f55e5cad89c6dfadd54510d3c37d3e504969f9cf79a95477fcf53329d25d43b6	85677	Ἀνάφλυστος	309	Α309	1.000000	2603	Κάρυστος	0.600000	0.400000	αναφλυστοσ	αναφλυστοσ
135812	Ἀνεμώρεια	1	meineke_page_120.jpg	120	8978	ocr	OCR from image meineke_page_120.jpg (id=1292)	574e9c1f2d1ee91b195a6a9e9c0466d44d89e1530fdc8f8e88bc05f35a837871	85682	Ἀνεμώρεια	314	Α314	1.000000	80200	Ἀκρώρεια	0.666667	0.333333	ανεμωρεια	ανεμωρεια
135815	Ἀνθεια	1	meineke_page_121.jpg	121	8981	ocr	OCR from image meineke_page_121.jpg (id=1293)	99b4a9246aeacd1b553f690d4353a6cfe74cad6a8c67a9d44ecf7bf7a8ce5cba	85685	Ἄνθεια	317	Α317	1.000000	85696	Ἄντεια	0.833333	0.166667	ανθεια	ανθεια
135817	Ἀνθηδών	3	meineke_page_121.jpg	121	8983	ocr	OCR from image meineke_page_121.jpg (id=1293)	ce2fc86d6dbd22be0c1e62ec0bd59a7270ee54075a2a38c8c3bc74bb4c8ea7be	85687	Ἀνθηδών	319	Α319	1.000000	2604	Καρχηδών	0.625000	0.375000	ανθηδων	ανθηδων
135818	Ἀνθηλη	4	meineke_page_121.jpg	121	8984	ocr	OCR from image meineke_page_121.jpg (id=1293)	02755e42e0900091ea4b96dbf2ed64e4d1dc20f81871b80aaa0e0dba2419d154	85688	Ἀνθήλη	320	Α320	1.000000	2460	Κανθήλη	0.857143	0.142857	ανθηλη	ανθηλη
135821	Ἀνθύλλα		meineke_page_122.jpg	122	8987	ocr	OCR from image meineke_page_122.jpg (id=1294)	a2b07022ec80d7f7486bf9ffe952b02ddc5392858374e091b6d9b45583392b50	85690	Ἄνθυλλα	322	Α322	1.000000	61101	Ἄγυλλα	0.714286	0.285714	ανθυλλα	ανθυλλα
135824	Ἀνταιούπολις		meineke_page_122.jpg	122	8990	ocr	OCR from image meineke_page_122.jpg (id=1294)	31701d93717547662d549ed19f180476cbb9028b57861ac9352a1280160e2ac4	85693	Ἀνταιούπολις	325	Α325	1.000000	28354	Πιτάου πόλις	0.750000	0.250000	ανταιουπολισ	ανταιουπολισ
135825	Ἀντανδρος		meineke_page_122.jpg	122	8991	ocr	OCR from image meineke_page_122.jpg (id=1294)	778dc37536997e5e168b8dfb633f44b0389171fd89ac0122fd88a5701792e1aa	85694	Ἄντανδρος	326	Α326	1.000000	2462	Κάντανος	0.666667	0.333333	αντανδροσ	αντανδροσ
135827	Ἀντεία	1	meineke_page_123.jpg	123	8993	ocr	OCR from image meineke_page_123.jpg (id=1295)	a8da5ca991000f3ea5cc9a3c5744c47cb28bda0b4e98eaba17b53b677dadfe37	85696	Ἄντεια	328	Α328	1.000000	85685	Ἄνθεια	0.833333	0.166667	αντεια	αντεια
135831	Ἀντικύραι	1	meineke_page_124.jpg	124	8997	ocr	OCR from image meineke_page_124.jpg (id=1296)	187a43fc32ec513eef61643e9df4d1a5cf0b34c9d9ea6f46aa90dd00d1eb5b4d	85699	Ἀντικύραι	331	Α332	1.000000	80233	Ἁλικύαι	0.666667	0.333333	αντικυραι	αντικυραι
135832	Ἀντινόεια	2	meineke_page_124.jpg	124	8998	ocr	OCR from image meineke_page_124.jpg (id=1296)	ebd9b2832161e25e886e5eade521be4cead35aaf65658a5a6bd4af6c025a390d	85701	Ἀντινόεια	333	Α333	1.000000	85697	Ἀντιγόνεια	0.800000	0.200000	αντινοεια	αντινοεια
135834	Ἀντιόχεια		meineke_page_125.jpg	125	9000	ocr	OCR from image meineke_page_125.jpg (id=1297)	ff4efd01bd1128305454c58b7e38591dd2d2c995d6d065c785d20db0ea259717	85702	Ἀντιόχεια	334	Α334	1.000000	85697	Ἀντιγόνεια	0.800000	0.200000	αντιοχεια	αντιοχεια
135835	Ἀντιπατρίς		meineke_page_125.jpg	125	9001	ocr	OCR from image meineke_page_125.jpg (id=1297)	b074ba0087fe37472f2cb185de1166e781b3728e071038fee3fc908f63513a4d	85703	Ἀντιπατρίς	335	Α335	1.000000	11886	Νικατορίς	0.600000	0.400000	αντιπατρισ	αντιπατρισ
135839	Ἄντιφρα		meineke_page_126.jpg	126	9005	ocr	OCR from image meineke_page_126.jpg (id=1298)	9b05858fc567605ce39dc75fba5c0b0a14b0031e0b29239aed511a74d22a6858	85707	Ἀντίφρα	339	Α339	1.000000	85704	Ἀντισάρα	0.750000	0.250000	αντιφρα	αντιφρα
135841	Ἄντρων		meineke_page_126.jpg	126	9007	ocr	OCR from image meineke_page_126.jpg (id=1298)	c66e0bb8fbbd8252c53b90eec67f5ae2abd0960d142b21d2f78a3fe2cd5a0426	85709	Ἀντρών	341	Α341	1.000000	85708	Ἄντρον	0.833333	0.166667	αντρων	αντρων
135844	Ἄξια	1	meineke_page_127.jpg	127	9010	ocr	OCR from image meineke_page_127.jpg (id=1299)	6d3ba67ba6790f1d1457315d20cef67b39197e61d6d5bcc5e47c37fd87663c00	85712	Ἀξία	344	Α344	1.000000	11069	Ναξία	0.800000	0.200000	αξια	αξια
135850	Ἀπαίσος	7	meineke_page_127.jpg	127	9016	ocr	OCR from image meineke_page_127.jpg (id=1299)	ae88e8ce15a4bebbce57c515b775d40cebf96c5a42e7f1f46a0d4e489c9f7c56	85718	Ἀπαισός	350	Α350	1.000000	25163	Παραισός	0.750000	0.250000	απαισοσ	απαισοσ
135851	Ἀπάμεια		meineke_page_128.jpg	128	9017	ocr	OCR from image meineke_page_128.jpg (id=1300)	61b30a069d4cfc0292d6504990cd0091352a4ee8ef7382c860e923b023bbaa23	85719	Ἀπάμεια	351	Α351	1.000000	61076	Ἀγάμμεια	0.750000	0.250000	απαμεια	απαμεια
135853	Ἀπεραντεία		meineke_page_129.jpg	129	9019	ocr	OCR from image meineke_page_129.jpg (id=1301)	59bd917a1cf3d0c8d4de529045004ac8ae77ba98be9cb56a4355289d6ac93c05	85723	Ἀπεράντεια	355	Α355	1.000000	26726	Περαντία	0.800000	0.200000	απεραντεια	απεραντεια
135854	Ἀπέσας		meineke_page_129.jpg	129	9020	ocr	OCR from image meineke_page_129.jpg (id=1301)	6509160ed68d18821fee3ad83a16be2de341c57d8c511607ddc444cf96b4df35	85724	Ἀπέσας	356	Α356	1.000000	61206	Ἀκεσαί	0.666667	0.333333	απεσασ	απεσασ
135855	Ἀπία		meineke_page_129.jpg	129	9021	ocr	OCR from image meineke_page_129.jpg (id=1301)	be41446e0c917cf3c1bbd7205d5e09386523400e1207a9645178f5f457699d63	96927	Ἀπία	357	Α357	1.000000	61136	Αἶα	0.750000	0.250000	απια	απια
135857	Ἀπιόλα	2	meineke_page_130.jpg	130	9023	ocr	OCR from image meineke_page_130.jpg (id=1302)	2b75c49b552a0e65f155339a348a34139f14582ad73a8f1865a987d90230a35b	96928	Ἀπίολα	358	Α358	1.000000	23635	Ἱππόλα	0.666667	0.333333	απιολα	απιολα
135858	Ἀποδωτοί	3	meineke_page_130.jpg	130	9024	ocr	OCR from image meineke_page_130.jpg (id=1302)	53e424b38f962e97d2e8afa2c3d93e4065521a0e1528f3eb475adbb0a0debb45	96929	Ἀποδωτοί	359	Α359	1.000000	96954	Ἀραχωτοί	0.625000	0.375000	αποδωτοι	αποδωτοι
135860	Ἀπολλωνία	5	meineke_page_130.jpg	130	9026	ocr	OCR from image meineke_page_130.jpg (id=1302)	92dc4512c79772bf36dd54029ea5f8e31b41a2938d1f53e4a3ab892a15d68f06	96931	Ἀπολλωνία	361	Α361	1.000000	96932	Ἀπολλωνιεῖς	0.727273	0.272727	απολλωνια	απολλωνια
135867	Ἀραβία	4	meineke_page_132.jpg	132	9033	ocr	OCR from image meineke_page_132.jpg (id=1304)	7a32c3e3b126f2655f1375726f78af25507bf1c00993d89ee39c10a7120bf1ce	96937	Ἀραβία	367	Α367	1.000000	96938	Ἄραβις	0.833333	0.166667	αραβια	αραβια
135869	Ἀραιθυρέα		meineke_page_134.jpg	134	9035	ocr	OCR from image meineke_page_134.jpg (id=1306)	f9cc3a2e84a38a58df44cb490585e48b12328d9d3a3aae48d10350813594b24b	96943	Ἀραιθυρέα	373	Α373	1.000000	8991	Μανθυρέα	0.666667	0.333333	αραιθυρεα	αραιθυρεα
135871	Ἀρακύνθος		meineke_page_134.jpg	134	9037	ocr	OCR from image meineke_page_134.jpg (id=1306)	d3b8ce67666d4597e7d6cb06f8077dfa96f01c6d706fcf344fc0a06e31126a27	96945	Ἀράκυνθος	375	Α375	1.000000	82920	Ἀμάρυνθος	0.777778	0.222222	αρακυνθοσ	αρακυνθοσ
135872	Ἀράντια		meineke_page_134.jpg	134	9038	ocr	OCR from image meineke_page_134.jpg (id=1306)	79462de3ce736892235f8007e37beea3d9ab996a13c0cdbafab27bf2e7400dc2	96946	Ἀραντία	376	Α376	1.000000	82913	Ἀμαντία	0.857143	0.142857	αραντια	αραντια
135873	Ἀραξα		meineke_page_134.jpg	134	9039	ocr	OCR from image meineke_page_134.jpg (id=1306)	2fb5d1e8efc6410157cd1a2993bdf3aa29f798730b0f829b00a8f808d3423ed6	96947	Ἄραξα	377	Α377	1.000000	82914	Ἄμαξα	0.800000	0.200000	αραξα	αραξα
135875	Ἀραξῆς		meineke_page_134.jpg	134	9041	ocr	OCR from image meineke_page_134.jpg (id=1306)	ed53ed0ba6450575189758f94e4547652b9238a7f56b679f3b9918084d7e7646	96949	Ἀράξης	379	Α379	1.000000	96938	Ἄραβις	0.666667	0.333333	αραξησ	αραξησ
135876	Ἀράφεια		meineke_page_134.jpg	134	9042	ocr	OCR from image meineke_page_134.jpg (id=1306)	d68c6424f4b2af30ffc3cc881f26eeb8f55d87b9400545be5a5f7cce2140df44	96950	Ἀράφεια	380	Α380	1.000000	30167	Ῥάφεια	0.857143	0.142857	αραφεια	αραφεια
135877	Ἀραφῆν		meineke_page_135.jpg	135	9043	ocr	OCR from image meineke_page_135.jpg (id=1307)	d580276d9498b1ba9c88a6f13a7518aa75e1b0a907cbd1271831670991b90c44	96951	Ἀραφήν	381	Α381	1.000000	96940	Ἀραδήν	0.833333	0.166667	αραφην	αραφην
135879	Ἀραχωσία		meineke_page_135.jpg	135	9045	ocr	OCR from image meineke_page_135.jpg (id=1307)	936f0741e5b46a5a21211fce5bbd845c0170886e677719efd4070bc6107cd3f5	96953	Ἀραχωσία	383	Α383	1.000000	9001	Μαραθωνία	0.666667	0.333333	αραχωσια	αραχωσια
135880	Ἀραχωτοί		meineke_page_135.jpg	135	9046	ocr	OCR from image meineke_page_135.jpg (id=1307)	d63c773c809e26d0823bc360a32752dc81c8121acdef9eed82bdeb73c64840eb	96954	Ἀραχωτοί	384	Α384	1.000000	30158	Ῥαιτοί	0.625000	0.375000	αραχωτοι	αραχωτοι
135889	Ἀργαῖς		meineke_page_136.jpg	136	9055	ocr	OCR from image meineke_page_136.jpg (id=1308)	f4f808cd5bf3ea58d3def1f7dcdb7a9df8b3a383e1c82e6f232c56d3af1629fa	96963	Ἀργαΐς	393	Α393	1.000000	9004	Μάργαια	0.714286	0.285714	αργαισ	αργαισ
135890	Ἀργανθων		meineke_page_136.jpg	136	9056	ocr	OCR from image meineke_page_136.jpg (id=1308)	ee61dac35e55906367ec1cee2702c96a63ee031af051a71392248170ddbdceda	96964	Ἀργανθών	394	Α394	1.000000	3515	Κραννών	0.625000	0.375000	αργανθων	αργανθων
135893	Ἀργεννοῦσα	2	meineke_page_137.jpg	137	9059	ocr	OCR from image meineke_page_137.jpg (id=1309)	08b6ba0275d0728b29cde093e15b178d2903675ac5a5d0dbb4a7345aa74a6e8c	96966	Ἀργέννουσα	396	Α396	1.000000	99799	Ἀρέθουσα	0.700000	0.300000	αργεννουσα	αργεννουσα
135895	Ἀργίλα	4	meineke_page_137.jpg	137	9061	ocr	OCR from image meineke_page_137.jpg (id=1309)	6513d37293507a475a2742acf34baa79910190cc5c3b2e8f9663ffe759924b4b	96968	Ἄργιλα	398	Α398	1.000000	102806	Αὔγιλα	0.833333	0.166667	αργιλα	αργιλα
135896	Ἀργίλος	5	meineke_page_137.jpg	137	9062	ocr	OCR from image meineke_page_137.jpg (id=1309)	d1048285857a874b747a3a203470d88b49e046143335aa68eb627b99b8804e8a	96969	Ἄργιλος	399	Α399	1.000000	50999	Τράγιλος	0.750000	0.250000	αργιλοσ	αργιλοσ
135897	Ἀργος	6	meineke_page_137.jpg	137	9063	ocr	OCR from image meineke_page_137.jpg (id=1309)	ca0a891250ca9daa07ee385fb033bd74f231ff64d1927f685bfe3e94e6b4f6ad	96970	Ἄργος	400	Α400	1.000000	82935	Ἀμοργός	0.714286	0.285714	αργοσ	αργοσ
135898	Ἄργος		meineke_page_138.jpg	138	9064	ocr	OCR from image meineke_page_138.jpg (id=1310)	70e712749b5155e028da4d204262b2af05c28024bde0dbe18d17887ba36b0d9e	96970	Ἄργος	400	Α400	1.000000	82935	Ἀμοργός	0.714286	0.285714	αργοσ	αργοσ
135900	Ἀργύννιον	1	meineke_page_139.jpg	139	9066	ocr	OCR from image meineke_page_139.jpg (id=1311)	e04d984328dae3a7d7ed94c903a345929582c74d548076ee75b7a41f1ab2c7e4	96972	<Ἀργύννιον	402	Α402	1.000000	96979	Ἀρδύνιον	0.777778	0.222222	αργυννιον	αργυννιον
135901	Ἀργυρά		meineke_page_140.jpg	140	9067	ocr	OCR from image meineke_page_140.jpg (id=1312)	5fe8dbea167f3fa7dd9fc8cdf4d24fd579cb12f1910dc715461ed38b03ecc162	96973	Ἀργυρᾶ	403	Α403	1.000000	96971	Ἄργουρα	0.857143	0.142857	αργυρα	αργυρα
135903	Ἀργύριππα		meineke_page_140.jpg	140	9068	ocr	OCR from image meineke_page_140.jpg (id=1312)	ba0a0d4e29f7859110717e9a69cf95e46811c6e172ca182b5253d83b0016b728	96975	Ἀργύριππα	405	Α405	1.000000	61102	Ἀγύρινα	0.666667	0.333333	αργυριππα	αργυριππα
135904	Ἀργύρος		meineke_page_140.jpg	140	9069	ocr	OCR from image meineke_page_140.jpg (id=1312)	14f3d1a8c9c66b6688dd32e7841c3091c34529053ad7600c71094ffceb893b5e	96976	Ἄργυρος	406	Α406	1.000000	61099	Ἀγρός	0.714286	0.285714	αργυροσ	αργυροσ
135909	Ἄρειος πάγος		meineke_page_142.jpg	142	9074	ocr	OCR from image meineke_page_142.jpg (id=1314)	73483a1069aa0bc9413ccd2ae6eeff5c6b2ab86deaf6b05acd74f39d86f04a3a	99801	Ἄρειος πάγος	412	Α412	1.000000	7260	Κυχρεῖος πάγος	0.769231	0.230769	αρειοσπαγοσ	αρειοσπαγοσ
135913	Ἄρια		meineke_page_142.jpg	142	9078	ocr	OCR from image meineke_page_142.jpg (id=1314)	95fa6236605f215901243936a572b2b538b201c162f94074fb56470391b71679	99805	Ἀρία	416		1.000000	2484	Καρία	0.800000	0.200000	αρια	αρια
135916	Ἀρκάδες	2	meineke_page_144.jpg	144	19375	ocr	OCR from image meineke_page_463.jpg (id=1635)	6673e75cfcdba6baaebd281e858ab8c59e21e0648d1d1c6f04c2de8d01936f10	99816	Ἀρκάδες	427	Α427	1.000000	99822	Ἀρκτᾶνες	0.750000	0.250000	αρκαδεσ	αρκαδεσ
135923	Ἀρκτῶν νῆσος	2	meineke_page_147.jpg	147	9088	ocr	OCR from image meineke_page_147.jpg (id=1319)	7ae5c212ba9b3e811bddf762f79063a84300638ee911a92d419cf09327e3f17c	99823	Ἄρκτων νῆσος	434	Α434	1.000000	99821	Ἀρκόνησος	0.727273	0.272727	αρκτωννησοσ	αρκτωννησοσ
135925	Ἀρμένη	4	meineke_page_147.jpg	147	9090	ocr	OCR from image meineke_page_147.jpg (id=1319)	a1326df3b57dc127a3748bff45cd8c2852d712efed713afecd7b5868f3b73554	99825	Ἀρμένη	436	Α436	1.000000	2606	Κασμένη	0.714286	0.285714	αρμενη	αρμενη
135926	Ἀρμενία		meineke_page_148.jpg	148	9091	ocr	OCR from image meineke_page_148.jpg (id=1320)	c659a1b0dccdd6a5b7816a246a3e62afc497c41800d98c02d7c716fe03302b54	99826	Ἀρμενία	437	Α437	1.000000	2488	Καρμανία	0.750000	0.250000	αρμενια	αρμενια
135932	Ἀρπάγια		meineke_page_149.jpg	149	9097	ocr	OCR from image meineke_page_149.jpg (id=1321)	58ba5f4383142aae4de02a33f93136a7ad4e8eb82aa4776e584ff852de246cb9	99832	Ἁρπάγια	443	Α443	1.000000	2597	Καρπασία	0.750000	0.250000	αρπαγια	αρπαγια
135933	Ἀρπαλυκεία		meineke_page_149.jpg	149	9098	ocr	OCR from image meineke_page_149.jpg (id=1321)	e9b9cb8e58a563ff37dd95a2b66d4820e9e7dd80d687a0a6b6fca41eb1bc035e	99833	Ἁρπαλύκεια	444	Α444	1.000000	102757	Ἀσπαλάθεια	0.700000	0.300000	αρπαλυκεια	αρπαλυκεια
135946	Ἀρταία	1	meineke_page_152.jpg	152	9111	ocr	OCR from image meineke_page_152.jpg (id=1324)	baed9af9358a6c084ce623de8fc69926be83fd7fc76d65b6215d5a5922cc408e	99845	Ἀρταία	456	Α456	1.000000	102781	Ἀταία	0.833333	0.166667	αρταια	αρταια
135947	Ἀρτακή	2	meineke_page_152.jpg	152	9112	ocr	OCR from image meineke_page_152.jpg (id=1324)	7df6582091b00769c05dd96a420c86de602b52e39e5c5ecf1af63db866e59531	99846	Ἀρτάκη	457	Α457	1.000000	96955	Ἀρβάκη	0.833333	0.166667	αρτακη	αρτακη
135949	Ἀρταξάτα	1	meineke_page_153.jpg	153	9114	ocr	OCR from image meineke_page_153.jpg (id=1325)	0d8e287f7daa61211623b66534c20a9da6c69663c74d3ca836f2424b93aa4b67	99848	Ἀρτάξατα	459	Α459	1.000000	23683	Ἰωτάπατα	0.625000	0.375000	αρταξατα	αρταξατα
135952	Ἀρτεμίτα	4	meineke_page_153.jpg	153	9117	ocr	OCR from image meineke_page_153.jpg (id=1325)	2e1e39ea8be343c1762aba5b8a308186fa5c7cd1259be1b7732fe666b53412f3	99851	Ἀρτέμιτα	462		1.000000	85695	Ἄντεμνα	0.625000	0.375000	αρτεμιτα	αρτεμιτα
135962	Ἀσδύνις	4	meineke_page_155.jpg	155	9127	ocr	OCR from image meineke_page_155.jpg (id=1327)	ed3e79051576fff9787294055091570881546a326272d6f1f86d3aaacba7900f	99861	Ἄσδυνις	472	Α472	1.000000	96979	Ἀρδύνιον	0.625000	0.375000	ασδυνισ	ασδυνισ
135964	Ἀσία	6	meineke_page_155.jpg	155	9129	ocr	OCR from image meineke_page_155.jpg (id=1327)	984d4d7293cbcfabfbd03b0c2427ddffc1ae7338d342a99b17f03fa10f079900	99863	Ἀσία	474	Α474	1.000000	61044	Ὑσία	0.750000	0.250000	ασια	ασια
135966	Ἀσίνη		meineke_page_156.jpg	156	9131	ocr	OCR from image meineke_page_156.jpg (id=1328)	ab6f5a564861add036f1e29d28a285824bbbabd0bca6489bbf16c174296fd7f3	99864	Ἀσίνη	475	Α475	1.000000	99843	Ἀρσινόη	0.714286	0.285714	ασινη	ασινη
135968	Ἀσκάλων		meineke_page_157.jpg	157	9133	ocr	OCR from image meineke_page_157.jpg (id=1329)	05b304bd9bc1fd5c68e98df1c11907e088684146cd40fdaf839d6d560861e315	99865	Ἀσκάλων	476	Α476	1.000000	2618	Κασταλών	0.750000	0.250000	ασκαλων	ασκαλων
135969	Ἀσκιται	1	meineke_page_158.jpg	158	9134	ocr	OCR from image meineke_page_158.jpg (id=1330)	a1c673c4f9c956540bf177d5b9824f550b464e84f5f4ca9b5a4f4d7f72e5179b	102753	Ἀσκῖται	478	Α478	1.000000	102815	Αὐσχῖται	0.750000	0.250000	ασκιται	ασκιται
135973	Ἄσπαλαθεια	2	meineke_page_159.jpg	159	9138	ocr	OCR from image meineke_page_159.jpg (id=1331)	66579e4b184527bcc2dbf5c8e7ea6c72a14222fe7f004d4181a7eceae72f968d	102757	Ἀσπαλάθεια	482	Α482	1.000000	102758	Ἀσπαλαθίς	0.800000	0.200000	ασπαλαθεια	ασπαλαθεια
135976	Ἄσπις	5	meineke_page_159.jpg	159	15771	ocr	OCR from image meineke_page_159.jpg (id=1331)	ac5ef495c8a1818bb6d35e61a9c16c5b2ece87d0fe793a5a27d6fc363948a304	105722	Ἀσπίς	485	Α485	1.000000	102813	Αὐσεῖς	0.666667	0.333333	ασπισ	ασπισ
135980	Ἄσσος		meineke_page_161.jpg	161	9145	ocr	OCR from image meineke_page_161.jpg (id=1333)	277f17fec1047ee2f1bbeb3ce29d8c75806fb1c762c99c7d68b234c24ba402f1	102766	Ἀσσός	492	Α492	1.000000	19535	Ἠσσός	0.800000	0.200000	ασσοσ	ασσοσ
135982	Ἀσσυρία		meineke_page_162.jpg	162	9147	ocr	OCR from image meineke_page_162.jpg (id=1334)	377cba1a41bf286a77aa28d0a3e16cca22882405ee2888e45ba9754dc33bb8d2	102767	Ἀσσυρία	493	Α493	1.000000	23648	Ἰσαυρία	0.714286	0.285714	ασσυρια	ασσυρια
135983	Ἀσσώριον		meineke_page_162.jpg	162	9148	ocr	OCR from image meineke_page_162.jpg (id=1334)	1528b3fb490329e8beeb65fea36e4932ae59950c9fa622468969f1c217a62d1c	102769	Ἀσσώριον	495	Α494	1.000000	23661	Ἰσσώριον	0.875000	0.125000	ασσωριον	ασσωριον
135985	Ἀσταί		meineke_page_162.jpg	162	9150	ocr	OCR from image meineke_page_162.jpg (id=1334)	fe1f28cb698c22c577a95897fa52f88fe18774ff14f56de3f0e0eec2ada0674c	102770	Ἀσταί	496	Α496	1.000000	99858	Ἀσαί	0.800000	0.200000	ασται	ασται
135986	Ἄστακος		meineke_page_162.jpg	162	9151	ocr	OCR from image meineke_page_162.jpg (id=1334)	86c2a9786503cd0eaf42ad8571e1a02850b0ef4e299e41ebe8262864891f24df	102771	Ἀστακός	497	Α497	1.000000	32007	Σάκος	0.714286	0.285714	αστακοσ	αστακοσ
135989	Ἀστελεβή	3	meineke_page_163.jpg	163	9154	ocr	OCR from image meineke_page_163.jpg (id=1335)	221e0af47df33d4b7caae648557d0c068c8c4e5db6c3352b6ecd6e1883de72d7	102774	Ἀστελέβη	500	Α500	1.000000	9580	Μαστραμέλη	0.500000	0.500000	αστελεβη	αστελεβη
135995	ἄστυ		meineke_page_164.jpg	164	9160	ocr	OCR from image meineke_page_164.jpg (id=1336)	c6b6433c3d98b8e7643ed810662f8db78c8e0748a2106134b897e50491671dbb	102775	Ἄστυ	505	Α505	1.000000	102777	Ἄστυρα	0.666667	0.333333	αστυ	αστυ
135996	Ἀστυπάλαια	1	meineke_page_165.jpg	165	15775	ocr	OCR from image meineke_page_165.jpg (id=1337)	74276186ce8bb3a05a33c2f95d63f9b8bad4c6dbc7d375fd2134af212202235f	102776	Ἀστυπάλαια	506	Α506	1.000000	2617	Κασταλία	0.600000	0.400000	αστυπαλαια	αστυπαλαια
135997	Ἀσχείον	1	meineke_page_166.jpg	166	9162	ocr	OCR from image meineke_page_166.jpg (id=1338)	43436e4880bbe7329143a9f22742be33dd5eb14c10d7c7bcf25e7c42f3e7385f	102779	Ἄσχειον	509	Α509	1.000000	105739	Ἀστέριον	0.750000	0.250000	ασχειον	ασχειον
135998	Ἄταβυρον	2	meineke_page_166.jpg	166	9163	ocr	OCR from image meineke_page_166.jpg (id=1338)	c7cc7782c9894124d88d981307cbb18c629457138fc3c142e496c5d1e3c99f1f	102780	Ἀτάβυρον	510	Α510	1.000000	80212	Ἀλαβούριον	0.700000	0.300000	αταβυρον	αταβυρον
136000	Ἀταλάντη	4	meineke_page_166.jpg	166	9165	ocr	OCR from image meineke_page_166.jpg (id=1338)	184f310997fc49fd803d445ca8a874b785dfc63c28e0a82c4d1e5df8c0740402	102782	Ἀταλάντη	512	Α512	1.000000	80244	Ἀλλάντη	0.750000	0.250000	αταλαντη	αταλαντη
136013	Ἀτρηνή	4	meineke_page_168.jpg	168	9178	ocr	OCR from image meineke_page_168.jpg (id=1340)	d41c1293692b55f9de3b9a1e4e682e1413b5529999c3152faca17bb4d4a20918	102794	Ἀτρήνη	524	Α524	1.000000	102788	Ἀτήνη	0.833333	0.166667	ατρηνη	ατρηνη
136016	Ἀτταλεία		meineke_page_169.jpg	169	9181	ocr	OCR from image meineke_page_169.jpg (id=1341)	029e57cc5fc307cb8de146ee5064b39fcfa21320dc17c09f8e82cf23a602acb5	102797	Ἀττάλεια	527	Α527	1.000000	131909	Ψυττάλεια	0.777778	0.222222	ατταλεια	ατταλεια
136018	Ἀτταλυδά		meineke_page_169.jpg	169	9183	ocr	OCR from image meineke_page_169.jpg (id=1341)	c346dada42e605f98ce0d9236435faebf8bcceaffae1293e3a3e2cedfd238d4b	102799	Ἀττάλυδα	529	Α529	1.000000	102797	Ἀττάλεια	0.750000	0.250000	ατταλυδα	ατταλυδα
136022	Αὐασις		meineke_page_170.jpg	170	9187	ocr	OCR from image meineke_page_170.jpg (id=1342)	12d9e0662354955080f316874097d5e09d28626b48573bea95f9ce09e4928b66	102803	Αὔασις	533	Α533	1.000000	61000	Ὕασις	0.833333	0.166667	αυασισ	αυασισ
136026	Αὐγουσταί		meineke_page_170.jpg	170	9191	ocr	OCR from image meineke_page_170.jpg (id=1342)	111fcf892339d284a83686187a9679d4ea7cb8dc8e6835e72c79bb6d819aab48	102807	Αὔγουσται	537	Α537	1.000000	61160	Αἴγουσα	0.666667	0.333333	αυγουσται	αυγουσται
136027	Αὐενίων		meineke_page_170.jpg	170	9192	ocr	OCR from image meineke_page_170.jpg (id=1342)	255d9366c7718f896a142ea815907a8da2332b1c10565d40cc0183db824875b2	102808	Αὐενιών	538	Α538	1.000000	85722	Ἀπέννιον	0.625000	0.375000	αυενιων	αυενιων
136028	Αὐλαί		meineke_page_170.jpg	170	9193	ocr	OCR from image meineke_page_170.jpg (id=1342)	b3c17046a9a9242b4392067748a0f3a9b60b4900ff614479bfaa2d5a2249b9c0	102809	Αὐλαί	539	Α539	1.000000	10336	Μυλαί	0.800000	0.200000	αυλαι	αυλαι
136030	Αὐλίς	1	meineke_page_172.jpg	172	9195	ocr	OCR from image meineke_page_172.jpg (id=1344)	a6baa56785f0f1d52deb643f2f7af465ec65e1b2f2ca601929d41f36e4cdf794	102811	Αὐλίς	541	Α541	1.000000	13816	Δαυλίς	0.833333	0.166667	αυλισ	αυλισ
136031	Αὐλών	2	meineke_page_172.jpg	172	9196	ocr	OCR from image meineke_page_172.jpg (id=1344)	401fba8d5b4bc147429e739fe13f823fb0a0a52065af558a96bb38849cb55424	102812	Αὐλών	542	Α542	1.000000	11029	Μύλων	0.800000	0.200000	αυλων	αυλων
136032	Αὐσέις	3	meineke_page_172.jpg	172	9197	ocr	OCR from image meineke_page_172.jpg (id=1344)	5c0e254a03ce1d6eae9f322c5dd5fdeeb10fdb6b03d216d7ffcb087683c5331e	102813	Αὐσεῖς	543	Α543	1.000000	11932	Ξύστις	0.666667	0.333333	αυσεισ	αυσεισ
136040	Ἀφάναι		meineke_page_174.jpg	174	9205	ocr	OCR from image meineke_page_174.jpg (id=1346)	c74335c0d77c2c3cb5b1f293e42e2d9be8c61130d21b710f41856c7addaf76f3	102820	Ἀφάναι	550	Α551	1.000000	82948	Ἀμφαναί	0.857143	0.142857	αφαναι	αφαναι
136041	Ἀφειδάντες		meineke_page_174.jpg	174	9206	ocr	OCR from image meineke_page_174.jpg (id=1346)	7396f36e068fdb20f8342f662bae8f06daea0c93ab3136dccbd69edac89ee9a9	102822	Ἀφείδαντες	552	Α552	1.000000	28342	Πικίαντες	0.600000	0.400000	αφειδαντεσ	αφειδαντεσ
136042	Ἄφεται		meineke_page_174.jpg	174	9207	ocr	OCR from image meineke_page_174.jpg (id=1346)	46a02461c964ee62e4acd31d59c6463281d9890eb64fa1987387e4d3d473df22	102823	Ἀφεταί	553	Α553	1.000000	22211	Ἰεταί	0.666667	0.333333	αφεται	αφεται
136047	Ἀφροδισίας		meineke_page_175.jpg	175	9212	ocr	OCR from image meineke_page_175.jpg (id=1347)	1c4665749adbe2b9152c6709349f54ccf2686e904ced60d2993900b7d32b1bbf	105795	Ἀφροδισιάς	558	Α558	1.000000	105797	Ἀφροδιτία	0.800000	0.200000	αφροδισιασ	αφροδισιασ
136050	Ἀχαιΐα		meineke_page_176.jpg	176	9215	ocr	OCR from image meineke_page_176.jpg (id=1348)	16e22f8aab20bdd861cb6bfb4723028f82325378432353d2c81b083d5795dc9a	105799	Ἀχαιία	562	Α562	1.000000	61121	Ἀζανία	0.666667	0.333333	αχαιια	αχαιια
136056	Ἀχελῷος		meineke_page_177.jpg	177	9221	ocr	OCR from image meineke_page_177.jpg (id=1349)	74ee76397e0651e46f4525a7d185e6bfadddbdf08d0230904c8addb7b85ae0a9	105804	Ἀχελῷος	567	Α567	1.000000	105803	Ἀχερδοῦς	0.625000	0.375000	αχελωοσ	αχελωοσ
136064	Βαβύλη		meineke_page_179.jpg	179	9229	ocr	OCR from image meineke_page_179.jpg (id=1351)	98eb1204234c90e209a6af6c5d0eee1ab25fab09a30daba42b889013332b3f90	105820	Βαβύλη	2	Β2	1.000000	2058	Καβύλη	0.833333	0.166667	βαβυλη	βαβυλη
136067	Βαβυλών		meineke_page_179.jpg	179	19162	ocr	OCR from image meineke_page_180.jpg (id=1352)	3327157b1502663bd911c0fd02d894dcb8e2b08c8580bc5bc57c55362e7d0976	105823	Βαβυλών	5	Β5	1.000000	61067	Ἀβυδών	0.714286	0.285714	βαβυλων	βαβυλων
136071	Βαγιστανά		meineke_page_180.jpg	180	9236	ocr	OCR from image meineke_page_180.jpg (id=1352)	0c4eb679713924811f399de4d852773cba571b755adb26c8d86ddea9667f0531	105826	Βαγίστανα	8	Β8	1.000000	13805	Δαριστάνη	0.666667	0.333333	βαγιστανα	βαγιστανα
136075	Βαιάκη		meineke_page_180.jpg	180	9240	ocr	OCR from image meineke_page_180.jpg (id=1352)	4f799503830ea0798c16f28d1e96201a559af77f973749c45d3d85eba04e5c7e	105830	Βαιάκη	12	Β12	1.000000	105853	Βαράκη	0.833333	0.166667	βαιακη	βαιακη
136081	Βάϊτιον		meineke_page_181.jpg	181	9246	ocr	OCR from image meineke_page_181.jpg (id=1353)	9625b6bb45a7bd5518e1c6c0dcd41ce1313eb5ec193493e3705facd12912cf3a	105834	Βαίτιον	16	Β17	1.000000	25159	Παπίτιον	0.750000	0.250000	βαιτιον	βαιτιον
136082	Βαίτις		meineke_page_181.jpg	181	9247	ocr	OCR from image meineke_page_181.jpg (id=1353)	d21850da26a3615241e4d312b49571ee115f41850c9eef671aae6df21373b8f6	105835	Βαῖτις	17	Β18	1.000000	61053	Ἀβαντίς	0.714286	0.285714	βαιτισ	βαιτισ
136084	Βάκτρα		meineke_page_181.jpg	181	9249	ocr	OCR from image meineke_page_181.jpg (id=1353)	afc326c25929ed0591c1aa2c73055c5f2964dd4baa5a73d9ec7dd633b417e2be	105838	Βάκτρα	20	Β20	1.000000	8969	Μάκρα	0.666667	0.333333	βακτρα	βακτρα
136087	Βάλα		meineke_page_181.jpg	181	9252	ocr	OCR from image meineke_page_181.jpg (id=1353)	74f8c04f45e7a33b76e6388eff45612316426ffabb1a2aa804879ff605f3f379	105841	Βάλα	23	Β23	1.000000	105847	Βάλλα	0.800000	0.200000	βαλα	βαλα
136090	Βαλδός		meineke_page_182.jpg	182	9255	ocr	OCR from image meineke_page_182.jpg (id=1354)	6f3d6f865181b4faf4039cbaef23de51b22eee9b43f41f0a6021955a23b82e66	105844	Βάλδος	26	Β26	1.000000	108974	Βλαῦδος	0.714286	0.285714	βαλδοσ	βαλδοσ
136091	Βάλις		meineke_page_182.jpg	182	9256	ocr	OCR from image meineke_page_182.jpg (id=1354)	ce55481555bae68827018c0a2bfdc4d31c390c4684dbd28cf3ad6125cf025747	105846	Βᾶλις	28	Β27	1.000000	105861	Βάρις	0.800000	0.200000	βαλισ	βαλισ
136093	Βάλλα		meineke_page_182.jpg	182	9258	ocr	OCR from image meineke_page_182.jpg (id=1354)	27cce563e3aad4189aca2027b41659206eca2c12f3d1554e314323527411ba94	105847	Βάλλα	29	Β29	1.000000	105841	Βάλα	0.800000	0.200000	βαλλα	βαλλα
136096	Βαντία		meineke_page_182.jpg	182	9261	ocr	OCR from image meineke_page_182.jpg (id=1354)	dac0fdee5cfabc6bc869d55ff333fc14e438b0916f5fb828419e2f7a56befbff	105850	Βαντία	32	Β32	1.000000	61053	Ἀβαντίς	0.714286	0.285714	βαντια	βαντια
136097	Βάντιοι		meineke_page_183.jpg	183	9262	ocr	OCR from image meineke_page_183.jpg (id=1355)	f76c87cca2d5d73ab116e64c57f297bf64a81dc8a0f37e399278ac6a2f50fc3a	105851	Βάντιοι	33	Β33	1.000000	25142	Παναῖοι	0.714286	0.285714	βαντιοι	βαντιοι
136099	Βαράκη		meineke_page_183.jpg	183	9264	ocr	OCR from image meineke_page_183.jpg (id=1355)	069e5b9d47f1af799e1637beaf48c21e7a3fef7d1df9d0aca2f8e59859d7d0b8	105853	Βαράκη	35	Β35	1.000000	105830	Βαιάκη	0.833333	0.166667	βαρακη	βαρακη
136108	Βάρις		meineke_page_184.jpg	184	9273	ocr	OCR from image meineke_page_184.jpg (id=1356)	8de3df6972b9f8a07af0efcdd9cc02c242d51144839cb6323b02d55991a7df21	105861	Βάρις	43	Β43	1.000000	105846	Βᾶλις	0.800000	0.200000	βαρισ	βαρισ
136113	Βάσηρα		meineke_page_185.jpg	185	9278	ocr	OCR from image meineke_page_185.jpg (id=1357)	f8eaefd9641f2e71caaf147ad33e993954bfb5c5d3e986f080ba4e80f08f8529	105866	Βάσηρα	48	Β48	1.000000	102764	Ἄσσηρα	0.666667	0.333333	βασηρα	βασηρα
136117	Βελγική	6	meineke_page_186.jpg	186	9282	ocr	OCR from image meineke_page_186.jpg (id=1358)	ade2de918fda8d3fee94cee9f63f498b82f434cbcfd25887a34781a34a916ca0	108926	Βελγίκη	60	Β60	1.000000	18179	Ἑλίκη	0.714286	0.285714	βελγικη	βελγικη
136120	Βέλιτρα		meineke_page_187.jpg	187	9285	ocr	OCR from image meineke_page_187.jpg (id=1359)	6a43b2f4338b042c8c3e4056d6c3e0fd8ca32b8acaa2c65c8b42fe44186c3257	108929	Βέλιτρα	63	Β63	1.000000	3261	Κελαίθρα	0.625000	0.375000	βελιτρα	βελιτρα
136126	Βέννα		meineke_page_188.jpg	188	9291	ocr	OCR from image meineke_page_188.jpg (id=1360)	56456b037ee2a4913c143d4c11fbe1941073e16e1009b8eec27d8a01c681b1fe	108933	Βέννα	67	Β67	1.000000	108934	Βέννα	1.000000	0.000000	βεννα	βεννα
136127	Βεργέπολις		meineke_page_188.jpg	188	9292	ocr	OCR from image meineke_page_188.jpg (id=1360)	f57710c254e150556a3619040ecec0759ecbe2028f24c86bd05b9c3652eda355	108935	Βεργέπολις	69	Β69	1.000000	28309	Περσέπολις	0.800000	0.200000	βεργεπολισ	βεργεπολισ
136128	Βέργη		meineke_page_188.jpg	188	9293	ocr	OCR from image meineke_page_188.jpg (id=1360)	3e3de62d0f1ff7fae4c247968e4acc39ce8690fb92843af1f9ccbcf5098cd863	108936	Βέργη	70	Β70	1.000000	26730	Πέργη	0.800000	0.200000	βεργη	βεργη
136129	Βερεκυντός		meineke_page_188.jpg	188	9294	ocr	OCR from image meineke_page_188.jpg (id=1360)	d3fb38f25dd9305a4274cc0624e3d86329c956711be020b2897136b382ddc1e3	108938	Βερέκυντος	72	Β71	1.000000	108932	Βενεβεντός	0.700000	0.300000	βερεκυντοσ	βερεκυντοσ
136138	Βηρυτὸς		meineke_page_192.jpg	192	9303	ocr	OCR from image meineke_page_192.jpg (id=1364)	a1a05ceb7cdc9ed9dd93bd3ae3a845dc880ae43db99d59ed42c56282e0cc67ce	108954	Βηρυτός	88	Β88	1.000000	19532	Ἠρητός	0.714286	0.285714	βηρυτοσ	βηρυτοσ
136142	Βιέννος		meineke_page_193.jpg	193	9307	ocr	OCR from image meineke_page_193.jpg (id=1365)	3774bdc5a4c00741868722ba754628f032a8d2c30edebb8831fb7b413ca281bc	108960	Βίεννος	94	Β94	1.000000	115312	Βοῦννος	0.714286	0.285714	βιεννοσ	βιεννοσ
136144	Βιζύη		meineke_page_194.jpg	194	9309	ocr	OCR from image meineke_page_194.jpg (id=1366)	42ea50b23bd62367f9a64782fa676be45fef116d6c86bbfe6ca79f21de346e91	108961	Βιζύη	95	Β95	1.000000	108962	Βιζώνη	0.666667	0.333333	βιζυη	βιζυη
136145	Βιζώνη		meineke_page_194.jpg	194	9310	ocr	OCR from image meineke_page_194.jpg (id=1366)	78c80b15251fe48f313fa976e12600de24979912301c3df47186e4b0a52d2f21	108962	Βιζώνη	96	Β96	1.000000	12804	Οἰνώνη	0.666667	0.333333	βιζωνη	βιζωνη
136147	Βιθυνία		meineke_page_194.jpg	194	9312	ocr	OCR from image meineke_page_194.jpg (id=1366)	f89693db0f9438825eab4cb7e0d29a06b856b54bacb62ec914d17a356f235126	108964	Βιθυνία	98	Β98	1.000000	30181	Ῥιθυμνία	0.750000	0.250000	βιθυνια	βιθυνια
136149	Βιθυνίον		meineke_page_195.jpg	195	9314	ocr	OCR from image meineke_page_195.jpg (id=1367)	d61d67ad6a1170d5f3f69a8906dfc08da357ab53e403e194cc9c2950b91519e1	108965	Βιθύνιον	99	Β99	1.000000	108964	Βιθυνία	0.750000	0.250000	βιθυνιον	βιθυνιον
136152	Βίλβινα		meineke_page_195.jpg	195	9317	ocr	OCR from image meineke_page_195.jpg (id=1367)	223019799e41d6553f5f8433b61ba4e1522c08f36ad40120adb3d2186f7f4909	108968	Βίλβινα	102	Β102	1.000000	105876	Βέλβινα	0.857143	0.142857	βιλβινα	βιλβινα
136156	Βιστονία		meineke_page_196.jpg	196	9321	ocr	OCR from image meineke_page_196.jpg (id=1368)	0ead39d0fa6a0e0226db61e73e7aae7abec0bab491ac05da859b1684d18d2532	108972	Βιστονία	106	Β106	1.000000	19534	Ἠσιονία	0.625000	0.375000	βιστονια	βιστονια
136157	Βιτέλλα		meineke_page_196.jpg	196	9322	ocr	OCR from image meineke_page_196.jpg (id=1368)	7784f2b8681cca9356009ea4c5176608545a8d41a4cd224884b39c9c7b8e25fa	108973	Βίτελλα	107	Β107	1.000000	17060	Ἔντελλα	0.714286	0.285714	βιτελλα	βιτελλα
136158	Βλαύδος		meineke_page_196.jpg	196	9323	ocr	OCR from image meineke_page_196.jpg (id=1368)	6ed2484f9afe11346645a908b2d50d00e829c62e9233c58ef606ab876bb9a674	108974	Βλαῦδος	108	Β108	1.000000	105844	Βάλδος	0.714286	0.285714	βλαυδοσ	βλαυδοσ
136159	Βλέμυες	1	meineke_page_197.jpg	197	9324	ocr	OCR from image meineke_page_197.jpg (id=1369)	81f3bcec27e5c6eb0f491a9881367f10a5372e6a8614a80254c44db67c5916c7	108975	Βλέμυες	109	Β109	1.000000	17030	Ἐλευθερίς	0.444444	0.555556	βλεμυεσ	βλεμυεσ
136160	Βοαύλεια	2	meineke_page_197.jpg	197	9325	ocr	OCR from image meineke_page_197.jpg (id=1369)	55407f6050968ec0301c72f898f947f05a391ac04bd67aab9123220ae4482313	108976	Βοαύλεια	110	Β110	1.000000	115300	Βούδεια	0.750000	0.250000	βοαυλεια	βοαυλεια
136161	Βοβωνία	3	meineke_page_197.jpg	197	9326	ocr	OCR from image meineke_page_197.jpg (id=1369)	04ce1ef33c3ece1f7d6b5a23c1bf3b074dba701196199745e4d3b18b533ee8c6	108977	Βοβωνία	111	Β111	1.000000	108982	Βοιωτία	0.714286	0.285714	βοβωνια	βοβωνια
136163	Βοῖβη	5	meineke_page_197.jpg	197	9328	ocr	OCR from image meineke_page_197.jpg (id=1369)	a69fdb4c02680a10ee74e6ffb3d1c0aab379fc23a39eb4f729094c06c33cd294	108979	Βοίβη	113	Β113	1.000000	108985	Βολίνη	0.666667	0.333333	βοιβη	βοιβη
136167	Βοιωτία		meineke_page_199.jpg	199	9332	ocr	OCR from image meineke_page_199.jpg (id=1371)	c943b7e8092bad9f314f22aaeb96343eb7d9c2ed406bf8b42c7e8f1ca2765655	108982	Βοιωτία	116	Β116	1.000000	31975	Ῥοιτία	0.714286	0.285714	βοιωτια	βοιωτια
136168	Βόλβαι		meineke_page_199.jpg	199	9333	ocr	OCR from image meineke_page_199.jpg (id=1371)	f2e7ca623e8ca4ed209d7816fee8a74ce6dc8589ef615da42a5fa47416d94e6c	108983	Βόλβαι	117	Β117	1.000000	108980	Βοΐλλαι	0.714286	0.285714	βολβαι	βολβαι
136169	Βολβιτίνη		meineke_page_199.jpg	199	9334	ocr	OCR from image meineke_page_199.jpg (id=1371)	ac61b7329c67d91794cc2843cc751cf13367190864afc97ccdc993786399d100	108984	Βολβιτίνη	118	Β118	1.000000	108985	Βολίνη	0.666667	0.333333	βολβιτινη	βολβιτινη
136170	Βολίνη		meineke_page_199.jpg	199	9335	ocr	OCR from image meineke_page_199.jpg (id=1371)	f1c0bb81ad17567c4483ab844b09ad5060c276d84ad5dd0925776bf8d05fb219	108985	Βολίνη	119	Β119	1.000000	108958	Βιβλίνη	0.714286	0.285714	βολινη	βολινη
136171	Βολισσός		meineke_page_199.jpg	199	9336	ocr	OCR from image meineke_page_199.jpg (id=1371)	e23da386abeda1ca5bd70df6a5a9c625c40303dde722bae094d939c39afff4d9	108986	Βολισσός	120	Β120	1.000000	8901	Λίσσος	0.750000	0.250000	βολισσοσ	βολισσοσ
136179	Βορυσθένης		meineke_page_201.jpg	201	9344	ocr	OCR from image meineke_page_201.jpg (id=1373)	d7bdf1f189c25d9b9d39ca56359f7018c12a5ee4c54294c7c15a4ab33cfd2298	108994	Βορυσθένης	128	Β128	1.000000	8462	Λυκοσθένη	0.500000	0.500000	βορυσθενησ	βορυσθενησ
136183	Βόστρα		meineke_page_204.jpg	204	9347	ocr	OCR from image meineke_page_204.jpg (id=1376)	4df8a8b32c7e07331cd3efef595e948a243126b35ddb6b0aaa1da770ea7c4f51	115295	Βόστρα	131	Β131	1.000000	12742	Νόσορα	0.666667	0.333333	βοστρα	βοστρα
136186	Βούβαστος		meineke_page_204.jpg	204	9350	ocr	OCR from image meineke_page_204.jpg (id=1376)	510555a3f036302e64298624ef4a55d0ce56a35292a6d95ebce959d6eb1d9d2a	115298	Βούβαστος	134	Β134	1.000000	10321	Μούμαστος	0.777778	0.222222	βουβαστοσ	βουβαστοσ
136187	Βούβων		meineke_page_204.jpg	204	9351	ocr	OCR from image meineke_page_204.jpg (id=1376)	56bf9cd1c9b3b3322688f1ed3a622d6ccf3e8057e38e379a7b14d2a78c5cff18	115299	Βουβών	135	Β135	1.000000	11937	Ὀβόλκων	0.571429	0.428571	βουβων	βουβων
136188	Βούδεια	1	meineke_page_205.jpg	205	9352	ocr	OCR from image meineke_page_205.jpg (id=1377)	db7f0a3eab158d19c2baae46e8b1ace0a5ba734c0dc6de4bd6719631b74a2acc	115300	Βούδεια	136	Β136	1.000000	108976	Βοαύλεια	0.750000	0.250000	βουδεια	βουδεια
136195	Βουκεφάλεια		meineke_page_206.jpg	206	9359	ocr	OCR from image meineke_page_206.jpg (id=1378)	189694e80ba77ebf74caf29552436b27be1734c2e11b45f907ede7494c075844	115306	Βουκεφάλεια	142	Β142	1.000000	108990	Βοὸς Κεφαλαί	0.636364	0.363636	βουκεφαλεια	βουκεφαλεια
136196	Βουκιννα		meineke_page_207.jpg	207	9360	ocr	OCR from image meineke_page_207.jpg (id=1379)	09ab4b2738769a5bf5f16174b1f647a526c5801a7acf7daf508c96d42a3e13f1	115307	Βούκιννα	143	Β143	1.000000	115301	Βουδῖνοι	0.625000	0.375000	βουκιννα	βουκιννα
136197	Βουλινοι		meineke_page_207.jpg	207	9361	ocr	OCR from image meineke_page_207.jpg (id=1379)	6aa2c02ce7a932510808f3029713f9e2592398f806f8d1538d0ed6b3f71eb7f1	115308	Βουλῖνοι	144	Β144	1.000000	115301	Βουδῖνοι	0.875000	0.125000	βουλινοι	βουλινοι
136198	Βουλις		meineke_page_207.jpg	207	9362	ocr	OCR from image meineke_page_207.jpg (id=1379)	fc562bf5ae6e70fb682afd3247dd3dbc0ff1ee3c33a6c883ad0634e310f73b0f	115309	Βοῦλις	145	Β145	1.000000	23631	Ἰουλίς	0.833333	0.166667	βουλισ	βουλισ
136201	Βουννος		meineke_page_207.jpg	207	9365	ocr	OCR from image meineke_page_207.jpg (id=1379)	133725204495070871f14ddf7ca31695c4e3e2b4852b5d4087edabc0779a1e43	115312	Βοῦννος	148	Β148	1.000000	108960	Βίεννος	0.714286	0.285714	βουννοσ	βουννοσ
136206	Βούφια	2	meineke_page_209.jpg	209	9370	ocr	OCR from image meineke_page_209.jpg (id=1381)	cca7f68a7eddb536cda2142945b122d029c5c8b5c539f119779bb33d14ff052c	115323	Βουφία	159	Β159	1.000000	115303	Βουθία	0.833333	0.166667	βουφια	βουφια
136210	Βραχία	6	meineke_page_209.jpg	209	9374	ocr	OCR from image meineke_page_209.jpg (id=1381)	3fad779a0a8b92ca0653721a5cb815da169946a32c6234812206f664a5868f25	115327	Βραχία	163	Β163	1.000000	51012	Τραχεῖα	0.714286	0.285714	βραχια	βραχια
136212	Βραχυλη		meineke_page_210.jpg	210	9376	ocr	OCR from image meineke_page_210.jpg (id=1382)	f1aca80fda5aec7dd6fc85266e9bc887687511680e9c691ec4b7e59739f7aaae	115329	Βραχύλη	165	Β165	1.000000	105820	Βαβύλη	0.714286	0.285714	βραχυλη	βραχυλη
136213	Βρεα		meineke_page_210.jpg	210	9377	ocr	OCR from image meineke_page_210.jpg (id=1382)	326e3b4e034b07d802f73acfd96ab7fc82b6abd7a82a3f7f4854bce6479cccc7	115330	Βρέα	166	Β166	1.000000	20840	Θυρέα	0.600000	0.400000	βρεα	βρεα
136226	Βρυγίας	4	meineke_page_212.jpg	212	9390	ocr	OCR from image meineke_page_212.jpg (id=1384)	8de1d4c80bab1a8c941572815daba4c70b1a2f1064007f2dc5b8afbd92d65973	115342	Βρυγίας	178	Β178	1.000000	115343	Βρύγιον	0.714286	0.285714	βρυγιασ	βρυγιασ
136227	Βρύγιον	5	meineke_page_212.jpg	212	9391	ocr	OCR from image meineke_page_212.jpg (id=1384)	051ea2969c745080d0c5c8a531fc74e5f7f78022598cd161252dee9657c1d91e	115343	Βρύγιον	179	Β179	1.000000	115341	Βρυάνιον	0.750000	0.250000	βρυγιον	βρυγιον
136229	Βρύλλιον	7	meineke_page_212.jpg	212	9393	ocr	OCR from image meineke_page_212.jpg (id=1384)	b578a7a23eb43d89f1b27e9a01819a0f732c5fd74973a7e43c54a68ec99b8299	115345	Βρύλλιον	181	Β181	1.000000	39876	Σκύλλιον	0.750000	0.250000	βρυλλιον	βρυλλιον
136230	Βρύξ	8	meineke_page_212.jpg	212	9394	ocr	OCR from image meineke_page_212.jpg (id=1384)	cc55050a830d91db6743fc02d92a0ca6c6d9ce2b0d2927734947fa33c613d820	115346	Βρύξ	182	Β182	1.000000	17111	Ἔρυξ	0.750000	0.250000	βρυξ	βρυξ
136231	Βρυσάκιον		meineke_page_213.jpg	213	9395	ocr	OCR from image meineke_page_213.jpg (id=1385)	47bb3ec26c02f920181df218062a041daf98c8f239b42fc2f94cd7359973df5e	115347	Βρυσάκιον	183	Β183	1.000000	115341	Βρυάνιον	0.777778	0.222222	βρυσακιον	βρυσακιον
136232	Βύβλος	2	meineke_page_214.jpg	214	9396	ocr	OCR from image meineke_page_214.jpg (id=1386)	286908ff5fefc1632c482c386712e617bf29e2b4b3015f522b3fae39b0ca8ee0	115352	Βύβλος	188	Β188	1.000000	118552	Βύβλος	1.000000	0.000000	βυβλοσ	βυβλοσ
136233	Βύζαντες	3	meineke_page_214.jpg	214	9397	ocr	OCR from image meineke_page_214.jpg (id=1386)	f1efe9fd4d8334e0d5be6e46b5aa85927988a6b6c0a3a2e49f9b3b60d9eb3ef1	115354	Βύζαντες	189	Β189	1.000000	125133	Γύζαντες	0.875000	0.125000	βυζαντεσ	βυζαντεσ
136235	Βυζάντιον	12	meineke_page_214.jpg	214	9399	ocr	OCR from image meineke_page_214.jpg (id=1386)	8519cf573f6df17ebf5d3aa554cd20dd4f24aa114e6d9cbe9665460223db96c6	115355	Βυζάντιον	190	Β190	1.000000	105821	Βαβράντιον	0.700000	0.300000	βυζαντιον	βυζαντιον
136236	Βυζάντιον	1	meineke_page_215.jpg	215	9400	ocr	OCR from image meineke_page_215.jpg (id=1387)	c320be6de9dc4496a9aa5afdfb34731e5acdf4de1e3e9fa35435e934b0a11190	115355	Βυζάντιον	190	Β190	1.000000	105821	Βαβράντιον	0.700000	0.300000	βυζαντιον	βυζαντιον
136238	Βωμοί	2	meineke_page_216.jpg	216	9402	ocr	OCR from image meineke_page_216.jpg (id=1388)	0501adaf3ec53bebf3d64e4b4f9c81cd7af795ed05de4a386438382e1e259e3b	115364	Βωμοί	199	Β199	1.000000	31987	Ῥωγμοί	0.666667	0.333333	βωμοι	βωμοι
136240	Βωταχίδαι	4	meineke_page_216.jpg	216	9404	ocr	OCR from image meineke_page_216.jpg (id=1388)	31af1e590bb9e78d7b831e75d56fada315dfc1a0390d85bd44fbff349a7c47c1	115366	Βωταχίδαι	201	Β201	1.000000	37797	Σημαχίδαι	0.666667	0.333333	βωταχιδαι	βωταχιδαι
136241	Γάβα	5	meineke_page_216.jpg	216	9405	ocr	OCR from image meineke_page_216.jpg (id=1388)	2d55020b7dbff7c7460e9704faba39ea167d67f6d32bdb53813686723a472e0f	115367	Γάβα	1	Γ1	1.000000	115371	Γάββα	0.800000	0.200000	γαβα	γαβα
136243	Γάβαλα	7	meineke_page_216.jpg	216	9407	ocr	OCR from image meineke_page_216.jpg (id=1388)	4d6eebf808e5f351aa43765597152b0e840417d8ab388739c75b29ae5b1be292	115369	Γάβαλα	3	Γ3	1.000000	121793	Γάμαλα	0.833333	0.166667	γαβαλα	γαβαλα
136244	Γαβαούπολις		meineke_page_217.jpg	217	9408	ocr	OCR from image meineke_page_217.jpg (id=1389)	8a6c70ea543303480ebeb3a5fdab0ba910cd03bd728e2b99a8c7baa9058d233f	115370	Γαβαούπολις	4	Γ4	1.000000	28354	Πιτάου πόλις	0.727273	0.272727	γαβαουπολισ	γαβαουπολισ
136245	Γάββα		meineke_page_217.jpg	217	9409	ocr	OCR from image meineke_page_217.jpg (id=1389)	c6f0e1a68acb4be0ad9273338bcfd2e99a62ae0889d15b9c14fc12ca879c4d71	115371	Γάββα	5	Γ5	1.000000	115367	Γάβα	0.800000	0.200000	γαββα	γαββα
136248	Γάγγρα		meineke_page_217.jpg	217	9412	ocr	OCR from image meineke_page_217.jpg (id=1389)	d7278616e4d4bc7088ce9e965a040bbe9ec91f74b265a31f25c88cfdf838e3b8	121772	Γάγγρα	8	Γ8	1.000000	121798	Γάργαρα	0.714286	0.285714	γαγγρα	γαγγρα
136252	Γαθέαι		meineke_page_220.jpg	220	9416	ocr	OCR from image meineke_page_220.jpg (id=1392)	cfd4d05bf8ae9102cdb5ce18a072323dce0c686bea67f633677ff633ce7f3129	121781	Γαθεαί	17	Γ17	1.000000	13809	Δασέαι	0.666667	0.333333	γαθεαι	γαθεαι
136254	Γαλάδα	1	meineke_page_221.jpg	221	9418	ocr	OCR from image meineke_page_221.jpg (id=1393)	2a60c6b7dd7d67ff900c5d194b312562c19d71768f7fe7038602bd224d7ade50	121783	Γάλαδα	19	Γ19	1.000000	121784	Γαλάδραι	0.750000	0.250000	γαλαδα	γαλαδα
136257	Γαλάται	4	meineke_page_221.jpg	221	9421	ocr	OCR from image meineke_page_221.jpg (id=1393)	8a164b7950dd75e2f7bbb7820d621da11877e1a197aaaf8b7a816f59ef3ed6b1	121786	Γαλάται	22	Γ22	1.000000	2086	Καλατίαι	0.750000	0.250000	γαλαται	γαλαται
136260	Γαληψός	2	meineke_page_222.jpg	222	9424	ocr	OCR from image meineke_page_222.jpg (id=1394)	c1ad99384eae993c5b6a250bc2a30eee9cb50676183f7108ac4deb90b17d0886	121788	Γαληψός	24	Γ24	1.000000	2116	Κάληρος	0.714286	0.285714	γαληψοσ	γαληψοσ
136263	Γαλλία		meineke_page_223.jpg	223	9427	ocr	OCR from image meineke_page_223.jpg (id=1395)	1692abcee4aa3026bf4e3b7dca56d8af1a34149e42417d6d470be6c16933bd7e	121789	Γαλλία	25		1.000000	2325	Καλλίαι	0.714286	0.285714	γαλλια	γαλλια
136264	Γάμαλα		meineke_page_223.jpg	223	9428	ocr	OCR from image meineke_page_223.jpg (id=1395)	ba9ab9f78f2f0e3180ad08410880baa9b1243fd0ab3a81fb22c2b1cc603ca996	121793	Γάμαλα	29	Γ29	1.000000	115369	Γάβαλα	0.833333	0.166667	γαμαλα	γαμαλα
136265	Γάμβρειον		meineke_page_223.jpg	223	9429	ocr	OCR from image meineke_page_223.jpg (id=1395)	3bcd3fac784c3167530190881ef39a6f5f7bc1175de24b053bfb4767c497ff2c	121794	Γάμβρειον	30	Γ30	1.000000	8986	Μαμέρτιον	0.666667	0.333333	γαμβρειον	γαμβρειον
136268	Γαράμαντες		meineke_page_223.jpg	223	9432	ocr	OCR from image meineke_page_223.jpg (id=1395)	6dc641ccfe1c6286778f9482bcb587da2ad35ff44faecd4cad07b85c9c070242	121797	Γαράμαντες	33	Γ33	1.000000	80193	Ἀκράγαντες	0.700000	0.300000	γαραμαντεσ	γαραμαντεσ
136269	Γάργαρα		meineke_page_223.jpg	223	9433	ocr	OCR from image meineke_page_223.jpg (id=1395)	fbeff1069bce0dc9f66f9b07a6e7ec6b788a236fad45f9578ccd77ab2839bed7	121798	Γάργαρα	34	Γ34	1.000000	9004	Μάργαια	0.714286	0.285714	γαργαρα	γαργαρα
136274	Γέα		meineke_page_225.jpg	225	9438	ocr	OCR from image meineke_page_225.jpg (id=1397)	1ee695058178da9a847d82049cfd6d961c57d2edd1046230ddb05ba597ddcba3	121805	Γέα	41	Γ41	1.000000	121809	Γέλα	0.750000	0.250000	γεα	γεα
136275	Γέβαλα		meineke_page_225.jpg	225	9439	ocr	OCR from image meineke_page_225.jpg (id=1397)	38907de4ac3f79ac717ba1333ec80d64a2af38e9381901111c8f2af059419790	121806	Γέβαλα	42	Γ42	1.000000	115369	Γάβαλα	0.833333	0.166667	γεβαλα	γεβαλα
136278	Γέλα		meineke_page_225.jpg	225	9442	ocr	OCR from image meineke_page_225.jpg (id=1397)	91895b97b641c60169c653876283a3ca3f790fe89a1b662a72252c746827f90e	121809	Γέλα	45	Γ45	1.000000	121805	Γέα	0.750000	0.250000	γελα	γελα
136281	Γενέα	1	meineke_page_227.jpg	227	9445	ocr	OCR from image meineke_page_227.jpg (id=1399)	811a5a0b066c240a6e3833e0f33399308e4f9995831a39f40dde884cbf0d6b67	121811	Γενέα	47		1.000000	48653	Τενέα	0.800000	0.200000	γενεα	γενεα
136287	Γέντα		meineke_page_228.jpg	228	9451	ocr	OCR from image meineke_page_228.jpg (id=1400)	6b750d39e41f4156bfbab448e3bfc014696c01bbb87867893e5881aa44c04e6f	121816	Γέντα	52	Γ52	1.000000	121811	Γενέα	0.800000	0.200000	γεντα	γεντα
136290	Γεράνεια		meineke_page_228.jpg	228	9454	ocr	OCR from image meineke_page_228.jpg (id=1400)	a32ac14504f6004bf11fdb04764e5b28b83a76898412c43cc4deaff339257438	121819	Γεράνεια	55	Γ55	1.000000	3512	Κράνεια	0.750000	0.250000	γερανεια	γερανεια
136291	Γεράνθραι		meineke_page_228.jpg	228	9455	ocr	OCR from image meineke_page_228.jpg (id=1400)	76325f301217eab05fe0a6e6d15a02e9648e2abfc4239689b14d518e658900ee	121820	Γεράνθραι	56	Γ56	1.000000	17107	Ἐρυθραί	0.666667	0.333333	γερανθραι	γερανθραι
136293	Γέργις		meineke_page_228.jpg	228	9457	ocr	OCR from image meineke_page_228.jpg (id=1400)	5dde8cb81291a55502f45c5a1c43457c1067706e5691c7c2bddef47d2ca8467b	121822	Γέργις	58	Γ58	1.000000	48659	Τέργις	0.833333	0.166667	γεργισ	γεργισ
136295	Γέρην		meineke_page_230.jpg	230	9459	ocr	OCR from image meineke_page_230.jpg (id=1402)	8a2a0a9148450c1dcfd31a0214e7fe88ab43b885d4b81cc42f6f97a5e44fe00b	121823	Γέρην	59	Γ59	1.000000	121824	Γερηνία	0.714286	0.285714	γερην	γερην
136299	Γέφυρα		meineke_page_231.jpg	231	9463	ocr	OCR from image meineke_page_231.jpg (id=1403)	71e67852ab8c95b68aa86975cfbf32c746eb6fb10171887cbca1dd155011c863	121832	Γέφυρα	68	Γ68	1.000000	121829	Γέρρα	0.666667	0.333333	γεφυρα	γεφυρα
136304	Γήλυς		meineke_page_232.jpg	232	9468	ocr	OCR from image meineke_page_232.jpg (id=1404)	ddb4ed8ed6441019d7a629cab1a7f2e9a5a22b305128450c9b9754bf7659d1db	128414	Γηλύς	72	Γ72	1.000000	28329	Πηλοῦς	0.666667	0.333333	γηλυσ	γηλυσ
136309	Γίλδα		meineke_page_233.jpg	233	9473	ocr	OCR from image meineke_page_233.jpg (id=1405)	eb71e20d7867d08619886e43f06f1c17854299e278a66a780d9e7c1d6d40d48f	128418	Γίλδα	76	Γ76	1.000000	121783	Γάλαδα	0.666667	0.333333	γιλδα	γιλδα
136310	Γιλιγάμαι		meineke_page_233.jpg	233	9474	ocr	OCR from image meineke_page_233.jpg (id=1405)	4cb62192e200f4f61036890e090f717987db9c0a402cd95fe3b77ddd7562393f	128419	Γιλιγάμαι	77	Γ77	1.000000	2082	Καλάμαι	0.555556	0.444444	γιλιγαμαι	γιλιγαμαι
136312	Γινδάρα		meineke_page_233.jpg	233	9476	ocr	OCR from image meineke_page_233.jpg (id=1405)	1a5216b558c48ed2d2404e4cc9ec0f6fbac9b31d876440ed5a1bc8d65f922070	128421	Γίνδαρα	79	Γ79	1.000000	22232	Ἰνδάρα	0.857143	0.142857	γινδαρα	γινδαρα
136313	Γίττα		meineke_page_233.jpg	233	9477	ocr	OCR from image meineke_page_233.jpg (id=1405)	5426d40fcd51672ef5e37964f0dea54e541a0ce7769636aa78fd0a3a222e8102	128422	Γίττα	80	Γ80	1.000000	23671	Ἰτέα	0.600000	0.400000	γιττα	γιττα
136314	Γλᾶνις		meineke_page_233.jpg	233	9478	ocr	OCR from image meineke_page_233.jpg (id=1405)	1fa057d03b44f22dabc94277599132d1880b8697a078b22f99d46ed760b6285d	125099	Γλάνις	81	Γ81	1.000000	22219	Ἴλαρις	0.666667	0.333333	γλανισ	γλανισ
136315	Γλαυκία		meineke_page_233.jpg	233	9479	ocr	OCR from image meineke_page_233.jpg (id=1405)	9d41112611c407982270b24b5aacc3293fdf9798e565da2ea36eb84f939ccfa3	125100	Γλαυκία	82	Γ82	1.000000	8458	Λυκία	0.714286	0.285714	γλαυκια	γλαυκια
136317	Γλαφῦραι		meineke_page_234.jpg	234	9481	ocr	OCR from image meineke_page_234.jpg (id=1406)	76eab639ffad0fdfc5d240febbfb54044ff8c35ec19e2312b9dcdd08468ffa76	125102	Γλαφύραι	84	Γ84	1.000000	3087	Καφύαι	0.625000	0.375000	γλαφυραι	γλαφυραι
136320	Γνῆς		meineke_page_234.jpg	234	9484	ocr	OCR from image meineke_page_234.jpg (id=1406)	d596d84d4e51a3d7e62a8f5516431ac30685a7fee454d14a58d63bf4d41fb8e9	125105	Γνής	87	Γ87	1.000000	60979	Τύνης	0.600000	0.400000	γνησ	γνησ
136321	Γοαρηνή		meineke_page_235.jpg	235	9485	ocr	OCR from image meineke_page_235.jpg (id=1407)	1fc7f8d961dbc74abe423ef1ef1a76854cc452394e7051ca77ab615ec82dd8f4	125106	Γοαρηνή	88	Γ88	1.000000	125140	Γωγαρηνή	0.750000	0.250000	γοαρηνη	γοαρηνη
136323	Γομολίται		meineke_page_235.jpg	235	9487	ocr	OCR from image meineke_page_235.jpg (id=1407)	6333ff17927fab6086f8116713c839bebcea25ba0e779bdeb966721d4544d9fd	125108	Γομολῖται	90	Γ90	1.000000	12840	Ὁμηρῖται	0.666667	0.333333	γομολιται	γομολιται
136336	Γόρτυν	2	meineke_page_237.jpg	237	9500	ocr	OCR from image meineke_page_237.jpg (id=1409)	0cbeefba543dbbd183d51d080cb7306945f57918ebfa3a8e324e49159a46e145	125121	Γόρτυν	103	Γ103	1.000000	125138	Γυρτών	0.666667	0.333333	γορτυν	γορτυν
136337	Γότθοι	3	meineke_page_237.jpg	237	9501	ocr	OCR from image meineke_page_237.jpg (id=1409)	fd4f9a9a77b50a889c0f0180f760edb9ed726e15d6121da9d1dc2756896f1c40	125122	Γότθοι	104	Γ104	1.000000	125107	Γόλγοι	0.666667	0.333333	γοτθοι	γοτθοι
136340	Γραϊκός	6	meineke_page_237.jpg	237	9504	ocr	OCR from image meineke_page_237.jpg (id=1409)	033249c0d6bd0f41c4f3811ca4105f5ad8b7b21d5050bef8e2a6c7372bc9afdd	125125	Γραικός	107	Γ107	1.000000	28407	Πραισός	0.714286	0.285714	γραικοσ	γραικοσ
136349	Γύθειον	2	meineke_page_239.jpg	239	9513	ocr	OCR from image meineke_page_239.jpg (id=1411)	698bbc6d343ca8e1c009bbf0cbb3bf8525dc8943c1100bc76115e218b25cc76c	125134	Γύθειον	116	Γ116	1.000000	8457	Λύκειον	0.714286	0.285714	γυθειον	γυθειον
136355	Γωγαρηνή		meineke_page_241.jpg	241	9519	ocr	OCR from image meineke_page_241.jpg (id=1413)	29db771e10896597f8626cc3114ce717b265f4b9631e613124a6a5fa6a2aa45d	125140	Γωγαρηνή	122	Γ122	1.000000	125106	Γοαρηνή	0.750000	0.250000	γωγαρηνη	γωγαρηνη
136356	Δᾶαι		meineke_page_241.jpg	241	9520	ocr	OCR from image meineke_page_241.jpg (id=1413)	812e3e5fa9775d80b4c45eefba74702333f01664fd6cb024609381ef3399125e	2781	Δάαι	1	Δ1	1.000000	13804	Δαραί	0.800000	0.200000	δααι	δααι
136357	Δάδικαι		meineke_page_241.jpg	241	9521	ocr	OCR from image meineke_page_241.jpg (id=1413)	e8918d309acb7d1aa12a357a7f50051213242327d734f5175670b27720882668	2782	Δαδίκαι	2	Δ2	1.000000	2786	Δαιδαλίδαι	0.600000	0.400000	δαδικαι	δαδικαι
136358	Δαδόκερτα		meineke_page_241.jpg	241	9522	ocr	OCR from image meineke_page_241.jpg (id=1413)	c130dc5fea317f4fa4102eb3aa3aa34f0ca233fdaf836d29b60dd80656bd9376	2783	Δαδόκερτα	3	Δ3	1.000000	48686	Τιγρανόκερτα	0.583333	0.416667	δαδοκερτα	δαδοκερτα
136359	Δαίδαλα		meineke_page_241.jpg	241	9523	ocr	OCR from image meineke_page_241.jpg (id=1413)	60cd8616f4dc960e11ba8eaab9e98ce24e1654afbda775fd599c33023bd2c329	2784	Δαίδαλα	4	Δ4	1.000000	2785	Δαιδάλεια	0.777778	0.222222	δαιδαλα	δαιδαλα
136361	Δαιδαλίδαι		meineke_page_241.jpg	241	9525	ocr	OCR from image meineke_page_241.jpg (id=1413)	c6fe2a6d2c85951bc28fcb1997f6cb1bc1699d2ee854f1c594b27a9f0f68bc3a	2786	Δαιδαλίδαι	6	Δ6	1.000000	61170	Αἰθαλίδαι	0.800000	0.200000	δαιδαλιδαι	δαιδαλιδαι
136362	Δακία		meineke_page_241.jpg	241	9526	ocr	OCR from image meineke_page_241.jpg (id=1413)	0635879e882205713cd1b3260f0ced619e52afc2bb25a09acc5407b00b975b09	2787	Δακία	7	Δ7	1.000000	14820	Διακρία	0.714286	0.285714	δακια	δακια
136363	Δάλμιον		meineke_page_241.jpg	241	9527	ocr	OCR from image meineke_page_241.jpg (id=1413)	a33611bbf4f7967c2ab263b5407d83ca055844fdd3d94721514e395d2b9703bd	2788	Δάλμιον	8	Δ8	1.000000	12820	Ὄλμιον	0.714286	0.285714	δαλμιον	δαλμιον
136368	Δανουβίον	5	meineke_page_242.jpg	242	9532	ocr	OCR from image meineke_page_242.jpg (id=1414)	d5dc7214fd847b57ef3b02936848e9972133a94804191ad2fb1c078786b5ec5d	2793	Δανούβιον	13	Δ13	1.000000	2463	Κανύσιον	0.666667	0.333333	δανουβιον	δανουβιον
136371	Δάραψα	3	meineke_page_243.jpg	243	9535	ocr	OCR from image meineke_page_243.jpg (id=1415)	e034254726d35506b4f4c035236b64edef0e7385fa152f1612488e5632a86292	12879	Δάραψα	16	Δ16	1.000000	2475	Κάρανα	0.666667	0.333333	δαραψα	δαραψα
136377	Δασκύλιον	3	meineke_page_245.jpg	245	9541	ocr	OCR from image meineke_page_245.jpg (id=1417)	470bf33133c731a2e3d3a4884d5e2ee8f2a9934f2c290989c1a77a63a0ce7d46	13810	Δασκύλιον	26	Δ26	1.000000	2793	Δανούβιον	0.666667	0.333333	δασκυλιον	δασκυλιον
136387	Δάϋσαρα		meineke_page_247.jpg	247	9551	ocr	OCR from image meineke_page_247.jpg (id=1419)	6827f17c16acfb14042a182ad369adbb4281138b4d202c586d0af9cef1f95ac7	15823	Δαύσαρα	34	Δ34	1.000000	14869	Δουσαρή	0.714286	0.285714	δαυσαρα	δαυσαρα
136388	Δάφνη		meineke_page_247.jpg	247	9552	ocr	OCR from image meineke_page_247.jpg (id=1419)	3eb49ccb45eac946aca35e740528390f73b1430674ea6ba2211dcaebbf479bd4	15824	Δάφνη	35	Δ35	1.000000	2492	Κάρνη	0.600000	0.400000	δαφνη	δαφνη
136391	Δαχαρηνοί		meineke_page_248.jpg	248	9555	ocr	OCR from image meineke_page_248.jpg (id=1420)	6f48fda21abd90cec789b7a899364c78a5711ed8dfb9dd01bbaee889e0ec7c66	13818	Δαχαρηνοί	37	Δ37	1.000000	2337	Καμαρηνοί	0.777778	0.222222	δαχαρηνοι	δαχαρηνοι
136394	Δειπνίας		meineke_page_248.jpg	248	9558	ocr	OCR from image meineke_page_248.jpg (id=1420)	443eb18a3a21555b0c938c8f46415ba7252dd66e18ad03f63b02d7e3618b37a9	13821	Δειπνιάς	40	Δ40	1.000000	14845	Δίπαια	0.625000	0.375000	δειπνιασ	δειπνιασ
136396	Δειρή		meineke_page_248.jpg	248	9560	ocr	OCR from image meineke_page_248.jpg (id=1420)	fbbdae35fe2c274957ad0e8507978ff35c546c3b52d728b82b08225c7ce32409	13823	Δείρη	42	Δ42	1.000000	2077	Καιρή	0.600000	0.400000	δειρη	δειρη
136400	Δεξαμεναι		meineke_page_250.jpg	250	9564	ocr	OCR from image meineke_page_250.jpg (id=1422)	4370be730c927f2a093f7f56127e7a960b1445aab0627294c3160b5c5d659e80	13832	Δεξαμεναί	51	Δ51	1.000000	61207	Ἀκεσαμεναί	0.700000	0.300000	δεξαμεναι	δεξαμεναι
136401	Δεξαροι		meineke_page_250.jpg	250	9565	ocr	OCR from image meineke_page_250.jpg (id=1422)	e767165412f3c0ce3f9fcc64c1e34fd6df4ae1766cd0e813be65493885a9f5dd	13833	Δεξάροι	52	Δ52	1.000000	13838	Δερραῖοι	0.625000	0.375000	δεξαροι	δεξαροι
136403	Δερβη		meineke_page_250.jpg	250	9567	ocr	OCR from image meineke_page_250.jpg (id=1422)	8f54d42a8993cc9651cd7af75583cbab2ecabb6c7bd802fc88b65e4580cb9442	13835	Δέρβη	54	Δ54	1.000000	7242	Κύρβη	0.600000	0.400000	δερβη	δερβη
136407	Δερτῶν		meineke_page_251.jpg	251	9571	ocr	OCR from image meineke_page_251.jpg (id=1423)	05589ede560fa0fef36f123a9246d4f06ff44a81ecb9e7b903873375d2212622	13839	Δερτών	58	Δ58	1.000000	61107	Ἀδέρκων	0.714286	0.285714	δερτων	δερτων
136408	Δηλία		meineke_page_251.jpg	251	9572	ocr	OCR from image meineke_page_251.jpg (id=1423)	9b92ace65048484f0919aceb37f644e3a170ee5936434eb93a72edceaf303acd	13840	Δηλία	59	Δ59	1.000000	13841	Δήλιον	0.666667	0.333333	δηλια	δηλια
136409	Δήλιον		meineke_page_251.jpg	251	9573	ocr	OCR from image meineke_page_251.jpg (id=1423)	dfa5857cedfea8396b764ecceffa40d6beae65830a99bf9d77f325e29d24c781	13841	Δήλιον	60	Δ60	1.000000	28328	Πήλιον	0.833333	0.166667	δηλιον	δηλιον
136412	Δημητριάς		meineke_page_252.jpg	252	9576	ocr	OCR from image meineke_page_252.jpg (id=1424)	39ec9036c562f9730b206f675bbda7176b0db495f1ad11ac6927e27adac536c7	13843	Δημητριάς	62	Δ62	1.000000	13844	Δημήτριον	0.777778	0.222222	δημητριασ	δημητριασ
136416	Διαβήτη	2	meineke_page_254.jpg	254	9580	ocr	OCR from image meineke_page_254.jpg (id=1426)	a6487248a69618feff726d5f2c5e78874b9598657eb349219d1baa457dc9318d	14818	Διαβήτη	70	Δ70	1.000000	14817	Διαβῆται	0.750000	0.250000	διαβητη	διαβητη
136417	Διαδόχου	3	meineke_page_254.jpg	254	9581	ocr	OCR from image meineke_page_254.jpg (id=1426)	d2cb62523d3c24f13b53d28dc3ad6e62c939012e1a33f792ad5e9fdc0c0e348c	14819	Διαδόχου	71	Δ71	1.000000	14873	Δράκονον	0.500000	0.500000	διαδοχου	διαδοχου
136418	Διακρία	4	meineke_page_254.jpg	254	9582	ocr	OCR from image meineke_page_254.jpg (id=1426)	0ae8800d1f588bcc03cb11f0449afc366b08addd37d35a5d5967de76f001f4b0	14820	Διακρία	72	Δ72	1.000000	2787	Δακία	0.714286	0.285714	διακρια	διακρια
136419	Διανείς	5	meineke_page_254.jpg	254	9583	ocr	OCR from image meineke_page_254.jpg (id=1426)	a78485378934f4835a418c37a67890abed6546dac70afc36e8fae9cc2a616635	14821	Διανεῖς	73	Δ73	1.000000	61139	Αἰανῖτις	0.625000	0.375000	διανεισ	διανεισ
136424	Δικτή	1	meineke_page_256.jpg	256	9588	ocr	OCR from image meineke_page_256.jpg (id=1428)	47a45b68ee1423a2892fc3f751646054483eac8cdefbc3d93e1512ca0f2ece21	14830	Δίκτη	82	Δ82	1.000000	12809	Οἴτη	0.600000	0.400000	δικτη	δικτη
136429	Διομηδέια		meineke_page_257.jpg	257	9593	ocr	OCR from image meineke_page_257.jpg (id=1429)	1ffd8305a7efd53a60d1667bf35e0e3417d9978ec5252c647ddc4cf0ae3c19d2	14835	Διομήδεια	87	Δ87	1.000000	11889	Νικομήδεια	0.800000	0.200000	διομηδεια	διομηδεια
136430	Δίον		meineke_page_257.jpg	257	9594	ocr	OCR from image meineke_page_257.jpg (id=1429)	50b9e9b0adaf78eb1d0cce9eb1b5699f01ff109d49c26275e59599b27a344ad2	14836	Δῖον	88	Δ88	1.000000	12806	Οἶον	0.750000	0.250000	διον	διον
136431	Διονυσία		meineke_page_257.jpg	257	9595	ocr	OCR from image meineke_page_257.jpg (id=1429)	f4d19116e570fdbc807a9431764e1d908699356a59e16df6e0f2565a10ab1a99	14837	Διονυσία	89	Δ89	1.000000	14859	Δονουσία	0.750000	0.250000	διονυσια	διονυσια
136432	Διονύσου πόλις	1	meineke_page_258.jpg	258	9596	ocr	OCR from image meineke_page_258.jpg (id=1430)	9472c4104ce8deef8ed23f70f7861627d62e0e52c028dfd4e106dc30bdd0207d	14838	Διονύσου πόλις	90	Δ90	1.000000	14843	Διὸς πόλις	0.692308	0.307692	διονυσουπολισ	διονυσουπολισ
136434	Διὸς ἱερόν	3	meineke_page_258.jpg	258	9598	ocr	OCR from image meineke_page_258.jpg (id=1430)	15f45280c8f31a7e90257d39c1eb15b0444c7e399efd4d4bb69732c27afc1b34	14840	Διὸς ἱερόν	92	Δ92	1.000000	14860	Δορίειον	0.666667	0.333333	διοσιερον	διοσιερον
136435	Διοσκουριάς	4	meineke_page_258.jpg	258	9599	ocr	OCR from image meineke_page_258.jpg (id=1430)	53b686c069ba100e257c87c79e36d5b2d599db4b3db3139a735ccc42806dac75	14841	Διοσκουριάς	93	Δ93	1.000000	14843	Διὸς πόλις	0.636364	0.363636	διοσκουριασ	διοσκουριασ
136439	Δῖπαια	3	meineke_page_259.jpg	259	9603	ocr	OCR from image meineke_page_259.jpg (id=1431)	1d684e2f60893d8b47ba9956429ebcada79ce76a16443d75917bdeaa30ac429c	14845	Δίπαια	97	Δ97	1.000000	14828	Δίκαια	0.833333	0.166667	διπαια	διπαια
136448	Δόλιονες	4	meineke_page_260.jpg	260	9612	ocr	OCR from image meineke_page_260.jpg (id=1432)	68f12a39db5d487f0871b9c40d7195586b4567989228b9448b32047c44b812eb	14854	Δολίονες	106	Δ106	1.000000	14857	Δόλοπες	0.750000	0.250000	δολιονεσ	δολιονεσ
136451	Δόλοπες	7	meineke_page_260.jpg	260	9615	ocr	OCR from image meineke_page_260.jpg (id=1432)	eb5c073c6a4a231742d2e1a4731a8e83b6d1a5d705cd54626b1cf2c12931b275	14857	Δόλοπες	109	Δ109	1.000000	14854	Δολίονες	0.750000	0.250000	δολοπεσ	δολοπεσ
136452	Δομετιούπολις	8	meineke_page_260.jpg	260	9616	ocr	OCR from image meineke_page_260.jpg (id=1432)	0803dd48f316a5dcb2452ad4eb68931e3a345b7833bf03b322757113088c94bf	14858	Δομετιούπολις	110	Δ110	1.000000	28390	Πομπηιούπολις	0.769231	0.230769	δομετιουπολισ	δομετιουπολισ
136453	Δονουσία	9	meineke_page_260.jpg	260	9617	ocr	OCR from image meineke_page_260.jpg (id=1432)	68313827501436e0eaa673c91d9b6e4d646fce0c8284ed138963fd238ee922d9	14859	Δονουσία	111	Δ111	1.000000	14837	Διονυσία	0.750000	0.250000	δονουσια	δονουσια
136460	Δουλίχιον		meineke_page_261.jpg	261	9624	ocr	OCR from image meineke_page_261.jpg (id=1433)	e2d9baebcc530794fcb0410ce01ece46115dedd5fb5723755a38d7c94108c715	14864	Δουλίχιον	116	Δ116	1.000000	14863	Δορυλάειον	0.700000	0.300000	δουλιχιον	δουλιχιον
136461	Δούλων πόλις		meineke_page_262.jpg	262	9625	ocr	OCR from image meineke_page_262.jpg (id=1434)	2d57d07209d14f0eb6943661221e6ed3acf7c1cb0f8235234dcf9549b36f5b57	14865	Δούλων πόλις	117	Δ117	1.000000	7231	Κυνῶν πόλις	0.727273	0.272727	δουλωνπολισ	δουλωνπολισ
136464	Δουρίοπος		meineke_page_262.jpg	262	9628	ocr	OCR from image meineke_page_262.jpg (id=1434)	e8707c55a2521e5266d9152ddc95ab47234f23d65b0362af182f37006f4e1d54	14868	Δουρίοπος	120	Δ120	1.000000	14861	Δορίσκος	0.666667	0.333333	δουριοποσ	δουριοποσ
136488	Δυρράχιον		meineke_page_269.jpg	269	9652	ocr	OCR from image meineke_page_269.jpg (id=1441)	6b525f47c4c7a1aa70107df28fd1c6f680a556e656fd8b9a66cc8f5f787c0790	4932	Δυρράχιον	143	Δ143	1.000000	4384	Δυρβαῖοι	0.666667	0.333333	δυρραχιον	δυρραχιον
136497	Δῶριον	2	meineke_page_276.jpg	276	9661	ocr	OCR from image meineke_page_276.jpg (id=1448)	dc65d7b07d48c06156b87d0e223dfcbed28bafa811db0c72b056f701233ceaa6	5786	Δώριον	149	Δ149	1.000000	59669	Δώριον	1.000000	0.000000	δωριον	δωριον
136507	Ἐβραῖοι	3	meineke_page_284.jpg	284	20137	csv_fallback	Backfilled from meineke_headwords.greek_paragraph	a5bf72b14a12833b31985c8614b7b14a49f785aa39fd3dcebcea2fbc3d2c05be	6658	Ἑβραῖοι	3	Ἑ3	1.000000	13838	Δερραῖοι	0.750000	0.250000	εβραιοι	εβραιοι
136509	Ἐβρών		meineke_page_285.jpg	285	20138	csv_fallback	Backfilled from meineke_headwords.greek_paragraph	a4c2c3cfed2630a7ec74209557607e9ac92a2266dc52137414288ef0c08783e3	6659	Ἑβρών	4	Ἑ4	1.000000	17036	Ἐλεών	0.600000	0.400000	εβρων	εβρων
136510	Ἐγγαδά		meineke_page_285.jpg	285	9674	ocr	OCR from image meineke_page_285.jpg (id=1457)	c7871de7d26c463a1c72bca13148c8f2e8439f332e3290ace43af2a10fb58654	6660	Ἐγγάδα	5	Ἐ5	1.000000	37812	Σίγγαρα	0.571429	0.428571	εγγαδα	εγγαδα
136516	Ἐδδάνα		meineke_page_285.jpg	285	9680	ocr	OCR from image meineke_page_285.jpg (id=1457)	9004557b9ca685ebd6031a3599a22c0575c840a7b615dfd7b85d3ef769615586	15964	Ἔδδανα	11	Ε11	1.000000	61105	Ἄδανα	0.666667	0.333333	εδδανα	εδδανα
136539	Σεβαστή		meineke_page_289.jpg	289	19498	ocr	OCR from image meineke_page_583.jpg (id=1755)	26b0cc245ec096e259fef541a8ba2c1de983e28a56a0c04519b49e08899c8105	37770	Σεβαστή	91	Σ91	1.000000	10211	Μεγίστη	0.571429	0.428571	σεβαστη	σεβαστη
136547	Ἐλέα		meineke_page_289.jpg	289	9711	ocr	OCR from image meineke_page_289.jpg (id=1461)	3f71c1776c0cf336de1ed929a21f949cf047f128945f8ceeb711984501009d70	15966	Ἐλέα	41	Ε41	1.000000	18184	Ἕλλα	0.750000	0.250000	ελεα	ελεα
136548	Ἐλέγεια		meineke_page_289.jpg	289	9712	ocr	OCR from image meineke_page_289.jpg (id=1461)	3fe83945d92a420a83a1361ff5c45ab28b027fe5fc242cdfbaed49db83733432	15967	Ἐλέγεια	42	Ε42	1.000000	18275	Εὐέλγεια	0.750000	0.250000	ελεγεια	ελεγεια
136549	Ελένειος		meineke_page_290.jpg	290	9713	ocr	OCR from image meineke_page_290.jpg (id=1462)	1e696b9803bfd1cb7b807937d5e385fed950620ec1744b3201d1c6bdb6aa20b7	15968	Ἐλένειος	43	Ἐ43	1.000000	15967	Ἐλέγεια	0.625000	0.375000	ελενειοσ	ελενειοσ
136550	Ἑλένη		meineke_page_290.jpg	290	9714	ocr	OCR from image meineke_page_290.jpg (id=1462)	b39815cf3e95611378c2a0666e377a7395d7c66ccb0559f41d0143237fd123c9	15969	Ἑλένη	44	Ε44	1.000000	46441	Τελάνη	0.666667	0.333333	ελενη	ελενη
136552	Ἐλευθέραί		meineke_page_290.jpg	290	9716	ocr	OCR from image meineke_page_290.jpg (id=1462)	8db55ecd45df5edf9c449f648e027e1456517f884e1b2013836e669078bbd6ef	15971	Ἐλευθεραί	46	Ε46	1.000000	17030	Ἐλευθερίς	0.777778	0.222222	ελευθεραι	ελευθεραι
136553	Ἐλευθέριον		meineke_page_290.jpg	290	9717	ocr	OCR from image meineke_page_290.jpg (id=1462)	c73c30279153629b55a760e642d40f222048ac6f8001f4708c1dcac6b61f1c9c	15972	Ἐλευθέριον	47	Ε47	1.000000	17030	Ἐλευθερίς	0.800000	0.200000	ελευθεριον	ελευθεριον
136557	Ἐλίνοι	3	meineke_page_292.jpg	292	9721	ocr	OCR from image meineke_page_292.jpg (id=1464)	8dace8d87c4384f5add863c12ac081196e7ff1dab74b7ad325d917d0ae6c44ea	18181	Ἔλινοι	58	Ε58	1.000000	18182	Ἐλίξοια	0.714286	0.285714	ελινοι	ελινοι
136560	Ἔλλα		meineke_page_293.jpg	293	9724	ocr	OCR from image meineke_page_293.jpg (id=1465)	a5ffc871aea4a755c7d57be8e6a4c3f0dccfcbef2db790a9cfe889a5ab2cea0d	18184	Ἕλλα	61	Ε61	1.000000	17038	Ἑλλάς	0.800000	0.200000	ελλα	ελλα
136561	Ἑλλάς		meineke_page_293.jpg	293	9725	ocr	OCR from image meineke_page_293.jpg (id=1465)	546179b8578ac39bb0a0c78867025018f83def55160a3a7612f6ae3a6121a5e8	17038	Ἑλλάς	62	Ε62	1.000000	18184	Ἕλλα	0.800000	0.200000	ελλασ	ελλασ
136563	Ἑλληνόπολις		meineke_page_293.jpg	293	9727	ocr	OCR from image meineke_page_293.jpg (id=1465)	f25bb7b8f541d42e594e361bfe04cc8160b1e45a16abd91074d6fe839cc01273	17039	Ἑλληνόπολις	63	Ε64	1.000000	10287	Μιλητούπολις	0.666667	0.333333	ελληνοπολισ	ελληνοπολισ
136564	Ἑλλήσποντος		meineke_page_293.jpg	293	9728	ocr	OCR from image meineke_page_293.jpg (id=1465)	8d7e1c8d4f59bde4520c93ee461ae23b727dd214dd59e7b5a3cd1f7988e18801	17041	Ἑλλήσποντος	65	Ε65	1.000000	17039	Ἑλληνόπολις	0.545455	0.454545	ελλησποντοσ	ελλησποντοσ
136565	Ἑλλοπία		meineke_page_293.jpg	293	9729	ocr	OCR from image meineke_page_293.jpg (id=1465)	c4f6a4f777feab6d09f86e84db1a22e19f4caea0e780ecfd81d9f173eeee9e8f	17042	Ἐλλοπία	66	Ε66	1.000000	17043	Ἐλλόπιον	0.750000	0.250000	ελλοπια	ελλοπια
136567	Ἑλμαντική	2	meineke_page_294.jpg	294	9731	ocr	OCR from image meineke_page_294.jpg (id=1466)	a624e4668b0fc41eb93b02a6f3bc6f1bb696fb58aa1660c225982d2440310373	17044	Ἐλμαντική	68	Ε68	1.000000	17035	Ἐλεφαντίνη	0.700000	0.300000	ελμαντικη	ελμαντικη
136569	Ἑλουροι	4	meineke_page_294.jpg	294	9733	ocr	OCR from image meineke_page_294.jpg (id=1466)	0b5dd5479838dc3572f398eee2420eca0dd5199827684646b5530fe0a8197c69	17046	Ἕλουροι	70	Ε70	1.000000	8448	Λουσοί	0.714286	0.285714	ελουροι	ελουροι
136571	Ἑλπία	6	meineke_page_294.jpg	294	9735	ocr	OCR from image meineke_page_294.jpg (id=1466)	606fd6e3d6daeabf91173ed00ee7b8c86bec2ba327f38f8745720fbec14a6f98	17048	Ἐλπία	72	Ε72	1.000000	17042	Ἐλλοπία	0.714286	0.285714	ελπια	ελπια
136572	Ἑλυμαία	7	meineke_page_294.jpg	294	9736	ocr	OCR from image meineke_page_294.jpg (id=1466)	24f617bf5869e96fac8f8285605c9dd79bf47cd4c7e8b6b6ff480eecc8218d98	17049	Ἐλυμαία	73	Ε73	1.000000	8453	Λύκαια	0.714286	0.285714	ελυμαια	ελυμαια
136574	πόλις	9	meineke_page_294.jpg	294	9738	ocr	OCR from image meineke_page_294.jpg (id=1466)	3272540f1ee55c8586fd5dbe712219bbbf33db876ae55b2c7a3dd26381fa3d39	28381	Πόλις	199	Π199	1.000000	12854	Ὀπόεις	0.666667	0.333333	πολισ	πολισ
136575	Ἕλυρος		meineke_page_295.jpg	295	9739	ocr	OCR from image meineke_page_295.jpg (id=1467)	a80251787f4de85afe87a40e9cd3a4c4479fba0a3734b96a01d2a13b78aa984e	17051	Ἔλυρος	75	Ε75	1.000000	17052	Ἔλωρος	0.833333	0.166667	ελυροσ	ελυροσ
136577	Ἐμβατον		meineke_page_295.jpg	295	9741	ocr	OCR from image meineke_page_295.jpg (id=1467)	62a30b1e867120f2477da5074f6008840f6d49388c0904ecc3349eeabe5004be	17053	Ἔμβατον	77	Ε77	1.000000	82923	Ἄμβασον	0.714286	0.285714	εμβατον	εμβατον
136579	Ἔμποριον		meineke_page_295.jpg	295	9743	ocr	OCR from image meineke_page_295.jpg (id=1467)	3e1fb417e04a47093c2867129f3240780915b0d70027f254b63fdf6a5fea5518	17055	Ἐμπόριον	79	Ε79	1.000000	82937	Ἀμόριον	0.750000	0.250000	εμποριον	εμποριον
136580	Ἐνετοί		meineke_page_295.jpg	295	9744	ocr	OCR from image meineke_page_295.jpg (id=1467)	c546ba5737832f13b5052b7b7e0e9c5d90472b100407c7000312f6d50ad645f6	17056	Ἐνετοί	80	Ε80	1.000000	17066	Ἐπειοί	0.666667	0.333333	ενετοι	ενετοι
136584	Ἐντελλα		meineke_page_296.jpg	296	9748	ocr	OCR from image meineke_page_296.jpg (id=1468)	95e934543a72f0718da0a67e4149595a5b5e7e7638e0740b24f26ac1dd78ea80	17060	Ἔντελλα	84	Ε84	1.000000	102786	Ἄτελλα	0.714286	0.285714	εντελλα	εντελλα
136589	Ἐπαρίται		meineke_page_297.jpg	297	9753	ocr	OCR from image meineke_page_297.jpg (id=1469)	04eda9f735d914386330852561616fadd7814c338ef603fe158828929b08d6c0	17065	Ἐπαρῖται	89	Ε89	1.000000	18287	Εὐπυρίδαι	0.666667	0.333333	επαριται	επαριται
136590	Ἐπειοί		meineke_page_297.jpg	297	9754	ocr	OCR from image meineke_page_297.jpg (id=1469)	df7af66d47fdc5d7dc65e92cd4979de0f241e51c54721b16689a6ce69a09ac89	17066	Ἐπειοί	90	Ε90	1.000000	17056	Ἐνετοί	0.666667	0.333333	επειοι	επειοι
136592	Ἐπίδαμνος		meineke_page_298.jpg	298	9756	ocr	OCR from image meineke_page_298.jpg (id=1470)	97f7214302aedc4d84ac2f12d88efa356cc215f09790905d71a74164601e4d3f	17067	Ἐπίδαμνος	91	Ε91	1.000000	17068	Ἐπίδαυρος	0.777778	0.222222	επιδαμνοσ	επιδαμνοσ
136593	Ἐπίδαυρος		meineke_page_298.jpg	298	9757	ocr	OCR from image meineke_page_298.jpg (id=1470)	b02c73a0be6616a6795c1464a19ebf52969b1604c5f2275ffca76a02c9d638c4	17068	Ἐπίδαυρος	92	Ε92	1.000000	17067	Ἐπίδαμνος	0.777778	0.222222	επιδαυροσ	επιδαυροσ
136596	Ἐπωπή		meineke_page_300.jpg	300	9760	ocr	OCR from image meineke_page_300.jpg (id=1472)	4a2cf3506c91ca1a85ba278141d6092a42be2df2c50878f830fb8a056fe8920d	17077	Ἐπώπη	101	Ε101	1.000000	18294	Εὐρώπη	0.666667	0.333333	επωπη	επωπη
136598	Ἔρβιτα		meineke_page_300.jpg	300	9762	ocr	OCR from image meineke_page_300.jpg (id=1472)	4818b487ab2423888cc02bfa699a433a457bfb3566da55a19d16d6c88a3c31c9	17079	Ἕρβιτα	103	Ε103	1.000000	12855	Ὀρβῖται	0.714286	0.285714	ερβιτα	ερβιτα
136599	Ἐργετίον		meineke_page_300.jpg	300	9763	ocr	OCR from image meineke_page_300.jpg (id=1472)	ae11ccfddc45ebbc2c17ef0bc0725f20821379df9320076152942d342df96956	17080	Ἐργέτιον	104	Ε104	1.000000	10312	Μοργέντιον	0.700000	0.300000	εργετιον	εργετιον
136601	Ἐρεμβοι		meineke_page_300.jpg	300	9765	ocr	OCR from image meineke_page_300.jpg (id=1472)	4c8a13f7e3f83cc7a9b0daacd27ab2df9b15ab5cd809c07dc3236fd164e55bf2	17082	Ἐρεμβοί	106	Ε106	1.000000	12838	Ὄμβοι	0.571429	0.428571	ερεμβοι	ερεμβοι
136607	Ἐρθα		meineke_page_301.jpg	301	9771	ocr	OCR from image meineke_page_301.jpg (id=1473)	8cd4db4398dbfa4ed2a65cea5821b0c6ca46ccf8035f15e86d2d756665b47904	17087	Ἔρθα	111	Ε111	1.000000	17105	Ἐρυθρά	0.666667	0.333333	ερθα	ερθα
136612	Ἑρμοῦπολις	2	meineke_page_303.jpg	303	15864	ocr	OCR from image meineke_page_303.jpg (id=1475)	955f8f974cba89423318434925c3350b08990d91f67244f95cf8d0248e13af77	17098	Ἑρμούπολις	122	Ε122	1.000000	7248	Κύρου πόλις	0.700000	0.300000	ερμουπολισ	ερμουπολισ
136614	Ἑρμωνθίς	4	meineke_page_303.jpg	303	9778	ocr	OCR from image meineke_page_303.jpg (id=1475)	c97a61b32fa3a1150d255d5f04adb11885f64c0ca0fcfa8e3ea8ecca64a88ecb	17100	Ἕρμωνθις	124	Ε124	1.000000	17099	Ἑρμώνασσα	0.666667	0.333333	ερμωνθισ	ερμωνθισ
136617	Ἐρύκη		meineke_page_305.jpg	305	9781	ocr	OCR from image meineke_page_305.jpg (id=1477)	52e41e17faf8f2b8f51f81e303640f111f979fc022d0ad08f75167ed74558ef1	17108	Ἐρύκη	132	Ε132	1.000000	14882	Δρύμη	0.600000	0.400000	ερυκη	ερυκη
136623	Ἐσπερία		meineke_page_307.jpg	307	9787	ocr	OCR from image meineke_page_307.jpg (id=1479)	31e78c886d7f100e6946f0e7e1b1f2206f99193aee0e0262e799524d4bbd241c	18263	Ἑσπερία	140	Ε140	1.000000	18264	Ἑσπερίς	0.857143	0.142857	εσπερια	εσπερια
136624	Ἐσπερίς		meineke_page_307.jpg	307	9788	ocr	OCR from image meineke_page_307.jpg (id=1479)	d304d8b13b157c044a98b53c5710ff5f17773a8e2e92cb1cb97d85a760e88cd8	18264	Ἑσπερίς	141	Ε141	1.000000	18263	Ἑσπερία	0.857143	0.142857	εσπερισ	εσπερισ
136625	Ἑστιαῖα	1	meineke_page_308.jpg	308	9789	ocr	OCR from image meineke_page_308.jpg (id=1480)	a73315eba885544bd4349046f590f1a28f5ff06f3d36b2333f77295ecae1aa6a	18265	Ἑστίαια	142	Ε142	1.000000	23662	Ἰστίαια	0.857143	0.142857	εστιαια	εστιαια
136627	Ἑτεωνός	3	meineke_page_308.jpg	308	9791	ocr	OCR from image meineke_page_308.jpg (id=1480)	14c1a97e76c1d8cf8981c70718000b52fe26aafcc3c5dad199a05fe2d521a62e	18267	Ἐτεωνός	144	Ε144	1.000000	11049	Μύρωνος	0.571429	0.428571	ετεωνοσ	ετεωνοσ
136628	Εὔα	4	meineke_page_308.jpg	308	9792	ocr	OCR from image meineke_page_308.jpg (id=1480)	23a9ed9afaa647fa3a82679ca4b0497d7dc58e8e08d62aaa465ad63631801eb7	18268	Εὖα	145	Ε145	1.000000	18283	Εὐναί	0.600000	0.400000	ευα	ευα
136629	Εὐαίμων	5	meineke_page_308.jpg	308	9793	ocr	OCR from image meineke_page_308.jpg (id=1480)	f63f13677e464d34b33f6f686c3ae6e33be1d2d734aecc484a16bc04347119db	18269	Εὐαίμων	146	Ε146	1.000000	8028	Λακεδαίμων	0.600000	0.400000	ευαιμων	ευαιμων
136633	Εὔβοια		meineke_page_309.jpg	309	9797	ocr	OCR from image meineke_page_309.jpg (id=1481)	601e0922825150d183357726056423c0161e5a966acfe762751a0768178d6d60	18272	Εὔβοια	149	Ε149	1.000000	18286	Εὐπορία	0.714286	0.285714	ευβοια	ευβοια
136636	Εὐέλγεια		meineke_page_309.jpg	309	9800	ocr	OCR from image meineke_page_309.jpg (id=1481)	dff0387a6ab65314cbc30c1e0f530d7a98ed51795861f2693b3b4531c224d186	18275	Εὐέλγεια	152	Ε152	1.000000	15967	Ἐλέγεια	0.750000	0.250000	ευελγεια	ευελγεια
136637	Εὐεργέται		meineke_page_309.jpg	309	9801	ocr	OCR from image meineke_page_309.jpg (id=1481)	32596124ae5e293e8f80294932a7c887a6dd4d35922eedf9ec3a5ef28d1b38a3	18276	Εὐεργέται	153	Ε153	1.000000	11036	Μυργέται	0.777778	0.222222	ευεργεται	ευεργεται
136639	Εὐθηναί		meineke_page_309.jpg	309	9803	ocr	OCR from image meineke_page_309.jpg (id=1481)	aa27a3f0c53341923487783fab2c238a9d88ba43165cee541c7cafd0b8a59324	18278	Εὐθηναί	155	Ε155	1.000000	10333	Μυκῆναι	0.714286	0.285714	ευθηναι	ευθηναι
136640	Εὐίππη		meineke_page_310.jpg	310	9804	ocr	OCR from image meineke_page_310.jpg (id=1482)	1c21be1f3607ee4ab2c93aa1f8c31e556c5823a617e0b66855a2e32e55f9fbfe	18279	Εὐίππη	156	Ε156	1.000000	17057	Ἐνίσπη	0.666667	0.333333	ευιππη	ευιππη
136641	Εὐμένεια		meineke_page_311.jpg	311	9805	ocr	OCR from image meineke_page_311.jpg (id=1483)	ebc2ad839c53aad350366342b21dbc4b1228786abbd9de853dfa2f66d96149b8	18282	Εὐμένεια	159	Ε159	1.000000	48648	Τεμένεια	0.750000	0.250000	ευμενεια	ευμενεια
136642	Εὐρυμεναί		meineke_page_312.jpg	312	9806	ocr	OCR from image meineke_page_312.jpg (id=1484)	cdd48474fa041dd823cd6feb007d306a36d160c7387fa691acffc27aab6d4b63	18291	Εὐρυμεναί	168	Ε168	1.000000	17110	Ἐρυμναί	0.777778	0.222222	ευρυμεναι	ευρυμεναι
136643	Εὐρυτάνες		meineke_page_312.jpg	312	9807	ocr	OCR from image meineke_page_312.jpg (id=1484)	a8947ec1588bbdb4d060cc25cde5b3eabb73e5c88b06a02cbee567dccc34369e	18292	Εὐρυτᾶνες	169	Ε169	1.000000	7252	Κύρτωνες	0.666667	0.333333	ευρυτανεσ	ευρυτανεσ
136645	Εὐρώπη		meineke_page_312.jpg	312	9809	ocr	OCR from image meineke_page_312.jpg (id=1484)	73edeb9897f2560e69979accec7a38e0cf44a1bfd0bdcd02f06c54890e7ccd0e	18294	Εὐρώπη	171	Ε171	1.000000	18295	Εὐρωπός	0.714286	0.285714	ευρωπη	ευρωπη
136646	Εὐρωπός		meineke_page_312.jpg	312	9810	ocr	OCR from image meineke_page_312.jpg (id=1484)	487f7397a6e26e19d3bd9763ab25ea4b061eed192cda90781ab935653c32388f	18295	Εὐρωπός	172	Ε172	1.000000	18293	Εὔρωμος	0.857143	0.142857	ευρωποσ	ευρωποσ
136649	Εὐφραντα		meineke_page_313.jpg	313	9813	ocr	OCR from image meineke_page_313.jpg (id=1485)	2129fb25e26f337a612f0ef3dc3cc6db9e8b36c0f67f1bc8b1999b2a6f8a633c	18298	Εὔφραντα	175	Ε175	1.000000	48667	Τευθρανία	0.666667	0.333333	ευφραντα	ευφραντα
136650	Εὐφρατις		meineke_page_313.jpg	313	9814	ocr	OCR from image meineke_page_313.jpg (id=1485)	322e07b44dba7d55e9846802076a8a60624648fa7db6d344f92bdbb3de4fab28	18299	Εὐφρατίς	176	Ε176	1.000000	11082	Ναύκρατις	0.666667	0.333333	ευφρατισ	ευφρατισ
136677	Ζηβυττις		meineke_page_321.jpg	321	9841	ocr	OCR from image meineke_page_321.jpg (id=1493)	82ad4ea2bc112e2dd34fbb943c9739b5086cdb0ba9fe8be0a24a96198848ddff	19493	Ζήβυττις	18	Ζ18	1.000000	2335	Κάλυτις	0.500000	0.500000	ζηβυττισ	ζηβυττισ
136678	Ζήλα		meineke_page_321.jpg	321	15871	ocr	OCR from image meineke_page_321.jpg (id=1493)	cdf40f92c18abd4c3a4d74c54657c607b6e2e7ac7d775f30602385d7329edece	19494	Ζῆλα	19	Ζ19	1.000000	13840	Δηλία	0.600000	0.400000	ζηλα	ζηλα
136680	Ζηνοδότιον		meineke_page_321.jpg	321	9844	ocr	OCR from image meineke_page_321.jpg (id=1493)	9efcc75f0d794fa023a6687a31c9e9408c34f26bb914ade3601b17effb7291f1	19496	Ζηνοδότιον	21	Ζ21	1.000000	8894	Λινδόνιον	0.600000	0.400000	ζηνοδοτιον	ζηνοδοτιον
136684	Ζιποίτιον	19	meineke_page_322.jpg	322	9848	ocr	OCR from image meineke_page_322.jpg (id=1494)	ca17908c32a3a7edcca550b43deb7b568152cae8d11f62a3f493204cf572f2cf	19499	Ζιποίτιον	24	Ζ24	1.000000	19501	Ζοίτειον	0.666667	0.333333	ζιποιτιον	ζιποιτιον
136685	Ζόαρα	20	meineke_page_322.jpg	322	9849	ocr	OCR from image meineke_page_322.jpg (id=1494)	af7f00c184fcb1b4831e178e3b4b45d478a5f964c3b9cc4a1706d5f9b2c660de	19500	Ζόαρα	25	Ζ25	1.000000	14867	Δοῦρα	0.600000	0.400000	ζοαρα	ζοαρα
136686	Ζοιτεῖον	21	meineke_page_322.jpg	322	9850	ocr	OCR from image meineke_page_322.jpg (id=1494)	5d37e4fbbd001aa903d165f404fb8a5bfe240464a99976eb5fe3cd7b06752f7d	19501	Ζοίτειον	26	Ζ26	1.000000	31974	Ῥοίτειον	0.875000	0.125000	ζοιτειον	ζοιτειον
136687	Ζομβίς	22	meineke_page_322.jpg	322	9851	ocr	OCR from image meineke_page_322.jpg (id=1494)	f384ccea9e6b85c403ab8127b90185909634e23f4c3d3a6c9d3d60cfc0a7649a	19502	Ζομβίς	27	Ζ27	1.000000	19503	Ζοῦχις	0.666667	0.333333	ζομβισ	ζομβισ
136691	Ζυγοί	1	meineke_page_323.jpg	323	9855	ocr	OCR from image meineke_page_323.jpg (id=1495)	7e7b3663e56ec40c5080a681dd60ee5d447a38c7a365e00cadf4eb6367a2b6dc	19506	Ζυγοί	31	Ζ31	1.000000	30144	Πύργοι	0.666667	0.333333	ζυγοι	ζυγοι
136692	Ζωβῖδαι	2	meineke_page_323.jpg	323	9856	ocr	OCR from image meineke_page_323.jpg (id=1495)	aca111e8d222f749ca440b7e7e470d44fa5f6c56a12cb36fc3941fc38a54ca61	19507	Ζωβίδαι	32	Ζ32	1.000000	23681	Ἰωνίδαι	0.714286	0.285714	ζωβιδαι	ζωβιδαι
136693	Ζώνη	3	meineke_page_323.jpg	323	9857	ocr	OCR from image meineke_page_323.jpg (id=1495)	656a2968d89ad133fb5517a22d12556beff2eaa1b0ff84f4d7b63c0191d67e39	19508	Ζώνη	33	Ζ33	1.000000	23679	Ἰώνη	0.750000	0.250000	ζωνη	ζωνη
136694	Ζωστήρ	4	meineke_page_323.jpg	323	9858	ocr	OCR from image meineke_page_323.jpg (id=1495)	3ae614fe7146573e07c0184db0fa07bd2b2d2c4b379354349477917987a16595	19509	Ζωστήρ	34	Ζ34	1.000000	19508	Ζώνη	0.500000	0.500000	ζωστηρ	ζωστηρ
136695	Ἤδοι	5	meineke_page_323.jpg	323	9859	ocr	OCR from image meineke_page_323.jpg (id=1495)	ee3655cb244d59b38068d6a5a324ba33cf82ebd11f3c93a919d2cb63016965a6	19510	Ἠδοί	1	Η1	1.000000	19512	Ἠδωνοί	0.666667	0.333333	ηδοι	ηδοι
136696	Ἤδυμη	6	meineke_page_323.jpg	323	9860	ocr	OCR from image meineke_page_323.jpg (id=1495)	4ef895ea69eebf826f38a02190b414ceb22a896df1b059c89d5ce03c190d527d	19511	Ἠδύμη	2	Η2	1.000000	3842	Δύμη	0.800000	0.200000	ηδυμη	ηδυμη
136697	Ἤδωνοι	7	meineke_page_323.jpg	323	9861	ocr	OCR from image meineke_page_323.jpg (id=1495)	ee7f8eb1fb9500de24ec29300e5b84adde1eb8063ca30f768b9ade38f547b6e2	19512	Ἠδωνοί	3	Η3	1.000000	19510	Ἠδοί	0.666667	0.333333	ηδωνοι	ηδωνοι
136699	Ἡίων	9	meineke_page_323.jpg	323	9863	ocr	OCR from image meineke_page_323.jpg (id=1495)	1f47ed4d3c36deef46b036ff04d70c81be4101dfc97bf09b8a4cb46281a8c80a	19514	Ἠιών	5	Η5	1.000000	11103	Νήιον	0.600000	0.400000	ηιων	ηιων
136702	Ἡλακαταῖον		meineke_page_324.jpg	324	9866	ocr	OCR from image meineke_page_324.jpg (id=1496)	cacb06277ab49f81eaa6f51aeeb66fc71df8672799465e0c24f3f261a24bc936	19515	Ἠλακαταῖον	6	Η6	1.000000	11063	Ναβαταῖοι	0.600000	0.400000	ηλακαταιον	ηλακαταιον
136704	Ἡλιαία		meineke_page_325.jpg	325	9868	ocr	OCR from image meineke_page_325.jpg (id=1497)	cca90a39bf10f25286447200d51bc2d260f7e80548c3e5ef09b8a44ec1eece72	19517	Ἡλιαία	8	Η8	1.000000	8435	Λίλαια	0.666667	0.333333	ηλιαια	ηλιαια
136705	Ἡλιούπολις		meineke_page_325.jpg	325	9869	ocr	OCR from image meineke_page_325.jpg (id=1497)	6146dcf9167e6e2e7c9587cf72301543276a27d8deffe28c6f259feba227b73f	19518	Ἡλίου πόλις	9	Η9	1.000000	11943	Ὁδιούπολις	0.800000	0.200000	ηλιουπολισ	ηλιουπολισ
136706	Ἥλις	1	meineke_page_326.jpg	326	9870	ocr	OCR from image meineke_page_326.jpg (id=1498)	f90a13c41700e64433fb9972f87e539884c3a10e700e5ded9beb1cc75f76435a	19519	Ἦλις	10	Η10	1.000000	19536	Ἦτις	0.750000	0.250000	ηλισ	ηλισ
136707	Ἡλώνη	2	meineke_page_326.jpg	326	9871	ocr	OCR from image meineke_page_326.jpg (id=1498)	c70e9b1b36af6fb4d070949935dbf98b8e676e6902805e9dc2308757668e356d	19520	Ἠλώνη	11	Η11	1.000000	82898	Ἁλώνη	0.800000	0.200000	ηλωνη	ηλωνη
136708	Ἡμαθία	3	meineke_page_326.jpg	326	15875	ocr	OCR from image meineke_page_326.jpg (id=1498)	c57429f481d2236c4ed75f2cb15cac18fa3d4283631d2310900876b62d9222f4	19521	Ἠμαθία	12	Η12	1.000000	8481	Μαγία	0.666667	0.333333	ημαθια	ημαθια
136710	Ἡμίκυνες	2	meineke_page_327.jpg	327	9874	ocr	OCR from image meineke_page_327.jpg (id=1499)	acd1eaf24c40dcd02a6aa52a32e9fdab3edd3cd00f708a7ada5ca5ecc497cf98	19523	Ἡμίκυνες	14	Η14	1.000000	82929	Ἀμίκου νῆσος	0.545455	0.454545	ημικυνεσ	ημικυνεσ
136711	Ἡνιοχεῖα	3	meineke_page_327.jpg	327	9875	ocr	OCR from image meineke_page_327.jpg (id=1499)	47d6afa26960ca3972df8f5c9af36d2664694b6f3e3d858fd47237f1168527e8	19524	Ἡνιοχεία	15	Η15	1.000000	85702	Ἀντιόχεια	0.777778	0.222222	ηνιοχεια	ηνιοχεια
136715	Ἡραῖα	1	meineke_page_328.jpg	328	9879	ocr	OCR from image meineke_page_328.jpg (id=1500)	6813ed2ea7dfe612019f7ae13819d101f8815b782af3fa6218d8e1ccdcdcaf1a	19527	Ἥραια	18	Η18	1.000000	30157	Ῥαία	0.800000	0.200000	ηραια	ηραια
136716	Ἡραῖον		meineke_page_328.jpg	328	9880	ocr	OCR from image meineke_page_328.jpg (id=1500)	c3b14ee0b84ebc97b29c44c8463cf1079790d5e7a76ad4a84f132bdee1566510	19528	Ἥραιον	19	Η19	1.000000	20839	Θυραῖον	0.714286	0.285714	ηραιον	ηραιον
136722	Ἡρῶ	5	meineke_page_329.jpg	329	9886	ocr	OCR from image meineke_page_329.jpg (id=1501)	106c301ebb456f001706c9f10bf8e535aca721e49089049853fe823180d0666c	19533	Ἡρώ	24	Η24	1.000000	3547	Κρῶς	0.500000	0.500000	ηρω	ηρω
136723	Ἡσιονία	6	meineke_page_329.jpg	329	9887	ocr	OCR from image meineke_page_329.jpg (id=1501)	ca84231299232cf99dc0887999d38d7842d4beee1c2393b77e652cae10c9a901	19534	Ἠσιονία	25	Η25	1.000000	8960	Μαιονία	0.714286	0.285714	ησιονια	ησιονια
136728	Ἡφαιστοῦ νῆσοι	4	meineke_page_330.jpg	330	9892	ocr	OCR from image meineke_page_330.jpg (id=1502)	9563bf0b95618c5dd22a790cb740ad22a4f1ed7ccad913242e7730e6de875dfb	20774	Ἡφαίστου νῆσοι	30	Η30	1.000000	19537	Ἡφαιστιάδαι	0.538462	0.461538	ηφαιστουνησοι	ηφαιστουνησοι
136729	Θαλάμαι	1	meineke_page_331.jpg	331	9893	ocr	OCR from image meineke_page_331.jpg (id=1503)	8d00ec0622a1328312275efc4d38cb5ddeee1957e18506600c3b83ae1a9acee4	22090	Θαλάμαι	1	Θ1	1.000000	2082	Καλάμαι	0.857143	0.142857	θαλαμαι	θαλαμαι
136730	Θαυμακία		meineke_page_332.jpg	332	9894	ocr	OCR from image meineke_page_332.jpg (id=1504)	d6402231c3d77f5e62a5bf72176875f4c514e7b2ef85648a6dcceea79ccb80b7	20776	Θαυμακία	9	Θ9	1.000000	20777	Θαυμάσιον	0.666667	0.333333	θαυμακια	θαυμακια
136731	Θαυμασίον		meineke_page_332.jpg	332	9895	ocr	OCR from image meineke_page_332.jpg (id=1504)	1f7cf3f8b90e8145944f3bc19332b6d629c38a96f29fe14e55a1e7b6c3f6df5f	20777	Θαυμάσιον	10	Θ10	1.000000	9016	Μαρμάριον	0.666667	0.333333	θαυμασιον	θαυμασιον
136732	Θάψακος		meineke_page_332.jpg	332	9896	ocr	OCR from image meineke_page_332.jpg (id=1504)	850573666a179cf323c88b65e278e7fd9ce0b3decdb0bbc12004efa20e762902	20778	Θάψακος	11	Θ11	1.000000	8030	Λάμψακος	0.750000	0.250000	θαψακοσ	θαψακοσ
136733	Θαψῖπολις		meineke_page_332.jpg	332	9897	ocr	OCR from image meineke_page_332.jpg (id=1504)	eead810d75a4cabb634e9f4252e742294e3f3a9b06248a61d7c345e987852a69	20779	Θαψίπολις	12	Θ12	1.000000	2328	Καλλίπολις	0.700000	0.300000	θαψιπολισ	θαψιπολισ
136734	Θάψος		meineke_page_333.jpg	333	9898	ocr	OCR from image meineke_page_333.jpg (id=1505)	225e018f58b4ecdd59cb02bd224b62e506d150c1fbba0ce98baa9a5db633cbd0	20780	Θάψος	13	Θ13	1.000000	20775	Θάσος	0.800000	0.200000	θαψοσ	θαψοσ
136735	Θέα		meineke_page_333.jpg	333	9899	ocr	OCR from image meineke_page_333.jpg (id=1505)	07512b3a9b9aafe4a6968a24d7dd9a577679ee5e80ae3321c87087aec38e838d	20781	Θέα	14	Θ14	1.000000	121805	Γέα	0.666667	0.333333	θεα	θεα
136736	Θεάγγελα		meineke_page_333.jpg	333	9900	ocr	OCR from image meineke_page_333.jpg (id=1505)	19e6c1a24cd5ca26f404b14559aa6774aeac2597bcc1ac156cd6a76bd3827560	20782	Θεάγγελα	15	Θ15	1.000000	39897	Σουάγγελα	0.666667	0.333333	θεαγγελα	θεαγγελα
136738	Θεισόα		meineke_page_333.jpg	333	9902	ocr	OCR from image meineke_page_333.jpg (id=1505)	fe2e6ec53b253abf8e5b7097ad09df6f7079a373825db1ba94fc7106d3cf0549	20784	Θεισόα	17	Θ17	1.000000	9643	Μεσσόα	0.666667	0.333333	θεισοα	θεισοα
136742	Θεμισσός	1	meineke_page_334.jpg	334	9906	ocr	OCR from image meineke_page_334.jpg (id=1506)	1a7fc5d80b9cafe43f1388c6ed27539b8dbb280d54703fac37c4e8e7fec64bb2	20788	Θεμισσός	21	Θ21	1.000000	46444	Τελμισσός	0.777778	0.222222	θεμισσοσ	θεμισσοσ
136744	Θεναι	3	meineke_page_334.jpg	334	9908	ocr	OCR from image meineke_page_334.jpg (id=1506)	27aa699b436c96f4b157d4d7fbec6ced19ec115357d243cb4c0bd7c4a774a8b5	20790	Θεναί	23	Θ23	1.000000	9619	Μεναί	0.800000	0.200000	θεναι	θεναι
136745	Θευδοσία	4	meineke_page_334.jpg	334	9909	ocr	OCR from image meineke_page_334.jpg (id=1506)	3482f0280d9d1d1e8ccea239dccc2cc09286c6f378eecf6873ce9e84edfa6937	20791	Θευδοσία	24	Θ24	1.000000	18272	Εὔβοια	0.625000	0.375000	θευδοσια	θευδοσια
136747	Θεράπναι	6	meineke_page_334.jpg	334	9911	ocr	OCR from image meineke_page_334.jpg (id=1506)	c216d50dbb0ea1b4b9300c63e211a926eb66c3b3d12273e8bee7819b45a67e91	20793	Θεράπναι	26	Θ26	1.000000	9600	Μελαιναί	0.625000	0.375000	θεραπναι	θεραπναι
136752	Θέρνη		meineke_page_335.jpg	335	9916	ocr	OCR from image meineke_page_335.jpg (id=1507)	90859f941e73a3825d8b1987aee03a4b6358b3584b0c3f71907a959c2851c3bc	20798	Θέρνη	31	Θ31	1.000000	20795	Θέρμη	0.800000	0.200000	θερνη	θερνη
136754	Θέσπεια		meineke_page_335.jpg	335	9918	ocr	OCR from image meineke_page_335.jpg (id=1507)	2e4c2122d33f8a9fb2e83a778885a153b2d16d6f6885fd65b561e045dd0bde40	20800	Θέσπεια	33	Θ33	1.000000	18263	Ἑσπερία	0.714286	0.285714	θεσπεια	θεσπεια
136755	Θεσπρωτία		meineke_page_335.jpg	335	9919	ocr	OCR from image meineke_page_335.jpg (id=1507)	e1d717b5ef2cad339a266d7a1f0db11a888b83b437a2af950cee0930cfa7b76c	20801	Θεσπρωτία	34	Θ34	1.000000	20800	Θέσπεια	0.666667	0.333333	θεσπρωτια	θεσπρωτια
136760	Θέστις		meineke_page_337.jpg	337	9924	ocr	OCR from image meineke_page_337.jpg (id=1509)	0737979c29b71c45dba0b529ea1a398b4765e9a21232827885e9e726958f18de	20806	Θέστις	39	Θ38	1.000000	11098	Νέστος	0.666667	0.333333	θεστισ	θεστισ
136761	Θέστωρος		meineke_page_337.jpg	337	9925	ocr	OCR from image meineke_page_337.jpg (id=1509)	88709802bed76fe8bcb0436c574ca249a69f93bc5eacc8920d4a8ae5f3e10f35	20804	Θέστωρος	37	Θ39	1.000000	7258	Κύτωρος	0.625000	0.375000	θεστωροσ	θεστωροσ
136762	Θήβη		meineke_page_337.jpg	337	9926	ocr	OCR from image meineke_page_337.jpg (id=1509)	03c2143cd3a6379ae93954480e3a4a590c7d9178adf2fe5ec8a8209052cfee3b	20807	Θήβη	40	Θ40	1.000000	20811	Θίσβη	0.600000	0.400000	θηβη	θηβη
136766	Θῆρα		meineke_page_338.jpg	338	9930	ocr	OCR from image meineke_page_338.jpg (id=1510)	9bf04a5471432201a6c3f3346d968f528dbc1ec8eb9dc124dd846d997096b51e	22132	Θήρα	43	Θ43	1.000000	11922	Ξήρα	0.750000	0.250000	θηρα	θηρα
136767	Θιβαΐς	1	meineke_page_339.jpg	339	9931	ocr	OCR from image meineke_page_339.jpg (id=1511)	74cec4e29aee4291d6442257ed6c46ed7f78dda86a00eca48529f61f79c1c642	22134	Θιβαΐς	45	Θ45	1.000000	11882	Νίβις	0.666667	0.333333	θιβαισ	θιβαισ
136768	Θίβρος	2	meineke_page_339.jpg	339	9932	ocr	OCR from image meineke_page_339.jpg (id=1511)	a5d61d448d1cfa175b3a13165a2fa7ccebf017df7b0e272db59d024d25ae1340	22135	Θίβρος	46	Θ46	1.000000	22134	Θιβαΐς	0.666667	0.333333	θιβροσ	θιβροσ
136769	Θίγγη	3	meineke_page_339.jpg	339	9933	ocr	OCR from image meineke_page_339.jpg (id=1511)	2e7825dbe601d8103dceaf0872a4595271826c1185e76457dc2c803833e8867c	20809	Θίγγη	47	Θ47	1.000000	20822	Θρίγκη	0.666667	0.333333	θιγγη	θιγγη
136770	Θίς	4	meineke_page_339.jpg	339	9934	ocr	OCR from image meineke_page_339.jpg (id=1511)	77dbb8e6cd0acb32e84f8327c1a1a6328b20ec3996c05985c9c60930835de8d4	20810	Θίς	48	Θ48	1.000000	23647	Ἴς	0.666667	0.333333	θισ	θισ
136776	Θυάτειρα	1	meineke_page_344.jpg	344	9940	ocr	OCR from image meineke_page_344.jpg (id=1516)	9280e8d354d3ac9dbf4b4a466a764a13cac467c290b6cb17c6b2ca8c8885ef64	20828	Θυάτειρα	66	Θ66	1.000000	28367	Πλατεῖα	0.625000	0.375000	θυατειρα	θυατειρα
136777	Θυέλα	2	meineke_page_344.jpg	344	9941	ocr	OCR from image meineke_page_344.jpg (id=1516)	c66df3f1bd2ed2d11be0c8dbe05e1b463f0e8e04f6d5a4b77f3366ea294363f7	20829	Θυέλα	67	Θ67	1.000000	7261	Κύψελα	0.666667	0.333333	θυελα	θυελα
136778	Θυεσσός	3	meineke_page_344.jpg	344	9942	ocr	OCR from image meineke_page_344.jpg (id=1516)	b1b1ad9221b164792c992489c1c3ce237c9c9c81c24bc0adc1c31a3f08bb0d60	20830	Θυεσσός	68	Θ68	1.000000	42012	Συασσός	0.714286	0.285714	θυεσσοσ	θυεσσοσ
136779	Θυμαϊτάδαι	4	meineke_page_344.jpg	344	9943	ocr	OCR from image meineke_page_344.jpg (id=1516)	57c461bb6fc4851ac7812e3fa38b1f4d00ab731077c4f89fa9e87dab19e4f814	20831	Θυμαιτάδαι	69	Θ69	1.000000	3556	Κυδαντίδαι	0.600000	0.400000	θυμαιταδαι	θυμαιταδαι
136780	Θύμβρα	5	meineke_page_344.jpg	344	9944	ocr	OCR from image meineke_page_344.jpg (id=1516)	fe5304d5967c8e1f9cbcc95ac9a9b6199338e28981bb02996adb78cb43280f24	20832	Θύμβρα	70	Θ70	1.000000	61133	Ἄθυμβρα	0.857143	0.142857	θυμβρα	θυμβρα
136781	Θύμβραρα	6	meineke_page_344.jpg	344	9945	ocr	OCR from image meineke_page_344.jpg (id=1516)	7b68b9e4d6a3313fbac5f98af8294ca25cd3baa76276b5e87f128a2de1e877a9	20833	Θύμβραρα	71	Θ71	1.000000	20832	Θύμβρα	0.750000	0.250000	θυμβραρα	θυμβραρα
136786	Ἰαζαβᾶται		meineke_page_346.jpg	346	9950	ocr	OCR from image meineke_page_346.jpg (id=1518)	51c508bad25d0c0eda3d78890495384f2f183884c3a1d891902b35e6c9910346	20847	Ἰαζαβάται	3	Ι3	1.000000	23623	Ἰξιβάται	0.666667	0.333333	ιαζαβαται	ιαζαβαται
136795	Ἰάποδες	3	meineke_page_347.jpg	347	9959	ocr	OCR from image meineke_page_347.jpg (id=1519)	475609b770f99cee07bdfd76344c2b0c4b0c618963293b8466f25926e1cb6e8a	22183	Ἰάποδες	12	Ι12	1.000000	39853	Σκιάποδες	0.777778	0.222222	ιαποδεσ	ιαποδεσ
136796	Ἰαπυγία	4	meineke_page_347.jpg	347	9960	ocr	OCR from image meineke_page_347.jpg (id=1519)	473967830b2ee20633a35da154cf6b9a7427b35fefec6a407cfea9fc97d3501b	22184	Ἰαπυγία	13	Ι13	1.000000	2472	Καπύα	0.571429	0.428571	ιαπυγια	ιαπυγια
136798	Ἴας	6	meineke_page_347.jpg	347	9962	ocr	OCR from image meineke_page_347.jpg (id=1519)	dcb2c8c3eb5c349e3adfe745e847bc127de469dd925d482fb3480c5a4fd52866	22186	Ἰάς	15	Ι15	1.000000	14822	Διάς	0.750000	0.250000	ιασ	ιασ
136805	Ἰβύλλα	1	meineke_page_351.jpg	351	9969	ocr	OCR from image meineke_page_351.jpg (id=1523)	df8ad0491fbbd875a01ec1efba6533887a7da26b0a77cbc3e232182029054376	22191	Ἴβυλλα	20	Ι20	1.000000	61059	Ἄβολλα	0.666667	0.333333	ιβυλλα	ιβυλλα
136808	Ἰδάλιον	4	meineke_page_351.jpg	351	9972	ocr	OCR from image meineke_page_351.jpg (id=1523)	489d68b6e44177ff7b2a8e15ef63f96826344bc8a4f4595b5c5d6e69e2f5cd58	22194	Ἰδάλιον	23	Ι23	1.000000	10283	Μιδάειον	0.750000	0.250000	ιδαλιον	ιδαλιον
136810	Ἰδομεναί	6	meineke_page_351.jpg	351	9974	ocr	OCR from image meineke_page_351.jpg (id=1523)	ece09bce327b9a49d2bb1a173854a3484ac34ea62467c6365807d475feb1598e	22196	Ἰδομεναί	25	Ι25	1.000000	10297	Μισγομεναί	0.700000	0.300000	ιδομεναι	ιδομεναι
136821	Ἱέρασα	3	meineke_page_353.jpg	353	9985	ocr	OCR from image meineke_page_353.jpg (id=1525)	b9499b7417333da03f12f8ecdf3595ba27c1939661d376077c3f89a1ef785ae2	22204	Ἰέρασα	34	Ι35	1.000000	23645	Ἴρασα	0.833333	0.166667	ιερασα	ιερασα
136822	Ἱεραφῆ	4	meineke_page_353.jpg	353	9986	ocr	OCR from image meineke_page_353.jpg (id=1525)	15da164e7a921783bb0330724bfcdfb1fe1ef57e12cd2b261bbd78e9015168eb	22206	Ἱεράφη	36	Ι36	1.000000	22204	Ἰέρασα	0.666667	0.333333	ιεραφη	ιεραφη
136825	Ἱερός κόλπος	7	meineke_page_353.jpg	353	9989	ocr	OCR from image meineke_page_353.jpg (id=1525)	8bad6dd1dab10afe641ba15de1d6dbd6488e00e5b2e9473a70534ce33ae0c819	22209	Ἱερὸς κόλπος	39	Ι39	1.000000	22210	Ἱεροσόλυμα	0.636364	0.363636	ιεροσκολποσ	ιεροσκολποσ
136826	Ἱεροσόλυμα	8	meineke_page_353.jpg	353	9990	ocr	OCR from image meineke_page_353.jpg (id=1525)	08cfe0d44101758175d5b829355cc4d36c62976da6a7b434640dba5cbc0e19f2	22210	Ἱεροσόλυμα	40	Ι40	1.000000	22209	Ἱερὸς κόλπος	0.636364	0.363636	ιεροσολυμα	ιεροσολυμα
136827	Ἰθάκη	9	meineke_page_353.jpg	353	15896	ocr	OCR from image meineke_page_353.jpg (id=1525)	7ed5d8f94863dd3c247578fa19696b313d7352831a66dca1d9e94ead9ab12cb1	22212	Ἰθάκη	42	Ι42	1.000000	37820	Σιδάκη	0.666667	0.333333	ιθακη	ιθακη
136828	Ἰθώμη		meineke_page_354.jpg	354	9992	ocr	OCR from image meineke_page_354.jpg (id=1526)	a1706c37da0aff3a8aa2c72030583185b27f66702dabd613579dbaeef01a27c3	22213	Ἰθώμη	43	Ι43	1.000000	7266	Κώμη	0.600000	0.400000	ιθωμη	ιθωμη
136829	Ἰκαρία		meineke_page_354.jpg	354	9993	ocr	OCR from image meineke_page_354.jpg (id=1526)	986636546054d45199dfaae6198de164a212bf5d0c5f798f7cb162be6b33c201	22214	Ἰκαρία	44	Ι44	1.000000	2484	Καρία	0.833333	0.166667	ικαρια	ικαρια
136831	Ἰκόνιον		meineke_page_354.jpg	354	9995	ocr	OCR from image meineke_page_354.jpg (id=1526)	6218064f5f217d661632882a22fecfe3f98f27d8cdf83f92e938bc55d53823eb	22216	Ἰκόνιον	46	Ι46	1.000000	61213	Ἀκόντιον	0.750000	0.250000	ικονιον	ικονιον
136834	Ἴλαττία		meineke_page_355.jpg	355	9998	ocr	OCR from image meineke_page_355.jpg (id=1527)	00ea127ff5d4facf7f6e5f14606a053cab161b870fc8318fb908799b74b983aa	22220	Ἰλαττία	50	Ι50	1.000000	20850	Ἰαιτία	0.714286	0.285714	ιλαττια	ιλαττια
136837	'Ιναχία		meineke_page_356.jpg	356	10002	ocr	OCR from image meineke_page_356.jpg (id=1528)	3670e1a906310a6a1ad8e11844019d56327459bc6246bd0293b0202bf75c6a88	22231	Ἰναχία	61	Ι61	1.000000	11069	Ναξία	0.666667	0.333333	ιναχια	ιναχια
136847	Ἰνδικὴ		meineke_page_357.jpg	357	10005	ocr	OCR from image meineke_page_357.jpg (id=1529)	b427655048b15155c9734f467c2b3c7b6442504c541716319e515bbf7fc4d729	22233	Ἰνδική	63	Ι63	1.000000	48695	Τίνδιον	0.571429	0.428571	ινδικη	ινδικη
136848	Ἰνδός		meineke_page_357.jpg	357	10006	ocr	OCR from image meineke_page_357.jpg (id=1529)	2bad05c64cc0e4f627d163089b357de1579f841c70f45484f8b661ad840bfdc4	22234	Ἰνδός	64	Ι64	1.000000	8895	Λίνδος	0.833333	0.166667	ινδοσ	ινδοσ
136851	Ἰνσόβροι		meineke_page_357.jpg	357	10009	ocr	OCR from image meineke_page_357.jpg (id=1529)	c83f0ad340e50a47f8c6bb8cabc4ca5ed8181800d28127de0ce245d9b8d2f782	23619	Ἴνσοβροι	67	Ι67	1.000000	23618	Ἰνσόβαρες	0.666667	0.333333	ινσοβροι	ινσοβροι
136853	'Ιξιαι		meineke_page_358.jpg	358	10011	ocr	OCR from image meineke_page_358.jpg (id=1530)	0b592434a01ad748e0cced79d4a78cd910d4a50ce853ea8e511a5f2ed1e87c3d	23621	Ἰξίαι	69	Ι69	1.000000	23622	Ἰξιάς	0.800000	0.200000	ιξιαι	ιξιαι
136854	'Ιξιας		meineke_page_358.jpg	358	10012	ocr	OCR from image meineke_page_358.jpg (id=1530)	70ebe1eb639dd7c79b5cc7c01212deefc683505f1e48f4250178512b871f44a6	23622	Ἰξιάς	70	Ι70	1.000000	23621	Ἰξίαι	0.800000	0.200000	ιξιασ	ιξιασ
136855	'Ιξιβαται		meineke_page_358.jpg	358	10013	ocr	OCR from image meineke_page_358.jpg (id=1530)	e2e80c96ad8a6d5170ba1b6f0eb8b4dda3edfdd838fd42b7395ef78b76fc9e00	23623	Ἰξιβάται	71	Ι71	1.000000	20847	Ἰαζαβάται	0.666667	0.333333	ιξιβαται	ιξιβαται
136856	'Ιονιον πελαγος		meineke_page_358.jpg	358	10014	ocr	OCR from image meineke_page_358.jpg (id=1530)	86936fc7fdb79682ad3c7a4bda1c7026fb9138f881898d752b5abcca1e4f2d0b	23625	Ἰόνιον πέλαγος	73	Ι72	1.000000	61143	Αἰγαῖον πέλαγος	0.785714	0.214286	ιονιονπελαγοσ	ιονιονπελαγοσ
136860	Ἰουλεις		meineke_page_360.jpg	360	10018	ocr	OCR from image meineke_page_360.jpg (id=1532)	bbb41542aa64fa7ea9584f9fc1846468a5a81680d5b05e1b754eed2a5a15e0e4	23630	Ἰουλεῖς	78	Ι78	1.000000	23631	Ἰουλίς	0.857143	0.142857	ιουλεισ	ιουλεισ
136861	Ἰουλίς		meineke_page_360.jpg	360	10019	ocr	OCR from image meineke_page_360.jpg (id=1532)	d203bbac36ea4056852881cf6b57fb8f90860bd2b041e4b1f5eaa737f110398b	23631	Ἰουλίς	79	Ι79	1.000000	23630	Ἰουλεῖς	0.857143	0.142857	ιουλισ	ιουλισ
136864	Ἴπνους		meineke_page_360.jpg	360	10022	ocr	OCR from image meineke_page_360.jpg (id=1532)	b37ad78522c6bbe2ba4ff6b3fa7b0ae2ed6fd1c61e710487fbeb8f6cf74b78ad	23634	Ἰπνοῦς	82	Ι82	1.000000	23633	Ἴπνος	0.833333	0.166667	ιπνουσ	ιπνουσ
136865	Ἱππόλα		meineke_page_361.jpg	361	10023	ocr	OCR from image meineke_page_361.jpg (id=1533)	4b57ac155522af1dc897338f040832893323583d6a8674dbc4365f1e0b4c4ee1	23635	Ἱππόλα	83	Ι83	1.000000	23637	Ἵππος	0.666667	0.333333	ιππολα	ιππολα
136866	Ἱππόνησος		meineke_page_361.jpg	361	10024	ocr	OCR from image meineke_page_361.jpg (id=1533)	1b1ff69a715afe19ed0babd428306d7b3f5c63768a938219fd028a641e4365d0	23636	Ἱππόνησος	84	Ι84	1.000000	13845	Δημόνησος	0.666667	0.333333	ιππονησοσ	ιππονησοσ
136872	Ἵππων		meineke_page_361.jpg	361	10030	ocr	OCR from image meineke_page_361.jpg (id=1533)	80546f89ca38e4440256b7211b83cc5413b46978886953e37670231de0db4b06	23642	Ἱππών	90	Ι90	1.000000	23643	Ἱππώνιον	0.625000	0.375000	ιππων	ιππων
136874	Ἱρά		meineke_page_362.jpg	362	10032	ocr	OCR from image meineke_page_362.jpg (id=1534)	5c2f2957ee7d40f87451ff194c85d6ec4dceae87d8560dceb09960e0b10178eb	23644	Ἰρά	92	Ι92	1.000000	22228	Ἱμέρα	0.600000	0.400000	ιρα	ιρα
136876	Ἱρος		meineke_page_362.jpg	362	10034	ocr	OCR from image meineke_page_362.jpg (id=1534)	ab054594a5c505cb9fcc0e05538df754d697b4cedb8bae120b94bf6c1146de7f	23646	Ἶρος	94	Ι94	1.000000	22217	Ἴκος	0.750000	0.250000	ιροσ	ιροσ
136882	Ἰσσηδόνες	3	meineke_page_364.jpg	364	10040	ocr	OCR from image meineke_page_364.jpg (id=1536)	ed191e8239c3b0d2e402a8f3f215456206804e0a1e83d1e5fd442797f81a52b9	23659	Ἰσσηδόνες	107	Ι107	1.000000	9007	Μαρδόνες	0.555556	0.444444	ισσηδονεσ	ισσηδονεσ
136883	Ἰσσός	1	meineke_page_365.jpg	365	10041	ocr	OCR from image meineke_page_365.jpg (id=1537)	8ac3bdd4f78f65011b896bcf31f523babcc16241500d6cc6a8beec712c498729	23660	Ἰσσός	108	Ι108	1.000000	8901	Λίσσος	0.833333	0.166667	ισσοσ	ισσοσ
136884	Ἰστιαι̂α	2	meineke_page_365.jpg	365	10042	ocr	OCR from image meineke_page_365.jpg (id=1537)	e8666411f15789b7e9f02b7156432cc9a8e75c41d6d944f5905e875af2a5ad6a	23662	Ἰστίαια	110	Ι110	1.000000	18265	Ἑστίαια	0.857143	0.142857	ιστιαια	ιστιαια
136886	Ἰστρία	4	meineke_page_365.jpg	365	10044	ocr	OCR from image meineke_page_365.jpg (id=1537)	d56219aac90827b8ee0745af5e1e75c339fb20405d7f0eb1aac53a9fda8bccd5	23664	Ἰστρία	112	Ι112	1.000000	23665	Ἰστριανά	0.750000	0.250000	ιστρια	ιστρια
136887	Ἰστριανά	5	meineke_page_365.jpg	365	10045	ocr	OCR from image meineke_page_365.jpg (id=1537)	1828254344b49b1f379f1ea8a4d86cb6df37a38bc9651096a3e5342905f6c55a	23665	Ἰστριανά	113	Ι113	1.000000	23662	Ἰστίαια	0.750000	0.250000	ιστριανα	ιστριανα
136891	Ἰταλία	3	meineke_page_366.jpg	366	10049	ocr	OCR from image meineke_page_366.jpg (id=1538)	d41b088a41871de290dfdfae1ba58f2d6154edd35c01408c3ae41ccff7528fd8	23669	Ἰταλία	117	Ι117	1.000000	12811	Οἰχαλία	0.714286	0.285714	ιταλια	ιταλια
136892	Ἴτανος	4	meineke_page_366.jpg	366	10050	ocr	OCR from image meineke_page_366.jpg (id=1538)	cd5315df521fb41bee8ea60ef54b3268fc87f4cce03f0692e007234b8d529883	23670	Ἰτανός	118	Ι118	1.000000	44225	Τάνος	0.833333	0.166667	ιτανοσ	ιτανοσ
136898	Ἱψίκουροι		meineke_page_368.jpg	368	10056	ocr	OCR from image meineke_page_368.jpg (id=1540)	d9f6cab1393c0c49829a965990eb2d367fb9fb2976fae4540751b4d98dedd0c0	23676	Ἰψίκουροι	124	Ι124	1.000000	3502	Κούριοι	0.555556	0.444444	ιψικουροι	ιψικουροι
136905	Καβαλίς		meineke_page_369.jpg	369	10063	ocr	OCR from image meineke_page_369.jpg (id=1541)	716fd6eea049152e42eec505c2f6e3c9ada604e43aacfde56703136a77ee432c	2054	Καβαλίς	1	Κ1	1.000000	2476	Καρβανίς	0.750000	0.250000	καβαλισ	καβαλισ
136906	Καβασσός		meineke_page_369.jpg	369	10064	ocr	OCR from image meineke_page_369.jpg (id=1541)	24c56cd48870cd29c104f5e5ead040a7bb2b9cbe3ddf9d62e03a5be1790ca9c4	2055	Καβασσός	2	Κ2	1.000000	3552	Κυβασσός	0.875000	0.125000	καβασσοσ	καβασσοσ
136909	Καβελλίων		meineke_page_370.jpg	370	10067	ocr	OCR from image meineke_page_370.jpg (id=1542)	a4f05d4f94dc97f0472ab6957279962ef3bf358b2b9a28c89142290b4a4da2a2	2057	Καβελλιών	4	Κ4	1.000000	2468	Καπετώλιον	0.600000	0.400000	καβελλιων	καβελλιων
136910	Καβύλη	1	meineke_page_371.jpg	371	10068	ocr	OCR from image meineke_page_371.jpg (id=1543)	e9471cc3e66f78c8ec7537545901a9045045f7cb0d11f880a354c396aab8813a	2058	Καβύλη	5	Κ5	1.000000	105820	Βαβύλη	0.833333	0.166667	καβυλη	καβυλη
136911	Καδμεία	2	meineke_page_371.jpg	371	10069	ocr	OCR from image meineke_page_371.jpg (id=1543)	a0c043c6e5ea3bc5685517b5f8da1763d1dad73f35bafd4ce0171800c6674610	2059	Καδμεία	6	Κ6	1.000000	61196	Ἀκαδήμεια	0.777778	0.222222	καδμεια	καδμεια
136912	Κάδοι	3	meineke_page_371.jpg	371	10070	ocr	OCR from image meineke_page_371.jpg (id=1543)	b5540774b01fc063907f21ca5f590593b9b2c6f1f13c852f526f1e1c0f28f3c7	2060	Κάδοι	7	Κ7	1.000000	2076	Καινοί	0.666667	0.333333	καδοι	καδοι
136913	Καδοῦσιοι	4	meineke_page_371.jpg	371	10071	ocr	OCR from image meineke_page_371.jpg (id=1543)	d744d9c9106c11156b4c44a6722445d9219b8f6256861f726347884c6c633e43	2061	Καδούσιοι	8	Κ8	1.000000	61166	Αἰδούσιοι	0.777778	0.222222	καδουσιοι	καδουσιοι
136917	Καινίνη	8	meineke_page_371.jpg	371	10075	ocr	OCR from image meineke_page_371.jpg (id=1543)	c48710a444f7c0d367b7cf67bd75575eef0efa64b768d6e2f930d3435520366d	2075	Καινίνη	12	Κ12	1.000000	2074	Καικῖνον	0.625000	0.375000	καινινη	καινινη
136919	Καινῦς	10	meineke_page_371.jpg	371	10077	ocr	OCR from image meineke_page_371.jpg (id=1543)	c5380ddb80231585d7849822a137566d4b41b821c21af512c985650c7e0b1b27	2078	Καινύς	15	Κ14	1.000000	2076	Καινοί	0.666667	0.333333	καινυσ	καινυσ
136922	Καισάρεια		meineke_page_372.jpg	372	10080	ocr	OCR from image meineke_page_372.jpg (id=1544)	b0001e3275c31baf8b45a6c058fe94612b414ba134de13fa555c83459ef36151	2079	Καισάρεια	16	Κ16	1.000000	11094	Νεοκαισάρεια	0.750000	0.250000	καισαρεια	καισαρεια
136924	Καλάθη		meineke_page_372.jpg	372	10082	ocr	OCR from image meineke_page_372.jpg (id=1544)	18f78d090b1048b647bae4e57095d7eae8a253a2aed3bfd8c099c4755ba2149c	2081	Καλάθη	18	Κ18	1.000000	2083	Καλαμένθη	0.666667	0.333333	καλαθη	καλαθη
136925	Καλάμαι		meineke_page_372.jpg	372	10083	ocr	OCR from image meineke_page_372.jpg (id=1544)	a240e89d87a499f1abe021d79f9c84c59b77b513d7743a58d611c9bab8fbc0b4	2082	Καλάμαι	19	Κ19	1.000000	22090	Θαλάμαι	0.857143	0.142857	καλαμαι	καλαμαι
136929	Καλατιαί		meineke_page_372.jpg	372	10087	ocr	OCR from image meineke_page_372.jpg (id=1544)	75d8d83fa5321b068065cc7169f61b3c23d398f0ee5afd9dd57b3e97dd680336	2086	Καλατίαι	23	Κ23	1.000000	2082	Καλάμαι	0.750000	0.250000	καλατιαι	καλατιαι
136930	Καλαυρέια		meineke_page_372.jpg	372	10088	ocr	OCR from image meineke_page_372.jpg (id=1544)	debc8d714cae2bc54e2030439be893bb5da61bdbe587bfa8999896ff1e40db3f	2087	Καλαύρεια	24	Κ24	1.000000	2080	Καλαβρία	0.777778	0.222222	καλαυρεια	καλαυρεια
136931	Κάλβιος	1	meineke_page_373.jpg	373	10089	ocr	OCR from image meineke_page_373.jpg (id=1545)	1df6129895d7e3a52906806054981fb55432ca75019b604103dc63c31bf1c74b	2114	Κάλβιος	25	Κ25	1.000000	2116	Κάληρος	0.714286	0.285714	καλβιοσ	καλβιοσ
136933	Κάληρος	3	meineke_page_373.jpg	373	10091	ocr	OCR from image meineke_page_373.jpg (id=1545)	280c3c4ae2484185aa0d26eb0b171f6b22a26c1af6ae1309eadbe2d6a5306945	2116	Κάληρος	27	Κ27	1.000000	2114	Κάλβιος	0.714286	0.285714	καληροσ	καληροσ
136934	Καλήσια	4	meineke_page_373.jpg	373	10092	ocr	OCR from image meineke_page_373.jpg (id=1545)	69d1edcb598019c52fabbc578beeda1644607b2840fd4e593d564258325ad26f	2117	Καλησία	28	Κ28	1.000000	128478	Χαλισία	0.714286	0.285714	καλησια	καλησια
136935	Καλλάτηβος	5	meineke_page_373.jpg	373	10093	ocr	OCR from image meineke_page_373.jpg (id=1545)	c781f29dcc0e41ceebd8917a64022fc87b4721450b7feef5dc6fe0e8506c74e7	2118	Καλλάτηβος	29	Κ29	1.000000	2119	Καλλάτις	0.700000	0.300000	καλλατηβοσ	καλλατηβοσ
136940	Καλλιόπη	4	meineke_page_374.jpg	374	10098	ocr	OCR from image meineke_page_374.jpg (id=1546)	bc378bd325fea8feb60b091ef75ceea782a45267eade2576c44975d769e79547	2327	Καλλιόπη	33	Κ33	1.000000	2114	Κάλβιος	0.625000	0.375000	καλλιοπη	καλλιοπη
136941	Καλλίπολις	5	meineke_page_374.jpg	374	10099	ocr	OCR from image meineke_page_374.jpg (id=1546)	1123b8abdbbbfccdbc2b7bc27ebb8b2504af847c1d31c4b75d83f924e9f48f73	2328	Καλλίπολις	34	Κ34	1.000000	2495	Καρόπολις	0.700000	0.300000	καλλιπολισ	καλλιπολισ
136942	Κάλπη	6	meineke_page_374.jpg	374	10100	ocr	OCR from image meineke_page_374.jpg (id=1546)	f8503201522ab66ef7cb3775dcadd0091c22628f1529256be1d4effbeb5a7a75	2329	Κάλπη	35	Κ35	1.000000	2081	Καλάθη	0.666667	0.333333	καλπη	καλπη
136944	Κάλυδνα		meineke_page_375.jpg	375	10102	ocr	OCR from image meineke_page_375.jpg (id=1547)	765125f10877b7dd2b89907c12fd107d131ef6bfa39d85824de0837ff0969bbf	2331	Κάλυδνα	37	Κ37	1.000000	2333	Κάλυμνα	0.857143	0.142857	καλυδνα	καλυδνα
136945	Κάλυμνα		meineke_page_375.jpg	375	10103	ocr	OCR from image meineke_page_375.jpg (id=1547)	d76882197777fff8715c674070224e570e409b16841c4d2dcca7fcd3a74b4918	2333	Κάλυμνα	39	Κ39	1.000000	2331	Κάλυδνα	0.857143	0.142857	καλυμνα	καλυμνα
136946	Κάλυνδα		meineke_page_375.jpg	375	10104	ocr	OCR from image meineke_page_375.jpg (id=1547)	b97e0a1dcd1f836457edda40be3149007992c9fa867b530c67164ee3f9507d67	2334	Κάλυνδα	40	Κ40	1.000000	2602	Καρύανδα	0.750000	0.250000	καλυνδα	καλυνδα
136947	Κάλυτις		meineke_page_375.jpg	375	10105	ocr	OCR from image meineke_page_375.jpg (id=1547)	fd7db180e336bf98743de6f7f6e094be2793ec99403596ac0eff9b6a9957e02f	2335	Κάλυτις	41	Κ41	1.000000	2464	Κάνυτις	0.857143	0.142857	καλυτισ	καλυτισ
136948	Καμάρα	1	meineke_page_376.jpg	376	10106	ocr	OCR from image meineke_page_376.jpg (id=1548)	a761e8b18b7d8d22a0d92c7dcfb8634af34a442e8a84332acf8832261c568887	2336	Καμάρα	42	Κ42	1.000000	2338	Καμαρία	0.857143	0.142857	καμαρα	καμαρα
136949	Καμαρηνοί	2	meineke_page_376.jpg	376	10107	ocr	OCR from image meineke_page_376.jpg (id=1548)	a51cd779de51a21a316bc3252dc9023606aa5672a683053cf24abffd23980152	2337	Καμαρηνοί	43	Κ43	1.000000	13818	Δαχαρηνοί	0.777778	0.222222	καμαρηνοι	καμαρηνοι
136951	Καμάρινα	4	meineke_page_376.jpg	376	10109	ocr	OCR from image meineke_page_376.jpg (id=1548)	c7f0606c47bed7f555439660d185eb97a1c8461ede01f9c9f433cb35b57d0a7e	2339	Καμάρινα	45	Κ45	1.000000	2338	Καμαρία	0.875000	0.125000	καμαρινα	καμαρινα
136953	Καμικός	6	meineke_page_376.jpg	376	10111	ocr	OCR from image meineke_page_376.jpg (id=1548)	15b5a77f855470fee33c5fe080d3ba000d26c53f35f4726818bd8735569a6a65	2341	Καμικός	47	Κ47	1.000000	2342	Κάμιρος	0.857143	0.142857	καμικοσ	καμικοσ
136956	Κάμπος		meineke_page_377.jpg	377	10114	ocr	OCR from image meineke_page_377.jpg (id=1549)	82759f6d85d5491fc7673dcb8dc52dbc2c20acc6b05e7264a2a4331a32ebc040	2344	Κάμπος	50	Κ50	1.000000	2341	Καμικός	0.714286	0.285714	καμποσ	καμποσ
136958	Κάναι		meineke_page_377.jpg	377	10116	ocr	OCR from image meineke_page_377.jpg (id=1549)	1b73892c1e78d23023928c13af2eb9ad3c25a9c5c4c5f160c82d60915e19dd28	2346	Κάναι	52	Κ52	1.000000	2467	Κάπαι	0.800000	0.200000	καναι	καναι
136962	Κάνδαρα		meineke_page_379.jpg	379	10120	ocr	OCR from image meineke_page_379.jpg (id=1551)	4154c39c4ce8c6f751495a51fc5d306e4e4025c167572cdd256e6ddf29475934	2457	Κάνδαρα	55	Κ55	1.000000	2456	Κάνδασα	0.857143	0.142857	κανδαρα	κανδαρα
136963	Κανδύβα		meineke_page_379.jpg	379	10121	ocr	OCR from image meineke_page_379.jpg (id=1551)	e1fbc8512f152ef8122fe7a40a1a3a5fa3ba64d59898eeb442f41d8bcc227166	2458	Κάνδυβα	56	Κ56	1.000000	2456	Κάνδασα	0.714286	0.285714	κανδυβα	κανδυβα
136976	Καππαδοκία		meineke_page_381.jpg	381	10134	ocr	OCR from image meineke_page_381.jpg (id=1553)	b94cfabd4eb04ad798f80c09b299736c77e3e96bb24b79016e457a5e2d69ace3	2470	Καππαδοκία	68	Κ68	1.000000	2597	Καρπασία	0.600000	0.400000	καππαδοκια	καππαδοκια
136981	Κάρανα	5	meineke_page_382.jpg	382	10139	ocr	OCR from image meineke_page_382.jpg (id=1554)	cef0ccc17f1b895dcd21938d1c85e4922b17f9d78b874de7c4755a6fb69f0b2b	2475	Κάρανα	73	Κ73	1.000000	2491	Κάρνανα	0.857143	0.142857	καρανα	καρανα
136982	Καῤβανίς	6	meineke_page_382.jpg	382	10140	ocr	OCR from image meineke_page_382.jpg (id=1554)	4f57c9ab099516620cd85ca7c57a4b854415eabb85af21df2ee5a833eb402e6e	2476	Καρβανίς	74	Κ74	1.000000	2054	Καβαλίς	0.750000	0.250000	καρβανισ	καρβανισ
136987	Καρόπολις	1	meineke_page_386.jpg	386	10145	ocr	OCR from image meineke_page_386.jpg (id=1558)	3a70124f990e196702395099017e7eb8cec0a6dac58509c35a21d4446292bfd1	2495	Καρόπολις	93	Κ93	1.000000	3504	Κουρόπολις	0.800000	0.200000	καροπολισ	καροπολισ
136991	Κάσιον		meineke_page_388.jpg	388	10149	ocr	OCR from image meineke_page_388.jpg (id=1560)	423447a7236fa42a9863416ba9c129328e1de882b78fdec93d5939386350fff7	2605	Κάσιον	105	Κ105	1.000000	9026	Μάσιον	0.833333	0.166667	κασιον	κασιον
136992	Κασμένη		meineke_page_389.jpg	389	10150	ocr	OCR from image meineke_page_389.jpg (id=1561)	2770245962cf2fb22098c278b05e6850f7d68389b07ef55dfb58f73e104c7147	2606	Κασμένη	106	Κ106	1.000000	3549	Κτιμένη	0.714286	0.285714	κασμενη	κασμενη
136993	Κάσος		meineke_page_389.jpg	389	10151	ocr	OCR from image meineke_page_389.jpg (id=1561)	ceb70c34eee5719d38bea61bfef1e4a3362ab38d715338dbe83b16924410bc05	2607	Κάσος	107	Κ107	1.000000	20775	Θάσος	0.800000	0.200000	κασοσ	κασοσ
136995	Κάσπειρος		meineke_page_389.jpg	389	10153	ocr	OCR from image meineke_page_389.jpg (id=1561)	47802c34e07cddc8682f0e65ff32e46d7ce6d2ea2289bc6ba6641111cbac0128	2609	Κάσπειρος	109	Κ109	1.000000	2608	Κασπάπυρος	0.700000	0.300000	κασπειροσ	κασπειροσ
136999	Καστάβαλα	2	meineke_page_391.jpg	391	10157	ocr	OCR from image meineke_page_391.jpg (id=1563)	e00e1794f75ee4c4d5fe009055d9c53817ff3d5d0c9505e1fcd0aaf882f70598	2616	Καστάβαλα	116	Κ116	1.000000	2619	Κασταναία	0.777778	0.222222	κασταβαλα	κασταβαλα
137000	Κασταλία	3	meineke_page_391.jpg	391	10158	ocr	OCR from image meineke_page_391.jpg (id=1563)	61b01d26a5f7834091171b93c9272365c9c2feef55d26a59f0f8e5e6039f6513	2617	Κασταλία	117	Κ117	1.000000	2619	Κασταναία	0.777778	0.222222	κασταλια	κασταλια
137003	Κασταξ	6	meineke_page_391.jpg	391	10161	ocr	OCR from image meineke_page_391.jpg (id=1563)	f4b8ee3fe00ebcc671727f3ab22028a62b244622923325821a70120399dd67dc	2620	Κάσταξ	120	Κ120	1.000000	102770	Ἀσταί	0.666667	0.333333	κασταξ	κασταξ
137027	Καφηρεύς		meineke_page_395.jpg	395	10185	ocr	OCR from image meineke_page_395.jpg (id=1567)	9234481b445bdb7419a8635ff238230aebb84272a203b282c46de6debc954d45	3086	Καφηρεύς	141	Κ141	1.000000	2116	Κάληρος	0.625000	0.375000	καφηρευσ	καφηρευσ
137028	Κάφυαι		meineke_page_395.jpg	395	10186	ocr	OCR from image meineke_page_395.jpg (id=1567)	e60e718d54c3b8bcf82f6bb42b83ae934b5688f0281ff1024f690ad8bca064fe	3087	Καφύαι	142	Κ142	1.000000	2346	Κάναι	0.666667	0.333333	καφυαι	καφυαι
137029	Κάψα		meineke_page_395.jpg	395	10187	ocr	OCR from image meineke_page_395.jpg (id=1567)	dc3d9d1e99e3bcf32f75f4fc8f97362fae90023556d4b6337b17741d49d96fa9	3088	Κάψα	143	Κ143	1.000000	2346	Κάναι	0.600000	0.400000	καψα	καψα
137031	Κεβρηνία		meineke_page_396.jpg	396	10189	ocr	OCR from image meineke_page_396.jpg (id=1568)	7bd9ce923760c19412695427bb8c41c7a72a61bfbf82b67140f25e79240b7822	3090	Κεβρηνία	145	Κ145	1.000000	121824	Γερηνία	0.750000	0.250000	κεβρηνια	κεβρηνια
137033	Κεκρυφάλεια		meineke_page_397.jpg	397	10191	ocr	OCR from image meineke_page_397.jpg (id=1569)	65a976ad3e177b5fc33c116e138ff631c8d628f85e8cb188d27fdaf1f21030ee	3258	Κεκρυφάλεια	151	Κ151	1.000000	3283	Κορύδαλλα	0.545455	0.454545	κεκρυφαλεια	κεκρυφαλεια
137035	Κέλαιθοι		meineke_page_397.jpg	397	10193	ocr	OCR from image meineke_page_397.jpg (id=1569)	9b5408b8a3f4e7ea9c1091b720977d5e5e3a15e976ef46819b4a545f5b879ea2	3260	Κέλαιθοι	153	Κ153	1.000000	3261	Κελαίθρα	0.750000	0.250000	κελαιθοι	κελαιθοι
137036	Κέλαιθρα		meineke_page_397.jpg	397	10194	ocr	OCR from image meineke_page_397.jpg (id=1569)	0a869014842d8005bdb887412eb0b5972d31d990c2bff3628395f3d8c6d7c54e	3261	Κελαίθρα	154	Κ154	1.000000	3260	Κέλαιθοι	0.750000	0.250000	κελαιθρα	κελαιθρα
137046	Κόρινθος	6	meineke_page_398.jpg	398	10204	ocr	OCR from image meineke_page_398.jpg (id=1570)	a22a140a7cf81fe69a8c24d34302e4835a449862f9ca27cb04b2c2e0ff88861a	3269	Κόρινθος	161	Κ161	1.000000	26733	Πέρινθος	0.750000	0.250000	κορινθοσ	κορινθοσ
137047	Κόρινθος		meineke_page_399.jpg	399	10205	ocr	OCR from image meineke_page_399.jpg (id=1571)	6e958a52081802b038314e19a33a321c168b4185f5d15363ca4b6a6f80ea7b78	3269	Κόρινθος	161	Κ161	1.000000	26733	Πέρινθος	0.750000	0.250000	κορινθοσ	κορινθοσ
137054	Κορομάνη		meineke_page_400.jpg	400	10211	ocr	OCR from image meineke_page_400.jpg (id=1572)	f496f16a11ce01d3124652c72a9224ce9ebf48b4fd4325824b23497ddf63cea3	3276	Κορομάνη	168	Κ168	1.000000	3277	Κορόπη	0.625000	0.375000	κορομανη	κορομανη
137055	Κόροντα		meineke_page_400.jpg	400	10212	ocr	OCR from image meineke_page_400.jpg (id=1572)	7404026129c2cc96d9990bc14bc9dc6d30aee3b2215f81d948b1973cdb9bc3e5	3278	Κόροντα	170	Κ169	1.000000	3271	Κορίολλα	0.625000	0.375000	κοροντα	κοροντα
137056	Κορόπη		meineke_page_400.jpg	400	10213	ocr	OCR from image meineke_page_400.jpg (id=1572)	c16bcf9629d9e66c942111f2c78d5d468b983738bcc2f6ef8fa519864c1f6870	3277	Κορόπη	169	Κ170	1.000000	3289	Κορώνη	0.666667	0.333333	κοροπη	κοροπη
137059	Κορυδαλλός		meineke_page_402.jpg	402	10216	ocr	OCR from image meineke_page_402.jpg (id=1574)	0e5cedae66810cfa5fb880c9fae78d419410866d9a64952cdb1536e710c5971c	3284	Κορυδαλλός	176	Κ176	1.000000	3283	Κορύδαλλα	0.800000	0.200000	κορυδαλλοσ	κορυδαλλοσ
137062	Κορυφασίον		meineke_page_402.jpg	402	10219	ocr	OCR from image meineke_page_402.jpg (id=1574)	d96fe8657ed19714cc4cf5224f65dad4c5b85016b47acd4ce23af5597d23f248	3287	Κορυφάσιον	179	Κ179	1.000000	3286	Κορυφαῖον	0.900000	0.100000	κορυφασιον	κορυφασιον
137064	Κορώνη		meineke_page_403.jpg	403	10221	ocr	OCR from image meineke_page_403.jpg (id=1575)	0e07da8ddeed37c5e006c850b8f1151547dc721f85df0616ce56f921ee9055d9	3289	Κορώνη	181	Κ181	1.000000	50995	Τορώνη	0.833333	0.166667	κορωνη	κορωνη
137065	Κοσιᾶνα		meineke_page_403.jpg	403	10222	ocr	OCR from image meineke_page_403.jpg (id=1575)	84b8236ed3826039e4192570912713af0e0d11b9218420e5b749a236ba5563bf	3290	Κοσίανα	182	Κ182	1.000000	3292	Κοσσαία	0.714286	0.285714	κοσιανα	κοσιανα
137067	Κοσσαῖα		meineke_page_403.jpg	403	10224	ocr	OCR from image meineke_page_403.jpg (id=1575)	3edd10185b8b53c2669da297439c493bea22aa15c082b1399cb97f2533e9c082	3292	Κοσσαία	184	Κ184	1.000000	3290	Κοσίανα	0.714286	0.285714	κοσσαια	κοσσαια
137071	Κοτιαεῖον	1	meineke_page_404.jpg	404	10228	ocr	OCR from image meineke_page_404.jpg (id=1576)	4f247b816c13d0186aa9c7b28c931e0ef75c7e4830797b556f932eeb076e991e	3496	Κοτιάειον	188	Κ188	1.000000	115297	Βοτίειον	0.777778	0.222222	κοτιαειον	κοτιαειον
137075	Κοτύωρα	5	meineke_page_404.jpg	404	10232	ocr	OCR from image meineke_page_404.jpg (id=1576)	27488a0df225a4353fd925b57139e7357d70c69a7380691cd7c70ad9f0d6c5db	3500	Κοτύωρα	192	Κ192	1.000000	3499	Κοτύρτα	0.714286	0.285714	κοτυωρα	κοτυωρα
137080	Κοχλιοῦσα		meineke_page_405.jpg	405	10237	ocr	OCR from image meineke_page_405.jpg (id=1577)	736b8eaa2d6ca5298be678414f33fe3db459297530bb3824b19a0b69182d0fa9	3505	Κοχλίουσα	197	Κ197	1.000000	3271	Κορίολλα	0.555556	0.444444	κοχλιουσα	κοχλιουσα
137083	Κραδή		meineke_page_405.jpg	405	10240	ocr	OCR from image meineke_page_405.jpg (id=1577)	f678c28077386bffcf141e0db01897fa7c29292453f8ecfba1916e3eef6eac70	3508	Κράδη	200	Κ200	1.000000	3511	Κραναή	0.666667	0.333333	κραδη	κραδη
137084	Κράμβουσα		meineke_page_405.jpg	405	10241	ocr	OCR from image meineke_page_405.jpg (id=1577)	3539fea3da52f0da1e970d8dccf9469409e650bd47db0aef4e58d83e6c3c7453	3509	Κράμβουσα	201	Κ201	1.000000	3535	Κρομύουσα	0.777778	0.222222	κραμβουσα	κραμβουσα
137086	Κρανάη	1	meineke_page_406.jpg	406	10243	ocr	OCR from image meineke_page_406.jpg (id=1578)	f21ff129e306a47201dae0a410c1a55de226bd3e441207817ebfec3c8bf9440f	3511	Κραναή	203	Κ203	1.000000	2346	Κάναι	0.666667	0.333333	κραναη	κραναη
137087	Κρανεία	2	meineke_page_406.jpg	406	10244	ocr	OCR from image meineke_page_406.jpg (id=1578)	d93f91a98bb8e3c551baf0088d8725e97d1ea613fe020bd667bd4ee37db7c181	3512	Κράνεια	204	Κ204	1.000000	3288	Κορώνεια	0.750000	0.250000	κρανεια	κρανεια
137088	Κρανίδες	3	meineke_page_406.jpg	406	10245	ocr	OCR from image meineke_page_406.jpg (id=1578)	e6ef4aee5154e0debc72705b28c7407d6f3e9c32c553a43977b3017b5f047847	3513	Κρανίδες	205	Κ205	1.000000	3521	Κρηνίδες	0.875000	0.125000	κρανιδεσ	κρανιδεσ
137089	Κράνιοι	4	meineke_page_406.jpg	406	10246	ocr	OCR from image meineke_page_406.jpg (id=1578)	0db5077c4870d4ae2f165d968bcff613dd98aa3d5e63b6f05b8b40fc53acf779	3514	Κράνιοι	206	Κ206	1.000000	19497	Ζηράνιοι	0.750000	0.250000	κρανιοι	κρανιοι
137092	Κραστός		meineke_page_407.jpg	407	10249	ocr	OCR from image meineke_page_407.jpg (id=1579)	1aa2603da5664ec96345ff5cdefeaf87e04f6895328d57fc4968a24a3fef342d	3517	Κραστός	209	Κ209	1.000000	2603	Κάρυστος	0.750000	0.250000	κραστοσ	κραστοσ
137093	Κρέμη		meineke_page_407.jpg	407	10250	ocr	OCR from image meineke_page_407.jpg (id=1579)	d205144b110435966d4681b4a7d46aae67bcdcfb61cbe81e52380f114c89f2be	3518	Κρέμη	210	Κ210	1.000000	3508	Κράδη	0.600000	0.400000	κρεμη	κρεμη
137096	Κρεύσις	2	meineke_page_408.jpg	408	10253	ocr	OCR from image meineke_page_408.jpg (id=1580)	60585f8bb2910d250ba0228b8381d8f8e7ef0f3f11465153e5f71b12d07daf1d	3520	Κρεῦσις	212	Κ212	1.000000	3541	Κρουσίς	0.857143	0.142857	κρευσισ	κρευσισ
137103	Κρητίνια		meineke_page_409.jpg	409	10260	ocr	OCR from image meineke_page_409.jpg (id=1581)	278b8299a6d68901e5b70090f4ebb0bab02476689c0d063f377db4ca5401bdad	3526	Κρητινία	218	Κ218	1.000000	125129	Γρηστωνία	0.666667	0.333333	κρητινια	κρητινια
137109	Κροκέαι	5	meineke_page_410.jpg	410	10266	ocr	OCR from image meineke_page_410.jpg (id=1582)	fff67d38a1ad2a02db5d372db12b3f5a01d786df1ad3d90b605f899a4cafed68	3532	Κροκέαι	224	Κ224	1.000000	8971	Μακροκέφαλοι	0.583333	0.416667	κροκεαι	κροκεαι
137110	Κροκοδειλῶν πόλις	6	meineke_page_410.jpg	410	10267	ocr	OCR from image meineke_page_410.jpg (id=1582)	f66914bc34543db506a626eb6098d1274ae9b0da7dff60a12d75d3eb582cbe3e	3533	Κροκοδείλων πόλις	225	Κ225	1.000000	14865	Δούλων πόλις	0.562500	0.437500	κροκοδειλωνπολισ	κροκοδειλωνπολισ
137120	Κρυα		meineke_page_412.jpg	412	10277	ocr	OCR from image meineke_page_412.jpg (id=1584)	b5f8c25e25bde0be934cdc521fca680aafebb6381175c76fc28cf6a65a85102d	3542	Κρύα	234	Κ234	1.000000	2601	Καρύα	0.800000	0.200000	κρυα	κρυα
137126	Κτησιφών		meineke_page_413.jpg	413	10283	ocr	OCR from image meineke_page_413.jpg (id=1585)	c05c23a52c690b4cd314bdfd7db72e4d49c4c56ad4ed6d92e6afbf20c5bd921c	3548	Κτησιφῶν	240	Κ240	1.000000	3523	Κρήσιον	0.625000	0.375000	κτησιφων	κτησιφων
137129	Κύαλος		meineke_page_414.jpg	414	10286	ocr	OCR from image meineke_page_414.jpg (id=1586)	e6aad5ae60b46497b5634d915639966e9576057a3013fd9499e5325aa45a0504	3550	Κύαλος	242	Κ242	1.000000	2607	Κάσος	0.666667	0.333333	κυαλοσ	κυαλοσ
137131	Κυβάσσος		meineke_page_414.jpg	414	10288	ocr	OCR from image meineke_page_414.jpg (id=1586)	7ef9512fc64c202c564f1b2fcca6d170fb7d7e628a357f23499c73de3e5c6bc5	3552	Κυβασσός	244	Κ244	1.000000	2055	Καβασσός	0.875000	0.125000	κυβασσοσ	κυβασσοσ
137132	Κυβέλεια		meineke_page_414.jpg	414	10289	ocr	OCR from image meineke_page_414.jpg (id=1586)	ff00f9f626e5b20b1fec4dc3c2d09316b906c5ae8e691de714988637979272b7	3553	Κυβέλεια	245	Κ245	1.000000	7219	Κυνέτεια	0.750000	0.250000	κυβελεια	κυβελεια
137134	Κυδαθηναιον		meineke_page_415.jpg	415	10291	ocr	OCR from image meineke_page_415.jpg (id=1587)	0b54aeb130177b8a579de44c83acce288670f710deb5f6bf176942afbe63fe94	3555	Κυδαθήναιον	247	Κ247	1.000000	2621	Κάστνιον	0.545455	0.454545	κυδαθηναιον	κυδαθηναιον
137135	Κυδαντιδαι		meineke_page_415.jpg	415	10292	ocr	OCR from image meineke_page_415.jpg (id=1587)	f5acfbf0842a87e3a49819d2cbbbd5b3db3d4d6f2c64b3245e583f53e9406a27	3556	Κυδαντίδαι	248	Κ248	1.000000	2086	Καλατίαι	0.600000	0.400000	κυδαντιδαι	κυδαντιδαι
137136	Κυδνα		meineke_page_415.jpg	415	10293	ocr	OCR from image meineke_page_415.jpg (id=1587)	e9c9a29431ab7b3f46914f5fd99bb20e170a8002185af35a487277dec2ad33b1	3557	Κύδνα	249	Κ249	1.000000	7223	Κύννα	0.800000	0.200000	κυδνα	κυδνα
137138	Κυδραρα		meineke_page_415.jpg	415	10295	ocr	OCR from image meineke_page_415.jpg (id=1587)	bfa4d5745a82e241c9b627e79d0ee066f4a2984f99c65c01df110ae181491afa	3559	Κύδραρα	251	Κ251	1.000000	3558	Κύδραι	0.714286	0.285714	κυδραρα	κυδραρα
137140	Κυδωνια		meineke_page_415.jpg	415	10297	ocr	OCR from image meineke_page_415.jpg (id=1587)	cad6571607e62dd15e40959ae0d5fed79bd42348e63f033fb3e314d64b18cc05	3561	Κυδωνία	253	Κ253	1.000000	2777	Καυλωνία	0.750000	0.250000	κυδωνια	κυδωνια
137142	Κύζικος		meineke_page_416.jpg	416	10299	ocr	OCR from image meineke_page_416.jpg (id=1588)	efc7ac2ddc1b3e169f26bd656fd3aff9489cf91d35fe16b0b4b037f7e5913440	7210	Κύζικος	254	Κ254	1.000000	2341	Καμικός	0.714286	0.285714	κυζικοσ	κυζικοσ
137143	Κύθηρα		meineke_page_416.jpg	416	10300	ocr	OCR from image meineke_page_416.jpg (id=1588)	d858720babb422ebca6f77f5397453f1f7c32d46d6dc3ee85e51e4469000cb20	7211	Κύθηρα	255	Κ255	1.000000	7212	Κύθηρος	0.714286	0.285714	κυθηρα	κυθηρα
137144	Κύθηρος		meineke_page_416.jpg	416	10301	ocr	OCR from image meineke_page_416.jpg (id=1588)	ac5ca3968df3503b4dc5188510688c65301b08d0bfceb1470c219d35a05c9e98	7212	Κύθηρος	256	Κ256	1.000000	2116	Κάληρος	0.714286	0.285714	κυθηροσ	κυθηροσ
137146	Κυκνίτις		meineke_page_417.jpg	417	10303	ocr	OCR from image meineke_page_417.jpg (id=1589)	2eee72024d56470a720bc490181f2a7c9eb000f814af25b9663c7bf3b590a91e	7214	Κυκνῖτις	258	Κ258	1.000000	2487	Καρκινῖτις	0.700000	0.300000	κυκνιτισ	κυκνιτισ
137148	Κυλλήνη		meineke_page_417.jpg	417	10305	ocr	OCR from image meineke_page_417.jpg (id=1589)	e0ac843ee64997a75a03c8864d6f02e983cd8d64bd8423f7ba09afbc9ab449df	7216	Κυλλήνη	260	Κ260	1.000000	3560	Κυδρήνη	0.714286	0.285714	κυλληνη	κυλληνη
137149	Κύμη		meineke_page_417.jpg	417	10306	ocr	OCR from image meineke_page_417.jpg (id=1589)	7e73c655d1db1d154f3d4e1603ec4a9ecaf01a3b85c3ae8618a8170ea1a31109	7217	Κύμη	261	Κ261	1.000000	3842	Δύμη	0.750000	0.250000	κυμη	κυμη
137151	Κυνέτεια	2	meineke_page_418.jpg	418	10308	ocr	OCR from image meineke_page_418.jpg (id=1590)	0c6e6e95454e09f51fdc5bb3069b64b008ec775b1814addc53d180e62493d9e4	7219	Κυνέτεια	263	Κ263	1.000000	3553	Κυβέλεια	0.750000	0.250000	κυνετεια	κυνετεια
137152	Κυνή	3	meineke_page_418.jpg	418	10309	ocr	OCR from image meineke_page_418.jpg (id=1590)	86cae8ab68ccf673933a17e4428881cd0c0c48359bcc8ba47d9ca933c21bec25	7220	Κυνή	264	Κ264	1.000000	7217	Κύμη	0.750000	0.250000	κυνη	κυνη
137153	Κυνητικόν	4	meineke_page_418.jpg	418	10310	ocr	OCR from image meineke_page_418.jpg (id=1590)	8415e61d28de6e295ab70fb2a2016891511df2ac2cac0b7e33fdddcf60fc2466	7221	Κυνητικόν	265	Κ265	1.000000	39875	Σκυλλήτιον	0.600000	0.400000	κυνητικον	κυνητικον
137154	Κύνθος	5	meineke_page_418.jpg	418	10311	ocr	OCR from image meineke_page_418.jpg (id=1590)	da29283e22cf79c1c51d58fdf331b86c133ba722a76c4bdf20774a6896804e8e	7222	Κύνθος	266	Κ266	1.000000	7224	Κῦνος	0.833333	0.166667	κυνθοσ	κυνθοσ
137155	Κύννα	6	meineke_page_418.jpg	418	10312	ocr	OCR from image meineke_page_418.jpg (id=1590)	420169e3beb536f823adc03db34a777367527a404c62a859970b78bb49502f09	7223	Κύννα	267	Κ267	1.000000	3557	Κύδνα	0.800000	0.200000	κυννα	κυννα
137156	Κύνος	7	meineke_page_418.jpg	418	10313	ocr	OCR from image meineke_page_418.jpg (id=1590)	182871ddc6c32479982ddd6ec76c652c60634ddf86fe12322758dee407af8692	7224	Κῦνος	268	Κ268	1.000000	3084	Καῦνος	0.833333	0.166667	κυνοσ	κυνοσ
137157	Κυνόσαργες	8	meineke_page_418.jpg	418	10314	ocr	OCR from image meineke_page_418.jpg (id=1590)	eb7a475ed34c0f9123a7a8bb69186c965d0ee653eb744b9152fa4413c66883cf	7225	Κυνόσαργες	269	Κ269	1.000000	7224	Κῦνος	0.500000	0.500000	κυνοσαργεσ	κυνοσαργεσ
137160	Κυνὸς κεφαλαί		meineke_page_419.jpg	419	10317	ocr	OCR from image meineke_page_419.jpg (id=1591)	a73b693f1257bc77ab161653e87b54efc730cf90a683b055c70706a25803e646	7226	Κυνὸς κεφαλαί	270	Κ270	1.000000	108990	Βοὸς Κεφαλαί	0.750000	0.250000	κυνοσκεφαλαι	κυνοσκεφαλαι
137163	Κύνουρα		meineke_page_419.jpg	419	10320	ocr	OCR from image meineke_page_419.jpg (id=1591)	f4abe12f6d7598223846944701a12f13f35c16ce512599550e3a22b890d98f74	7229	Κύνουρα	273	Κ273	1.000000	7227	Κυνόσουρα	0.777778	0.222222	κυνουρα	κυνουρα
137165	Κυνῶν πόλις		meineke_page_419.jpg	419	15948	ocr	OCR from image meineke_page_419.jpg (id=1591)	a979ff006411cf407e0c5fb5e91c6cd97144f0e3aef6b69c296bbdbea5f8c6bf	7231	Κυνῶν πόλις	275	Κ275	1.000000	61085	Ἀγκυρῶν πόλις	0.750000	0.250000	κυνωνπολισ	κυνωνπολισ
137169	Κυπάρισσος	2	meineke_page_420.jpg	420	10326	ocr	OCR from image meineke_page_420.jpg (id=1592)	5c30bd369cd0a26fff01debe4058717f40784e7bfb94a3a2f717341eb373d0b5	7236	Κυπάρισσος	280	Κ280	1.000000	7234	Κυπαρισσία	0.800000	0.200000	κυπαρισσοσ	κυπαρισσοσ
137172	Κύπρος	5	meineke_page_420.jpg	420	10329	ocr	OCR from image meineke_page_420.jpg (id=1592)	76171df7cb0824f6696bda1275475d2490414f27a048c00920b45bb318bd3581	7239	Κύπρος	283	Κ283	1.000000	7249	Κύρρος	0.833333	0.166667	κυπροσ	κυπροσ
137173	Κύπρος	1	meineke_page_421.jpg	421	10330	ocr	OCR from image meineke_page_421.jpg (id=1593)	958ee88021a0eee024066e7896932c6f731e6217215aaa21d424124f9e2b50a6	7239	Κύπρος	283	Κ283	1.000000	7249	Κύρρος	0.833333	0.166667	κυπροσ	κυπροσ
137175	Κύρις		meineke_page_422.jpg	422	10332	ocr	OCR from image meineke_page_422.jpg (id=1594)	6dc1b5fe35daedf57aed5fa8e927b034f383952719c6235b1fb6331282b69f99	7246	Κύρις	290	Κ290	1.000000	7245	Κύρης	0.800000	0.200000	κυρισ	κυρισ
137181	Κυτέριον		meineke_page_424.jpg	424	10338	ocr	OCR from image meineke_page_424.jpg (id=1596)	ee40a64cdd44e671e82f98a2afc3ccdb00d5d72ae29c42864add30a91c124122	7255	Κυτέριον	299	Κ299	1.000000	7257	Κυτώνιον	0.750000	0.250000	κυτεριον	κυτεριον
137182	Κύτινα		meineke_page_424.jpg	424	10339	ocr	OCR from image meineke_page_424.jpg (id=1596)	59d7e3980c71b429b095c1cd9b0c0cf8d1737dba6825f3c1d246c3382c17e805	7256	Κύτινα	300	Κ300	1.000000	39865	Σκότινα	0.714286	0.285714	κυτινα	κυτινα
137184	Κύτωρος		meineke_page_424.jpg	424	10341	ocr	OCR from image meineke_page_424.jpg (id=1596)	8d38bbc06a1267968680753330023fb41ca43913af8579063537fd77f9d88296	7258	Κύτωρος	302	Κ302	1.000000	7212	Κύθηρος	0.714286	0.285714	κυτωροσ	κυτωροσ
137190	Κῶπαί	3	meineke_page_426.jpg	426	10347	ocr	OCR from image meineke_page_426.jpg (id=1598)	e94274d6b2e70e2eebc1051b9cf6a9bdf24a482d671b0d21ffc75fc39e4d3f8e	7268	Κῶπαι	312	Κ312	1.000000	2467	Κάπαι	0.800000	0.200000	κωπαι	κωπαι
137191	Κῶρυκος	4	meineke_page_426.jpg	426	10348	ocr	OCR from image meineke_page_426.jpg (id=1598)	316819c3f89cf3b2e26f6e8996cf57fd04bf2969cbd7dbdf6a65e229b2add240	7269	Κώρυκος	313	Κ313	1.000000	11916	Νώρακος	0.714286	0.285714	κωρυκοσ	κωρυκοσ
137197	Λαβίνιον		meineke_page_430.jpg	430	10354	ocr	OCR from image meineke_page_430.jpg (id=1602)	d17f43af216441d76fa68b158e5ea5b7211d726ce194f8002a1cce2ece10f20d	7636	Λαβίνιον	5	Λ5	1.000000	8423	Λαούντιον	0.666667	0.333333	λαβινιον	λαβινιον
137200	Λάγινα		meineke_page_430.jpg	430	10357	ocr	OCR from image meineke_page_430.jpg (id=1602)	71f745bf6699a297aa5b0cf9802ce832012a4565581d5aaea1ae888a83e81e8f	7639	Λάγινα	8	Λ8	1.000000	8036	Λάρινα	0.833333	0.166667	λαγινα	λαγινα
137204	Λάδη		meineke_page_431.jpg	431	10361	ocr	OCR from image meineke_page_431.jpg (id=1603)	acf37be4b7f89fbbf1e92286d7161ea2b356f539899637ad924c3ea7c640309f	7643	Λάδη	12	Λ12	1.000000	3508	Κράδη	0.600000	0.400000	λαδη	λαδη
137205	Λαδισακίτης κόλπος		meineke_page_431.jpg	431	10362	ocr	OCR from image meineke_page_431.jpg (id=1603)	c95ddb940883c69447fac402395455a0e94fc28657ec7c7b0a5b63ed5bf14d7d	7644	Λαδισακίτης κόλπος	13	Λ13	1.000000	9632	Μεσανίτης κόλπος	0.705882	0.294118	λαδισακιτησκολποσ	λαδισακιτησκολποσ
137210	Λαιστρυγόνες		meineke_page_431.jpg	431	10367	ocr	OCR from image meineke_page_431.jpg (id=1603)	96df3fdcbcaa17585f1adc14fc972dea0e235b6aba5dee659e966704b5396901	8027	Λαιστρυγόνες	18	Λ18	1.000000	3085	Καΰστριον	0.500000	0.500000	λαιστρυγονεσ	λαιστρυγονεσ
137211	Λακεδαίμων		meineke_page_431.jpg	431	10368	ocr	OCR from image meineke_page_431.jpg (id=1603)	a25822d593767bc7399c4aea1db17027dea0a5dee20a56f821d0d620439ea814	8028	Λακεδαίμων	19	Λ19	1.000000	18269	Εὐαίμων	0.600000	0.400000	λακεδαιμων	λακεδαιμων
137212	Σπάρτη		meineke_page_432.jpg	432	19512	ocr	OCR from image meineke_page_608.jpg (id=1780)	adcd560dedfbd4d0531826da1fb5ce04e94618ff3783ac57f46124fe35223795	41970	Σπάρτη	259	Σ259	1.000000	32067	Σάρτη	0.833333	0.166667	σπαρτη	σπαρτη
137213	Λακερεία	1	meineke_page_433.jpg	433	10370	ocr	OCR from image meineke_page_433.jpg (id=1605)	40a44c073c1037fb4677c0f06d37bda647ee26430db4e67bf96534b897bb9087	51392	Λακέρεια	20	Λ20	1.000000	8467	Λυκώρεια	0.750000	0.250000	λακερεια	λακερεια
137227	Λάμψακος		meineke_page_435.jpg	435	10384	ocr	OCR from image meineke_page_435.jpg (id=1607)	5ad8d6287080d1c1efef82664942df04a4674aebc0e8697f55589fbc845fb6d5	8030	Λάμψακος	34	Λ34	1.000000	8031	Λάμψος	0.750000	0.250000	λαμψακοσ	λαμψακοσ
137228	Λάμψος		meineke_page_435.jpg	435	10385	ocr	OCR from image meineke_page_435.jpg (id=1607)	fda3bc9a5d9984b53048af558e19fe19b2f16f49b9c344bc0f3e427c6f4546fb	8031	Λάμψος	35	Λ35	1.000000	8030	Λάμψακος	0.750000	0.250000	λαμψοσ	λαμψοσ
137231	Λαοδίκεια	3	meineke_page_436.jpg	436	10388	ocr	OCR from image meineke_page_436.jpg (id=1608)	48ec3063bcc81b48b7ae5c17d144a4afb66469981af0fe928bbd6b5fb107afd9	8033	Λαοδίκεια	37	Λ37	1.000000	99810	Ἀρίκεια	0.666667	0.333333	λαοδικεια	λαοδικεια
137233	Λαουντιον		meineke_page_437.jpg	437	10390	ocr	OCR from image meineke_page_437.jpg (id=1609)	33525bf0769f7b850347b2691b8848172d47344a9d5e73fd048a46d4712d4c3b	8423	Λαούντιον	39	Λ39	1.000000	7636	Λαβίνιον	0.666667	0.333333	λαουντιον	λαουντιον
137235	Λαπηθος		meineke_page_437.jpg	437	10392	ocr	OCR from image meineke_page_437.jpg (id=1609)	29e8fe2d68a73eb90d1d47920addd795b0c9e0d245051a7c9c6c333080f16218	8425	Λάπηθος	41	Λ41	1.000000	2498	Κάρπαθος	0.625000	0.375000	λαπηθοσ	λαπηθοσ
137236	Λαπιθη		meineke_page_437.jpg	437	10393	ocr	OCR from image meineke_page_437.jpg (id=1609)	b3cffe76379b99ed83eced64321319262ef1a4df2f790a67b22b1195be1c2189	8034	Λαπίθη	42	Λ42	1.000000	8425	Λάπηθος	0.571429	0.428571	λαπιθη	λαπιθη
137238	Λαρινα		meineke_page_437.jpg	437	10395	ocr	OCR from image meineke_page_437.jpg (id=1609)	b603a6cba317078689219882afb7bb1b6e04129fc27ea919cd7753c19742dceb	8036	Λάρινα	44	Λ44	1.000000	7639	Λάγινα	0.833333	0.166667	λαρινα	λαρινα
137239	Λαρισσα		meineke_page_437.jpg	437	10396	ocr	OCR from image meineke_page_437.jpg (id=1609)	8ca2a8dfcec7e69adba1b41eb7378cc77a6c90f43a40c2391f5e3944e8f4d3e0	8037	Λάρισσα	45	Λ45	1.000000	8036	Λάρινα	0.714286	0.285714	λαρισσα	λαρισσα
137260	Λιμήν		meineke_page_442.jpg	442	10415	ocr	OCR from image meineke_page_442.jpg (id=1614)	b7ec57d48ddeb70e09ef7ba064bdb44ba4ff950af196c8b26f39d3701a91ce27	8438	Λιμήν	68	Λ68	1.000000	28374	Ποιμήν	0.666667	0.333333	λιμην	λιμην
137261	Λιμναία		meineke_page_442.jpg	442	10416	ocr	OCR from image meineke_page_442.jpg (id=1614)	417cc9d88a273239f0cbe2a8261e87073f55f342987e17c0e945d122e369d311	8439	Λιμναία	69	Λ69	1.000000	8440	Λίμναι	0.857143	0.142857	λιμναια	λιμναια
137262	Λίμναι		meineke_page_442.jpg	442	10417	ocr	OCR from image meineke_page_442.jpg (id=1614)	fe0d343dfe3496ef5d9dbab7df3ad860a267a4f2e3f0a7dbf678e781cbda9df7	8440	Λίμναι	70	Λ70	1.000000	8439	Λιμναία	0.857143	0.142857	λιμναι	λιμναι
137265	Λίνδος		meineke_page_442.jpg	442	10420	ocr	OCR from image meineke_page_442.jpg (id=1614)	bdbfc4ede7bceafeed1b55f871848bb34c988967baa29b7418dfbf90842a8587	8895	Λίνδος	73	Λ73	1.000000	22234	Ἰνδός	0.833333	0.166667	λινδοσ	λινδοσ
137266	Λῖνον		meineke_page_443.jpg	443	10421	ocr	OCR from image meineke_page_443.jpg (id=1615)	c4b0cdb44910a84769d1877624c8d501c47dd9b25cbec871f0c0384fc39f2352	8896	Λίνον	74	Λ74	1.000000	8895	Λίνδος	0.666667	0.333333	λινον	λινον
137267	Λίξα		meineke_page_443.jpg	443	10422	ocr	OCR from image meineke_page_443.jpg (id=1615)	bf4ba799d61b02ec023c5186dceb231d450371400883914a644e72bf5d19a94f	8897	Λίξα	75	Λ75	1.000000	8902	Λιταί	0.600000	0.400000	λιξα	λιξα
137268	Λίπαξος		meineke_page_443.jpg	443	10423	ocr	OCR from image meineke_page_443.jpg (id=1615)	c3e54eb2cdfb9fd3521060cccb160d9546e1b88def9bdc2ac35e1ea9a85cad74	8898	Λίπαξος	76	Λ76	1.000000	8903	Λίχανδος	0.625000	0.375000	λιπαξοσ	λιπαξοσ
137270	Λιρνύτεια		meineke_page_443.jpg	443	10425	ocr	OCR from image meineke_page_443.jpg (id=1615)	7a644686be3db26485dd4fb855f006df75d52691ff3d05b638334225e50eb0d8	8900	Λιρνύτεια	78	Λ78	1.000000	8470	Λυρνατία	0.666667	0.333333	λιρνυτεια	λιρνυτεια
137271	Λίσσος		meineke_page_443.jpg	443	10426	ocr	OCR from image meineke_page_443.jpg (id=1615)	0436fb470255b05474802211b536b41857badc858e3afa173da039f9f16a4a57	8901	Λίσσος	79	Λ79	1.000000	22223	Ἰλισσός	0.857143	0.142857	λισσοσ	λισσοσ
137272	Λιταί		meineke_page_443.jpg	443	10427	ocr	OCR from image meineke_page_443.jpg (id=1615)	49dc1e164f7b3bd8b4ff24b1e4ad13894cd9afd6c660707ecbd5629b6d4c1b4a	8902	Λιταί	80	Λ80	1.000000	8473	Λυταί	0.800000	0.200000	λιται	λιται
137274	Λογγώνη		meineke_page_443.jpg	443	10429	ocr	OCR from image meineke_page_443.jpg (id=1615)	a5f54857199fedbdc0cd6c22716d8868b7212aba45ea503b9edc7295d4be218c	8904	Λογγώνη	82	Λ82	1.000000	3289	Κορώνη	0.571429	0.428571	λογγωνη	λογγωνη
137276	Λοκροί Ἐπιζεφύριοι		meineke_page_444.jpg	444	10431	ocr	OCR from image meineke_page_444.jpg (id=1616)	f4307a5cac99c29168c682b381203c754d5befc55208a71b7af6da93e5c4115e	8442	Λοκροὶ Ἐπιζεφύριοι	84	Λ84	1.000000	105839	Βάκυροι καὶ Βακυριανοί	0.500000	0.500000	λοκροιεπιζεφυριοι	λοκροιεπιζεφυριοι
137278	Λούγδουνον		meineke_page_444.jpg	444	10433	ocr	OCR from image meineke_page_444.jpg (id=1616)	b66628d3aeafb2a4f8fdfe80f29bd7ddeb59adb4dd540cc624de4a67a04eaab0	8444	Λούγδουνον	86	Λ86	1.000000	115302	Βούδορον	0.600000	0.400000	λουγδουνον	λουγδουνον
137280	Λουσία		meineke_page_444.jpg	444	15967	ocr	OCR from image meineke_page_444.jpg (id=1616)	d460eb1b13fef62add8a10eb8dc2f0fd881f001cecf9a6b026fdff85f780c18c	8446	Λουσιά	88	Λ88	1.000000	8448	Λουσοί	0.666667	0.333333	λουσια	λουσια
137282	Λουσοί		meineke_page_444.jpg	444	10437	ocr	OCR from image meineke_page_444.jpg (id=1616)	d41796e91e53663571d4b17d3ff3db89cd15017b792858fea89805bc25a6dd69	8448	Λουσοί	90	Λ90	1.000000	17046	Ἕλουροι	0.714286	0.285714	λουσοι	λουσοι
137285	Λύγξ		meineke_page_445.jpg	445	10440	ocr	OCR from image meineke_page_445.jpg (id=1617)	7dbcef1d8cb117bb25721c001d7de7117f2a86c810d3f48b8a74a1a0451acba1	8450	Λύγξ	92	Λ92	1.000000	8430	Λίγξ	0.750000	0.250000	λυγξ	λυγξ
137286	Λυδία		meineke_page_445.jpg	445	10441	ocr	OCR from image meineke_page_445.jpg (id=1617)	e28b3a258387912e6b7ca31a2c608c0135be0b2dfc66f485d492e92e1b20d9c7	8451	Λυδία	93	Λ93	1.000000	8458	Λυκία	0.800000	0.200000	λυδια	λυδια
137288	Λύκαια		meineke_page_445.jpg	445	10443	ocr	OCR from image meineke_page_445.jpg (id=1617)	c8ee380c20087f94078e535602967f0f169a1934d7fdd4eb0e731a0eb674f58b	8453	Λύκαια	95	Λ95	1.000000	8458	Λυκία	0.833333	0.166667	λυκαια	λυκαια
137289	Λυκαονία		meineke_page_445.jpg	445	10444	ocr	OCR from image meineke_page_445.jpg (id=1617)	0f74e849473fca288f87d86c6803c40d862bf3caa1d400a0065eddf0d4835ce9	8454	Λυκαονία	96	Λ96	1.000000	8453	Λύκαια	0.750000	0.250000	λυκαονια	λυκαονια
137292	Λυκεῖον	3	meineke_page_446.jpg	446	19352	ocr	OCR from image meineke_page_448.jpg (id=1620)	645a7cb59212e1517d623568c6c0e7d68f8450d1414b4d652d461ed6d5aa3543	8457	Λύκειον	99	Λ99	1.000000	8469	Λύρκειον	0.875000	0.125000	λυκειον	λυκειον
137293	Λυκία	4	meineke_page_446.jpg	446	10448	ocr	OCR from image meineke_page_446.jpg (id=1618)	910b12d62aadeb23e024ca41e27da65eb049de631129b3f14f37966b0e556f2e	8458	Λυκία	100	Λ100	1.000000	8453	Λύκαια	0.833333	0.166667	λυκια	λυκια
137297	Λυκοσθένη	8	meineke_page_446.jpg	446	10452	ocr	OCR from image meineke_page_446.jpg (id=1618)	36e4363d1690be34ae42c706e939eb02c2e62520640aadf50372eb0c62df42cf	8462	Λυκοσθένη	104	Λ104	1.000000	2606	Κασμένη	0.555556	0.444444	λυκοσθενη	λυκοσθενη
137298	Λυκόσουρα		meineke_page_447.jpg	447	10453	ocr	OCR from image meineke_page_447.jpg (id=1619)	29cc3c3e77714a9a8247f60bf214946036b371c01286e092742dd6502ab979b4	8463	Λυκόσουρα	105	Λ105	1.000000	7227	Κυνόσουρα	0.777778	0.222222	λυκοσουρα	λυκοσουρα
137299	Λύκτος		meineke_page_447.jpg	447	10454	ocr	OCR from image meineke_page_447.jpg (id=1619)	30cfaadc90022c73eb55506f20227a961337a04155958bdad26a35f0844df117	8464	Λύκτος	106	Λ106	1.000000	8455	Λύκαστος	0.750000	0.250000	λυκτοσ	λυκτοσ
137301	Λυκώνη		meineke_page_447.jpg	447	10456	ocr	OCR from image meineke_page_447.jpg (id=1619)	1443fb284f76bf506efdac7f0220ea41240d16cbc0375643db20d90e8232e7c5	8466	Λυκώνη	108	Λ108	1.000000	8904	Λογγώνη	0.571429	0.428571	λυκωνη	λυκωνη
137302	Λυκώρεια		meineke_page_447.jpg	447	10457	ocr	OCR from image meineke_page_447.jpg (id=1619)	d0d38b67308fb7f59d2b34600bd48ac67e756d3825eda4e10c0915145aa32d87	8467	Λυκώρεια	109	Λ109	1.000000	8460	Λυκόζεια	0.750000	0.250000	λυκωρεια	λυκωρεια
137303	Λύλῃ		meineke_page_447.jpg	447	10458	ocr	OCR from image meineke_page_447.jpg (id=1619)	ce75963843d9cc26a0766eb397b5979f035f38a38b67640260fdad6ef944a1c5	8468	Λύλη	110	Λ110	1.000000	61018	Ὕλη	0.750000	0.250000	λυλη	λυλη
137309	Λυχνίδος		meineke_page_448.jpg	448	10464	ocr	OCR from image meineke_page_448.jpg (id=1620)	bee515ec95a43d59d6b5873a9dad25ee32def7e470f0c53cf538a3151cb55307	8474	Λυχνιδός	116	Λ116	1.000000	8895	Λίνδος	0.625000	0.375000	λυχνιδοσ	λυχνιδοσ
137311	Λώρυμα		meineke_page_449.jpg	449	10466	ocr	OCR from image meineke_page_449.jpg (id=1621)	4aa72a46e4f6f5e3e8bbbdd741dbb511e52f192e284b190ae3c4b9fdc2e8b8de	8476	Λώρυμα	118	Λ118	1.000000	11913	Νώνυμνα	0.571429	0.428571	λωρυμα	λωρυμα
137312	Λώς		meineke_page_449.jpg	449	10467	ocr	OCR from image meineke_page_449.jpg (id=1621)	c72ab49f7bbb9067b5167387c1eb3d2fb2c02717026cc5fd044610de3736cf3d	8477	Λῶς	119	Λ119	1.000000	48709	Τλῶς	0.750000	0.250000	λωσ	λωσ
137316	Μαγία		meineke_page_449.jpg	449	10471	ocr	OCR from image meineke_page_449.jpg (id=1621)	ac4d154cb781b42c00bafea41bb4e2d7db44d6d8f2fcbd5977ab31015d7de2fd	8481	Μαγία	3	Μ3	1.000000	8483	Μάγνα	0.800000	0.200000	μαγια	μαγια
137319	Μαγνησία		meineke_page_449.jpg	449	10474	ocr	OCR from image meineke_page_449.jpg (id=1621)	eb48735f06639586a4fa14c1417af39885dc5a0e8f247fc7c84243e14310be60	8484	Μαγνησία	6	Μ6	1.000000	2117	Καλησία	0.625000	0.375000	μαγνησια	μαγνησια
137327	Μαΐα		meineke_page_450.jpg	450	10482	ocr	OCR from image meineke_page_450.jpg (id=1622)	bb0f9dd2b9c6099a3e6bbc027cd910886b3895fb8f6bbb619090fe173dca4f3a	8954	Μαῖα	13	Μ13	1.000000	8481	Μαγία	0.800000	0.200000	μαια	μαια
137329	Μαιδοί	1	meineke_page_451.jpg	451	10484	ocr	OCR from image meineke_page_451.jpg (id=1623)	c9537e1bbd2b9a4d505154bb2f9b454c40d2427ac65dd2c91b342d28112ef99a	8956	Μαιδοί	15	Μ15	1.000000	9006	Μάρδοι	0.833333	0.166667	μαιδοι	μαιδοι
137333	Μαιονία	5	meineke_page_451.jpg	451	10488	ocr	OCR from image meineke_page_451.jpg (id=1623)	1b05e3f0a45fba9d774e36d498a058eca4979f69cf24e1151cd8f1cf984ff83c	8960	Μαιονία	19	Μ19	1.000000	11032	Μυονία	0.714286	0.285714	μαιονια	μαιονια
137352	Μάλεα	8	meineke_page_454.jpg	454	10507	ocr	OCR from image meineke_page_454.jpg (id=1626)	7b336475296ad848d2f677f49556d9b29f4a2aec2c9d12dff2be2868ddc293aa	8978	Μαλέα	37	Μ37	1.000000	80225	Ἀλέα	0.800000	0.200000	μαλεα	μαλεα
137354	Μαλλάδα		meineke_page_455.jpg	455	10509	ocr	OCR from image meineke_page_455.jpg (id=1627)	0a3149dd47f8a833a97be54877e6ac5c63efce48d43f638e4ccd44e6c7c095ce	8980	Μαλλάδα	39	Μ39	1.000000	121783	Γάλαδα	0.714286	0.285714	μαλλαδα	μαλλαδα
137355	Μαλλός		meineke_page_455.jpg	455	10510	ocr	OCR from image meineke_page_455.jpg (id=1627)	fed946a1173010d8fdb229e94516290365e76f955e3958d004d29a19906fba24	8981	Μαλλός	40	Μ40	1.000000	121792	Γάλλος	0.833333	0.166667	μαλλοσ	μαλλοσ
137356	Μαλόεις		meineke_page_455.jpg	455	10511	ocr	OCR from image meineke_page_455.jpg (id=1627)	d89077c51eb773f1ac5c597f00549ade51fbd164ecfb63a0f47d36209c3aa1fc	8982	Μαλόεις	41	Μ41	1.000000	8979	Μαλιεύς	0.714286	0.285714	μαλοεισ	μαλοεισ
137357	Μαλοί		meineke_page_455.jpg	455	10512	ocr	OCR from image meineke_page_455.jpg (id=1627)	9ad5d282417b235b56dcfdcc799126ec6f59cfd860287cdd8c89335e86a70d8a	8983	Μαλοί	42	Μ42	1.000000	8982	Μαλόεις	0.714286	0.285714	μαλοι	μαλοι
137363	Μανδύριον		meineke_page_455.jpg	455	10518	ocr	OCR from image meineke_page_455.jpg (id=1627)	fa41e5e856f6b584c9cdf8a9d20aa08e0524a118e791cff1a24cd1155173636a	8989	Μανδύριον	48	Μ48	1.000000	2463	Κανύσιον	0.666667	0.333333	μανδυριον	μανδυριον
137364	Μανήσιον		meineke_page_455.jpg	455	10519	ocr	OCR from image meineke_page_455.jpg (id=1627)	78e07b2e6a39b0a4022a46fa08791b7d9ae2dee5035531a7cb8c509213ff79fe	8990	Μανήσιον	49	Μ49	1.000000	2463	Κανύσιον	0.750000	0.250000	μανησιον	μανησιον
137374	Μαράφιοι		meineke_page_457.jpg	457	10529	ocr	OCR from image meineke_page_457.jpg (id=1629)	7edbada98c3f27afb43d61a9ac455d44fe683d0056789d96ff694b2dea1e66fc	9002	Μαράφιοι	61	Μ61	1.000000	9016	Μαρμάριον	0.666667	0.333333	μαραφιοι	μαραφιοι
137375	Μαράχη		meineke_page_457.jpg	457	10530	ocr	OCR from image meineke_page_457.jpg (id=1629)	382cde0690c1068d7f11d3c35488f3ff389c6754a8c4ae7b927e85cc1dd10485	9003	Μαράχη	62	Μ62	1.000000	8488	Μαζάρη	0.666667	0.333333	μαραχη	μαραχη
137376	Μάργαια		meineke_page_457.jpg	457	10531	ocr	OCR from image meineke_page_457.jpg (id=1629)	22c4f50380f60053d7bb4a29358ae164a54fb08ec0d5d21bd898938e34824b13	9004	Μάργαια	63	Μ63	1.000000	9005	Μάργανα	0.857143	0.142857	μαργαια	μαργαια
137379	Μαρδόνες		meineke_page_457.jpg	457	10534	ocr	OCR from image meineke_page_457.jpg (id=1629)	d4055cdf5c4d5546d37f24ebee8982c5a8f41cb0ca94c2a033a726db643a0de1	9007	Μαρδόνες	66	Μ66	1.000000	8973	Μάκρωνες	0.625000	0.375000	μαρδονεσ	μαρδονεσ
137380	Μάρεια		meineke_page_457.jpg	457	10535	ocr	OCR from image meineke_page_457.jpg (id=1629)	21c36de4dd2393d9075b13c048f6dcb67ae685e4d5624474bee159f383fa8993	9008	Μάρεια	67	Μ67	1.000000	9022	Μαρώνεια	0.750000	0.250000	μαρεια	μαρεια
137382	Μαριάβα		meineke_page_458.jpg	458	10537	ocr	OCR from image meineke_page_458.jpg (id=1630)	c85b2157f064e9db6f9210bc0f5b232b2629e0dd57686211c5b2704db1d61bc1	9010	Μαρίαβα	69	Μ69	1.000000	9004	Μάργαια	0.714286	0.285714	μαριαβα	μαριαβα
137384	Μαριανδυνία		meineke_page_458.jpg	458	10539	ocr	OCR from image meineke_page_458.jpg (id=1630)	f68a9f4eb35e6561e27b9dbbc5bbd3be246297d5d3404c899042d902ce2b1dd9	9012	Μαριανδυνία	71	Μ71	1.000000	9001	Μαραθωνία	0.636364	0.363636	μαριανδυνια	μαριανδυνια
137385	Μάριον		meineke_page_458.jpg	458	10540	ocr	OCR from image meineke_page_458.jpg (id=1630)	5927c31be213cc6ed2967245806fb1613ed44720d7bef6c40d06f1a9a2e42a8f	9013	Μάριον	72	Μ72	1.000000	12837	Ὁμάριον	0.857143	0.142857	μαριον	μαριον
137390	Μάσιον		meineke_page_460.jpg	460	10545	ocr	OCR from image meineke_page_460.jpg (id=1632)	7a2b8935367382e05f9971ebbc010345194936f70ccc34514a4ed24307528964	9026	Μάσιον	85	Μ85	1.000000	2605	Κάσιον	0.833333	0.166667	μασιον	μασιον
137393	Μασσαγέται		meineke_page_460.jpg	460	10548	ocr	OCR from image meineke_page_460.jpg (id=1632)	67ebb8f9aae4f8c508a06b346cef87c502800a32ba6b27f43b1869d50619ff1f	9029	Μασσαγέται	88	Μ88	1.000000	20841	Θυσσαγέται	0.800000	0.200000	μασσαγεται	μασσαγεται
137394	Μασσαλία		meineke_page_460.jpg	460	10549	ocr	OCR from image meineke_page_460.jpg (id=1632)	b166a434249e269ebe8a395cd58b106c3569c131f7b64e7a072419dda6dab776	9030	Μασσαλία	89	Μ89	1.000000	2617	Κασταλία	0.750000	0.250000	μασσαλια	μασσαλια
137403	Μάταυρος		meineke_page_462.jpg	462	10557	ocr	OCR from image meineke_page_462.jpg (id=1634)	fefd0caa37accd8e89a8aefc93a666e422819d49e64dbb04c465dfe3e3219adb	9583	Μάταυρος	97	Μ97	1.000000	9590	Μαχαιροῦς	0.666667	0.333333	ματαυροσ	ματαυροσ
137405	Ματυκέται		meineke_page_462.jpg	462	10559	ocr	OCR from image meineke_page_462.jpg (id=1634)	e553d4a258de9ae61fd954801863805e3466dfd9ab9edeba4a215f52390f9cca	9585	Ματυκέται	99	Μ99	1.000000	32075	Σατροκένται	0.636364	0.363636	ματυκεται	ματυκεται
137409	Μαυσωλοί		meineke_page_462.jpg	462	10563	ocr	OCR from image meineke_page_462.jpg (id=1634)	d1177d2c122b43c1201d9cf4c6bebbe1121268e77bc972375c40a7cb46a02e86	9589	Μαύσωλοι	103	Μ103	1.000000	9581	Μασσύλοι	0.750000	0.250000	μαυσωλοι	μαυσωλοι
137410	Μαχαιρούς		meineke_page_462.jpg	462	10564	ocr	OCR from image meineke_page_462.jpg (id=1634)	970555c54f48b6c15aa2d52f9bd99a2216b755fc28be4023566678d59ccff0a1	9590	Μαχαιροῦς	104	Μ104	1.000000	9583	Μάταυρος	0.666667	0.333333	μαχαιρουσ	μαχαιρουσ
137411	Μεγάλῃ πόλις		meineke_page_462.jpg	462	10565	ocr	OCR from image meineke_page_462.jpg (id=1634)	cda4b6bc8fa0ebfe8230ad1893605f0b83bc8e34c7b8289715e4b2a5e957ffbf	9591	Μεγάλη πόλις	105	Μ105	1.000000	11087	Νεάπολις	0.636364	0.363636	μεγαληπολισ	μεγαληπολισ
137413	μέγαρα	2	meineke_page_463.jpg	463	10567	ocr	OCR from image meineke_page_463.jpg (id=1635)	ac6f0429e525fd7b663549314c8434c9b5416777861df796b6b66be99e493ad5	9592	Μέγαρα	106	Μ106	1.000000	10210	Μέγασα	0.833333	0.166667	μεγαρα	μεγαρα
137415	Μεγαρικόν		meineke_page_464.jpg	464	10569	ocr	OCR from image meineke_page_464.jpg (id=1636)	561c9d36b80fe2da215aee988cf0c2bbb584e03d34468675aaca74ae65c303dc	9593	Μεγαρικόν	107	Μ107	1.000000	2485	Καρικόν	0.666667	0.333333	μεγαρικον	μεγαρικον
137416	Μέγαρα		meineke_page_464.jpg	464	10570	ocr	OCR from image meineke_page_464.jpg (id=1636)	6ae10ad88a3028433006f1709d97eb6a1ba8d31f5891be856711fe0e307feeab	9592	Μέγαρα	106	Μ106	1.000000	10210	Μέγασα	0.833333	0.166667	μεγαρα	μεγαρα
137417	Μεγίστη		meineke_page_464.jpg	464	10571	ocr	OCR from image meineke_page_464.jpg (id=1636)	ab4f974ea3e4c5b42e8a6386c8b4f0b51275734469aacf997095a253415cd03e	10211	Μεγίστη	109	Μ109	1.000000	9613	Μελίτη	0.714286	0.285714	μεγιστη	μεγιστη
137418	Μεδεών		meineke_page_464.jpg	464	10572	ocr	OCR from image meineke_page_464.jpg (id=1636)	643d43f216e12b9b2cb91338f30a7f1e4d66b813d562332354ded14968524578	10212	Μεδεών	110	Μ110	1.000000	10214	Μεδίων	0.833333	0.166667	μεδεων	μεδεων
137419	Μεδιόλανιον		meineke_page_464.jpg	464	10573	ocr	OCR from image meineke_page_464.jpg (id=1636)	40172055a1bb59ac759ce496c26231a4147d91e74ffbe2edc240011fb57cb17f	10213	Μεδιολάνιον	111	Μ111	1.000000	8977	Μαλάνιος	0.545455	0.454545	μεδιολανιον	μεδιολανιον
137429	Μελία	2	meineke_page_467.jpg	467	10583	ocr	OCR from image meineke_page_467.jpg (id=1639)	8b3051af39b529d309001a7da62b7a4997627c9408cce09a0b0ba82370878086	9606	Μελία	126	Μ126	1.000000	9609	Μέλινα	0.833333	0.166667	μελια	μελια
137430	Μελιβόια	3	meineke_page_467.jpg	467	10584	ocr	OCR from image meineke_page_467.jpg (id=1639)	8b86128e21898f212fc324d611c6e52d8eb8a8cf2710550bfd55c1708e7f4dd3	9607	Μελίβοια	127	Μ127	1.000000	9612	Μελίταια	0.750000	0.250000	μελιβοια	μελιβοια
137432	Μέλινα	5	meineke_page_467.jpg	467	10586	ocr	OCR from image meineke_page_467.jpg (id=1639)	2a4f2648c75a0f1117adf0c159c0b462c49aaa71116b6baf5585a138d95519ac	9609	Μέλινα	129	Μ129	1.000000	9606	Μελία	0.833333	0.166667	μελινα	μελινα
137433	Μελινοφάγοι	6	meineke_page_467.jpg	467	10587	ocr	OCR from image meineke_page_467.jpg (id=1639)	fea1cd2adf6de7b32757d61fec854df5474ffb3d71ccfa302876b2fa270d8b92	9610	Μελινοφάγοι	130	Μ130	1.000000	8478	Λωτοφάγοι	0.636364	0.363636	μελινοφαγοι	μελινοφαγοι
137434	Μέλισσα	7	meineke_page_467.jpg	467	10588	ocr	OCR from image meineke_page_467.jpg (id=1639)	003f9edfcad3ad43638c4083d7ed43879a1079a976e4e1e01792b6d17793b26c	9611	Μέλισσα	131	Μ131	1.000000	9606	Μελία	0.714286	0.285714	μελισσα	μελισσα
137435	Μελίταια	1	meineke_page_468.jpg	468	10589	ocr	OCR from image meineke_page_468.jpg (id=1640)	579664e529e0048da12af57255af72f43e7fbcab35b441cd6e7c4899c2293101	9612	Μελίταια	132	Μ132	1.000000	9607	Μελίβοια	0.750000	0.250000	μελιταια	μελιταια
137436	Μελίτη	2	meineke_page_468.jpg	468	10590	ocr	OCR from image meineke_page_468.jpg (id=1640)	8c5063acd7b46a3fa9cfb2a2354c97bd2d2e406c6df2a575d635d656279da57f	9613	Μελίτη	133	Μ133	1.000000	9614	Μελιτηνή	0.750000	0.250000	μελιτη	μελιτη
137437	Μελιτηνή	3	meineke_page_468.jpg	468	10591	ocr	OCR from image meineke_page_468.jpg (id=1640)	3672df4f5ac7a955da6619db110b7d0392abb571aa56383df6086dbedfa09799	9614	Μελιτηνή	134	Μ134	1.000000	9613	Μελίτη	0.750000	0.250000	μελιτηνη	μελιτηνη
137438	Μελίτουσα	4	meineke_page_468.jpg	468	10592	ocr	OCR from image meineke_page_468.jpg (id=1640)	afe81177b9cff523b915a3b2e0abc8bb3bb06ae0763301c13470ce7782bb5f2d	9615	Μελίτουσα	135	Μ135	1.000000	9607	Μελίβοια	0.666667	0.333333	μελιτουσα	μελιτουσα
137441	Μέμφις		meineke_page_469.jpg	469	10595	ocr	OCR from image meineke_page_469.jpg (id=1641)	2d4fb13e86507b070ec9a85f78eae2fcad4d69149ff389f2342e68f526f84176	9617	Μέμφις	137	Μ137	1.000000	11059	Μώμεμφις	0.750000	0.250000	μεμφισ	μεμφισ
137442	Μέμνονες		meineke_page_469.jpg	469	10596	ocr	OCR from image meineke_page_469.jpg (id=1641)	f3be7758730192b9b9d2a34bffa4dde5d3fb4a60544eca55b003dc5b8be778fc	9618	Μέμνονες	138	Μ138	1.000000	37786	Σέννονες	0.750000	0.250000	μεμνονεσ	μεμνονεσ
137443	Μενάι		meineke_page_469.jpg	469	10597	ocr	OCR from image meineke_page_469.jpg (id=1641)	f2083adf93727b72c83dd6111459b38445fd5b0979f326cf27537804ff813014	9619	Μεναί	139	Μ139	1.000000	20790	Θεναί	0.800000	0.200000	μεναι	μεναι
137447	Μενεκίνη		meineke_page_470.jpg	470	10601	ocr	OCR from image meineke_page_470.jpg (id=1642)	7a2c193ff1ea90db786e5bba09ea1319df2aafc7e99a0ca085ae9756bb3b020d	9623	Μενεκίνη	143	Μ143	1.000000	9598	Μεθώνη	0.500000	0.500000	μενεκινη	μενεκινη
137448	Μενέλαος		meineke_page_470.jpg	470	10602	ocr	OCR from image meineke_page_470.jpg (id=1642)	073b39f500b797ac45bdeb5537a516d39f4a091b5be942ce51a0fca23f822693	9624	Μενέλαος	144	Μ144	1.000000	25150	Πάνελος	0.625000	0.375000	μενελαοσ	μενελαοσ
137449	Μενουθίς		meineke_page_470.jpg	470	10603	ocr	OCR from image meineke_page_470.jpg (id=1642)	b1b434464533284a77df1c06d44756631505af3045311715c78ef64b5fb06415	9625	Μένουθις	145	Μ145	1.000000	9644	Μεσυγίς	0.625000	0.375000	μενουθισ	μενουθισ
137450	Μέντορες		meineke_page_470.jpg	470	10604	ocr	OCR from image meineke_page_470.jpg (id=1642)	376a510d937b8510c2c2f57cb98a9d2956a3683faeeec90313d829d7e51ba495	9626	Μέντορες	146	Μ146	1.000000	9618	Μέμνονες	0.625000	0.375000	μεντορεσ	μεντορεσ
137453	Μερόη		meineke_page_471.jpg	471	10607	ocr	OCR from image meineke_page_471.jpg (id=1643)	7c2fd678adedc5167e6ef973886bbe07ddb574de60ab10fdc4ed9d138dcce822	9629	Μερόη	149	Μ149	1.000000	9631	Μέροψ	0.800000	0.200000	μεροη	μεροη
137454	Μεροῦσιον		meineke_page_471.jpg	471	10608	ocr	OCR from image meineke_page_471.jpg (id=1643)	bb5bc19fab46837e2eb3a2eeea9ed8a7b72f26922c56c907a51336eb12e15343	9630	Μερούσιον	150	Μ150	1.000000	121828	Γερούνιον	0.777778	0.222222	μερουσιον	μερουσιον
137455	Μερόψ		meineke_page_471.jpg	471	10609	ocr	OCR from image meineke_page_471.jpg (id=1643)	88e29e0986db849ff2a0a54e8a25136c44bfeef319d3dc4783620bcf82c650c8	9631	Μέροψ	151	Μ151	1.000000	9629	Μερόη	0.800000	0.200000	μεροψ	μεροψ
137457	Μεσημβρία		meineke_page_471.jpg	471	10611	ocr	OCR from image meineke_page_471.jpg (id=1643)	9b511a01eddd4ad5d4bcb1d78f56f1e75c95e22b8b4e868851abfb55c626f204	9633	Μεσημβρία	153	Μ153	1.000000	9602	Μελάμπεια	0.555556	0.444444	μεσημβρια	μεσημβρια
137459	Μέσμα		meineke_page_471.jpg	471	10613	ocr	OCR from image meineke_page_471.jpg (id=1643)	f18a4fc340a83e605f0300029b4b48b280fb06f443b873ca94ad6846a8f5c888	9635	Μέσμα	155	Μ155	1.000000	9636	Μεσόλα	0.666667	0.333333	μεσμα	μεσμα
137461	Μεσοπόντιος		meineke_page_472.jpg	472	10615	ocr	OCR from image meineke_page_472.jpg (id=1644)	547666d92de6b1f9d1bd648783baedd3cc1fa0252b5e39b935e3630483b30804	9637	Μεσοπόντιος	157	Μ157	1.000000	9648	Μεταπόντιον	0.727273	0.272727	μεσοποντιοσ	μεσοποντιοσ
137475	Μέτηλις		meineke_page_474.jpg	474	10629	ocr	OCR from image meineke_page_474.jpg (id=1646)	d09b3262f080b75db9a656ca8678ce4cefb533b3153ae7bcae135bcae70e7424	9650	Μέτηλις	170	Μ170	1.000000	28313	Πετηλία	0.714286	0.285714	μετηλισ	μετηλισ
137477	Μηδια		meineke_page_474.jpg	474	10631	ocr	OCR from image meineke_page_474.jpg (id=1646)	ebf42d2686ed0edea96d497b34285b23b59322a0df46f08b443d320418f69843	10274	Μηδία	172	Μ172	1.000000	10273	Μήδαβα	0.666667	0.333333	μηδια	μηδια
137478	Μηθυμνα		meineke_page_474.jpg	474	10632	ocr	OCR from image meineke_page_474.jpg (id=1646)	9a6e4b3526c427152cf644829af28852dfdd6d25fd95b3f63a7732e44d2dbbab	10275	Μήθυμνα	173	Μ173	1.000000	30181	Ῥιθυμνία	0.625000	0.375000	μηθυμνα	μηθυμνα
137480	Μήνιγξ		meineke_page_476.jpg	476	10634	ocr	OCR from image meineke_page_476.jpg (id=1648)	c962d6a9a685c0837f3efee56517182299328fcc61e25db5bb411e45df202c96	10280	Μῆνιγξ	178	Μ178	1.000000	8430	Λίγξ	0.500000	0.500000	μηνιγξ	μηνιγξ
137481	Μητρόπολις		meineke_page_476.jpg	476	10635	ocr	OCR from image meineke_page_476.jpg (id=1648)	11255caa0316a52f0a89e6c858a0c86306faeb3b6b311e207d2f150caba07dd4	10281	Μητρόπολις	179	Μ179	1.000000	131885	Χυτρόπολις	0.800000	0.200000	μητροπολισ	μητροπολισ
137482	Μιδάειον		meineke_page_476.jpg	476	10636	ocr	OCR from image meineke_page_476.jpg (id=1648)	e51b241ac7b36e29d3fec56748812d23245c81ae0643b963a5eb078222c4b80f	10283	Μιδάειον	181	Μ181	1.000000	22194	Ἰδάλιον	0.750000	0.250000	μιδαειον	μιδαειον
137486	Μιλητοσ		meineke_page_478.jpg	478	10640	ocr	OCR from image meineke_page_478.jpg (id=1650)	43b2f54c8210da712bc93e23dd3eeb10effa42d56f5374f9392d73daca3f6172	10286	Μίλητος	184	Μ184	1.000000	10298	Μισητός	0.857143	0.142857	μιλητοσ	μιλητοσ
137487	Μιλητούπολις		meineke_page_478.jpg	478	10641	ocr	OCR from image meineke_page_478.jpg (id=1650)	efaca8242bc977ca911c139f3b6358873a43b4179fad79b83e670da9f957e38a	10287	Μιλητούπολις	185	Μ185	1.000000	10281	Μητρόπολις	0.666667	0.333333	μιλητουπολισ	μιλητουπολισ
137488	Μίλκωρος		meineke_page_478.jpg	478	10642	ocr	OCR from image meineke_page_478.jpg (id=1650)	51c255b9f571e1c901df63fc1c612e236dd91536a91fb6d09243e69c50476c20	10288	Μίλκωρος	186	Μ186	1.000000	10282	Μιάκωρος	0.875000	0.125000	μιλκωροσ	μιλκωροσ
137490	Μιλωνία		meineke_page_478.jpg	478	10644	ocr	OCR from image meineke_page_478.jpg (id=1650)	d0a20c99e1b791c7693c947334163b4b7d8677cd11cfc94e35f31bd0661c1f68	10290	Μιλωνία	188	Μ188	1.000000	11892	Νικωνία	0.714286	0.285714	μιλωνια	μιλωνια
137491	Μίμακες		meineke_page_478.jpg	478	10645	ocr	OCR from image meineke_page_478.jpg (id=1650)	1e6bf912db33d4f740eff089f0df62b1becacf156ae14afba2de16f78383f2f1	10291	Μίμακες	189	Μ189	1.000000	9015	Μάρμακες	0.750000	0.250000	μιμακεσ	μιμακεσ
137493	Μίναιοι		meineke_page_478.jpg	478	10647	ocr	OCR from image meineke_page_478.jpg (id=1650)	53bd186dd1b227293878d1cba51b2caefead8ca98a476855e6035c5aabee2210	10293	Μιναῖοι	191	Μ191	1.000000	22189	Ἰβαῖοι	0.714286	0.285714	μιναιοι	μιναιοι
137497	Μισγομέναι	4	meineke_page_479.jpg	479	10651	ocr	OCR from image meineke_page_479.jpg (id=1651)	c39b53bc801126d7cca12a956e15dd1226a7a4f1aff8e3c224e7ef4d2b81ddc5	10297	Μισγομεναί	195	Μ195	1.000000	22196	Ἰδομεναί	0.700000	0.300000	μισγομεναι	μισγομεναι
137511	Μονᾶβαι	1	meineke_page_481.jpg	481	10665	ocr	OCR from image meineke_page_481.jpg (id=1653)	ffe37b0846cf39e79f3958c28ec63b85bdc2f2951de54b076ec918aac3c57824	10309	Μοναβαί	207	Μ207	1.000000	8987	Μανδαραί	0.625000	0.375000	μοναβαι	μοναβαι
137513	Μόνοικος	3	meineke_page_481.jpg	481	10667	ocr	OCR from image meineke_page_481.jpg (id=1653)	7bb150729915dc383a6f6015cf3ddbe39f053b052a5d91be7f303de0513f1618	10311	Μόνοικος	209	Μ209	1.000000	10314	Μοσσύνοικοι	0.636364	0.363636	μονοικοσ	μονοικοσ
137522	Μουμάστος		meineke_page_482.jpg	482	10676	ocr	OCR from image meineke_page_482.jpg (id=1654)	60e7223b3a9f49c187f7c06f60049b30e662576cfd82763155886f206352744a	10321	Μούμαστος	219	Μ219	1.000000	115298	Βούβαστος	0.777778	0.222222	μουμαστοσ	μουμαστοσ
137523	Μουνυχία		meineke_page_483.jpg	483	10677	ocr	OCR from image meineke_page_483.jpg (id=1655)	da639b533d26dd81e1c83a4e2e022dadfb009fc55853f4fb5ddd50316b0682a7	10322	Μουνυχία	220	Μ220	1.000000	11060	Μωνυχία	0.750000	0.250000	μουνυχια	μουνυχια
137532	Μυκάλη		meineke_page_484.jpg	484	10686	ocr	OCR from image meineke_page_484.jpg (id=1656)	159f022de58af8a6b8e88364ccebc5136271e5fb387e08eb95106e68775c1e3d	10331	Μυκάλη	229	Μ229	1.000000	10303	Μόκλη	0.666667	0.333333	μυκαλη	μυκαλη
137535	Μύκοι		meineke_page_485.jpg	485	10689	ocr	OCR from image meineke_page_485.jpg (id=1657)	cfdfb0661de916a0bde276f6f3e91089d3115852ce9dd99e1a112aa526fda6c6	10334	Μύκοι	232	Μ232	1.000000	11028	Μύλιοι	0.666667	0.333333	μυκοι	μυκοι
137536	Μύκονος		meineke_page_485.jpg	485	10690	ocr	OCR from image meineke_page_485.jpg (id=1657)	0b0b36d93b3fa6b490eace62afafa32030154a8e804c395701b093b4eb9121ec	10335	Μύκονος	233	Μ233	1.000000	11041	Μύρκινος	0.750000	0.250000	μυκονοσ	μυκονοσ
137542	Μυόννησος		meineke_page_487.jpg	487	10696	ocr	OCR from image meineke_page_487.jpg (id=1659)	4a886a89b5c32bbbb154c4d78ccda5e74b629a2061561be864b18a3a7a9c8236	11033	Μυόννησος	243	Μ243	1.000000	7230	Κυνῶν νῆσος	0.700000	0.300000	μυοννησοσ	μυοννησοσ
137544	Μύρα		meineke_page_487.jpg	487	10698	ocr	OCR from image meineke_page_487.jpg (id=1659)	4292f5a50a6a747ea880d9c92bff528317be9fd92b5d3df94cfde81423fc0789	11035	Μύρα	245	Μ245	1.000000	22229	Ἴμυρα	0.800000	0.200000	μυρα	μυρα
137550	Μυρλεία		meineke_page_488.jpg	488	10704	ocr	OCR from image meineke_page_488.jpg (id=1660)	c33157eeb6c654d8cc1ad3354792f6f7192be72dd83d676b30bc6838ea8baaf5	11042	Μύρλεια	252	Μ252	1.000000	9008	Μάρεια	0.714286	0.285714	μυρλεια	μυρλεια
137559	Μυστία	1	meineke_page_490.jpg	490	10713	ocr	OCR from image meineke_page_490.jpg (id=1662)	f5eedf9b1b53c6415efaebfd0cf86af196729eb3c41469f2757916a11f27b480	11051	Μυστία	261	Μ261	1.000000	11050	Μυσία	0.833333	0.166667	μυστια	μυστια
137560	Μυτιλήνη	2	meineke_page_490.jpg	490	16024	ocr	OCR from image meineke_page_490.jpg (id=1662)	0b2622211efc563efe3a400b8646d1c7f0ee07b38f965394e6995e98e24f61c8	11052	Μυτιλήνη	262	Μ262	1.000000	7216	Κυλλήνη	0.625000	0.375000	μυτιληνη	μυτιληνη
137562	Μύων	4	meineke_page_490.jpg	490	10716	ocr	OCR from image meineke_page_490.jpg (id=1662)	25477cfa3d0bdfd140de61386d9558eb25717209bf2493b2d380cd4e7f3598d3	11055	Μύων	265	Μ265	1.000000	11029	Μύλων	0.800000	0.200000	μυων	μυων
137574	Ναξία		meineke_page_493.jpg	493	10728	ocr	OCR from image meineke_page_493.jpg (id=1665)	8aeb83818ae97cabe1a147f1aba89c83a20543d5a2ecae38a4cdc13403cf9cf3	11069	Ναξία	8	Ν8	1.000000	85712	Ἀξία	0.800000	0.200000	ναξια	ναξια
137575	Ναπαται		meineke_page_494.jpg	494	10729	ocr	OCR from image meineke_page_494.jpg (id=1666)	9a9383a40d3f92b8f7dd9d0a2f6bb4bd951e2c5fbc61b71e7057d443acafc671	11071	Ναπάται	10	Ν10	1.000000	121786	Γαλάται	0.714286	0.285714	ναπαται	ναπαται
137576	Νάπη		meineke_page_494.jpg	494	10730	ocr	OCR from image meineke_page_494.jpg (id=1666)	6b8081a49c9eb0ac257dd7944231d2555a420beffc78a2633d97ff52718e040c	11072	Νάπη	11	Ν11	1.000000	2329	Κάλπη	0.600000	0.400000	ναπη	ναπη
137577	Νάπις		meineke_page_494.jpg	494	10731	ocr	OCR from image meineke_page_494.jpg (id=1666)	d852699ed466c2b84cb2665f4ca43a11b99299eda2ff0362d504cf962bb24d37	11073	Νάπις	12	Ν12	1.000000	22182	Ἰαπίς	0.800000	0.200000	ναπισ	ναπισ
137587	Ναυπάκτος		meineke_page_495.jpg	495	10741	ocr	OCR from image meineke_page_495.jpg (id=1667)	a7fa7376cdb23658d7bc7a6af1b663108c3ce59a6b802329cfd8774bdb49862d	11083	Ναύπακτος	22	Ν22	1.000000	2498	Κάρπαθος	0.555556	0.444444	ναυπακτοσ	ναυπακτοσ
137592	Νεμέα	2	meineke_page_497.jpg	497	10746	ocr	OCR from image meineke_page_497.jpg (id=1669)	c33b095e00373272dc8d82986b95471a619615d2ca2b60682ff023ff78256b47	11093	Νεμέα	32	Ν32	1.000000	11088	Νέγλα	0.600000	0.400000	νεμεα	νεμεα
137593	Νεοκαισάρεια	3	meineke_page_497.jpg	497	10747	ocr	OCR from image meineke_page_497.jpg (id=1669)	15c24bd34fdb9a4a306e46e08be734e55f31f4a6adfce1fe449caad2bdacfdd7	11094	Νεοκαισάρεια	33	Ν33	1.000000	2079	Καισάρεια	0.750000	0.250000	νεοκαισαρεια	νεοκαισαρεια
137594	Νέον τεῖχος	4	meineke_page_497.jpg	497	10748	ocr	OCR from image meineke_page_497.jpg (id=1669)	06693cc4640099b7ab702f511f69e7cee575dc58fa2bb147e59a6af13125395a	11095	Νέον τεῖχος	34	Ν34	1.000000	131886	Χωλὸν τεῖχος	0.727273	0.272727	νεοντειχοσ	νεοντειχοσ
137596	Νέσσων	6	meineke_page_497.jpg	497	10750	ocr	OCR from image meineke_page_497.jpg (id=1669)	a99501762ba7b3babd43c2296862c267c9d950281834ab33d92556cce52a5714	11097	Νέσσων	36	Ν36	1.000000	11090	Νέδων	0.666667	0.333333	νεσσων	νεσσων
137597	Νέστος	7	meineke_page_497.jpg	497	10751	ocr	OCR from image meineke_page_497.jpg (id=1669)	4f5019c4e221a001408324269493627e0c83d5f37e531735e45bdb443baaf4bf	11098	Νέστος	37	Ν37	1.000000	11081	Νάστος	0.833333	0.166667	νεστοσ	νεστοσ
137598	Νευροί		meineke_page_498.jpg	498	10752	ocr	OCR from image meineke_page_498.jpg (id=1670)	a60b87ea841a1c13bd052943a4be2d3dbfb7715fd7cc2b21d34026b23e158f15	11099	Νευροί	38	Ν38	1.000000	48668	Τευκροί	0.714286	0.285714	νευροι	νευροι
137599	Νεφελοκοκκυγία		meineke_page_498.jpg	498	10753	ocr	OCR from image meineke_page_498.jpg (id=1670)	5b0c0128d207b3d0073f8310818ea8b92b7a10907bed1a196b3752b344b1e1f3	11100	Νεφελοκοκκυγία	39	Ν39	1.000000	3273	Κορκυρίς	0.357143	0.642857	νεφελοκοκκυγια	νεφελοκοκκυγια
137601	Νεών		meineke_page_498.jpg	498	10755	ocr	OCR from image meineke_page_498.jpg (id=1670)	f09f4f12608b78442b0c1f3f6fdf86a88538cbf24701789bed328a3de7d699bc	11102	Νεών	41	Ν41	1.000000	11090	Νέδων	0.800000	0.200000	νεων	νεων
137602	Νῆιον		meineke_page_498.jpg	498	10756	ocr	OCR from image meineke_page_498.jpg (id=1670)	d2addd95df765bda7b257b0a3fb77edde940bc8de3c2cdb9cd90daa0c7801002	11103	Νήιον	42	Ν42	1.000000	12744	Νότιον	0.666667	0.333333	νηιον	νηιον
137610	Νησωπή		meineke_page_499.jpg	499	10764	ocr	OCR from image meineke_page_499.jpg (id=1671)	7b61c92a243803a7348ebc34f7b6de7ca5fae002084280abcadff1f7acdfe396	11881	Νησώπη	49	Ν49	1.000000	2615	Κασσώπη	0.571429	0.428571	νησωπη	νησωπη
137614	Νικαῖα	1	meineke_page_500.jpg	500	10768	ocr	OCR from image meineke_page_500.jpg (id=1672)	d409530b58bf1bdee869a0e19908da7296168da70703d78f59453eff66f3caa4	11884	Νίκαια	52	Ν52	1.000000	11885	Νικασία	0.857143	0.142857	νικαια	νικαια
137616	Νικηφόριον	3	meineke_page_500.jpg	500	10770	ocr	OCR from image meineke_page_500.jpg (id=1672)	c1e4c113fe9d00f977eff09ec1fcbd312d11a040fe2bc0ff50929ddd636c407b	11887	Νικηφόριον	55	Ν55	1.000000	135419	Φιληνόριον	0.700000	0.300000	νικηφοριον	νικηφοριον
137618	Νικομήδεια	5	meineke_page_500.jpg	500	10772	ocr	OCR from image meineke_page_500.jpg (id=1672)	b2eadd418d4855920b3eb5653a9032d8bb3de244e2b760c6d110870619dac549	11889	Νικομήδεια	57	Ν57	1.000000	11890	Νικομήδειον	0.818182	0.181818	νικομηδεια	νικομηδεια
137619	Νικόπολις	6	meineke_page_500.jpg	500	10773	ocr	OCR from image meineke_page_500.jpg (id=1672)	cc26a5a525f8d042029cea17c0e116c4198e279b282f1de3774cd269b66b7b59	11891	Νικόπολις	59	Ν59	1.000000	135426	Φινόπολις	0.777778	0.222222	νικοπολισ	νικοπολισ
137620	Νικωνία		meineke_page_501.jpg	501	10774	ocr	OCR from image meineke_page_501.jpg (id=1673)	eb54f68540fc1f3ed9671e85d353a03960f47f7626de268daebb74e2e4a124c7	11892	Νικωνία	60	Ν60	1.000000	10290	Μιλωνία	0.714286	0.285714	νικωνια	νικωνια
137621	Νίναϊα		meineke_page_501.jpg	501	10775	ocr	OCR from image meineke_page_501.jpg (id=1673)	6e26adcba5db972bb23c448d38ee126d8de202a47667ad63592396bb32e8ea08	11893	Νίναια	61	Ν61	1.000000	11884	Νίκαια	0.833333	0.166667	νιναια	νιναια
137622	Νινόη		meineke_page_501.jpg	501	10776	ocr	OCR from image meineke_page_501.jpg (id=1673)	034df4fbd074a5e680fabeee2e6a9aa31cbf14379ed98aab4efd4c8ca9c5137e	11894	Νινόη	62	Ν62	1.000000	11895	Νῖνος	0.800000	0.200000	νινοη	νινοη
137630	Νῖψα		meineke_page_502.jpg	502	10784	ocr	OCR from image meineke_page_502.jpg (id=1674)	c0bb61c5951ebcfdecefbd1b210a5baa66cd60f3ade0df6744c80d773f54b8b1	11901	Νίψα	69	Ν69	1.000000	3088	Κάψα	0.500000	0.500000	νιψα	νιψα
137632	Νομαντία		meineke_page_503.jpg	503	10786	ocr	OCR from image meineke_page_503.jpg (id=1675)	092ebb327a7b66f28afa401bb7a9f6b4b64ffbbb51ff134f2ba43c04455ce858	12740	Νομαντία	71	Ν71	1.000000	82913	Ἀμαντία	0.750000	0.250000	νομαντια	νομαντια
137633	Νόμβα		meineke_page_503.jpg	503	10787	ocr	OCR from image meineke_page_503.jpg (id=1675)	fa3d5c3525214a3133871b08e6ea684bf65f72bcb81673589e9815d822b9e352	12741	Νόμβα	72	Ν72	1.000000	11903	Νοῦβαι	0.666667	0.333333	νομβα	νομβα
137635	Νοστία		meineke_page_503.jpg	503	10789	ocr	OCR from image meineke_page_503.jpg (id=1675)	8201a7161d124b78dd38532d972cd0b7e439aaca56db293d3050fbe9702575bb	12743	Νοστία	74	Ν74	1.000000	11051	Μυστία	0.666667	0.333333	νοστια	νοστια
137636	Νότιον		meineke_page_503.jpg	503	10790	ocr	OCR from image meineke_page_503.jpg (id=1675)	f97db6da92254294a22f9c39556c3b43b100b85e427296f8366cfe0a30038a62	12744	Νότιον	75	Ν75	1.000000	3272	Κόριον	0.666667	0.333333	νοτιον	νοτιον
137641	Νύμφαιον		meineke_page_503.jpg	503	10795	ocr	OCR from image meineke_page_503.jpg (id=1675)	3d81c3988ff2fdb73a7e0f49906fdbfd3dae11ac29b0b387f48a50c50ab3e178	11907	Νύμφαιον	80	Ν80	1.000000	11906	Νυμφαία	0.750000	0.250000	νυμφαιον	νυμφαιον
137644	Νύραξ		meineke_page_504.jpg	504	10798	ocr	OCR from image meineke_page_504.jpg (id=1676)	704471777832b8a4927c4e769e154eb90a6d538be95df9dac63dd8933084193b	11909	Νύραξ	82	Ν82	1.000000	3265	Κόραξ	0.600000	0.400000	νυραξ	νυραξ
137651	Ξιλια		meineke_page_506.jpg	506	10805	ocr	OCR from image meineke_page_506.jpg (id=1678)	59a73783c314c929a391a0032a0f578be6e539a000a29ccfe6bea6d33b395b33	11923	Ξιλία	7	Ξ7	1.000000	61178	Αἰλία	0.800000	0.200000	ξιλια	ξιλια
137654	Ξοις		meineke_page_506.jpg	506	10808	ocr	OCR from image meineke_page_506.jpg (id=1678)	b3c80ea16f1e6fc781cb300cc31ae78c3eb36a0484e5e5c7fc2769e12b27f89e	11926	Ξόϊς	10	Ξ10	1.000000	11928	Ξοῦχις	0.666667	0.333333	ξοισ	ξοισ
137655	Ξουθια		meineke_page_506.jpg	506	10809	ocr	OCR from image meineke_page_506.jpg (id=1678)	57a2e7c55ecbdfd00a93996dcee4a9f1361d307b89ae50ef91bf16071811dff7	11927	Ξουθία	11	Ξ11	1.000000	115303	Βουθία	0.833333	0.166667	ξουθια	ξουθια
137656	Ξουχις		meineke_page_506.jpg	506	10810	ocr	OCR from image meineke_page_506.jpg (id=1678)	94fc37896d33bc349ad9e8a788988eee6935f94ad218532ec99f25e9e56aea59	11928	Ξοῦχις	12	Ξ12	1.000000	19503	Ζοῦχις	0.833333	0.166667	ξουχισ	ξουχισ
137657	Ξυλος		meineke_page_506.jpg	506	10811	ocr	OCR from image meineke_page_506.jpg (id=1678)	1f0f29c9eaf18ae01dff173f76e193bbaf9dffbeaf1601761c3199b9d24d0e02	11929	Ξύλος	13	Ξ13	1.000000	30135	Πύλος	0.800000	0.200000	ξυλοσ	ξυλοσ
137658	Ξυνια		meineke_page_506.jpg	506	10812	ocr	OCR from image meineke_page_506.jpg (id=1678)	d6ba052101a4f074af99b8e798c472dd88f5d6c5e5ae7e317844637024bb91d9	11930	Ξυνία	14	Ξ14	1.000000	20837	Θυνία	0.800000	0.200000	ξυνια	ξυνια
137660	Ξυστις	1	meineke_page_507.jpg	507	10814	ocr	OCR from image meineke_page_507.jpg (id=1679)	5403f2ffff4419b9f33779d0bfef6285c05db93b8907415c8673a97b2ff9c0b8	11932	Ξύστις	16	Ξ16	1.000000	4936	Δύστος	0.666667	0.333333	ξυστισ	ξυστισ
137666	Ὄγκαίαι	7	meineke_page_507.jpg	507	10820	ocr	OCR from image meineke_page_507.jpg (id=1679)	cf40341c5f8955b3e4bce2dd06f493a746a492cb5810b5fcea085692c172c280	11938	Ὀγκαῖαι	6	Ο6	1.000000	17063	Ἐορδαῖαι	0.625000	0.375000	ογκαιαι	ογκαιαι
137667	Ὄγκεῖον	8	meineke_page_507.jpg	507	10821	ocr	OCR from image meineke_page_507.jpg (id=1679)	7d3f90cca3e605f7f70d1dccdfa6b44dcac73c0097c22510356e6a734278da1e	11939	Ὄγκειον	7	Ο7	1.000000	8457	Λύκειον	0.714286	0.285714	ογκειον	ογκειον
137671	Ὀδύσσεῖς		meineke_page_509.jpg	509	10825	ocr	OCR from image meineke_page_509.jpg (id=1681)	058b48165ca00e12165c65f503b8384810c6c46dc02a439ca9df0b2848bf05b6	12789	Ὀδυσσεῖς	15	Ο15	1.000000	61175	Αἰθυσσεῖς	0.666667	0.333333	οδυσσεισ	οδυσσεισ
137675	Οἰδάντιον	1	meineke_page_510.jpg	510	10829	ocr	OCR from image meineke_page_510.jpg (id=1682)	d009c98b643bcd8a8b21a8dcfeea6ce9eb7207e62015a4222b556759bb327c08	12793	Οἰδάντιον	19	Ο19	1.000000	10283	Μιδάειον	0.666667	0.333333	οιδαντιον	οιδαντιον
137677	Οἰκου̂ς	3	meineke_page_510.jpg	510	10831	ocr	OCR from image meineke_page_510.jpg (id=1682)	6e5b2ee4980926936aaa883d5ee061aff97e2866d736832d5c1e6c09df8ab87d	12795	Οἰκοῦς	21	Ο21	1.000000	12794	Οἶκος	0.833333	0.166667	οικουσ	οικουσ
137680	Οἰνεών	6	meineke_page_510.jpg	510	10834	ocr	OCR from image meineke_page_510.jpg (id=1682)	6dfe22ddf13f9e24b5a329ab74d55b3a40df3871aeb54a110e4b24424765a504	12798	Οἰνεών	24	Ο24	1.000000	11102	Νεών	0.666667	0.333333	οινεων	οινεων
137683	Οἴνωνη		meineke_page_511.jpg	511	10837	ocr	OCR from image meineke_page_511.jpg (id=1683)	6b03f3ccb47492082176af4ed561d58f68e1c9ac7abb4d64246743d590f8ba74	12804	Οἰνώνη	30	Ο30	1.000000	12798	Οἰνεών	0.666667	0.333333	οινωνη	οινωνη
137684	Οἰνούς		meineke_page_511.jpg	511	10838	ocr	OCR from image meineke_page_511.jpg (id=1683)	effbbd7cd0e1f188af9232680d910e37f2a567c9507048e0a6aa6c7bda38f2a8	12802	Οἰνοῦς	28	Ο28	1.000000	12795	Οἰκοῦς	0.833333	0.166667	οινουσ	οινουσ
137691	Οἴσυμη		meineke_page_512.jpg	512	10845	ocr	OCR from image meineke_page_512.jpg (id=1684)	3bfe2d61abead1415ffcd48bafc3f4ef4a135434756d5a561e45d81ea651ab4b	12808	Οἰσύμη	34	Ο34	1.000000	61192	Αἰσύμη	0.833333	0.166667	οισυμη	οισυμη
137692	Οἶτη		meineke_page_512.jpg	512	10846	ocr	OCR from image meineke_page_512.jpg (id=1684)	d66f5d34eab2b7ef59125a95f27aa81ee3acbd9259ddcd71f222742d226353e0	12809	Οἴτη	35	Ο35	1.000000	12799	Οἴνη	0.750000	0.250000	οιτη	οιτη
137695	Οἰχαλία		meineke_page_513.jpg	513	10849	ocr	OCR from image meineke_page_513.jpg (id=1685)	9977ac7018130af7a651aa0fb50562664e3543d94c30748422e2938add94e6cb	12811	Οἰχαλία	37	Ο37	1.000000	23669	Ἰταλία	0.714286	0.285714	οιχαλια	οιχαλια
137696	Ὀλβηλος	1	meineke_page_514.jpg	514	10850	ocr	OCR from image meineke_page_514.jpg (id=1686)	e1ea4873205b872b21d65b99b976848b21dd4647730a1b2d79182176057a5bcc	12814	Ὄλβηλος	40	Ο40	1.000000	135382	Φάρβηλος	0.625000	0.375000	ολβηλοσ	ολβηλοσ
137697	Ὀλβία	2	meineke_page_514.jpg	514	10851	ocr	OCR from image meineke_page_514.jpg (id=1686)	cf0c42007cea73cb3d6778c3af418e8d2ac12e80d7fd79cd8c02203d5a89f290	12815	Ὀλβία	41	Ο41	1.000000	135433	Φοιβία	0.666667	0.333333	ολβια	ολβια
137703	Ὀλύμπη	2	meineke_page_516.jpg	516	10857	ocr	OCR from image meineke_page_516.jpg (id=1688)	22a5257c9d5d8d44e09d8fe6caf324588a300df61c84e137629b963a34e2be8f	12831	Ὀλύμπη	57	Ο57	1.000000	12832	Ὀλυμπία	0.714286	0.285714	ολυμπη	ολυμπη
137704	Ὀλυμπία	3	meineke_page_516.jpg	516	10858	ocr	OCR from image meineke_page_516.jpg (id=1688)	2477415ffb4ee1cd7fff539dad5d0d8ff812e6d1b7cf0b3e940cb5bfaa8a7609	12832	Ὀλυμπία	58	Ο58	1.000000	12831	Ὀλύμπη	0.714286	0.285714	ολυμπια	ολυμπια
137707	Ὀλυνθος	6	meineke_page_516.jpg	516	10861	ocr	OCR from image meineke_page_516.jpg (id=1688)	5c6671fb4b40600b2d8ff1dfa4297d4f021d08b4f6e6ba26eb42dc5f741cecc6	12835	Ὄλυνθος	61	Ο61	1.000000	7222	Κύνθος	0.714286	0.285714	ολυνθοσ	ολυνθοσ
137709	Ὀμάριον	8	meineke_page_516.jpg	516	10863	ocr	OCR from image meineke_page_516.jpg (id=1688)	366fdb0c596c30f2630a4d47bf8cc9195f1dde59429e2312de37e41b565f6af1	12837	Ὁμάριον	63	Ο63	1.000000	9013	Μάριον	0.857143	0.142857	ομαριον	ομαριον
137710	Ὅμβοι	1	meineke_page_517.jpg	517	10864	ocr	OCR from image meineke_page_517.jpg (id=1689)	fb7cb6aa4046b4b0526850e0fb39d5dec0cf82562ce02592e51e79ac4b9c9da3	12838	Ὄμβοι	64	Ο64	1.000000	125109	Γόμφοι	0.666667	0.333333	ομβοι	ομβοι
137714	Ὁμφάκη		meineke_page_518.jpg	518	10868	ocr	OCR from image meineke_page_518.jpg (id=1690)	1e0be4972c72bbee40dd4af3b6a6e0a0abe81fc4fe6dbb7fcc70d27f0edc6b70	12843	Ὀμφάκη	69	Ο69	1.000000	102821	Ἀφάκη	0.666667	0.333333	ομφακη	ομφακη
137715	Ὁμφάλιον		meineke_page_518.jpg	518	10869	ocr	OCR from image meineke_page_518.jpg (id=1690)	15f7caaee0a3972761463136f651e7dff24a075e2571d6a316ff55eb46efc4c6	12844	Ὀμφάλιον	70	Ο70	1.000000	12837	Ὁμάριον	0.750000	0.250000	ομφαλιον	ομφαλιον
137716	Ὀνειβατις		meineke_page_518.jpg	518	10870	ocr	OCR from image meineke_page_518.jpg (id=1690)	3d8c8d6c2365c3593ef6d316a59fc9dc05d46e902871c0ebd0f63930beaad643	12845	Ὀνείβατις	71	Ο71	1.000000	85703	Ἀντιπατρίς	0.600000	0.400000	ονειβατισ	ονειβατισ
137718	Ὀννη		meineke_page_518.jpg	518	10872	ocr	OCR from image meineke_page_518.jpg (id=1690)	ea3070498f722018627538ac66416406db529847b4bc68d488618c9cc7670e5b	12847	Ὄννη	73	Ο73	1.000000	12799	Οἴνη	0.750000	0.250000	οννη	οννη
137724	Ὄπικοι		meineke_page_519.jpg	519	10878	ocr	OCR from image meineke_page_519.jpg (id=1691)	f857441f3e66109090171e03593c1a75170bc7871ad5a36181d915886b9aa7c2	12853	Ὀπικοί	79	Ο79	1.000000	12794	Οἶκος	0.666667	0.333333	οπικοι	οπικοι
137729	Ὀργών		meineke_page_519.jpg	519	10883	ocr	OCR from image meineke_page_519.jpg (id=1691)	d2d5594e6b2264d16712804ef8417c3e8b8e747e9c667099d2a78cfcb050c7e5	12858	Ὀργών	84	Ο84	1.000000	31990	Ῥών	0.600000	0.400000	οργων	οργων
137730	Ὀρδαία		meineke_page_519.jpg	519	10884	ocr	OCR from image meineke_page_519.jpg (id=1691)	7ff20cf0e1a92b479ccd8b6a430fe4362c7a46b11fdc365fc410c229deb6984a	12859	Ὀρδαία	85	Ο85	1.000000	17063	Ἐορδαῖαι	0.750000	0.250000	ορδαια	ορδαια
137735	'Ορεστια	3	meineke_page_520.jpg	520	10889	ocr	OCR from image meineke_page_520.jpg (id=1692)	c806b6713829877e912ebb79a3e0a7d6179b9a3ee13b9a2249f04938089ccf61	12863	Ὀρεστία	89	Ο89	1.000000	12861	Ὀρέσται	0.714286	0.285714	ορεστια	ορεστια
137744	Πάλτος	3	meineke_page_523.jpg	523	10898	ocr	OCR from image meineke_page_523.jpg (id=1695)	559c9ecea06a8b4f2f71df5c1aa4cd63356d6a6de008774f0a5bb316f48c2678	25139	Πάλτος	7	Π7	1.000000	82890	Ἄλτὸς	0.833333	0.166667	παλτοσ	παλτοσ
137748	Παναϊόυρα		meineke_page_524.jpg	524	10902	ocr	OCR from image meineke_page_524.jpg (id=1696)	39ccc4ac186ce2dbf212086dd89945a751e6dcfb435491062a55ff2a1b1df397	25143	Παναίουρα	11	Π11	1.000000	25142	Παναῖοι	0.666667	0.333333	παναιουρα	παναιουρα
137752	Πανεάς		meineke_page_524.jpg	524	10906	ocr	OCR from image meineke_page_524.jpg (id=1696)	25ac120a165874facd32c557b02a8c581d50d58a2108e0362f41b1524f696ea6	25148	Πανεάς	16	Π16	1.000000	25150	Πάνελος	0.714286	0.285714	πανεασ	πανεασ
137753	Πανέλληνες	1	meineke_page_525.jpg	525	10907	ocr	OCR from image meineke_page_525.jpg (id=1697)	cbaa9d74c4f106d342725b7ed324fd96f0f477cb7d42b1c1d8993b04d95d9652	25149	Πανέλληνες	17	Π17	1.000000	25137	Παλλήνη	0.600000	0.400000	πανελληνεσ	πανελληνεσ
137755	Πανία	3	meineke_page_525.jpg	525	10909	ocr	OCR from image meineke_page_525.jpg (id=1697)	1c7173df758cf243552a7f8ecd142604741cc05cfd9ed58e79a9c47a2dbff06b	25151	Πανία	19	Π19	1.000000	2493	Καρνία	0.666667	0.333333	πανια	πανια
137756	Πανιώνιον	4	meineke_page_525.jpg	525	10910	ocr	OCR from image meineke_page_525.jpg (id=1697)	6e4e263b10b561125db532d154d5cb4dc097745e614c027acdce0f80a637e2ff	25152	Πανιώνιον	20	Π20	1.000000	7636	Λαβίνιον	0.666667	0.333333	πανιωνιον	πανιωνιον
137758	Πανόπη	6	meineke_page_525.jpg	525	10912	ocr	OCR from image meineke_page_525.jpg (id=1697)	be18a936ce3f6c2667574eefdc9f652b9307dff9ee8b7860c69f242c0584e4d6	25153	Πανόπη	22	Π22	1.000000	17059	Ἐνόπη	0.666667	0.333333	πανοπη	πανοπη
137759	Πάνορμος		meineke_page_526.jpg	526	10913	ocr	OCR from image meineke_page_526.jpg (id=1698)	d143cdebd7f28c9312ec43bb2dfd58d519a6b89503b3c312822ceea17bfba1d5	25154	Πάνορμος	23	Π23	1.000000	26690	Πάτουμος	0.750000	0.250000	πανορμοσ	πανορμοσ
137762	Παντικάπαιον		meineke_page_526.jpg	526	10916	ocr	OCR from image meineke_page_526.jpg (id=1698)	57cf0c42016daf309786e519925fbeffeb424cf35dbbb7c158d2eeeb03cd70bb	25157	Παντικάπαιον	26	Π26	1.000000	25158	Παντομάτριον	0.666667	0.333333	παντικαπαιον	παντικαπαιον
137765	Παπίτιον		meineke_page_527.jpg	527	10919	ocr	OCR from image meineke_page_527.jpg (id=1699)	79aa65a9d3706bad6357900ab275da27277cf2640bd31f852ef200b3a3560bb4	25159	Παπίτιον	28	Π28	1.000000	105834	Βαίτιον	0.750000	0.250000	παπιτιον	παπιτιον
137767	Παράδεισος		meineke_page_527.jpg	527	10921	ocr	OCR from image meineke_page_527.jpg (id=1699)	71ff4583e7177319b95c62333f631349f0c86baf00e1ffcf5555ba3f4c634f03	25161	Παράδεισος	30	Π30	1.000000	25163	Παραισός	0.800000	0.200000	παραδεισοσ	παραδεισοσ
137773	Παραποταμία		meineke_page_528.jpg	528	10927	ocr	OCR from image meineke_page_528.jpg (id=1700)	c1742789b3e917cee583658ae06f97c109b228eee44062be04978ab1d959002b	26659	Παραποταμία	36	Π36	1.000000	25164	Παραίτακα	0.636364	0.363636	παραποταμια	παραποταμια
137779	Παρθένιον		meineke_page_528.jpg	528	19461	ocr	OCR from image meineke_page_529.jpg (id=1701)	89cc431eea0c421d9c54437a6ea43b305bf5253be637d2af6a69869ef2684281	26665	Παρθένιον	42	Π42	1.000000	25166	Παρθένιος	0.888889	0.111111	παρθενιον	παρθενιον
137783	Πάρθος	1	meineke_page_530.jpg	530	10937	ocr	OCR from image meineke_page_530.jpg (id=1702)	90606e8b4317acbbe83a7834329eb70084c29d9a9f707572f23a1ba41fad7491	25170	Πάρθος	47	Π47	1.000000	26679	Πάρος	0.833333	0.166667	παρθοσ	παρθοσ
137786	Πάριον	4	meineke_page_530.jpg	530	10940	ocr	OCR from image meineke_page_530.jpg (id=1702)	62079f30c34a4ae0918f6ec8614bf8a08058b1772b047175860832fc97f858ef	25173	Πάριον	50	Π50	1.000000	9013	Μάριον	0.833333	0.166667	παριον	παριον
137791	Παρῥασία		meineke_page_534.jpg	534	10945	ocr	OCR from image meineke_page_534.jpg (id=1706)	921b69a9ce2f6a3548c4b93394b384c2153649f249089ed2412743d50e0bba57	26681	Παρρασία	58	Π58	1.000000	2597	Καρπασία	0.750000	0.250000	παρρασια	παρρασια
137793	Πάσσα		meineke_page_534.jpg	534	10947	ocr	OCR from image meineke_page_534.jpg (id=1706)	a39a5504f93d59af6f970b98fdf38272a70147edcc0e0891ee811436d9afa4ac	26683	Πάσσα	60	Π60	1.000000	102762	Ἄσσα	0.800000	0.200000	πασσα	πασσα
137794	Πάσσαλα		meineke_page_534.jpg	534	10948	ocr	OCR from image meineke_page_534.jpg (id=1706)	01da75cfd425503e5a3fb397c4b03b03b5169c9c86cf932198cc8c915594a968	26684	Πάσσαλα	61	Π61	1.000000	9030	Μασσαλία	0.750000	0.250000	πασσαλα	πασσαλα
137796	Πάταλα		meineke_page_535.jpg	535	10950	ocr	OCR from image meineke_page_535.jpg (id=1707)	87d2a16b314ddc68348dd823c6f15a8dd30cac7c067d1267ab71647da1d64b34	26687	Πάταλα	64	Π64	1.000000	26689	Πάταρα	0.833333	0.166667	παταλα	παταλα
137797	Πάταλος		meineke_page_535.jpg	535	10951	ocr	OCR from image meineke_page_535.jpg (id=1707)	82279c264653db95e969b7dd4a293fdb29f9f497f15f8b62a30d362534fea463	26688	Πάταλος	65	Π65	1.000000	26658	Πάραλος	0.857143	0.142857	παταλοσ	παταλοσ
137798	Πάταρα		meineke_page_535.jpg	535	10952	ocr	OCR from image meineke_page_535.jpg (id=1707)	29d5ca6c9c9e4cc2bfa91616eeb52c64c5e862b3ff5219632910a39ad138659c	26689	Πάταρα	66	Π66	1.000000	26687	Πάταλα	0.833333	0.166667	παταρα	παταρα
137803	Πατρίς		meineke_page_537.jpg	537	10957	ocr	OCR from image meineke_page_537.jpg (id=1709)	e090295d151019814aa6e89549179ec671828f0e81f79ebb273f0eba2c2294c9	26695	Πατρίς	72	Π72	1.000000	26686	Πάστερις	0.750000	0.250000	πατρισ	πατρισ
137804	Πατρόκλου νῆσος		meineke_page_537.jpg	537	10958	ocr	OCR from image meineke_page_537.jpg (id=1709)	4547abd61d5e94a2363f86eb1062c89c6267348eb5257e0948de5497e887fd30	26696	Πατρόκλου νῆσος	73	Π73	1.000000	30101	Προκόννησος	0.714286	0.285714	πατροκλουνησοσ	πατροκλουνησοσ
137809	Πελλα		meineke_page_540.jpg	540	10963	ocr	OCR from image meineke_page_540.jpg (id=1712)	031620e0749daeaecb81747c88f3d7db5e0762f71e85c00a80514a18c43481cf	26715	Πέλλα	92	Π92	1.000000	18184	Ἕλλα	0.800000	0.200000	πελλα	πελλα
137810	Πελληνη		meineke_page_540.jpg	540	10964	ocr	OCR from image meineke_page_540.jpg (id=1712)	427a10638441d0c8ddc781d9b57170e8f5af3805871dea29a9eb0ab8e7377809	26716	Πελλήνη	93	Π93	1.000000	25137	Παλλήνη	0.857143	0.142857	πελληνη	πελληνη
137811	Πελοποννησος		meineke_page_540.jpg	540	10965	ocr	OCR from image meineke_page_540.jpg (id=1712)	41307d5323d480c0e3c8ad1855fdd7e5f141e4dbaf5c4665a635643c2779a61a	26718	Πελοπόννησος	95	Π95	1.000000	30101	Προκόννησος	0.750000	0.250000	πελοποννησοσ	πελοποννησοσ
137812	Πελταί		meineke_page_541.jpg	541	10966	ocr	OCR from image meineke_page_541.jpg (id=1713)	9334590599ed152b7bb555222e15b3f7ee34d28a04e008f41a7e7bc00d1d6760	26719	Πέλται	96	Π96	1.000000	13828	Δέλτα	0.666667	0.333333	πελται	πελται
137813	Περαῖα		meineke_page_542.jpg	542	10967	ocr	OCR from image meineke_page_542.jpg (id=1714)	2dc8b0dff8a9b9985e29d96a4c36c09a8d2ac926be5f61d248a923746adc1674	26725	Περαία	102	Π102	1.000000	13837	Δέραια	0.833333	0.166667	περαια	περαια
137820	Περιϑοίδαι		meineke_page_542.jpg	542	10973	ocr	OCR from image meineke_page_542.jpg (id=1714)	9ec577d3a5516383655b4c3114a8616e63002150fe8563fc7dc301ae71f28613	26732	Περιθοῖδαι	109	Π109	1.000000	26740	Περρίδαι	0.700000	0.300000	περιθοιδαι	περιθοιδαι
137821	Περινϑος		meineke_page_542.jpg	542	10974	ocr	OCR from image meineke_page_542.jpg (id=1714)	53a9c3bf90e2c7466eab327569345c97f77b8729d5e6813d9d0a78988fe59657	26733	Πέρινθος	110	Π110	1.000000	3269	Κόρινθος	0.750000	0.250000	περινθοσ	περινθοσ
137825	Περουσία		meineke_page_543.jpg	543	10978	ocr	OCR from image meineke_page_543.jpg (id=1715)	c371a5fdaf2aaeed10af7a1c08d483b4a7e61484cdf9fff3811775b91b9c475a	26737	Περουσία	114	Π114	1.000000	30115	Προῦσα	0.750000	0.250000	περουσια	περουσια
137835	Πετεών	5	meineke_page_544.jpg	544	10988	ocr	OCR from image meineke_page_544.jpg (id=1716)	5c12e0b13d70f15c41ee3ef230d79f303dd6c8b6694b346ab06e9ff8a52aaced	28312	Πετεών	123	Π123	1.000000	10212	Μεδεών	0.666667	0.333333	πετεων	πετεων
137839	Πετροσάκα	9	meineke_page_544.jpg	544	10992	ocr	OCR from image meineke_page_544.jpg (id=1716)	68689aba0474f009ca3e8f3ce0af187e7589371200348a8f6242513cf4193899	28316	Πετροσάκα	127	Π127	1.000000	28317	Πέτροσσα	0.777778	0.222222	πετροσακα	πετροσακα
137842	Πευκέτιοι		meineke_page_545.jpg	545	10995	ocr	OCR from image meineke_page_545.jpg (id=1717)	a64ee073bd6fe147f61ec3b4cc7fab0511ccf86cf0339cd4b24e08e37d059824	28319	Πευκέτιοι	130	Π130	1.000000	13825	Δεκέντιοι	0.666667	0.333333	πευκετιοι	πευκετιοι
137844	Πήλιον		meineke_page_546.jpg	546	10997	ocr	OCR from image meineke_page_546.jpg (id=1718)	f1dd6eb7257837d5bb596d8cac8475ed525f7a7ed90008e2b44a9f0e9b7b8db9	28328	Πήλιον	139	Π139	1.000000	13841	Δήλιον	0.833333	0.166667	πηλιον	πηλιον
137846	Πηλούσιον		meineke_page_546.jpg	546	10999	ocr	OCR from image meineke_page_546.jpg (id=1718)	ead6775aab849259b4ed2995c4930c23a76355a28bb30433b5c251ad9755e04d	28330	Πηλούσιον	141	Π141	1.000000	30039	Πλούτιον	0.777778	0.222222	πηλουσιον	πηλουσιον
137847	Πῆρα		meineke_page_546.jpg	546	11000	ocr	OCR from image meineke_page_546.jpg (id=1718)	2c48c137a2c8e18d971ef46b97f000d0445c65862a8f28ea1d12c4ed1779abcc	28331	Πήρα	142	Π142	1.000000	11922	Ξήρα	0.750000	0.250000	πηρα	πηρα
137849	Πιακος		meineke_page_547.jpg	547	11002	ocr	OCR from image meineke_page_547.jpg (id=1719)	8f240be3fd71d34c6de19f8902bef69b7e0d2da15db610533f46e2975a0320f3	28333	Πίακος	144	Π144	1.000000	30083	Πρᾶκνος	0.714286	0.285714	πιακοσ	πιακοσ
137850	Πιαλέια		meineke_page_547.jpg	547	11003	ocr	OCR from image meineke_page_547.jpg (id=1719)	d51cb999978250f382951b1ae4801c53cf8d8526e5db0f19637a4944c0cd5a8e	28334	Πιάλεια	145	Π145	1.000000	28371	Ποδάλεια	0.750000	0.250000	πιαλεια	πιαλεια
137851	Πιάσται		meineke_page_547.jpg	547	11004	ocr	OCR from image meineke_page_547.jpg (id=1719)	681f3e0dd46f56269038ccd009d054bf7cbe3b050e84731a9165cba3d2ad5032	28335	Πιάσται	146	Π146	1.000000	30087	Πρασιαί	0.714286	0.285714	πιασται	πιασται
137854	Πιθηκούσσαι	1	meineke_page_548.jpg	548	11007	ocr	OCR from image meineke_page_548.jpg (id=1720)	46e3acf43d73aecd8a8556dae9231153f61b6966cda149c763b65d484307c380	28338	Πιθηκοῦσσαι	149	Π149	1.000000	28358	Πιτυοῦσσαι	0.727273	0.272727	πιθηκουσσαι	πιθηκουσσαι
137855	Πιθήκων κόλπος	2	meineke_page_548.jpg	548	11008	ocr	OCR from image meineke_page_548.jpg (id=1720)	df4bd3b84f330a53c1891feb3364770b035b926219613cb03d72a1dd98852883	28339	Πιθήκων κόλπος	150	Π150	1.000000	22209	Ἱερὸς κόλπος	0.538462	0.461538	πιθηκωνκολποσ	πιθηκωνκολποσ
137856	Πίθος	3	meineke_page_548.jpg	548	16074	ocr	OCR from image meineke_page_548.jpg (id=1720)	4b9d3a37c4343607bb58cf551f11c96c53c8486688999202dacf74b6477dc012	28340	Πίθος	151	Π151	1.000000	25170	Πάρθος	0.666667	0.333333	πιθοσ	πιθοσ
137857	Πικεντία	4	meineke_page_548.jpg	548	11010	ocr	OCR from image meineke_page_548.jpg (id=1720)	9e33d009d99720268729f1ed64a68807cdedb17631ed5d2711dd406f992aeb4b	28341	Πικεντία	152	Π152	1.000000	28360	Πλακεντία	0.777778	0.222222	πικεντια	πικεντια
137858	Πικιαντες	5	meineke_page_548.jpg	548	11011	ocr	OCR from image meineke_page_548.jpg (id=1720)	d20a201b604b4d969427a46701b0ba3ba2177914e2703b7e0c27487df7b2cb1d	28342	Πικίαντες	153	Π153	1.000000	28318	Πευκετίαντες	0.666667	0.333333	πικιαντεσ	πικιαντεσ
137864	Πισιδία	1	meineke_page_549.jpg	549	11017	ocr	OCR from image meineke_page_549.jpg (id=1721)	efb9fe3c8e9c1f52e3b083e7cf17b37a0a18a7516c7fab01c7c7730e8f43f86d	28348	Πισιδία	159	Π159	1.000000	28401	Ποτίδαια	0.625000	0.375000	πισιδια	πισιδια
137865	Πισσαΐον	2	meineke_page_549.jpg	549	11018	ocr	OCR from image meineke_page_549.jpg (id=1721)	80db156c9a91dc2b3694df49324a2cc75c66972f5e25ce8593ac9fc6dd4c83db	28350	Πισσαῖον	161	Π161	1.000000	9641	Μεσσάπιον	0.666667	0.333333	πισσαιον	πισσαιον
137867	Πιτάνη	4	meineke_page_549.jpg	549	11020	ocr	OCR from image meineke_page_549.jpg (id=1721)	e2bd10d4fd1ea350e3d1c0657ac7216ec7bf1cbf391f68b4d0f4d4f8ecc0f100	28353	Πιτάνη	164	Π164	1.000000	48705	Τιτάνη	0.833333	0.166667	πιτανη	πιτανη
137871	Πιτυή		meineke_page_550.jpg	550	11024	ocr	OCR from image meineke_page_550.jpg (id=1722)	52553906259855f29bbc907bed1b0d9ff6d5130484e66e3367420e8761b92ce7	28357	Πιτύη	168	Π168	1.000000	28352	Πισύη	0.800000	0.200000	πιτυη	πιτυη
137874	Πλακεντία		meineke_page_550.jpg	550	11027	ocr	OCR from image meineke_page_550.jpg (id=1722)	855b99105218d8401d81054fca200e455196991bffee50555093b1d64aebe396	28360	Πλακεντία	171	Π171	1.000000	28341	Πικεντία	0.777778	0.222222	πλακεντια	πλακεντια
137876	Πλάμος		meineke_page_550.jpg	550	11029	ocr	OCR from image meineke_page_550.jpg (id=1722)	8d7f49a831929af9e4940194038770dc96e53237674cd5cf39e0d3a3d8e23e61	28362	Πλάμος	173	Π173	1.000000	30140	Πύραμος	0.714286	0.285714	πλαμοσ	πλαμοσ
137880	Πλαταιαί		meineke_page_551.jpg	551	11033	ocr	OCR from image meineke_page_551.jpg (id=1723)	b75e2e0ad02ab85d62f108b1f1ffecac28da2950e5167807fdfa52eb8711f992	28365	Πλαταιαί	176	Π176	1.000000	28363	Πλαραῖοι	0.750000	0.250000	πλαταιαι	πλαταιαι
137882	Πλούτιον	1	meineke_page_553.jpg	553	11035	ocr	OCR from image meineke_page_553.jpg (id=1725)	6397e9ac5f761ff8ce890224caf510254b52d4ff76cb86bb418ef60d7100ec3a	30039	Πλούτιον	184	Π184	1.000000	28330	Πηλούσιον	0.777778	0.222222	πλουτιον	πλουτιον
137883	Πλυνέαι	2	meineke_page_553.jpg	553	11036	ocr	OCR from image meineke_page_553.jpg (id=1725)	4c5728a43d371460a039799e9c9fc9a77f253cbec890bb37ff0fd5bff5e19d45	30040	Πλυνέαι	185	Π185	1.000000	105842	Βαλανέαι	0.625000	0.375000	πλυνεαι	πλυνεαι
137884	Πλώθεια	3	meineke_page_553.jpg	553	11037	ocr	OCR from image meineke_page_553.jpg (id=1725)	1b1533b4b7a6be939300843d8c3160b20570994c2cdd0cce51607876fa38d9f0	30041	Πλώθεια	186	Π186	1.000000	28367	Πλατεῖα	0.714286	0.285714	πλωθεια	πλωθεια
137886	Πνύξ	5	meineke_page_553.jpg	553	11039	ocr	OCR from image meineke_page_553.jpg (id=1725)	87e4b265702e2196da7392d02b7c5123b853d165b24887558b438c0113b576bd	28370	Πνύξ	188	Π188	1.000000	17111	Ἔρυξ	0.500000	0.500000	πνυξ	πνυξ
137888	Ποδάλεια		meineke_page_555.jpg	555	11041	ocr	OCR from image meineke_page_555.jpg (id=1727)	e3b8bb734806d2df1ede3a5b9702edaa410763781b536f95e11d154e0663f972	28371	Ποδάλεια	189	Π189	1.000000	28334	Πιάλεια	0.750000	0.250000	ποδαλεια	ποδαλεια
137889	Ποιήεσσα		meineke_page_555.jpg	555	11042	ocr	OCR from image meineke_page_555.jpg (id=1727)	b7f452546bc7fde8fc2d3a4f9dcdf6335fce76ff68587f5218d737b54edcb3ee	28372	Ποιήεσσα	190	Π190	1.000000	3291	Κόσσα	0.500000	0.500000	ποιηεσσα	ποιηεσσα
137893	Ποίμην		meineke_page_556.jpg	556	11046	ocr	OCR from image meineke_page_556.jpg (id=1728)	ea439a5849968188fe988fdf89d876ae2ceafafd3d5a4fe772c83bf68322d8c4	28374	Ποιμήν	192	Π192	1.000000	8438	Λιμήν	0.666667	0.333333	ποιμην	ποιμην
137900	Πολίτεια		meineke_page_557.jpg	557	11053	ocr	OCR from image meineke_page_557.jpg (id=1729)	267ed607ec8fb760c8a25f2eccf2e580c9824abd75a7a41c0d405e3bc79ec0ae	28382	Πολιτεία	200	Π200	1.000000	28367	Πλατεῖα	0.750000	0.250000	πολιτεια	πολιτεια
137901	Πολιτώριον		meineke_page_557.jpg	557	11054	ocr	OCR from image meineke_page_557.jpg (id=1729)	8988c9e0e7458eec0d814ee312d9f0eabb58939d9e1ad81a2f513d606d663653	28383	Πολιτώριον	201	Π201	1.000000	28377	Πολεμώνιον	0.700000	0.300000	πολιτωριον	πολιτωριον
137903	Πολλεντός		meineke_page_557.jpg	557	11056	ocr	OCR from image meineke_page_557.jpg (id=1729)	73de6e40afa4535287f2d0b04fb5f1e4826b8177149613f88ec3366f39322ab1	28385	Πολλεντός	203	Π203	1.000000	28392	Πόντος	0.666667	0.333333	πολλεντοσ	πολλεντοσ
137907	Πομπηιοῦπολις		meineke_page_557.jpg	557	11060	ocr	OCR from image meineke_page_557.jpg (id=1729)	a639873938a1f0745144fd5ef5e072c70ee854ea266169296dee54fbe6438dc9	28390	Πομπηιούπολις	208	Π208	1.000000	14858	Δομετιούπολις	0.769231	0.230769	πομπηιουπολισ	πομπηιουπολισ
137909	Πόντος		meineke_page_557.jpg	557	16082	ocr	OCR from image meineke_page_557.jpg (id=1729)	e9b692696e6330b0715536de5677cb17c96d6c3e7aaeec6a7f9dfa1fc2106ac3	28392	Πόντος	210	Π210	1.000000	25139	Πάλτος	0.666667	0.333333	ποντοσ	ποντοσ
137911	Πορδοσελήνη		meineke_page_558.jpg	558	11064	ocr	OCR from image meineke_page_558.jpg (id=1730)	87bfa61af11afa147f9849fa915405b092d8a57dc88b217db3e4c061ffb653f4	28394	Πορδοσελήνη	212	Π212	1.000000	30107	Προσέληνοι	0.636364	0.363636	πορδοσεληνη	πορδοσεληνη
137913	Πορφυρέων		meineke_page_558.jpg	558	11066	ocr	OCR from image meineke_page_558.jpg (id=1730)	a4dd91da46863a086a2d25d728e0f1a4ba85320e6282065ebe382e8546d47eac	28396	Πορφυρεών	214	Π214	1.000000	28397	Πορφυρῖτις	0.600000	0.400000	πορφυρεων	πορφυρεων
137915	Ποσειδεῖον		meineke_page_558.jpg	558	11068	ocr	OCR from image meineke_page_558.jpg (id=1730)	b240517df22bab5cd2bd3e597353371c30a3965bd2d4bdc18a115e81a4de2cb9	28398	Ποσείδειον	216	Π216	1.000000	20805	Θεστίδειον	0.700000	0.300000	ποσειδειον	ποσειδειον
137916	Ποσειδωνία		meineke_page_558.jpg	558	11069	ocr	OCR from image meineke_page_558.jpg (id=1730)	1b526e58f159e75b5db821c38e9e5831347eb95e8502e262a2bf5f8eaa1c80bc	28399	Ποσειδωνία	217	Π217	1.000000	28402	Ποτιδανία	0.700000	0.300000	ποσειδωνια	ποσειδωνια
137917	Ποταμοσάκων		meineke_page_558.jpg	558	11070	ocr	OCR from image meineke_page_558.jpg (id=1730)	2485d81346ecae0742e5ddfa6e0f048c8a0d6cf4c36d09224a5efe3973498999	28400	Ποταμοσάκων	218	Π218	1.000000	28316	Πετροσάκα	0.545455	0.454545	ποταμοσακων	ποταμοσακων
137918	Ποτιδαία		meineke_page_558.jpg	558	11071	ocr	OCR from image meineke_page_558.jpg (id=1730)	6f54cd1f4666c9dbe30c14966a4ef4312fb180e5e0e05a318ce9b3338c6b7f30	28401	Ποτίδαια	219	Π219	1.000000	28402	Ποτιδανία	0.888889	0.111111	ποτιδαια	ποτιδαια
137919	Ποτιδανία		meineke_page_558.jpg	558	11072	ocr	OCR from image meineke_page_558.jpg (id=1730)	75974b2145fe54bb53cb91ca5a9aa5e71d5c2b4247337920f9a3e6ba521bf9f6	28402	Ποτιδανία	220	Π220	1.000000	28401	Ποτίδαια	0.888889	0.111111	ποτιδανια	ποτιδανια
137923	Πραινεστός		meineke_page_558.jpg	558	11076	ocr	OCR from image meineke_page_558.jpg (id=1730)	0ad1e04d5fb780993fcfe1dab5a3794acacdd63638264f03b338775a0fe136d8	28406	Πραίνεστος	224	Π224	1.000000	28407	Πραισός	0.700000	0.300000	πραινεστοσ	πραινεστοσ
137925	Πραισός		meineke_page_559.jpg	559	16084	ocr	OCR from image meineke_page_559.jpg (id=1731)	c95fa91cbdc22c994b7589dcbd5c76049bbfee82c910735bfe4013bb37af1031	28407	Πραισός	225	Π225	1.000000	25163	Παραισός	0.875000	0.125000	πραισοσ	πραισοσ
137933	Πρᾶσον		meineke_page_559.jpg	559	11086	ocr	OCR from image meineke_page_559.jpg (id=1731)	b5a162ae696b13a5da218abaf549e0e01f10195726388e8594b700fafc3937eb	30088	Πράσον	233	Π233	1.000000	28407	Πραισός	0.714286	0.285714	πρασον	πρασον
137945	Πρόκλῃ		meineke_page_561.jpg	561	11098	ocr	OCR from image meineke_page_561.jpg (id=1733)	e2fb8598b06e4e5a19777303d1bd08514932077105822fa9d02981aec4b245ec	30100	Πρόκλη	245	Π245	1.000000	10303	Μόκλη	0.666667	0.333333	προκλη	προκλη
137948	Πρόνεκτος		meineke_page_561.jpg	561	11101	ocr	OCR from image meineke_page_561.jpg (id=1733)	cd951eb9745cf3142437e7855725e71547d04dfb3a28c2aa9fe68828ec406a7f	30103	Πρόνεκτος	248	Π248	1.000000	28406	Πραίνεστος	0.700000	0.300000	προνεκτοσ	προνεκτοσ
137949	Πρόπαλαι		meineke_page_561.jpg	561	11102	ocr	OCR from image meineke_page_561.jpg (id=1733)	180b76b46eca496ff9a6343dab7d42b2063f6422631101dfe1e74fb718f1c603	30104	Πρόπαλαι	249	Π249	1.000000	30102	Προνάσται	0.666667	0.333333	προπαλαι	προπαλαι
137951	Προποντίς		meineke_page_561.jpg	561	11104	ocr	OCR from image meineke_page_561.jpg (id=1733)	74c4aa9dc22333e8d65b9a48f1c423e86261deb444210aaaa18f2c426bbffbae	30106	Προποντίς	251	Π251	1.000000	9637	Μεσοπόντιος	0.636364	0.363636	προποντισ	προποντισ
137952	Προσεληνοί		meineke_page_561.jpg	561	11105	ocr	OCR from image meineke_page_561.jpg (id=1733)	1fd9b6c6669783692bf93b578387dd52b9570f9efac9d1418c8be76673b77d34	30107	Προσέληνοι	252	Π252	1.000000	28394	Πορδοσελήνη	0.636364	0.363636	προσεληνοι	προσεληνοι
137956	Πρόσχιον		meineke_page_561.jpg	561	11109	ocr	OCR from image meineke_page_561.jpg (id=1733)	b035c6257d6021f8547126c7b6d634f99879500ff08b17fcf22b05e7e1dd2cee	30111	Πρόσχιον	256	Π256	1.000000	30114	Πρόσωπον	0.750000	0.250000	προσχιον	προσχιον
137957	Προσωπίς		meineke_page_561.jpg	561	11110	ocr	OCR from image meineke_page_561.jpg (id=1733)	353dcb6edf6ee12ab4b03056938299cf436f31f6276613bc58351051717ff839	30112	Προσωπίς	257	Π257	1.000000	30113	Προσωπῖτις	0.800000	0.200000	προσωπισ	προσωπισ
137961	Πρυμνησία	4	meineke_page_562.jpg	562	11114	ocr	OCR from image meineke_page_562.jpg (id=1734)	a0b5b68932eb6df48f597369dcf2ddc920d0f2a31912b3d10a4cab4de59aa6e8	30117	Πρυμνησία	262	Π262	1.000000	125136	Γυμνησίαι	0.666667	0.333333	πρυμνησια	πρυμνησια
137962	Πρώανα	5	meineke_page_562.jpg	562	11115	ocr	OCR from image meineke_page_562.jpg (id=1734)	f49aa686d19b80748d5b3cc5092058820ed84827f4fd0151162abf7915d61f56	30118	Πρώανα	263	Π263	1.000000	30097	Πρόαρνα	0.714286	0.285714	πρωανα	πρωανα
137964	Πτελέα	7	meineke_page_562.jpg	562	11117	ocr	OCR from image meineke_page_562.jpg (id=1734)	bb68804fdc786e119b4ae4e0bf400ae35bd12eebbf7b5cc8498b102d42617090	30120	Πτελέα	265	Π265	1.000000	30121	Πτελεόν	0.714286	0.285714	πτελεα	πτελεα
137965	Πτελεόν	8	meineke_page_562.jpg	562	11118	ocr	OCR from image meineke_page_562.jpg (id=1734)	60a0532a53fd53058fe09bb643192ee549d7699a8d80aeccd5f83c44bec6aee6	30121	Πτελεόν	266	Π266	1.000000	30120	Πτελέα	0.714286	0.285714	πτελεον	πτελεον
137968	Πτολεμαϊς		meineke_page_563.jpg	563	11121	ocr	OCR from image meineke_page_563.jpg (id=1735)	6348f7558b52a4962789d5ea8df2abe993fe78b30a5389075274f2fa1dec97bd	30123	Πτολεμαΐς	268	Π268	1.000000	26663	Πάρεμφις	0.555556	0.444444	πτολεμαισ	πτολεμαισ
137970	Πυγελα		meineke_page_563.jpg	563	11123	ocr	OCR from image meineke_page_563.jpg (id=1735)	4d429c3acb85dfb0756e9faa605bdf5117b17baecd3a6ea5fb336e04a71ea815	30125	Πύγελα	270	Π270	1.000000	7261	Κύψελα	0.666667	0.333333	πυγελα	πυγελα
137973	Πυδνα		meineke_page_563.jpg	563	11126	ocr	OCR from image meineke_page_563.jpg (id=1735)	a5dbeb14a451789821ee73ac0d65d9ae15e864625726b2ad4006cd8c7fcb3b24	30128	Πύδνα	273	Π273	1.000000	3557	Κύδνα	0.800000	0.200000	πυδνα	πυδνα
137975	Πυθιον		meineke_page_563.jpg	563	11128	ocr	OCR from image meineke_page_563.jpg (id=1735)	0fb074cff5ac8d6f8a7d7b962e9ca4f2a45a9e32a854af990377878ad00460a6	30130	Πύθιον	275	Π275	1.000000	125134	Γύθειον	0.714286	0.285714	πυθιον	πυθιον
137977	Πυληνη		meineke_page_565.jpg	565	11130	ocr	OCR from image meineke_page_565.jpg (id=1737)	cd53b18dbf111ececcec0421c9c0512e5c98a79d503345854fe817aeca723cc0	30134	Πυλήνη	279	Π279	1.000000	30145	Πυρήνη	0.833333	0.166667	πυληνη	πυληνη
137978	Πυλος		meineke_page_565.jpg	565	11131	ocr	OCR from image meineke_page_565.jpg (id=1737)	58a53cf26dd590f0edaa631feba5efb5146820bb79556d096ca4e8c73209ca1b	30135	Πύλος	280	Π280	1.000000	11929	Ξύλος	0.800000	0.200000	πυλοσ	πυλοσ
137979	Πυξις		meineke_page_565.jpg	565	11132	ocr	OCR from image meineke_page_565.jpg (id=1737)	ce471aa9f4552af2465508450dc31730268e77f738ea8bd9265fcca333b80d41	30136	Πύξις	281	Π281	1.000000	30129	Πυῆνις	0.666667	0.333333	πυξισ	πυξισ
137981	Πυραια		meineke_page_565.jpg	565	11134	ocr	OCR from image meineke_page_565.jpg (id=1737)	ebfee77d39adcd44d2060ea5c57bab4a69931f69de4910f73e0ec496c7594b0a	30138	Πυραία	283	Π283	1.000000	26725	Περαία	0.833333	0.166667	πυραια	πυραια
137982	Πυραμἱδες		meineke_page_565.jpg	565	11135	ocr	OCR from image meineke_page_565.jpg (id=1737)	20d133d48fcbaf2b6625a5b5e5683d79c3cd40ad46b48ab252354ce1f9fc34a3	30139	Πυραμίδες	284	Π284	1.000000	3513	Κρανίδες	0.666667	0.333333	πυραμιδεσ	πυραμιδεσ
137996	Ῥαββατάμμανα	1	meineke_page_567.jpg	567	11149	ocr	OCR from image meineke_page_567.jpg (id=1739)	ebcef8754116fa017dd7e5303e1cd0b4366f783abbb476d5cdba3ab5fab999bc	30153	Ῥαββατάμμανα	3	Ρ3	1.000000	30152	Ῥαββάθμωβα	0.583333	0.416667	ραββαταμμανα	ραββαταμμανα
137997	Ῥάβεννα	2	meineke_page_567.jpg	567	11150	ocr	OCR from image meineke_page_567.jpg (id=1739)	ff87570fcd3a4df50dcf85c1798abb7f331134068a1ef24479a32deccddde96d	30154	Ῥάβεννα	4	Ρ4	1.000000	108933	Βέννα	0.714286	0.285714	ραβεννα	ραβεννα
137998	Ῥάγα	3	meineke_page_567.jpg	567	11151	ocr	OCR from image meineke_page_567.jpg (id=1739)	61e2bad36ff5b605ce3ffba275caed5a8036a189988d0b6c40d929873a8688fa	30155	Ῥάγα	5	Ρ5	1.000000	30151	Ῥάβα	0.750000	0.250000	ραγα	ραγα
138001	Ῥαιτοί		meineke_page_568.jpg	568	11154	ocr	OCR from image meineke_page_568.jpg (id=1740)	00662a2d4e5824e4e6adcd43f697513e54b1070c22a203371317e4485046ec56	30158	Ῥαιτοί	8	Ρ8	1.000000	115324	Βραισοί	0.714286	0.285714	ραιτοι	ραιτοι
138002	Ῥέατιον		meineke_page_569.jpg	569	11155	ocr	OCR from image meineke_page_569.jpg (id=1741)	e6c2fcfa259da1e558bfe139cbf396989ed50a8e837a99d18f0577c91801509a	30168	Ῥεάτιον	18	Ρ18	1.000000	31984	Ῥύτιον	0.714286	0.285714	ρεατιον	ρεατιον
138022	Ῥοδανουσία		meineke_page_571.jpg	571	11175	ocr	OCR from image meineke_page_571.jpg (id=1743)	c15fc6406afb5baeba33529130e9cd33c72578e37e80d85f86c905f06dfc3946	31964	Ῥοδανουσία	38	Ρ38	1.000000	30156	Ῥαδανουσία	0.900000	0.100000	ροδανουσια	ροδανουσια
138023	Ῥοδαί		meineke_page_571.jpg	571	11176	ocr	OCR from image meineke_page_571.jpg (id=1743)	0a0263d491fdca56e9a1c13c19ecf5aabfe8bf0154e9a7b0f81a09a9aaded1d6	31965	Ῥοδαί	39	Ρ39	1.000000	17102	Ἐροιάδαι	0.625000	0.375000	ροδαι	ροδαι
138024	Ῥόδη		meineke_page_571.jpg	571	11177	ocr	OCR from image meineke_page_571.jpg (id=1743)	7eabd1abe695932d1f3f53d9bcd3783d99352530202c14b330c7c98896e93f26	31966	Ῥόδη	40	Ρ40	1.000000	31968	Ῥοδόη	0.800000	0.200000	ροδη	ροδη
138025	Ῥοδία		meineke_page_571.jpg	571	11178	ocr	OCR from image meineke_page_571.jpg (id=1743)	a49fdf31a9a9bbe82426a1e20a2a7815ac094dbdc204bda246a927882dfa3455	31967	Ῥοδία	41	Ρ41	1.000000	31963	Ῥόβεια	0.666667	0.333333	ροδια	ροδια
138027	Ῥοδόπη		meineke_page_571.jpg	571	11180	ocr	OCR from image meineke_page_571.jpg (id=1743)	96f21c94ab1e850ea46dbf29ce7639460741d2f8bcac73d3623e7a3337461dea	31969	Ῥοδόπη	43	Ρ43	1.000000	31968	Ῥοδόη	0.833333	0.166667	ροδοπη	ροδοπη
138028	Ῥόδος		meineke_page_571.jpg	571	11181	ocr	OCR from image meineke_page_571.jpg (id=1743)	0c06512c83b8f2a0d8108526ff5fc7719d3b4aa781faad91be889938fea82a76	31970	Ῥόδος	44	Ρ44	1.000000	11944	Ὁδός	0.800000	0.200000	ροδοσ	ροδοσ
138029	Ῥοδουντία		meineke_page_572.jpg	572	11182	ocr	OCR from image meineke_page_572.jpg (id=1744)	0373931ea9047e0d42779e0d93ee3b62b0a9586d768948ad5b572c2d8219bbff	31971	Ῥοδουντία	45	Ρ45	1.000000	31972	Ῥοδοῦσσα	0.666667	0.333333	ροδουντια	ροδουντια
138032	Ῥοϊτεῖον		meineke_page_572.jpg	572	11185	ocr	OCR from image meineke_page_572.jpg (id=1744)	84068fbebc0d1f12c4bd6838b50eea74b0d58f48b9a47b5e69246c5c057c59eb	31974	Ῥοίτειον	48	Ρ48	1.000000	19501	Ζοίτειον	0.875000	0.125000	ροιτειον	ροιτειον
138036	Ῥοπείς		meineke_page_572.jpg	572	11189	ocr	OCR from image meineke_page_572.jpg (id=1744)	ec2d40c41dd8383f495302aee2dba54abedca67ac1769094fea1847d89b7de1c	31978	Ῥοπεῖς	52	Ρ52	1.000000	12854	Ὀπόεις	0.666667	0.333333	ροπεισ	ροπεισ
138037	Ῥύβδος		meineke_page_572.jpg	572	11190	ocr	OCR from image meineke_page_572.jpg (id=1744)	631d53e7f4e1623ca8c539f11319842eb3c7ba382759a680545135d7c4f03840	31979	Ῥύβδος	53	Ρ53	1.000000	3554	Κύβος	0.666667	0.333333	ρυβδοσ	ρυβδοσ
138038	Ῥύγχαι		meineke_page_572.jpg	572	11191	ocr	OCR from image meineke_page_572.jpg (id=1744)	a047f3120ffe595b311c1993e3e65efaf913f7a4c60523c2371290f4be097317	31980	Ῥύγχαι	54	Ρ54	1.000000	31983	Ῥύπαι	0.666667	0.333333	ρυγχαι	ρυγχαι
138039	Ῥύμη		meineke_page_572.jpg	572	11192	ocr	OCR from image meineke_page_572.jpg (id=1744)	cfd6608585b219d5c92f95581326919e0955f0c9c34288c34f1b5cbfaa83dab3	31981	Ῥύμη	55	Ρ55	1.000000	14882	Δρύμη	0.800000	0.200000	ρυμη	ρυμη
138040	Ῥύνδακος		meineke_page_573.jpg	573	11193	ocr	OCR from image meineke_page_573.jpg (id=1745)	a54544a3532c616645cfdb00c6f31875f753489947f0c6ab166cf4113d54fa59	31982	Ῥύνδακος	56	Ρ56	1.000000	42031	Σύνδικος	0.750000	0.250000	ρυνδακοσ	ρυνδακοσ
138041	Ῥύπαι		meineke_page_573.jpg	573	11194	ocr	OCR from image meineke_page_573.jpg (id=1745)	25d7f6588872f24ed385f5549b9195254bae5d72e1b2e550805b644d5b76e6b3	31983	Ῥύπαι	57	Ρ57	1.000000	30184	Ῥιπαῖα	0.666667	0.333333	ρυπαι	ρυπαι
138044	Ῥώγη		meineke_page_573.jpg	573	11197	ocr	OCR from image meineke_page_573.jpg (id=1745)	75ad356c5f3bc719b07ab3dded27642dc025fe9e0c1c0a814048a5ecc95633e0	31986	Ῥώγη	60	Ρ60	1.000000	31988	Ῥώμη	0.750000	0.250000	ρωγη	ρωγη
138046	Ῥώμη		meineke_page_573.jpg	573	11199	ocr	OCR from image meineke_page_573.jpg (id=1745)	3d9d17b369453112535170c802f55fbf8b05d7accbe790a2568b5c0dc0a74e48	31988	Ῥώμη	62	Ρ62	1.000000	7266	Κώμη	0.750000	0.250000	ρωμη	ρωμη
138047	Ῥωμυλία		meineke_page_573.jpg	573	11200	ocr	OCR from image meineke_page_573.jpg (id=1745)	f74f3d46e6df63836988361b26c7140a9d08c03bc8a0bbad0fa395275df21fa2	31989	Ῥωμυλία	63	Ρ63	1.000000	32036	Σαμυλία	0.714286	0.285714	ρωμυλια	ρωμυλια
138048	Ῥών		meineke_page_573.jpg	573	11201	ocr	OCR from image meineke_page_573.jpg (id=1745)	8e26a9a14aa522b61bf042f0f23968c644ffbedcce8fce29e6a83c0215007e0a	31990	Ῥών	64	Ρ64	1.000000	6659	Ἑβρών	0.600000	0.400000	ρων	ρων
138049	Ῥωσός		meineke_page_573.jpg	573	11202	ocr	OCR from image meineke_page_573.jpg (id=1745)	4c6424501eb7d8a820d1823ad76ab27812a44122662cbfbdecec987ec4bca987	31991	Ῥωσός	65	Ρ65	1.000000	17083	Ἔρεσος	0.666667	0.333333	ρωσοσ	ρωσοσ
138050	Σάβαι		meineke_page_573.jpg	573	11203	ocr	OCR from image meineke_page_573.jpg (id=1745)	dc144539d75346687f32a8180b0bf8a0fc00d4cea5414e68d48dd664ff2983d3	31992	Σαβαί	1	Σ1	1.000000	7633	Λάβαι	0.800000	0.200000	σαβαι	σαβαι
138052	Σαββατία		meineke_page_574.jpg	574	11205	ocr	OCR from image meineke_page_574.jpg (id=1746)	800a66dd6c48cabb8f8cdf185c0dd66960566b0d8999dee7ff9bc5c0c5491a24	31993	Σαββατία	2	Σ2	1.000000	31992	Σαβαί	0.625000	0.375000	σαββατια	σαββατια
138054	Σάβοι		meineke_page_574.jpg	574	11207	ocr	OCR from image meineke_page_574.jpg (id=1746)	622841fa0ccd048bef4a220a04bce3fe1573c11d5d43a4ab07e26650736d4983	31995	Σάβοι	4	Σ4	1.000000	31992	Σαβαί	0.800000	0.200000	σαβοι	σαβοι
138055	Σαβώ		meineke_page_574.jpg	574	11208	ocr	OCR from image meineke_page_574.jpg (id=1746)	7aa26a391ba408ba816978c08446e46863953ceffdb07456500d4974420f3a42	31996	Σαβώ	5	Σ5	1.000000	31992	Σαβαί	0.600000	0.400000	σαβω	σαβω
138056	Σαγαλασσός		meineke_page_574.jpg	574	11209	ocr	OCR from image meineke_page_574.jpg (id=1746)	5e23d4d9ef79cfb02695ee857711e7685cf7bcd69dfbb851b311e36d59516fbe	31997	Σαγαλασσός	6	Σ6	1.000000	61198	Ἀκαλησσός	0.700000	0.300000	σαγαλασσοσ	σαγαλασσοσ
138060	Σάδᾱλις		meineke_page_574.jpg	574	11213	ocr	OCR from image meineke_page_574.jpg (id=1746)	5bb5a6f87aaef06811e9af5c913da9fd944a07da77128ff65cbb66ee858ff1fa	32001	Σάδαλις	10	Σ10	1.000000	2054	Καβαλίς	0.714286	0.285714	σαδαλισ	σαδαλισ
138061	Σάζοι		meineke_page_574.jpg	574	11214	ocr	OCR from image meineke_page_574.jpg (id=1746)	91632539f8a965a4916f2302ef0df1e0130ebf7d37f074e98931f18416f67930	32002	Σάζοι	11	Σ11	1.000000	7647	Λαζοί	0.800000	0.200000	σαζοι	σαζοι
138064	Σᾶις		meineke_page_575.jpg	575	11217	ocr	OCR from image meineke_page_575.jpg (id=1747)	3fbcf7e59eee65559ba141a47e79ce68850e13057e0a727e855a0c5d2ee3efc4	32005	Σάϊς	14	Σ14	1.000000	32049	Σάος	0.750000	0.250000	σαισ	σαισ
138065	Σάκαι		meineke_page_575.jpg	575	11218	ocr	OCR from image meineke_page_575.jpg (id=1747)	dd19ce2f03a6abda328dd56996564d0ab30e9505c87e2fa22718ef9a0e204a69	32006	Σάκαι	15	Σ15	1.000000	8962	Μάκαι	0.800000	0.200000	σακαι	σακαι
138066	Σάκος		meineke_page_575.jpg	575	11219	ocr	OCR from image meineke_page_575.jpg (id=1747)	d81ad52442bd6939504649b6c7ca64d1758fe93ea87712be8b82a5faaa3dc718	32007	Σάκος	16	Σ16	1.000000	32033	Σάμος	0.800000	0.200000	σακοσ	σακοσ
138068	Σάλαγγος		meineke_page_575.jpg	575	11221	ocr	OCR from image meineke_page_575.jpg (id=1747)	cc0d65400e562387c4415e131748cbd32afd09fb99668529eca5d352654bf118	32011	Σάλαγγος	20	Σ18	1.000000	42030	Σύναγγος	0.750000	0.250000	σαλαγγοσ	σαλαγγοσ
138070	Σαλαμίς		meineke_page_576.jpg	576	11223	ocr	OCR from image meineke_page_576.jpg (id=1748)	b5ceaf2fcd25dcba0483dfbc218bc4bd8337a89ed39d2e364560692fe517d9cb	32010	Σαλαμίς	19	Σ20	1.000000	32009	Σαλάμιοι	0.750000	0.250000	σαλαμισ	σαλαμισ
138075	Σαλλεντία		meineke_page_576.jpg	576	11228	ocr	OCR from image meineke_page_576.jpg (id=1748)	1990026283fbf1a13262e8fe150009eaaba1bfb9700f7c8a86010924375c47a5	32016	Σαλλεντία	25	Σ25	1.000000	25135	Παλλαντία	0.777778	0.222222	σαλλεντια	σαλλεντια
138076	Σάλλυες		meineke_page_576.jpg	576	11229	ocr	OCR from image meineke_page_576.jpg (id=1748)	1a5c8b3bd01c1cd4a2900c18330c9d31308af5f5b3fe44c56f488baa288ff63b	32017	Σάλλυες	26	Σ26	1.000000	37839	Σίλλυος	0.714286	0.285714	σαλλυεσ	σαλλυεσ
138077	Σαλμακίς		meineke_page_576.jpg	576	11230	ocr	OCR from image meineke_page_576.jpg (id=1748)	050f1a4c0d8a33e59cd94b7264348d6b75ccbc17cff7afb45824c0902c6345b3	32018	Σαλμακίς	27	Σ27	1.000000	32010	Σαλαμίς	0.750000	0.250000	σαλμακισ	σαλμακισ
138079	Σάλμος		meineke_page_576.jpg	576	11232	ocr	OCR from image meineke_page_576.jpg (id=1748)	4aa97119b2ca28ac864081374d5a0b6b2db2f06dddaaf4a9d62feb03825258f0	32020	Σάλμος	29	Σ29	1.000000	32033	Σάμος	0.833333	0.166667	σαλμοσ	σαλμοσ
138083	Σάμβος		meineke_page_578.jpg	578	11236	ocr	OCR from image meineke_page_578.jpg (id=1750)	3874431e86219daf7d35cec38d8f258cd2845196389558facf399942be7cd170	32027	Σάμβος	36	Σ36	1.000000	32033	Σάμος	0.833333	0.166667	σαμβοσ	σαμβοσ
138084	Σαμηνοί		meineke_page_578.jpg	578	11237	ocr	OCR from image meineke_page_578.jpg (id=1750)	3c84dc0b39a5203db94ffa1b3156003ef10a3e70426cdb22d0571f3b56772f65	32028	Σαμηνοί	37	Σ37	1.000000	32019	Σαλμηνοί	0.875000	0.125000	σαμηνοι	σαμηνοι
138087	Σαμοθράκη		meineke_page_578.jpg	578	11240	ocr	OCR from image meineke_page_578.jpg (id=1750)	a9934fc29a2b2dcbd14f2353fea8243b1d8c29b4fa17688106a9a7866511e962	32031	Σαμοθρᾴκη	40	Σ40	1.000000	32035	Σαμυδάκη	0.666667	0.333333	σαμοθρακη	σαμοθρακη
138089	Σάμος		meineke_page_578.jpg	578	11242	ocr	OCR from image meineke_page_578.jpg (id=1750)	e8f1164ec3d88d780543b3af66efefab12ac0460b0880ee766d1ad08e4418914	32033	Σάμος	42	Σ42	1.000000	32020	Σάλμος	0.833333	0.166667	σαμοσ	σαμοσ
138090	Σαμόσατα		meineke_page_579.jpg	579	11243	ocr	OCR from image meineke_page_579.jpg (id=1751)	16d07865704d9b988b6e9bea1bd2ba660f5d4969637f2c57b935c0e68fb27419	32034	Σαμόσατα	43	Σ43	1.000000	10302	Μόκατα	0.625000	0.375000	σαμοσατα	σαμοσατα
138093	Σάντις	3	meineke_page_580.jpg	580	11246	ocr	OCR from image meineke_page_580.jpg (id=1752)	830f8ed8bd73ff2054f1bcd38974a003ae200053c7beaebbff7b9817122befdd	32046	Σάντις	55	Σ55	1.000000	2464	Κάνυτις	0.714286	0.285714	σαντισ	σαντισ
138094	Σάντονες	4	meineke_page_580.jpg	580	11247	ocr	OCR from image meineke_page_580.jpg (id=1752)	2b47c2aef71b2bd2172811ae815427234265d49bcdfeaea628e7c16514d86110	32047	Σάντονες	56	Σ56	1.000000	32048	Σάξονες	0.750000	0.250000	σαντονεσ	σαντονεσ
138097	Σάπαι	7	meineke_page_580.jpg	580	11250	ocr	OCR from image meineke_page_580.jpg (id=1752)	4f61b439fcf25f1e9c2f3cb44baae5d9a18a36a21b5e25f8ae40b100fd65afd2	32050	Σάπαι	59	Σ59	1.000000	2467	Κάπαι	0.800000	0.200000	σαπαι	σαπαι
138098	Σάπειρες	8	meineke_page_580.jpg	580	11251	ocr	OCR from image meineke_page_580.jpg (id=1752)	71f9d772b9e2b90e7e616c99e4c04294a07ac83113f73f5a038e194c56385f37	32051	Σάπειρες	60	Σ60	1.000000	2609	Κάσπειρος	0.666667	0.333333	σαπειρεσ	σαπειρεσ
138099	Σαπφειρηνή		meineke_page_581.jpg	581	11252	ocr	OCR from image meineke_page_581.jpg (id=1753)	c538e2c7af71d9172a8c1cb63f6097a6b69277de5117653b6f0dccbfcd890bfa	32052	Σαπφειρηνή	61	Σ61	1.000000	32003	Σαιδηνή	0.600000	0.400000	σαπφειρηνη	σαπφειρηνη
138101	Σάραπις		meineke_page_581.jpg	581	11254	ocr	OCR from image meineke_page_581.jpg (id=1753)	c47833d8c051567da58e84e9f2fea9b065fc5b28e6e93b6dfb378ffc27266bf0	32054	Σάραπις	63	Σ63	1.000000	32001	Σάδαλις	0.714286	0.285714	σαραπισ	σαραπισ
138102	Σάραπτα		meineke_page_581.jpg	581	11255	ocr	OCR from image meineke_page_581.jpg (id=1753)	ebbf3c90500a2219f69a6af5bd79fb615b7058c84ee138df760ee0949cd91989	32055	Σάραπτα	64	Σ64	1.000000	30162	Ῥάπτα	0.714286	0.285714	σαραπτα	σαραπτα
138104	Σάργαντις		meineke_page_581.jpg	581	11257	ocr	OCR from image meineke_page_581.jpg (id=1753)	05b64f71d8696625e1bed2444f5e9b4e77af718d194ba44d31ef5a642489ade4	32057	Σάργαντις	66	Σ66	1.000000	2476	Καρβανίς	0.666667	0.333333	σαργαντισ	σαργαντισ
138110	Σάριχα		meineke_page_582.jpg	582	11263	ocr	OCR from image meineke_page_582.jpg (id=1754)	6af78461a4ef1182a457c3006120b669ae8b1c320ea5f4d59838d729d1f446be	32063	Σάριχα	72	Σ72	1.000000	2484	Καρία	0.666667	0.333333	σαριχα	σαριχα
138111	Σαρμάται		meineke_page_582.jpg	582	11264	ocr	OCR from image meineke_page_582.jpg (id=1754)	f705ae5c35f8dc03aafca8b75b04889d6978d87c9386d51bec8c5d0bb95f9294	32064	Σαρμάται	73	Σ73	1.000000	42038	Συρμάται	0.875000	0.125000	σαρμαται	σαρμαται
138113	Σαρπηδών		meineke_page_582.jpg	582	11266	ocr	OCR from image meineke_page_582.jpg (id=1754)	f13972080d95a9d3921358c3bd9e127bc3acd125e1ef6c43210934bc1be3c566	32066	Σαρπηδών	75	Σ75	1.000000	2604	Καρχηδών	0.750000	0.250000	σαρπηδων	σαρπηδων
138116	Σάτρα		meineke_page_582.jpg	582	11269	ocr	OCR from image meineke_page_582.jpg (id=1754)	a161e76e959fe23d36e1a801ebc9da112bf9b47b9a501c82a2e8a39800fa8d06	32069	Σάτρα	78	Σ78	1.000000	32073	Σάτραι	0.833333	0.166667	σατρα	σατρα
138117	Σατορνία		meineke_page_582.jpg	582	11270	ocr	OCR from image meineke_page_582.jpg (id=1754)	dc479de82386fe42c2533eb79fc70deda568440168edb3214a972319d97115e8	32070	Σατορνία	79	Σ79	1.000000	32032	Σάμορνα	0.750000	0.250000	σατορνια	σατορνια
138118	Σάταλα		meineke_page_582.jpg	582	11271	ocr	OCR from image meineke_page_582.jpg (id=1754)	461db6480247482f899ce7ec4d1ce43d556b2e07e6ebb6702a5930aff9328eef	32071	Σάταλα	80	Σ80	1.000000	26687	Πάταλα	0.833333	0.166667	σαταλα	σαταλα
138119	Σατικόλα		meineke_page_582.jpg	582	11272	ocr	OCR from image meineke_page_582.jpg (id=1754)	838a9b8c61233bbcfa5b6567e5c5be4e0e1a209d119d8d365bf5b3480c732030	32072	Σατίκολα	81	Σ81	1.000000	12812	Ὀκρίκολα	0.625000	0.375000	σατικολα	σατικολα
138120	Σάτραι		meineke_page_582.jpg	582	11273	ocr	OCR from image meineke_page_582.jpg (id=1754)	0c354974087b4c1bd5263408cb6693b5d649bb05c365d9295d353fad5e57632a	32073	Σάτραι	82	Σ82	1.000000	26692	Πάτραι	0.833333	0.166667	σατραι	σατραι
138123	Σάυα		meineke_page_583.jpg	583	11276	ocr	OCR from image meineke_page_583.jpg (id=1755)	c100c9a61f82ea89fe938c377c848cd6cd023e13a47307cf555fdf6c2bac2cf8	32077	Σαῦα	86	Σ86	1.000000	32079	Σαῦρα	0.800000	0.200000	σαυα	σαυα
138128	Σέβεδα		meineke_page_583.jpg	583	11281	ocr	OCR from image meineke_page_583.jpg (id=1755)	71a04f57b35a563a94851d7247ea1756c92c41ea53710165ba6c4e7109b2ffec	37771	Σέβεδα	92	Σ92	1.000000	37807	Σίβδα	0.666667	0.333333	σεβεδα	σεβεδα
138129	Σεβεννυτός		meineke_page_583.jpg	583	11282	ocr	OCR from image meineke_page_583.jpg (id=1755)	d0f8b969a088bc3d8354b9a9aa20be73e2f0c917a04936232910ab31c72eedd9	37772	Σεβέννυτος	93	Σ93	1.000000	37780	Σέλευκος	0.600000	0.400000	σεβεννυτοσ	σεβεννυτοσ
138134	Σελασία	13	meineke_page_584.jpg	584	11287	ocr	OCR from image meineke_page_584.jpg (id=1756)	fb168d9ba94072ce3ddc854d39c560c8468ec6c506962a36b4ddff4fdd6c065a	37777	Σελασία	98	Σ98	1.000000	37784	Σελλασία	0.875000	0.125000	σελασια	σελασια
138135	Σέλγη		meineke_page_585.jpg	585	11288	ocr	OCR from image meineke_page_585.jpg (id=1757)	a2801b867b90ef43dc2468d2fe539de61e29b3aea658031e7f326809e505b4c4	37778	Σέλγη	99	Σ99	1.000000	26713	Πέλη	0.600000	0.400000	σελγη	σελγη
138136	Σελεύκεια		meineke_page_585.jpg	585	11289	ocr	OCR from image meineke_page_585.jpg (id=1757)	9aebb1bd5be3a94470f1569026a66ba8424ae9c53324d44ae91c9eab5f24e77e	37779	Σελεύκεια	100	Σ100	1.000000	15967	Ἐλέγεια	0.666667	0.333333	σελευκεια	σελευκεια
138137	Σέλευκος		meineke_page_585.jpg	585	11290	ocr	OCR from image meineke_page_585.jpg (id=1757)	4787935a3d6de939c1b27a10367f9d38ce18ce0ae5733b9a96a72ca3550ab62a	37780	Σέλευκος	101	Σ101	1.000000	37779	Σελεύκεια	0.666667	0.333333	σελευκοσ	σελευκοσ
138138	Σελευκόβηλος		meineke_page_585.jpg	585	11291	ocr	OCR from image meineke_page_585.jpg (id=1757)	16828512f5bd0467b28ee4914ca44b2421f92b6a963940d6ba55740afc90857e	37781	Σελευκόβηλος	102	Σ102	1.000000	37780	Σέλευκος	0.666667	0.333333	σελευκοβηλοσ	σελευκοβηλοσ
138141	Σελασία		meineke_page_586.jpg	586	11294	ocr	OCR from image meineke_page_586.jpg (id=1758)	9e3bc00b994ce2b1c4720c64082d56bc123f3f8a73566d2083bf17fb33dd6c97	37777	Σελασία	98	Σ98	1.000000	37784	Σελλασία	0.875000	0.125000	σελασια	σελασια
138142	Σέλλοι		meineke_page_586.jpg	586	11295	ocr	OCR from image meineke_page_586.jpg (id=1758)	82a77c584043ab6c3508f9ff3279bf064e32e7e58ff6b96fdfdbc755be47aab3	37785	Σελλοί	106	Σ106	1.000000	13829	Δελφοί	0.666667	0.333333	σελλοι	σελλοι
138149	Σεσαρηθος		meineke_page_587.jpg	587	11302	ocr	OCR from image meineke_page_587.jpg (id=1759)	9a7f65a65c2ff21cf5c7165508b0472cc4960301f9947ce9d0f952c9640bd6fe	37792	Σεσάρηθος	113	Σ113	1.000000	26724	Πεπάρηθος	0.777778	0.222222	σεσαρηθοσ	σεσαρηθοσ
138150	Σεσινδιον		meineke_page_587.jpg	587	11303	ocr	OCR from image meineke_page_587.jpg (id=1759)	f973f459a5d1a5805bbe3be3b66392924fc4239ff9c46383884630992d9fd442	37793	Σεσίνδιον	114	Σ114	1.000000	37838	Σιλίνδιον	0.777778	0.222222	σεσινδιον	σεσινδιον
138151	Σεστιον		meineke_page_587.jpg	587	11304	ocr	OCR from image meineke_page_587.jpg (id=1759)	4000be835379f4ecaa27d8fa1d3bf54c1e8052bd0b43d5a53e04cbc74dd77e07	37794	Σέστιον	115	Σ115	1.000000	30168	Ῥεάτιον	0.714286	0.285714	σεστιον	σεστιον
138154	Σημαχιδαι		meineke_page_587.jpg	587	11307	ocr	OCR from image meineke_page_587.jpg (id=1759)	6af272eec7d76da64b4c5430458a39a0068c4160557c55952ac1331d227060d7	37797	Σημαχίδαι	118	Σ118	1.000000	115366	Βωταχίδαι	0.666667	0.333333	σημαχιδαι	σημαχιδαι
138155	Σηνη		meineke_page_587.jpg	587	11308	ocr	OCR from image meineke_page_587.jpg (id=1759)	de4b06affffa65f4a4619709e5c19da8cd66038475d09778d9211aaa2fc26281	37798	Σήνη	119	Σ119	1.000000	42019	Συήνη	0.800000	0.200000	σηνη	σηνη
138156	Σηνος		meineke_page_587.jpg	587	11309	ocr	OCR from image meineke_page_587.jpg (id=1759)	51f1652365f9acd528ea0837c7acdb713b6b046b71a589d436da42ea6b212924	37799	Σῆνος	120	Σ120	1.000000	48680	Τῆνος	0.800000	0.200000	σηνοσ	σηνοσ
138158	Σησαμον		meineke_page_587.jpg	587	11311	ocr	OCR from image meineke_page_587.jpg (id=1759)	dc27f20be76b659defae219eeaaebae99782eb588e7ee88918aa81ff508dd2c6	37801	Σήσαμον	122	Σ122	1.000000	37803	Σηταῖον	0.714286	0.285714	σησαμον	σησαμον
138159	Σηστός		meineke_page_588.jpg	588	11312	ocr	OCR from image meineke_page_588.jpg (id=1760)	16f2eb803f356bd9d2c9bd6389929790c4c5c713c93a51769e8bd46411654636	37802	Σηστός	123	Σ123	1.000000	42047	Σφηττός	0.714286	0.285714	σηστοσ	σηστοσ
138160	Σηταϊον		meineke_page_588.jpg	588	11313	ocr	OCR from image meineke_page_588.jpg (id=1760)	f758628de377e87f252378a77c1d306504733fe92b50d9907939ae488497642a	37803	Σηταῖον	124	Σ124	1.000000	41973	Σπήλαιον	0.750000	0.250000	σηταιον	σηταιον
138161	Σητία		meineke_page_588.jpg	588	11314	ocr	OCR from image meineke_page_588.jpg (id=1760)	181d985eebe1cc942e9a9d3b5496938db017c5cbdc7361e5108da43ca090cfda	37804	Σητία	125	Σ125	1.000000	32074	Σατρία	0.666667	0.333333	σητια	σητια
138163	Σῖβαι		meineke_page_588.jpg	588	11316	ocr	OCR from image meineke_page_588.jpg (id=1760)	0864767f1fc7579ffd28f51706dde45ed2253d0f6e4b3af8688414f9e12d4b40	37806	Σίβαι	127	Σ127	1.000000	31992	Σαβαί	0.800000	0.200000	σιβαι	σιβαι
138164	Σίβδα		meineke_page_588.jpg	588	11317	ocr	OCR from image meineke_page_588.jpg (id=1760)	d159fd16ccd92276b5a326863f86f765c5ed63e28d15abd3481a996075f0761a	37807	Σίβδα	128	Σ128	1.000000	37847	Σίνδα	0.800000	0.200000	σιβδα	σιβδα
138166	Σίβυρτος		meineke_page_588.jpg	588	11319	ocr	OCR from image meineke_page_588.jpg (id=1760)	091f236fb11225159f2a8eb5ff5a0a36b1d4b4c79fc7ff6c57551a52b93a3a2e	37809	Σίβυρτος	130	Σ130	1.000000	37843	Σίμυρος	0.750000	0.250000	σιβυρτοσ	σιβυρτοσ
138167	Σίγαθα		meineke_page_589.jpg	589	11320	ocr	OCR from image meineke_page_589.jpg (id=1761)	549f2e873117c6d31e5db7d58cfa5281348fd1828b81e4bb53af36d9a4fb2649	37810	Σίγαθα	131	Σ131	1.000000	37812	Σίγγαρα	0.714286	0.285714	σιγαθα	σιγαθα
138175	Σιδούς		meineke_page_590.jpg	590	11328	ocr	OCR from image meineke_page_590.jpg (id=1762)	a1bbca5e526c60a5b7459e27669cb6202a1511dbf406fc584e137b027fa25ed6	37825	Σιδοῦς	146	Σ146	1.000000	37826	Σίδουσα	0.857143	0.142857	σιδουσ	σιδουσ
138176	Σίδουσα		meineke_page_591.jpg	591	11329	ocr	OCR from image meineke_page_591.jpg (id=1763)	8c94dbc5152e048d587837a04f362bf77abac8f97c56f95c601c16697129ebd2	37826	Σίδουσα	147	Σ147	1.000000	37825	Σιδοῦς	0.857143	0.142857	σιδουσα	σιδουσα
138177	Σίδυμα		meineke_page_591.jpg	591	11330	ocr	OCR from image meineke_page_591.jpg (id=1763)	e168ac42185963c7776d5f74c04c6f71bf0daa616ee04345fd9be1536171324a	37827	Σίδυμα	148	Σ148	1.000000	14824	Δίδυμα	0.833333	0.166667	σιδυμα	σιδυμα
138178	Σιδών		meineke_page_591.jpg	591	11331	ocr	OCR from image meineke_page_591.jpg (id=1763)	63c30f14f714e87aee7886caca0b881336804c271479e2d6a6aaf5c2df86d819	37828	Σιδών	149	Σ149	1.000000	37829	Σιδωνία	0.714286	0.285714	σιδων	σιδων
138179	Σιδωνία		meineke_page_591.jpg	591	11332	ocr	OCR from image meineke_page_591.jpg (id=1763)	cf681dc18c811ab1d92735e7772cd158847999ebb18f9059417bc02c878f608a	37829	Σιδωνία	150	Σ150	1.000000	37831	Σιθωνία	0.857143	0.142857	σιδωνια	σιδωνια
138181	Σιθωνία		meineke_page_591.jpg	591	11334	ocr	OCR from image meineke_page_591.jpg (id=1763)	d731b04a77f95aa4a6fdf5ebcf3878bbf0610b6c1541cb1a13a1c54e6e7f626d	37831	Σιθωνία	152	Σ152	1.000000	37829	Σιδωνία	0.857143	0.142857	σιθωνια	σιθωνια
138184	Σικελία		meineke_page_591.jpg	591	19507	ocr	OCR from image meineke_page_592.jpg (id=1764)	0605e70217c1ef11598196c4e28478b0f4fed73a7038e4a10f5d0cc7c6c8a023	37834	Σικελία	155	Σ155	1.000000	37776	Σέκελλα	0.714286	0.285714	σικελια	σικελια
138186	Κῦρνος	1	meineke_page_593.jpg	593	11339	ocr	OCR from image meineke_page_593.jpg (id=1765)	29111534bf0f4dc0c4962ac304e246e1e881b7c40338fd9cf6a5f3b84869b540	7247	Κύρνος	291	Κ291	1.000000	2494	Κάρνος	0.833333	0.166667	κυρνοσ	κυρνοσ
138190	Σικυών		meineke_page_594.jpg	594	11343	ocr	OCR from image meineke_page_594.jpg (id=1766)	5a4fe92d81b3120105122d55f7f74a2dc91a7184e7e30b3dcfa0a4f4b68a33c7	37837	Σικυών	158	Σ158	1.000000	37828	Σιδών	0.666667	0.333333	σικυων	σικυων
138191	Σιλίνδιον		meineke_page_594.jpg	594	11344	ocr	OCR from image meineke_page_594.jpg (id=1766)	b5f2a00dec3b36b08282894cdda7e058ec9a2da9b4078beb72486bb3ba7fe95f	37838	Σιλίνδιον	159	Σ159	1.000000	37793	Σεσίνδιον	0.777778	0.222222	σιλινδιον	σιλινδιον
138193	Σίμανα		meineke_page_594.jpg	594	11346	ocr	OCR from image meineke_page_594.jpg (id=1766)	1f579888e0346bf24460eaf06f105725c99ceebe399b3b3e9f4ed5e5950297bd	37840	Σίμανα	161	Σ161	1.000000	37841	Σίμηνα	0.833333	0.166667	σιμανα	σιμανα
138200	Σίνδα		meineke_page_594.jpg	594	11353	ocr	OCR from image meineke_page_594.jpg (id=1766)	9f5a761262bf7153cd674b6e321e8d5586111125695fd03e6d66b900740da171	37847	Σίνδα	168	Σ168	1.000000	37846	Σινδία	0.833333	0.166667	σινδα	σινδα
138201	Σίνδοι		meineke_page_594.jpg	594	11354	ocr	OCR from image meineke_page_594.jpg (id=1766)	500a531232129d3299fd2d9cbb92295adfb98ddef419397194f2c3539f64d8aa	37848	Σινδοί	169	Σ169	1.000000	23653	Ἴσινδος	0.714286	0.285714	σινδοι	σινδοι
138207	Σίντια		meineke_page_595.jpg	595	11360	ocr	OCR from image meineke_page_595.jpg (id=1767)	00225cebb53812992a5a0f1d39e3c2901aeed5aff2bd3417a1de3709fc2a959c	39832	Σιντία	174	Σ174	1.000000	37846	Σινδία	0.833333	0.166667	σιντια	σιντια
138214	Σίρρα		meineke_page_597.jpg	597	11367	ocr	OCR from image meineke_page_597.jpg (id=1769)	750dd426086773b0f302843a1cd040516a48e702c2e766f77694e7cbbf3e8900	41896	Σίρρα	184	Σ184	1.000000	37850	Σίνηρα	0.666667	0.333333	σιρρα	σιρρα
138217	Σιτικὸν		meineke_page_597.jpg	597	11370	ocr	OCR from image meineke_page_597.jpg (id=1769)	a6ea0acf4062e58dad05c9b359c03a55db6ebce00a96647d21fbaaa34bb3cf91	41900	Σιτικόν	188	Σ187	1.000000	32029	Σαμικόν	0.714286	0.285714	σιτικον	σιτικον
138221	Σιωνία	3	meineke_page_598.jpg	598	11374	ocr	OCR from image meineke_page_598.jpg (id=1770)	751bb3c4991db4a3a456ec0ab5ffa2885fe9de8d24cf8b90bfdd4ce14f71bb49	41903	Σιωνία	191	Σ191	1.000000	37829	Σιδωνία	0.857143	0.142857	σιωνια	σιωνια
138224	Σκάμανδρος	6	meineke_page_598.jpg	598	11377	ocr	OCR from image meineke_page_598.jpg (id=1770)	fa3261142f03db37fb92436fcc167538a3d34d68a2d210cbe6f72f0ff990a380	39843	Σκάμανδρος	194	Σ194	1.000000	44233	Τάρανδρος	0.700000	0.300000	σκαμανδροσ	σκαμανδροσ
138225	Σκαμβωνίδαι	7	meineke_page_598.jpg	598	11378	ocr	OCR from image meineke_page_598.jpg (id=1770)	2d4f0d14c95887e64a8d869fb41df6ff42dcfdba2f8db6668333fe31fc4d2614	39844	Σκαμβωνίδαι	195	Σ195	1.000000	25140	Παμβωτάδαι	0.636364	0.363636	σκαμβωνιδαι	σκαμβωνιδαι
138231	Σκῆναι		meineke_page_599.jpg	599	11384	ocr	OCR from image meineke_page_599.jpg (id=1771)	0aad88990d2312af52b3d095afae9cab4e0b05673719dcd7f1ab8c84131f6189	39850	Σκηναί	201	Σ201	1.000000	10333	Μυκῆναι	0.714286	0.285714	σκηναι	σκηναι
138232	Σκήψις		meineke_page_599.jpg	599	11385	ocr	OCR from image meineke_page_599.jpg (id=1771)	f197aedce36abdc2e3dc8dc48bba8435a884036655e224d542023869c0e1dd43	39851	Σκῆψις	202	Σ202	1.000000	39862	Σκόλις	0.666667	0.333333	σκηψισ	σκηψισ
138233	Σκιάθος		meineke_page_599.jpg	599	11386	ocr	OCR from image meineke_page_599.jpg (id=1771)	2487a06946605528be741e2c0a96384ad01a6a950638fdbbf77a1e73bf9765d3	39852	Σκίαθος	203	Σ203	1.000000	37851	Σίνθος	0.714286	0.285714	σκιαθοσ	σκιαθοσ
138234	Σκιάποδες		meineke_page_599.jpg	599	11387	ocr	OCR from image meineke_page_599.jpg (id=1771)	9b3c7d61c7d7c4e2dc723ed3423b5087e3b20b402ca51fede5ebd82e0e22bfd0	39853	Σκιάποδες	204	Σ204	1.000000	22183	Ἰάποδες	0.777778	0.222222	σκιαποδεσ	σκιαποδεσ
138235	Σκιάς		meineke_page_599.jpg	599	11388	ocr	OCR from image meineke_page_599.jpg (id=1771)	5ee8377ba859559af8526b582ba46be73462c035d81262c5bbe6eab2d133e5aa	39854	Σκιάς	205	Σ205	1.000000	39852	Σκίαθος	0.714286	0.285714	σκιασ	σκιασ
138240	Σκίρος		meineke_page_600.jpg	600	11393	ocr	OCR from image meineke_page_600.jpg (id=1772)	090c6bbd0ee949e0933626db20bad307a11d58f27d717141e6b79facc6a982a4	39858	Σκίρος	210	Σ210	1.000000	39879	Σκῦρος	0.833333	0.166667	σκιροσ	σκιροσ
138242	Σκιρτωνιον		meineke_page_601.jpg	601	11395	ocr	OCR from image meineke_page_601.jpg (id=1773)	0cbfb7e47673d547b6b954540a61afd65b8e57b1a2441c51b8467b21d16aca5e	39859	Σκιρτώνιον	211	Σ211	1.000000	7253	Κυρτώνιος	0.700000	0.300000	σκιρτωνιον	σκιρτωνιον
138244	Σκιωνη		meineke_page_601.jpg	601	11397	ocr	OCR from image meineke_page_601.jpg (id=1773)	8beb65c7e213ba946d431ce4947a7b58b0f47172e029fb1db5a1be0f4e1204be	39861	Σκιώνη	213	Σ213	1.000000	23679	Ἰώνη	0.666667	0.333333	σκιωνη	σκιωνη
138246	Σκόλις		meineke_page_602.jpg	602	11399	ocr	OCR from image meineke_page_602.jpg (id=1774)	0856dc7dae3075124bbc2c051297167ee0191104eb2cbd0cc66de236537b2b97	39862	Σκόλις	214	Σ214	1.000000	28381	Πόλις	0.666667	0.333333	σκολισ	σκολισ
138249	Σκότινα		meineke_page_602.jpg	602	11402	ocr	OCR from image meineke_page_602.jpg (id=1774)	c8a9ff1a5ec63d7cdbafec86db9d44c6acf0a66d21552755be0f9657d3d51290	39865	Σκότινα	217	Σ217	1.000000	7256	Κύτινα	0.714286	0.285714	σκοτινα	σκοτινα
138250	Σκότουσσα		meineke_page_603.jpg	603	11403	ocr	OCR from image meineke_page_603.jpg (id=1775)	a70093e817bd8bf4b3e3276f4f8dd9e30b4d9420b921f77dd9f9c9b80eea8a17	39866	Σκότουσσα	218	Σ218	1.000000	31972	Ῥοδοῦσσα	0.666667	0.333333	σκοτουσσα	σκοτουσσα
138251	Σκούποι		meineke_page_603.jpg	603	11404	ocr	OCR from image meineke_page_603.jpg (id=1775)	fba972477a03c6d566f48e88fdd166a3e70be2eef8200b0ccd4b5d020af4442e	39867	Σκοῦποι	219	Σ219	1.000000	3502	Κούριοι	0.571429	0.428571	σκουποι	σκουποι
138252	Σκύβρος		meineke_page_603.jpg	603	11405	ocr	OCR from image meineke_page_603.jpg (id=1775)	87044f050eefead629bbfbe2c239ca9387e49446987f9360ac44d19568a05c09	39868	Σκύβρος	220	Σ220	1.000000	39879	Σκῦρος	0.857143	0.142857	σκυβροσ	σκυβροσ
138253	Σκύθαι		meineke_page_603.jpg	603	11406	ocr	OCR from image meineke_page_603.jpg (id=1775)	ff34b3fb86fb9718a37b8f6959faee211c8480efd62fd80d1f229b9d3d7ee9f8	39870	Σκύθαι	222	Σ222	1.000000	39855	Σκίθαι	0.833333	0.166667	σκυθαι	σκυθαι
138254	Σκυθόπολις		meineke_page_603.jpg	603	11407	ocr	OCR from image meineke_page_603.jpg (id=1775)	8f5b5cfc42e1f4176078477969c7d2ba56adec87369b24a31c76ea7a172dcc90	39872	Σκυθόπολις	224	Σ224	1.000000	39880	Σκυτόπολις	0.900000	0.100000	σκυθοπολισ	σκυθοπολισ
138258	Σκυλλῆτιον		meineke_page_604.jpg	604	11411	ocr	OCR from image meineke_page_604.jpg (id=1776)	a6e0d7e6ae31a96aeed4a743f6524c4a65379fb1be63c25384426995536f6f01	39875	Σκυλλήτιον	227	Σ227	1.000000	39874	Σκύλλαιον	0.800000	0.200000	σκυλλητιον	σκυλλητιον
138259	Σκύλλιον		meineke_page_604.jpg	604	11412	ocr	OCR from image meineke_page_604.jpg (id=1776)	c7e2f218846447623e642ccbba8303f44ebb592a5134bc88e8fac8bf08289e9a	39876	Σκύλλιον	228	Σ228	1.000000	39874	Σκύλλαιον	0.888889	0.111111	σκυλλιον	σκυλλιον
138260	Σκυμνιάδαι		meineke_page_604.jpg	604	11413	ocr	OCR from image meineke_page_604.jpg (id=1776)	932e13e877b2a85158e57a9ea50c0638561edb8db101a9dc99fe1ec6b17c5a43	39877	Σκυμνιάδαι	229	Σ229	1.000000	39844	Σκαμβωνίδαι	0.636364	0.363636	σκυμνιαδαι	σκυμνιαδαι
138262	Σκῦρος		meineke_page_604.jpg	604	11415	ocr	OCR from image meineke_page_604.jpg (id=1776)	daafe6a267a3b0e37dcab544abde1f930a041fb541cb446b8687f010dea22e44	39879	Σκῦρος	231	Σ231	1.000000	39868	Σκύβρος	0.857143	0.142857	σκυροσ	σκυροσ
138264	Σκυφία		meineke_page_605.jpg	605	11417	ocr	OCR from image meineke_page_605.jpg (id=1777)	014668c4aa7adbe03590daef866385a745dc6a35a6b43ac2bbd8924bc85d2639	39881	Σκυφία	233	Σ233	1.000000	39869	Σκύδρα	0.666667	0.333333	σκυφια	σκυφια
138266	Σμίλα		meineke_page_605.jpg	605	11419	ocr	OCR from image meineke_page_605.jpg (id=1777)	6116f3f2f34db833e1d735d9ce135078e815d9ea511bb3501af73225bbea3ce7	39883	Σμίλα	235	Σ235	1.000000	41974	Σπῖνα	0.600000	0.400000	σμιλα	σμιλα
138267	Σμίνθη		meineke_page_605.jpg	605	11420	ocr	OCR from image meineke_page_605.jpg (id=1777)	a48c9444e40efb01ee60a0f2ae76edb9cf951e77ce2b37b586361c4dd4370dce	39884	Σμίνθη	236	Σ236	1.000000	99814	Ἀρίνθη	0.666667	0.333333	σμινθη	σμινθη
138268	Σμίνθιον		meineke_page_605.jpg	605	11421	ocr	OCR from image meineke_page_605.jpg (id=1777)	c5793a3584476e130ff196fbef432e58b3684bb61d09a3137f5329afee799ede	39885	Σμίνθιον	237	Σ237	1.000000	37793	Σεσίνδιον	0.666667	0.333333	σμινθιον	σμινθιον
138269	Σμύρνα		meineke_page_605.jpg	605	11422	ocr	OCR from image meineke_page_605.jpg (id=1777)	7e3b5e815fa5859ef030bafc7ce8c10d9128bc80ae495fadc7d8bb9207634588	39886	Σμύρνα	238	Σ238	1.000000	32032	Σάμορνα	0.714286	0.285714	σμυρνα	σμυρνα
138271	Σογδιανή		meineke_page_606.jpg	606	11424	ocr	OCR from image meineke_page_606.jpg (id=1778)	21becde3976fd431cfcee9baef3f845289fd304f81e378d8eff1e5c3dd220514	39888	Σογδιανή	240	Σ240	1.000000	3276	Κορομάνη	0.500000	0.500000	σογδιανη	σογδιανη
138272	Σόδομα		meineke_page_606.jpg	606	11425	ocr	OCR from image meineke_page_606.jpg (id=1778)	bc394b96548db4af24c2594a24b7f6dad8ec36b3b2ab71a929ea61fff1c2bb47	39889	Σόδομα	241	Σ241	1.000000	37827	Σίδυμα	0.666667	0.333333	σοδομα	σοδομα
138274	Σόλλιον		meineke_page_606.jpg	606	11427	ocr	OCR from image meineke_page_606.jpg (id=1778)	8c18411e3799dd3cd0bf42c32c1b8bc1b662f9152b2df1c86bac9a9e26007b22	39891	Σόλλιον	243	Σ243	1.000000	39876	Σκύλλιον	0.750000	0.250000	σολλιον	σολλιον
138277	Σολυγεία		meineke_page_606.jpg	606	11430	ocr	OCR from image meineke_page_606.jpg (id=1778)	d15c33df1b3ee1a54237b132321f62a1cc97579b9316f9c38ca192559ed23c89	39894	Σολύγεια	246	Σ246	1.000000	10308	Μολύνδεια	0.666667	0.333333	σολυγεια	σολυγεια
138278	Σόλυμα		meineke_page_606.jpg	606	11431	ocr	OCR from image meineke_page_606.jpg (id=1778)	e47ad4b1057722cde4c2932f365266de8e6d55485b1289de212628020a127120	39895	Σόλυμα	247	Σ247	1.000000	39896	Σόλυμοι	0.714286	0.285714	σολυμα	σολυμα
138279	Σουάγγελα	5	meineke_page_607.jpg	607	11432	ocr	OCR from image meineke_page_607.jpg (id=1779)	c38e669c206c44e899cd3d995335edf80014f25321325c63beb425b8a894222e	39897	Σουάγγελα	249	Σ249	1.000000	20782	Θεάγγελα	0.666667	0.333333	σουαγγελα	σουαγγελα
138282	Σοῦνιον	8	meineke_page_607.jpg	607	11435	ocr	OCR from image meineke_page_607.jpg (id=1779)	ccdeba55d990fbb304b2174325ca6eae63034f1d4fdaa4625da9363298c4e285	39900	Σούνιον	252	Σ252	1.000000	39903	Σούτριον	0.750000	0.250000	σουνιον	σουνιον
138283	Σούρα	9	meineke_page_607.jpg	607	11436	ocr	OCR from image meineke_page_607.jpg (id=1779)	5af3daecffbc29c5355c7e007b500e1101ae674e94e7e052899ced11aab5ac6a	39901	Σοῦρα	253	Σ253	1.000000	14867	Δοῦρα	0.800000	0.200000	σουρα	σουρα
138284	Σούσα	1	meineke_page_608.jpg	608	11437	ocr	OCR from image meineke_page_608.jpg (id=1780)	7858acfab7e0a4d5f62fb83baf3203f66f5cc4fb61083d68e60fb3b763692cb4	39902	Σοῦσα	254	Σ254	1.000000	39901	Σοῦρα	0.800000	0.200000	σουσα	σουσα
138287	Σπαρτάκος	4	meineke_page_608.jpg	608	11440	ocr	OCR from image meineke_page_608.jpg (id=1780)	e8e02885b044f8551c4365f383a6a2558ec27be67eadd243ecd694546599a67b	39905	Σπάρτακος	257	Σ257	1.000000	41971	Σπάρτωλος	0.777778	0.222222	σπαρτακοσ	σπαρτακοσ
138293	Σπήλαιον	9	meineke_page_609.jpg	609	11446	ocr	OCR from image meineke_page_609.jpg (id=1781)	a66b87765a2bb297869a0d2e065386ce92cc7f8a781c70bb7eadb067ecfa0a0e	41973	Σπήλαιον	262	Σ262	1.000000	28328	Πήλιον	0.750000	0.250000	σπηλαιον	σπηλαιον
138294	Σπίνα	12	meineke_page_609.jpg	609	11447	ocr	OCR from image meineke_page_609.jpg (id=1781)	d3211c430e91ab4d53d320268edba7ece62cc818cc99b6a09d671e68d49cbea5	41974	Σπῖνα	263	Σ263	1.000000	32044	Σανίνα	0.666667	0.333333	σπινα	σπινα
138295	Σποργίλος	15	meineke_page_609.jpg	609	11448	ocr	OCR from image meineke_page_609.jpg (id=1781)	6bb370d7572ec68ca44d6bf947949c6df8a3e89f7213da21eac7416540c9191b	41975	Σπόργιλος	264	Σ264	1.000000	41971	Σπάρτωλος	0.666667	0.333333	σποργιλοσ	σποργιλοσ
138296	Στάγειρα	16	meineke_page_609.jpg	609	11449	ocr	OCR from image meineke_page_609.jpg (id=1781)	ce898c961ca2dc8780d497aadeaf83eba7269649c5b08f3689963e9a8fffdebf	41976	Στάγειρα	265	Σ265	1.000000	2627	Κατάνειρα	0.666667	0.333333	σταγειρα	σταγειρα
138298	Στάσις	20	meineke_page_609.jpg	609	11451	ocr	OCR from image meineke_page_609.jpg (id=1781)	6b061b845958b3b57c6798c06b0c14ad9c11989efd4facb4ce500a9b643beba5	41978	Στάσις	267	Σ267	1.000000	32005	Σάϊς	0.666667	0.333333	στασισ	στασισ
138300	Στειρία		meineke_page_610.jpg	610	11453	ocr	OCR from image meineke_page_610.jpg (id=1782)	fd73b38eb40e186aa3b9193963113699859cfa46fa9b6c8e66f194267bc9393b	41979	Στειριά	268	Σ268	1.000000	42048	Σχερία	0.714286	0.285714	στειρια	στειρια
138302	Στεφάνη		meineke_page_610.jpg	610	11455	ocr	OCR from image meineke_page_610.jpg (id=1782)	8cc9e858b1a36b161759e4d4574ecaf191fcf6d179438b7dcacd55e9cbb1070b	41981	Στεφάνη	270	Σ270	1.000000	41982	Στεφανίς	0.750000	0.250000	στεφανη	στεφανη
138303	Στεφανίς		meineke_page_610.jpg	610	11456	ocr	OCR from image meineke_page_610.jpg (id=1782)	a23dda9e75ee286b2f0b268a3aa0de70717b3378fc1ba2e74ead03c0cfd72f63	41982	Στεφανίς	271	Σ271	1.000000	41981	Στεφάνη	0.750000	0.250000	στεφανισ	στεφανισ
138304	Στήλαι		meineke_page_610.jpg	610	11457	ocr	OCR from image meineke_page_610.jpg (id=1782)	ec2a142eb9496d2210eb82f56462f18792fc038e9bc3aca3d19df48e9138dfeb	41983	Στῆλαι	272	Σ272	1.000000	41984	Στίλπαι	0.714286	0.285714	στηλαι	στηλαι
138307	Στοιχάδες		meineke_page_610.jpg	610	11460	ocr	OCR from image meineke_page_610.jpg (id=1782)	3e4cb1c450319b2f68609cdd8a8fa209bfda173a74a006de1e54144fc5d31c6e	41986	Στοιχάδες	275	Σ275	1.000000	41999	Στροφάδες	0.666667	0.333333	στοιχαδεσ	στοιχαδεσ
138314	Στροφαδες		meineke_page_612.jpg	612	11467	ocr	OCR from image meineke_page_612.jpg (id=1784)	0141a32d271772ec3de6449daf900fbc7f3b363e1934bcd679df0fd8eab05bf0	41999	Στροφάδες	288	Σ288	1.000000	41986	Στοιχάδες	0.666667	0.333333	στροφαδεσ	στροφαδεσ
138328	Σύβαρις	1	meineke_page_614.jpg	614	11481	ocr	OCR from image meineke_page_614.jpg (id=1786)	ab09f4586006ff51c1df4d282633d473f873353092d693d6ae4f5e0d697d0f99	42013	Σύβαρις	302	Σ302	1.000000	42011	Σύαλις	0.714286	0.285714	συβαρισ	συβαρισ
138331	Συβρίδαι	4	meineke_page_614.jpg	614	11484	ocr	OCR from image meineke_page_614.jpg (id=1786)	f068b2a2743b1ed92ae3a46d37baf52d3fecbece8e1302ed279a52b5253f9810	42016	Συβρίδαι	305	Σ305	1.000000	18287	Εὐπυρίδαι	0.666667	0.333333	συβριδαι	συβριδαι
138333	Σύεσσα		meineke_page_615.jpg	615	11486	ocr	OCR from image meineke_page_615.jpg (id=1787)	9f81fffcfad5d4a76e5da2a8e32c728655d5a8db0674dd0fcb21770ed1724bec	42018	Σύεσσα	307	Σ307	1.000000	42017	Σύεδρα	0.666667	0.333333	συεσσα	συεσσα
138336	Σῦις		meineke_page_615.jpg	615	11489	ocr	OCR from image meineke_page_615.jpg (id=1787)	c657a240cb2579e4415bd6091b0d6632758dae100b8ddeaebc7cc1f65c6d9760	42021	Σύϊς	310	Σ310	1.000000	32005	Σάϊς	0.750000	0.250000	συισ	συισ
138337	Συκαί		meineke_page_615.jpg	615	11490	ocr	OCR from image meineke_page_615.jpg (id=1787)	908c67847802d3eed4d799d113e313bb7295684ac09e054f6c50c865381ca613	42022	Συκαί	311	Σ311	1.000000	32006	Σάκαι	0.800000	0.200000	συκαι	συκαι
138341	Σύλειον		meineke_page_616.jpg	616	11494	ocr	OCR from image meineke_page_616.jpg (id=1788)	6b22885bb9da5a53a0bebbc1c2a395b267b04c95fffb7a815e0905d60d903831	42025	Σύλειον	314	Σ314	1.000000	39876	Σκύλλιον	0.750000	0.250000	συλειον	συλειον
138342	Συλῖονες		meineke_page_616.jpg	616	11495	ocr	OCR from image meineke_page_616.jpg (id=1788)	59e6ea132300e692cd366eabb44fa0a923bc62846fd6fab771aba751a4659490	42026	Συλίονες	315	Σ315	1.000000	14854	Δολίονες	0.750000	0.250000	συλιονεσ	συλιονεσ
138344	Σύμβρα		meineke_page_616.jpg	616	11497	ocr	OCR from image meineke_page_616.jpg (id=1788)	f3ebfc7192782c184045dd1ef840905960c59962ad996c834a7edd109197f529	42028	Σύμβρα	317	Σ317	1.000000	20832	Θύμβρα	0.833333	0.166667	συμβρα	συμβρα
138345	Σύμη		meineke_page_616.jpg	616	11498	ocr	OCR from image meineke_page_616.jpg (id=1788)	faf6acc522bc5bac5a7b08d084dfff6767e726e46186025c569190ea33d45e08	42029	Σύμη	318	Σ318	1.000000	3842	Δύμη	0.750000	0.250000	συμη	συμη
138349	Συπαληττός	3	meineke_page_617.jpg	617	11502	ocr	OCR from image meineke_page_617.jpg (id=1789)	092979aacf7ecd4a7a33bb77950247592b397e4cb4091cb088c60ebfbb253ccd	42033	Συπαληττός	322	Σ322	1.000000	10332	Μυκαλησσός	0.600000	0.400000	συπαληττοσ	συπαληττοσ
138355	Συῶπιοι		meineke_page_619.jpg	619	11508	ocr	OCR from image meineke_page_619.jpg (id=1791)	2d4b07e8f0a801370abc9ae17e2bbbb9d318c1c81a3c4d6b9aa63ba365fb6e27	42043	Συώπιοι	332	Σ332	1.000000	9028	Μάσπιοι	0.571429	0.428571	συωπιοι	συωπιοι
138356	Σφακτηρία		meineke_page_619.jpg	619	11509	ocr	OCR from image meineke_page_619.jpg (id=1791)	8aa9d0dc158592a8d609e1073d2de9e0334030d803e63643d950f7726d72d93e	42044	Σφακτήρια	333	Σ333	1.000000	32074	Σατρία	0.666667	0.333333	σφακτηρια	σφακτηρια
138358	Σφενδάλη	4	meineke_page_620.jpg	620	11511	ocr	OCR from image meineke_page_620.jpg (id=1792)	407d8a3d784ecd3e05f953d60ed1c0f40146c0ac64da48531ef14e44bea2095a	42045	Σφενδαλή	334	Σ334	1.000000	9620	Μένδη	0.500000	0.500000	σφενδαλη	σφενδαλη
138359	Σφήκεια	7	meineke_page_620.jpg	620	11512	ocr	OCR from image meineke_page_620.jpg (id=1792)	74cca2ee1d3a46b3aaf517d22054d1554e89170ea7134ba76717df59c0dc559a	42046	Σφήκεια	335	Σ335	1.000000	135405	Φήγεια	0.714286	0.285714	σφηκεια	σφηκεια
138360	Σφηττός	13	meineke_page_620.jpg	620	11513	ocr	OCR from image meineke_page_620.jpg (id=1792)	26b3c430c4d0a45bf7d958a873fb65c9099b163f06330829e2bd93f16e3eede5	42047	Σφηττός	336	Σ336	1.000000	37802	Σηστός	0.714286	0.285714	σφηττοσ	σφηττοσ
138361	Σχερία	19	meineke_page_620.jpg	620	11514	ocr	OCR from image meineke_page_620.jpg (id=1792)	4a5bae680056ba72a7712cd7ceb95c2a742f77ff78ac8a315a15e1061c554750	42048	Σχερία	337	Σ337	1.000000	18263	Ἑσπερία	0.714286	0.285714	σχερια	σχερια
138362	Σχινόυσσα	20	meineke_page_620.jpg	620	11515	ocr	OCR from image meineke_page_620.jpg (id=1792)	0f108b86598ab109db62b0c3ec5c609d144c2d6d662ff44820a3cb3ea4f60cb3	42049	Σχινοῦσσα	338	Σ338	1.000000	37852	Σινόεσσα	0.777778	0.222222	σχινουσσα	σχινουσσα
138363	Σχοινους		meineke_page_621.jpg	621	11516	ocr	OCR from image meineke_page_621.jpg (id=1793)	8d6335741cfeabd49693ae3323bc97ca61cb905e5b6519c01205847defffef3f	42050	Σχοινοῦς	339	Σ339	1.000000	12802	Οἰνοῦς	0.750000	0.250000	σχοινουσ	σχοινουσ
138364	Σωβαλα		meineke_page_621.jpg	621	11517	ocr	OCR from image meineke_page_621.jpg (id=1793)	8edceb26dbe6cc7c1eca90baabe227584f1c841a7fbe6613b1231d5197ca782a	42051	Σώβαλα	340	Σ340	1.000000	39841	Σκάβαλα	0.714286	0.285714	σωβαλα	σωβαλα
138368	Σωτείρα		meineke_page_621.jpg	621	11521	ocr	OCR from image meineke_page_621.jpg (id=1793)	cf37c610539df4051d8b73f5c0edb5be9401e4777bb9074df4edb90bcb770911	42056	Σώτειρα	345	Σ345	1.000000	41979	Στειριά	0.714286	0.285714	σωτειρα	σωτειρα
138371	Ταβηνοί		meineke_page_622.jpg	622	11524	ocr	OCR from image meineke_page_622.jpg (id=1794)	f6db331ef7a35e421e32a56375071cc78c9ac9934e59ab9aa5606cc8d90ae0fb	44208	Ταβηνοί	2	Τ2	1.000000	44211	Ταηνοί	0.857143	0.142857	ταβηνοι	ταβηνοι
138372	Τάβαι		meineke_page_622.jpg	622	11525	ocr	OCR from image meineke_page_622.jpg (id=1794)	c4cc182405a5fbb5d4a1ab407e4ca58523428c97cc41cb3a629857899803499f	44207	Τάβαι	1	Τ1	1.000000	7633	Λάβαι	0.800000	0.200000	ταβαι	ταβαι
138376	Ταιναρος		meineke_page_623.jpg	623	11529	ocr	OCR from image meineke_page_623.jpg (id=1795)	9b140f171bf0261c826a14d07a6287fd5782ee7451b4c3c01c95339947500315	44212	Ταίναρος	7	Τ7	1.000000	8958	Μαίναλος	0.750000	0.250000	ταιναροσ	ταιναροσ
138386	Τάναγρα		meineke_page_625.jpg	625	11539	ocr	OCR from image meineke_page_625.jpg (id=1797)	8cd9adb2bb37b48919fc85ce0201e1ce2e6e8d4d30d4a426503d4d89864be8fe	44222	Τάναγρα	17	Τ17	1.000000	25144	Πάνακρα	0.714286	0.285714	ταναγρα	ταναγρα
138388	Τᾶνος		meineke_page_627.jpg	627	11541	ocr	OCR from image meineke_page_627.jpg (id=1799)	936f1559ea325415f889915dc894c27d9d89d86a51fcbb471ac762e03f0f9a44	44225	Τάνος	20	Τ20	1.000000	23670	Ἰτανός	0.833333	0.166667	τανοσ	τανοσ
138389	Τάνταλος		meineke_page_627.jpg	627	11542	ocr	OCR from image meineke_page_627.jpg (id=1799)	f1bd8ddce026513a5cb7aaa2f9812ba1a333230df7c6e3f7154ac38190eb3a0f	44226	Τάνταλος	21	Τ21	1.000000	8994	Μάνταλος	0.875000	0.125000	τανταλοσ	τανταλοσ
138390	Ταξιάνα		meineke_page_627.jpg	627	11543	ocr	OCR from image meineke_page_627.jpg (id=1799)	36f4d57bc939b47450fb6d85b29332612cded264c3c551eeb7443606616d01c7	44227	Ταξίανα	22	Τ22	1.000000	44228	Τάξιλα	0.714286	0.285714	ταξιανα	ταξιανα
138391	Τάξιλα		meineke_page_627.jpg	627	11544	ocr	OCR from image meineke_page_627.jpg (id=1799)	d2cff534bf76e70f6053376c8daeef47443b82afb3b6eb7aa2eda38029ff5c52	44228	Τάξιλα	23	Τ23	1.000000	44227	Ταξίανα	0.714286	0.285714	ταξιλα	ταξιλα
138393	Ταποσείρις		meineke_page_627.jpg	627	11546	ocr	OCR from image meineke_page_627.jpg (id=1799)	0dcc312a5ec7f61b7349089aea503ebb1e45746b6dbbf575150ba24aff705ac6	44230	Ταπόσειρις	25	Τ25	1.000000	2085	Καλασίρις	0.600000	0.400000	ταποσειρισ	ταποσειρισ
138394	Ταπροβάνη		meineke_page_627.jpg	627	11547	ocr	OCR from image meineke_page_627.jpg (id=1799)	cd6547721ca1ead8dfdc05f7374aeef3521a8799ae9fe427f6861015fa623c1a	44231	Ταπροβάνη	26	Τ26	1.000000	3276	Κορομάνη	0.555556	0.444444	ταπροβανη	ταπροβανη
138397	Τάρας		meineke_page_628.jpg	628	11550	ocr	OCR from image meineke_page_628.jpg (id=1800)	057eee73c123c54c528107bcbe3ed69e76f53fd5bf649f3a6e3ccba277143889	44234	Τάρας	29	Τ29	1.000000	60982	Τύρας	0.800000	0.200000	ταρασ	ταρασ
138399	Ταρκυνία		meineke_page_628.jpg	628	11552	ocr	OCR from image meineke_page_628.jpg (id=1800)	d1be7060322f0de0927559c502fb152bcd696d320fcba63011fa6a196643cfcf	44236	Ταρκυνία	31	Τ31	1.000000	2488	Καρμανία	0.625000	0.375000	ταρκυνια	ταρκυνια
138401	Ταρσός	1	meineke_page_630.jpg	630	11554	ocr	OCR from image meineke_page_630.jpg (id=1802)	12ef7c6d733e935ceccab6a0c4da95d216bd583fba61bed69e008890db381bf6	44244	Ταρσός	39	Τ39	1.000000	44215	Τάμασος	0.714286	0.285714	ταρσοσ	ταρσοσ
138404	Ταρτησσός		meineke_page_631.jpg	631	11557	ocr	OCR from image meineke_page_631.jpg (id=1803)	fe2f079daba3f87f5be50e02ff193ef8bb00a2e17323a0972b1e3dd87b5f3a53	44246	Ταρτησσός	41	Τ41	1.000000	2478	Καρδησσός	0.777778	0.222222	ταρτησσοσ	ταρτησσοσ
138446	Τελχις		meineke_page_639.jpg	639	11599	ocr	OCR from image meineke_page_639.jpg (id=1811)	43679fdea621b67fd1788fdbb40eafea9700a58afb2f6a3c1e972e9a53984459	46446	Τελχίς	81	Τ81	1.000000	48672	Τεύωχις	0.714286	0.285714	τελχισ	τελχισ
138448	Τέμβρος		meineke_page_639.jpg	639	11601	ocr	OCR from image meineke_page_639.jpg (id=1811)	340fa8e04736d0f7fb8924aa533f8a562e907697ed0229d38f1074a243409d05	48647	Τέμβρος	83	Τ83	1.000000	48646	Τέμβριον	0.750000	0.250000	τεμβροσ	τεμβροσ
138449	Τεμένεια		meineke_page_639.jpg	639	11602	ocr	OCR from image meineke_page_639.jpg (id=1811)	e22340199f22823b648459711f00f97c49ce856c4d797cf27dc9c9fd17c6ede1	48648	Τεμένεια	84	Τ84	1.000000	18282	Εὐμένεια	0.750000	0.250000	τεμενεια	τεμενεια
138450	Τέμενος		meineke_page_639.jpg	639	11603	ocr	OCR from image meineke_page_639.jpg (id=1811)	9f8873b4140af0dab6b34b5ee4a07807568d40508af3a01338e52e8472d7c5e5	48649	Τέμενος	85	Τ85	1.000000	48647	Τέμβρος	0.714286	0.285714	τεμενοσ	τεμενοσ
138451	Τεμέση	1	meineke_page_640.jpg	640	11604	ocr	OCR from image meineke_page_640.jpg (id=1812)	5e4cf970ff82a726d69bf0c9e0f2675a111a734c87436bda088850086720ea9e	48650	Τεμέση	86	Τ86	1.000000	121812	Γενέση	0.666667	0.333333	τεμεση	τεμεση
138452	Τένδηβα	2	meineke_page_640.jpg	640	11605	ocr	OCR from image meineke_page_640.jpg (id=1812)	b305dd7e198f761d0cf042c938e659b8f9ff1f61b51a89dde7ee83ffa8f9608f	48652	Τένδηβα	88	Τ88	1.000000	2458	Κάνδυβα	0.571429	0.428571	τενδηβα	τενδηβα
138453	Τενέα	3	meineke_page_640.jpg	640	11606	ocr	OCR from image meineke_page_640.jpg (id=1812)	e2958fddab4316c27047e46150b3950a5e2ece255bc6b2cc40ef7548d1025e6e	48653	Τενέα	89	Τ89	1.000000	121811	Γενέα	0.800000	0.200000	τενεα	τενεα
138454	Τενέβριον	4	meineke_page_640.jpg	640	11607	ocr	OCR from image meineke_page_640.jpg (id=1812)	c1860b476d3a619726b7306b212b1d3d5a528861df9d4f7888b2e534b896e5be	48654	Τενέβριον	90	Τ90	1.000000	46442	Τελέθριον	0.777778	0.222222	τενεβριον	τενεβριον
138455	Τένεδος	5	meineke_page_640.jpg	640	11608	ocr	OCR from image meineke_page_640.jpg (id=1812)	4a7fb6fa7218b0f92bcb91addf235a18c3ea1646d63d0598f0ce65d2d49ad93d	48655	Τένεδος	91	Τ91	1.000000	48649	Τέμενος	0.714286	0.285714	τενεδοσ	τενεδοσ
138461	Τερηδών	1	meineke_page_642.jpg	642	11613	ocr	OCR from image meineke_page_642.jpg (id=1814)	03415942afeec70094be8473b5e89444eb8d5d3c185f4ad2d4fcb31554cf49bd	48660	Τερηδών	96	Τ96	1.000000	2604	Καρχηδών	0.625000	0.375000	τερηδων	τερηδων
138472	Τεως		meineke_page_644.jpg	644	11624	ocr	OCR from image meineke_page_644.jpg (id=1816)	e741a4652e240cb34fd1a4fe9fc8b821d8d41276abf7b14ad90bf0f5bf7736ec	48671	Τέως	107	Τ108	1.000000	48709	Τλῶς	0.750000	0.250000	τεωσ	τεωσ
138474	Τημένιον		meineke_page_646.jpg	646	11626	ocr	OCR from image meineke_page_646.jpg (id=1818)	781d000d40d73b82c3ecda2fe1cb1404128bd44ca199f270a46a494c1e03a982	48677	Τημένιον	113	Τ113	1.000000	51054	Τυμέναιον	0.777778	0.222222	τημενιον	τημενιον
138479	Τιβαρηνία		meineke_page_647.jpg	647	11631	ocr	OCR from image meineke_page_647.jpg (id=1819)	77643bbdb7f555dc5c199f658aa30d79461df5749c6afbd3917b0220811337a9	48681	Τιβαρηνία	117	Τ117	1.000000	3090	Κεβρηνία	0.666667	0.333333	τιβαρηνια	τιβαρηνια
138480	Τίβειον		meineke_page_647.jpg	647	11632	ocr	OCR from image meineke_page_647.jpg (id=1819)	70c99816e183db9cdaa95c7c150ec2efda83ebf8c00dc6ecadaef292a0d40051	48682	Τίβειον	118	Τ118	1.000000	23650	Ἰσεῖον	0.714286	0.285714	τιβειον	τιβειον
138481	Τιβεριάς		meineke_page_647.jpg	647	11633	ocr	OCR from image meineke_page_647.jpg (id=1819)	d654937773895f578ae3081039d7177b464928965d93341e6e9deef7ed1edc3a	48683	Τιβεριάς	119	Τ119	1.000000	48684	Τίβυρις	0.750000	0.250000	τιβεριασ	τιβεριασ
138482	Τίβυρις		meineke_page_647.jpg	647	11634	ocr	OCR from image meineke_page_647.jpg (id=1819)	fb74180ea52e233a37ba98073255cd9d601685dc37f353d81e1d10acbf81c53b	48684	Τίβυρις	120	Τ120	1.000000	48683	Τιβεριάς	0.750000	0.250000	τιβυρισ	τιβυρισ
138492	Τῖος		meineke_page_649.jpg	649	11644	ocr	OCR from image meineke_page_649.jpg (id=1821)	4df74432896ccd0f46b0da742117d869eb67441c930b2017e5d6036be9e2a200	48696	Τίος	132	Τ132	1.000000	12807	Οἶος	0.750000	0.250000	τιοσ	τιοσ
138497	Τίςια		meineke_page_651.jpg	651	11649	ocr	OCR from image meineke_page_651.jpg (id=1823)	e36590b52ef043b8eb416b747dc13780088d637b9510daaaeca202c627f0b692	48701	Τισία	137	Τ137	1.000000	48702	Τῖσις	0.800000	0.200000	τισια	τισια
138502	Τολέριον	5	meineke_page_652.jpg	652	11654	ocr	OCR from image meineke_page_652.jpg (id=1824)	b28385748f71d056c91609ff79444797b201bee0565c7ebaf2e271ecda99e68e	48711	Τολέριον	147	Τ147	1.000000	46442	Τελέθριον	0.777778	0.222222	τολεριον	τολεριον
138504	Τολοφών		meineke_page_653.jpg	653	11656	ocr	OCR from image meineke_page_653.jpg (id=1825)	298bc503c723ddd368ad51946f9558a1ddc66c8f5d89dfe3e7fb31bccebbfcf4	48713	Τολοφών	149	Τ149	1.000000	12817	Ὀλιζών	0.571429	0.428571	τολοφων	τολοφων
138505	Τόμαρος		meineke_page_653.jpg	653	11657	ocr	OCR from image meineke_page_653.jpg (id=1825)	b44944c53f53e5eaef7b552644d0ac3583e9678f513e315d056723f5f64e675c	48714	Τόμαρος	150	Τ150	1.000000	23655	Ἴσμαρος	0.714286	0.285714	τομαροσ	τομαροσ
138508	Τοπαζος		meineke_page_653.jpg	653	11660	ocr	OCR from image meineke_page_653.jpg (id=1825)	0bd701dc02892f7e4bc575c17b4713f736f46610b157296e8bd17feb46726330	48718	Τόπαζος	154	Τ154	1.000000	48714	Τόμαρος	0.714286	0.285714	τοπαζοσ	τοπαζοσ
138515	Τραγασαί		meineke_page_655.jpg	655	16150	ocr	OCR from image meineke_page_655.jpg (id=1827)	74d61f8328cc9ff54fed40255f695061818ed046655b5679e9118477e2ac723d	50997	Τραγασαί	160	Τ160	1.000000	14871	Δράγγαι	0.625000	0.375000	τραγασαι	τραγασαι
138516	Τραγία		meineke_page_655.jpg	655	11668	ocr	OCR from image meineke_page_655.jpg (id=1827)	ab1d54c1956f5c6bcca3ed49a046cde56a9dd45a8aa121635665ac524190e498	50998	Τραγία	161	Τ161	1.000000	41988	Στρατία	0.714286	0.285714	τραγια	τραγια
138517	Τραγίλος		meineke_page_655.jpg	655	11669	ocr	OCR from image meineke_page_655.jpg (id=1827)	98bfcdb4c0c1b667daa15cdcb82e40e360282b216ad941beddf6948e6c42c3f5	50999	Τράγιλος	162	Τ162	1.000000	51047	Τρώγιλος	0.875000	0.125000	τραγιλοσ	τραγιλοσ
138518	Τραλλία		meineke_page_655.jpg	655	11670	ocr	OCR from image meineke_page_655.jpg (id=1827)	a880569d729ffaa23d7b9ed313fbb637ea1a4af2f8a1c32b2aef7f5bd8c63396	51000	Τραλλία	163	Τ163	1.000000	51001	Τράλλις	0.857143	0.142857	τραλλια	τραλλια
138519	Τραλλίς		meineke_page_655.jpg	655	11671	ocr	OCR from image meineke_page_655.jpg (id=1827)	9c3e06c9e711a06a73f54f5b332f3acd1e69844ef7579ceb6db75143b1449b52	51001	Τράλλις	164	Τ164	1.000000	51000	Τραλλία	0.857143	0.142857	τραλλισ	τραλλισ
138527	Τρεμιλη-		meineke_page_658.jpg	658	11679	ocr	OCR from image meineke_page_658.jpg (id=1830)	7c56994ba720e546c45dfd8f2d1741e46cc9a6ff0782cf48fc9baa546ba05399	51015	Τρεμίλη	178	Τ178	1.000000	3518	Κρέμη	0.571429	0.428571	τρεμιλη	τρεμιλη
138529	Τρήχις		meineke_page_659.jpg	659	11681	ocr	OCR from image meineke_page_659.jpg (id=1831)	7aeb0525fd85c87b46416ec0404f1a058f370462afffabdddc5a4685d31e1cb6	51017	Τρῆχις	180	Τ180	1.000000	51013	Τραχίς	0.833333	0.166667	τρηχισ	τρηχισ
138530	Τριβαλλοι		meineke_page_659.jpg	659	11682	ocr	OCR from image meineke_page_659.jpg (id=1831)	834c1b601d4e4442f14db3ab13726bf61e65033db65501ab3a4c8a1c8c81526f	51018	Τριβαλλοί	181	Τ181	1.000000	51022	Τρίκαλον	0.666667	0.333333	τριβαλλοι	τριβαλλοι
138542	Τριόδος	2	meineke_page_661.jpg	661	11694	ocr	OCR from image meineke_page_661.jpg (id=1833)	733f9e4e7e4512d58dfdbfc35ba12972aaf1966dc44835b1bd9f033a5282690d	51030	Τρίοδος	193	Τ193	1.000000	31970	Ῥόδος	0.714286	0.285714	τριοδοσ	τριοδοσ
138543	Τριόπιον	3	meineke_page_661.jpg	661	11695	ocr	OCR from image meineke_page_661.jpg (id=1833)	5e0c816e24c1264a6d74b8eed0cc0d1be419f343c8e7c70b7ea15c324a7a4074	51031	Τριόπιον	194	Τ194	1.000000	50994	Τορτόμιον	0.666667	0.333333	τριοπιον	τριοπιον
138546	Τριπολίσσοι	3	meineke_page_662.jpg	662	11698	ocr	OCR from image meineke_page_662.jpg (id=1834)	65a77a32a3507ef21a10f9aad19a926078ba64941826d121b5088dc191edf57d	51034	Τριπόλισσοι	197	Τ197	1.000000	51033	Τρίπολις	0.727273	0.272727	τριπολισσοι	τριπολισσοι
138551	Τριφυλία	3	meineke_page_663.jpg	663	16154	ocr	OCR from image meineke_page_663.jpg (id=1835)	83bdb9e09e531cc29205e2e085121d24579fb191a1aed60cb912e7bb5bebb746	51040	Τριφυλία	203	Τ203	1.000000	25141	Παμφυλία	0.625000	0.375000	τριφυλια	τριφυλια
138553	Τροία	5	meineke_page_663.jpg	663	11705	ocr	OCR from image meineke_page_663.jpg (id=1835)	886689c40cfa7e45486e6afe02e1bd06b8907afa3ffcd51aa8ea97d0214dbe74	51042	Τροία	205	Τ205	1.000000	50998	Τραγία	0.666667	0.333333	τροια	τροια
138554	Τροιζην		meineke_page_664.jpg	664	11706	ocr	OCR from image meineke_page_664.jpg (id=1836)	ad2dda8e63b54cbd5acf83dd153cd1e3b740f130d79e085ff8ee77973178acb6	51043	Τροιζήν	206	Τ206	1.000000	28374	Ποιμήν	0.571429	0.428571	τροιζην	τροιζην
138559	Τρωγίλος		meineke_page_665.jpg	665	11711	ocr	OCR from image meineke_page_665.jpg (id=1837)	5c8b09a695feb14e4121b0084e93a55f130eb66de3df7b699ae588961dd29882	51047	Τρώγιλος	210	Τ210	1.000000	50999	Τράγιλος	0.875000	0.125000	τρωγιλοσ	τρωγιλοσ
138563	Τυλησσός		meineke_page_665.jpg	665	11715	ocr	OCR from image meineke_page_665.jpg (id=1837)	39522057a3b64e86dc71b2c974a875be2511b305c2c9a23b989b6b41cef6adb6	51052	Τυλησσός	215	Τ215	1.000000	48669	Τευμησσός	0.777778	0.222222	τυλησσοσ	τυλησσοσ
138566	Τύμης	1	meineke_page_666.jpg	666	11718	ocr	OCR from image meineke_page_666.jpg (id=1838)	ef069ebce23d9ac474b54b82e3f3faa3d3110566d0e47fecda1c4c993e8f32c5	51056	Τύμης	219	Τ219	1.000000	60979	Τύνης	0.800000	0.200000	τυμησ	τυμησ
138567	Τυμνησσός	2	meineke_page_666.jpg	666	11719	ocr	OCR from image meineke_page_666.jpg (id=1838)	48ba777b213a78f7bfb1fcaf45544c75e47cb84192b1ff8411fc2a06c2bbd327	60975	Τυμνησσός	220	Τ220	1.000000	8471	Λυρνησσός	0.777778	0.222222	τυμνησσοσ	τυμνησσοσ
138568	Τύμνος	3	meineke_page_666.jpg	666	11720	ocr	OCR from image meineke_page_666.jpg (id=1838)	77b01d3a23d2c5cba1eeb96687e3c9ac7ee0e8c15da9800763cf50688f6e77ee	60976	Τύμνος	221	Τ221	1.000000	48678	Τῆμνος	0.833333	0.166667	τυμνοσ	τυμνοσ
138569	Τύμφη	4	meineke_page_666.jpg	666	11721	ocr	OCR from image meineke_page_666.jpg (id=1838)	1e95bdaef962119cc9e5a8ec4632b94323e4f525505ed8716914f3157a4b5e2c	60977	Τύμφη	222	Τ222	1.000000	3842	Δύμη	0.600000	0.400000	τυμφη	τυμφη
138572	Τυπαῖον		meineke_page_667.jpg	667	11724	ocr	OCR from image meineke_page_667.jpg (id=1839)	3c0cf5c98106f46393340371cf0d87877298b6a78bc0545cea2f58168dc82c3a	60980	Τύπαιον	225	Τ225	1.000000	20839	Θυραῖον	0.714286	0.285714	τυπαιον	τυπαιον
138573	Τυπανέαι		meineke_page_667.jpg	667	11725	ocr	OCR from image meineke_page_667.jpg (id=1839)	e2a4ab32892539f683470bc39a49af67313281b7a6844764e1238f7c5210e697	60981	Τυπανέαι	226	Τ226	1.000000	48697	Τιπανίσαι	0.666667	0.333333	τυπανεαι	τυπανεαι
138580	Τύρος	2	meineke_page_668.jpg	668	11732	ocr	OCR from image meineke_page_668.jpg (id=1840)	1c7418cc821042bef18cde0e480bbd9f61f6e8729566d02c288546c8cacda60f	60988	Τύρος	233	Τ233	1.000000	42041	Σῦρος	0.800000	0.200000	τυροσ	τυροσ
138585	Τύχη		meineke_page_669.jpg	669	11737	ocr	OCR from image meineke_page_669.jpg (id=1841)	83534eff08cc9fbe152c8e652bbc65f88c8a212c1275757ad818c131efeac8b4	60993	Τύχη	238	Τ238	1.000000	23672	Ἰτύκη	0.600000	0.400000	τυχη	τυχη
138586	Ὑαία		meineke_page_669.jpg	669	11738	ocr	OCR from image meineke_page_669.jpg (id=1841)	e30fb4b114be85c449b23c811c22f31025b694b5fbd1eefbfeb8ec5a0c80f614	60994	Ὑαία	1	Υ1	1.000000	61016	Ὑλαία	0.800000	0.200000	υαια	υαια
138588	Ὑάμεια		meineke_page_669.jpg	669	11740	ocr	OCR from image meineke_page_669.jpg (id=1841)	1fb938584f10e48a0dae492246b4b46baf92f961d126651f9440463f2fac4d95	60995	Ὑάμεια	2	Υ2	1.000000	60999	Ὑάπεια	0.833333	0.166667	υαμεια	υαμεια
138589	Ὑάμιον		meineke_page_669.jpg	669	11741	ocr	OCR from image meineke_page_669.jpg (id=1841)	2994b66be623a511a6daba61fe3fa7f167b765dda40dfbe69a5a5637dc58ffda	60996	Ὑάμιον	3	Υ3	1.000000	2788	Δάλμιον	0.714286	0.285714	υαμιον	υαμιον
138590	Ὑάμπολις		meineke_page_669.jpg	669	11742	ocr	OCR from image meineke_page_669.jpg (id=1841)	e489a7f632423afa7e5df394178e4c679a76a4758883094723dff1651f1a129c	60997	Ὑάμπολις	4	Υ4	1.000000	2495	Καρόπολις	0.666667	0.333333	υαμπολισ	υαμπολισ
138591	Ὑάντες		meineke_page_669.jpg	669	11743	ocr	OCR from image meineke_page_669.jpg (id=1841)	cf81a10372fcf0751ad05aff8b6ce8d9aaf16169af3ce30ebde9ad40fc91b17d	60998	Ὕαντες	5	Υ5	1.000000	115354	Βύζαντες	0.750000	0.250000	υαντεσ	υαντεσ
138592	Ὑάπεια		meineke_page_669.jpg	669	11744	ocr	OCR from image meineke_page_669.jpg (id=1841)	8e1b85ad44a09d26e4e4e3688f0ed9ba70279929bae819682eb9ebcd1bcd064b	60999	Ὑάπεια	6	Υ6	1.000000	60995	Ὑάμεια	0.833333	0.166667	υαπεια	υαπεια
138593	Ὑᾶσις		meineke_page_669.jpg	669	11745	ocr	OCR from image meineke_page_669.jpg (id=1841)	4e08639117d9d05eada5acea964e306665b5a84bde1843ccae083db377405a7e	61000	Ὕασις	7	Υ7	1.000000	102803	Αὔασις	0.833333	0.166667	υασισ	υασισ
138594	Ὑβα		meineke_page_669.jpg	669	11746	ocr	OCR from image meineke_page_669.jpg (id=1841)	59f0572f46d4b47a41c29d4c3d9eb2c20d7894db844af9bb96b97362cd637dbe	61001	Ὕβα	8	Υ8	1.000000	61003	Ὕβλαι	0.600000	0.400000	υβα	υβα
138595	Ὑβέλη		meineke_page_669.jpg	669	11747	ocr	OCR from image meineke_page_669.jpg (id=1841)	58798ce837326d6ebf6745a6f9164bbdf29a68d0354b5bca25377b35856fcea5	61002	Ὑβέλη	9	Υ9	1.000000	96958	Ἀρβέλη	0.666667	0.333333	υβελη	υβελη
138597	Ἡραια		meineke_page_670.jpg	670	16157	ocr	OCR from image meineke_page_670.jpg (id=1842)	ebc90eb160b05dd3d84c7f3f334f430da850657a6916c4716cdc348db3cd4d7a	19527	Ἥραια	18	Η18	1.000000	30157	Ῥαία	0.800000	0.200000	ηραια	ηραια
138598	Ὑγασσος		meineke_page_670.jpg	670	11750	ocr	OCR from image meineke_page_670.jpg (id=1842)	21399db90e25691747068a3e76c23989eb7d30318cb446b5f606c251c08342a3	61004	Ὑγασσός	11	Υ11	1.000000	3552	Κυβασσός	0.750000	0.250000	υγασσοσ	υγασσοσ
138600	Ὑδη		meineke_page_670.jpg	670	11752	ocr	OCR from image meineke_page_670.jpg (id=1842)	a32b8f5a880f13928d42fe4c8592031e90f498f5f18aeb8510f4dd482c61d4d5	61006	Ὕδη	13	Υ13	1.000000	22195	Ἴδη	0.666667	0.333333	υδη	υδη
138610	Ύλαία		meineke_page_672.jpg	672	11762	ocr	OCR from image meineke_page_672.jpg (id=1844)	e7fc37d260b35d5d1ed0538aba62fb23dc0f29c89207b42b4e4dedc531c0476e	61016	Ὑλαία	23	Υ23	1.000000	60994	Ὑαία	0.800000	0.200000	υλαια	υλαια
138611	Ύλαμοι		meineke_page_672.jpg	672	11763	ocr	OCR from image meineke_page_672.jpg (id=1844)	d4bc7fc6040b6fa4e40d83b4bf5084584b8fd869f22a8a5c86db032e91bb6efa	61017	Ὕλαμοι	24	Υ24	1.000000	7647	Λαζοί	0.666667	0.333333	υλαμοι	υλαμοι
138617	Ὑμηττός		meineke_page_674.jpg	674	11769	ocr	OCR from image meineke_page_674.jpg (id=1846)	b868bb832c38742c7bd462f013d9724cf5efc6559a4a594f02500edf8ab2c34d	61022	Ὑμηττός	29	Υ29	1.000000	61013	Ὑηττός	0.857143	0.142857	υμηττοσ	υμηττοσ
138619	Ὑπαίπα		meineke_page_674.jpg	674	11771	ocr	OCR from image meineke_page_674.jpg (id=1846)	19f9669b6612ede82d854001ea46c1d65057a037bf168a47e2e58f5d79537278	61024	Ὕπαιπα	31	Υ31	1.000000	7233	Κύπαιθα	0.714286	0.285714	υπαιπα	υπαιπα
138621	Ὑπάνα		meineke_page_674.jpg	674	11773	ocr	OCR from image meineke_page_674.jpg (id=1846)	bf8bef1dfa35d5add40198b0309def7e2fe3d516409ba8d679c4461792f28a19	61026	Ὕπανα	33	Υ33	1.000000	23632	Ἵπανα	0.800000	0.200000	υπανα	υπανα
138622	Ὑπανις		meineke_page_674.jpg	674	11774	ocr	OCR from image meineke_page_674.jpg (id=1846)	89a05935e2c5c1a225728dafd5c910a25aa6e8b854d3902a71478b564d7873b2	61027	Ὕπανις	34	Υ34	1.000000	7237	Κύπασις	0.714286	0.285714	υπανισ	υπανισ
138626	Ὑπερδέξιον		meineke_page_675.jpg	675	11778	ocr	OCR from image meineke_page_675.jpg (id=1847)	9ccdd432d040951f616af93e708406871175787b1fcda4d47c23871c8d9cba44	61031	Ὑπερδέξιον	38	Υ38	1.000000	17080	Ἐργέτιον	0.600000	0.400000	υπερδεξιον	υπερδεξιον
138627	Ὑπερησία		meineke_page_675.jpg	675	11779	ocr	OCR from image meineke_page_675.jpg (id=1847)	fa09a85c7f6fd925ef6c3f3b761545aa0b61661bc37e85064822fa19f4f79240	61032	Ὑπερησία	39	Υ39	1.000000	61029	Ὑπερασία	0.875000	0.125000	υπερησια	υπερησια
138639	Ὑσβη		meineke_page_678.jpg	678	11791	ocr	OCR from image meineke_page_678.jpg (id=1850)	844a82291db3c4bea7ec28e7821a10215593d62afb8698168fe28b0f4c3f803c	61043	Ὕσβη	50	Υ50	1.000000	7242	Κύρβη	0.600000	0.400000	υσβη	υσβη
138640	Ὑσία		meineke_page_678.jpg	678	11792	ocr	OCR from image meineke_page_678.jpg (id=1850)	9094c1ed80f5f12f2d4b3fead52d473b06bf198b4f5e79a3003066ac9f1053ff	61044	Ὑσία	51	Υ51	1.000000	11050	Μυσία	0.800000	0.200000	υσια	υσια
138644	Ὑψηλις		meineke_page_678.jpg	678	11796	ocr	OCR from image meineke_page_678.jpg (id=1850)	43b480e71631ad0898de3855538f89bf3b5aca4f709cdbafafdc6addc074ead0	61048	Ὕψηλις	55	Υ55	1.000000	19519	Ἦλις	0.666667	0.333333	υψηλισ	υψηλισ
138647	Φαβία		meineke_page_679.jpg	679	11799	ocr	OCR from image meineke_page_679.jpg (id=1851)	11e9c759b870902bae696ce4981c3f855d7ae39b7ccfeeaf42d27105b457fff9	135353	Φαβία	1	Φ1	1.000000	96937	Ἀραβία	0.666667	0.333333	φαβια	φαβια
138648	Φαβεντία		meineke_page_679.jpg	679	11800	ocr	OCR from image meineke_page_679.jpg (id=1851)	a6e8bc9523e94bd3a3ea6f2336fd4edd568dd5e57d86aa348d58bd6dc5fa11d3	135354	Φαβεντία	2	Φ2	1.000000	28360	Πλακεντία	0.666667	0.333333	φαβεντια	φαβεντια
138649	Φάγρης		meineke_page_679.jpg	679	11801	ocr	OCR from image meineke_page_679.jpg (id=1851)	c9a25007c05a26bdcd33bde0a2f066b84fe5e538bb48915715b6f48cec0af837	135355	Φάγρης	3	Φ3	1.000000	61096	Ἄγρη	0.666667	0.333333	φαγρησ	φαγρησ
138652	Φαιστός		meineke_page_679.jpg	679	11804	ocr	OCR from image meineke_page_679.jpg (id=1851)	8299fffcdaa8641b1c7084afd9c676358a3882279e807ac3fb5f46050daae46c	135358	Φαιστός	6	Φ6	1.000000	8967	Μάκιστος	0.750000	0.250000	φαιστοσ	φαιστοσ
138653	Φάκιον		meineke_page_679.jpg	679	11805	ocr	OCR from image meineke_page_679.jpg (id=1851)	03a0e81ed3c0805f3f635a5826a7f7286a72c73a72e84c854c53e4ad4570a7b2	135359	Φάκιον	7	Φ7	1.000000	135414	Φίκειον	0.714286	0.285714	φακιον	φακιον
138654	Φάκουσα		meineke_page_680.jpg	680	11806	ocr	OCR from image meineke_page_680.jpg (id=1852)	cbf03c9eee61ad0810b9a5911929821a5bad10da0581e37938cfc4d23a3381d0	135360	Φάκουσα	8	Φ8	1.000000	145226	Φυκοῦς	0.714286	0.285714	φακουσα	φακουσα
138657	Φαλανθος		meineke_page_680.jpg	680	11809	ocr	OCR from image meineke_page_680.jpg (id=1852)	c8c2ff93af389948ece819e307b8496ef3297e02e581394768fbe244f2de161e	135363	Φάλανθος	11	Φ11	1.000000	8977	Μαλάνιος	0.750000	0.250000	φαλανθοσ	φαλανθοσ
138658	Φάλαννα		meineke_page_680.jpg	680	11810	ocr	OCR from image meineke_page_680.jpg (id=1852)	f03af2dc7ad78591ee7c0c9685887212f178bfb45a47bc8ec8a8f5aaba08d4f1	135364	Φάλαννα	12	Φ12	1.000000	135365	Φαλάνναια	0.777778	0.222222	φαλαννα	φαλαννα
138659	Φαλάνναια		meineke_page_681.jpg	681	11811	ocr	OCR from image meineke_page_681.jpg (id=1853)	9c9cc20e4d6f18bd80ce14d11c48a904f93e19e021da39ef90985f03d42f970f	135365	Φαλάνναια	13	Φ13	1.000000	135364	Φάλαννα	0.777778	0.222222	φαλανναια	φαλανναια
138661	Φαμιζών	2	meineke_page_682.jpg	682	11813	ocr	OCR from image meineke_page_682.jpg (id=1854)	708eed198bba78d094bc3c59afc008ec2fa069f5a9d0b4084d409e461fcabf42	135374	Φαμιζών	22	Φ22	1.000000	12817	Ὀλιζών	0.571429	0.428571	φαμιζων	φαμιζων
138662	Φαναγόρεια	3	meineke_page_682.jpg	682	11814	ocr	OCR from image meineke_page_682.jpg (id=1854)	d0d489ee3d57d400f9ebe0fe15361a4c829202a942e4e8c3fbcb3c3d5c684460	135375	Φαναγόρεια	23	Φ23	1.000000	2087	Καλαύρεια	0.600000	0.400000	φαναγορεια	φαναγορεια
138667	Φαρνάκεια		meineke_page_684.jpg	684	11819	ocr	OCR from image meineke_page_684.jpg (id=1856)	62fc77bde5f5236f11517af07eeb41e1a5e515568a40a0c7d85a4abefdcae372	135386	Φαρνάκεια	34	Φ34	1.000000	85671	Ἀνακαία	0.666667	0.333333	φαρνακεια	φαρνακεια
138668	Φάρος		meineke_page_684.jpg	684	11820	ocr	OCR from image meineke_page_684.jpg (id=1856)	fe0cfd219025a2210c51526f2663ea62bcfa09ddb0bef8c7dd1263990bed8433	135387	Φάρος	35	Φ35	1.000000	26679	Πάρος	0.800000	0.200000	φαροσ	φαροσ
138669	Φαρουσίοι		meineke_page_684.jpg	684	11821	ocr	OCR from image meineke_page_684.jpg (id=1856)	6dc3f7265a9f2307cb47f4441c123e3f7d3d07d447b5e9bfd1850bf5d5c28a6b	135388	Φαρούσιοι	36	Φ36	1.000000	105857	Βαργούσιοι	0.800000	0.200000	φαρουσιοι	φαρουσιοι
138670	Φάρσαλος		meineke_page_684.jpg	684	11822	ocr	OCR from image meineke_page_684.jpg (id=1856)	dc0e5e30f557c4be36dd8d3625fc1d11b7a8ba08a8c19932867e7b897231567e	135389	Φάρσαλος	37	Φ37	1.000000	26658	Πάραλος	0.750000	0.250000	φαρσαλοσ	φαρσαλοσ
138672	Φασαηλίς		meineke_page_685.jpg	685	11824	ocr	OCR from image meineke_page_685.jpg (id=1857)	cd76c31a608f200294769051804b1f8f56858875ea64d6e40af0b8bad2670fdf	135391	Φασαηλίς	39	Φ39	1.000000	135392	Φάσηλις	0.875000	0.125000	φασαηλισ	φασαηλισ
138674	Φασταῖα		meineke_page_686.jpg	686	11826	ocr	OCR from image meineke_page_686.jpg (id=1858)	4b9071a588741935f8d7b9dcf359246301227258fd0f4c9d35ed1f546b55cb14	135395	Φάσταια	43	Φ43	1.000000	2617	Κασταλία	0.750000	0.250000	φασταια	φασταια
138676	Φεᾶ		meineke_page_686.jpg	686	11828	ocr	OCR from image meineke_page_686.jpg (id=1858)	dcb9f5487c181ca2083213c2f34ca280aa7445f9e376138c6e4af3411dd69c66	135396	Φεά	45	Φ45	1.000000	20781	Θέα	0.666667	0.333333	φεα	φεα
138680	Φενεβηϑις		meineke_page_687.jpg	687	11832	ocr	OCR from image meineke_page_687.jpg (id=1859)	9ec67d72d221616341c68bc9168144eb9fcc86bdfced0eb087c32a88b5c3c895	135400	Φενέβηθις	49	Φ49	1.000000	9625	Μένουθις	0.555556	0.444444	φενεβηθισ	φενεβηθισ
138681	Φενεός		meineke_page_687.jpg	687	11833	ocr	OCR from image meineke_page_687.jpg (id=1859)	8ea4906f87764e6a75957816659498838096efe1cdca9f2b3e5fec2c3d14e942	135401	Φενεός	50	Φ50	1.000000	48655	Τένεδος	0.714286	0.285714	φενεοσ	φενεοσ
138682	Φεραί		meineke_page_687.jpg	687	11834	ocr	OCR from image meineke_page_687.jpg (id=1859)	bbfb5ee9d3ad1895b8d47ccddadbe95a14fe88f5ab00747c8ce30e2a062170fb	135402	Φεραί	51	Φ51	1.000000	135379	Φαραί	0.800000	0.200000	φεραι	φεραι
138685	Φηγεια		meineke_page_688.jpg	688	11837	ocr	OCR from image meineke_page_688.jpg (id=1860)	cb45b7e73998bd9177f1fb4b491739821b0768c85eb7721ae8569e0321a79f47	135405	Φήγεια	54	Φ54	1.000000	135404	Φηγαιά	0.833333	0.166667	φηγεια	φηγεια
138686	Φηγούς		meineke_page_688.jpg	688	11838	ocr	OCR from image meineke_page_688.jpg (id=1860)	feb797ba6b8260e600855230ba1c6a632a45edead17f8599839313df6b92378f	135406	Φηγοῦς	55	Φ55	1.000000	28329	Πηλοῦς	0.666667	0.333333	φηγουσ	φηγουσ
138687	Φημιαί		meineke_page_688.jpg	688	11839	ocr	OCR from image meineke_page_688.jpg (id=1860)	f448fd90adaa5012753620e28664ef73d7d2330d52a4dc03bc560b05e6fdb173	135407	Φημίαι	56	Φ56	1.000000	61014	Ὑθμῖται	0.571429	0.428571	φημιαι	φημιαι
138690	Φθιᾶ		meineke_page_689.jpg	689	11842	ocr	OCR from image meineke_page_689.jpg (id=1861)	c579d2eaeaae4dd699beb1139f06d578d4638414250a123b8b33c40791067d3f	135409	Φθία	58	Φ58	1.000000	135410	Φθίρ	0.750000	0.250000	φθια	φθια
138692	Φιλα		meineke_page_690.jpg	690	11844	ocr	OCR from image meineke_page_690.jpg (id=1862)	0c4d8d8b32545693edea8b65905598f6a8f18fdb1ec95a08e81ff73f67d81966	135415	Φίλα	64	Φ64	1.000000	135411	Φιά	0.750000	0.250000	φιλα	φιλα
138694	Φιλαῖδαι		meineke_page_690.jpg	690	11846	ocr	OCR from image meineke_page_690.jpg (id=1862)	d0eae012b420a7547eabb192ffa6d9d0570a525e17be4b35de014807582e5662	135417	Φιλαΐδαι	66	Φ66	1.000000	48704	Τιτακίδαι	0.666667	0.333333	φιλαιδαι	φιλαιδαι
138699	Φιλομηλεῖον		meineke_page_691.jpg	691	11851	ocr	OCR from image meineke_page_691.jpg (id=1863)	29371070bcb183539a1ced54ee26321b70be768b3a449513f5fd1e1cb9896550	135422	Φιλομήλειον	71	Φ71	1.000000	11890	Νικομήδειον	0.727273	0.272727	φιλομηλειον	φιλομηλειον
138703	Φινοπολις		meineke_page_692.jpg	692	11855	ocr	OCR from image meineke_page_692.jpg (id=1864)	3f542c17d0399c50540f286e3f256aa40a57117f6d16fd36aa7d60c43de2927f	135426	Φινόπολις	75	Φ75	1.000000	11891	Νικόπολις	0.777778	0.222222	φινοπολισ	φινοπολισ
138708	Φλυγόνιον	2	meineke_page_693.jpg	693	11860	ocr	OCR from image meineke_page_693.jpg (id=1865)	47b54521da25472bb38147c913c7ad327477cbd90777fcc72bae8865b2399600	135431	Φλυγόνιον	80	Φ80	1.000000	17050	Ἐλύμνιον	0.666667	0.333333	φλυγονιον	φλυγονιον
138709	Φλυείς	3	meineke_page_693.jpg	693	11861	ocr	OCR from image meineke_page_693.jpg (id=1865)	a3ab932d3408fd10401209d20e68969406678a6ab81fb3289a9c96a1ed568da0	135432	Φλυεῖς	81	Φ81	1.000000	61020	Ὑλλεῖς	0.666667	0.333333	φλυεισ	φλυεισ
138712	Φοινίκη	6	meineke_page_693.jpg	693	11864	ocr	OCR from image meineke_page_693.jpg (id=1865)	cafa4b41f2a7dac26e6f35fae39115f2abe130a8e20b9484e66d0e9a580fa78e	135435	Φοινίκη	84	Φ84	1.000000	135436	Φοινικοῦς	0.666667	0.333333	φοινικη	φοινικη
138717	Φολόη		meineke_page_695.jpg	695	11869	ocr	OCR from image meineke_page_695.jpg (id=1867)	1972be90daebde009e5de2abf0798dceda6e8a8430f8a6feba9f2bb7665f5386	135440	Φολόη	89	Φ89	1.000000	31968	Ῥοδόη	0.600000	0.400000	φολοη	φολοη
138722	Φούνδα		meineke_page_695.jpg	695	11874	ocr	OCR from image meineke_page_695.jpg (id=1867)	5769ef05e13509b472c0ab16f02f4d10ce1a08deb0ea23f01272303f7be9b850	135445	Φοῦνδα	94	Φ94	1.000000	135443	Φόρουννα	0.625000	0.375000	φουνδα	φουνδα
138734	Φυλή		meineke_page_699.jpg	699	11886	ocr	OCR from image meineke_page_699.jpg (id=1871)	d253cc61f964d20df195cb59a5fe1f16352d6bedd95ec31f7a92238a284fa748	145228	Φυλή	111	Φ111	1.000000	8468	Λύλη	0.750000	0.250000	φυλη	φυλη
138735	Φυλον	1	meineke_page_700.jpg	700	11887	ocr	OCR from image meineke_page_700.jpg (id=1872)	e5c4acd837891439f5f8a795760d31e418f582b9918b9724d061cde575080873	145231	Φῦλον	114	Φ114	1.000000	145230	Φύλλος	0.666667	0.333333	φυλον	φυλον
138737	Φυσκος	3	meineke_page_700.jpg	700	11889	ocr	OCR from image meineke_page_700.jpg (id=1872)	ef4e2beaaa30b0bc610df4d5964fc9cc3ba252242d1dc4f3270ce4650bfe3e58	145233	Φύσκος	116	Φ116	1.000000	60991	Τύσκλος	0.714286	0.285714	φυσκοσ	φυσκοσ
138739	Φυτειον	5	meineke_page_700.jpg	700	11891	ocr	OCR from image meineke_page_700.jpg (id=1872)	88e7f8a5c2ece7fdd6a429411a8e94691a49adf0f8506f1d31898f2680236081	145235	Φύτειον	118	Φ118	1.000000	145234	Φύταιον	0.857143	0.142857	φυτειον	φυτειον
138741	Φωκις	7	meineke_page_700.jpg	700	11893	ocr	OCR from image meineke_page_700.jpg (id=1872)	3bcbe0f84f5d8ab6820b1cc07c1444e108668ad65c21e16fc97c2a7838a81f8b	145237	Φωκίς	120	Φ120	1.000000	145236	Φώκαια	0.666667	0.333333	φωκισ	φωκισ
138751	Χαιρώνεια	1	meineke_page_703.jpg	703	11903	ocr	OCR from image meineke_page_703.jpg (id=1875)	b37184d5c5551809523cbc69848ef610e8f326208f57bae5da6587cf63e8bc19	125146	Χαιρώνεια	6	Χ6	1.000000	9022	Μαρώνεια	0.777778	0.222222	χαιρωνεια	χαιρωνεια
138753	Χάλαστρα		meineke_page_704.jpg	704	11905	ocr	OCR from image meineke_page_704.jpg (id=1876)	3424d6d79bf030597c696f4fa02e9acdb8c1d4e4709e6f8ee94f5e12fe2550fb	125150	Χαλάστρα	8	Χ8	1.000000	80211	Ἀλάβαστρα	0.666667	0.333333	χαλαστρα	χαλαστρα
138756	Χαλία		meineke_page_706.jpg	706	11908	ocr	OCR from image meineke_page_706.jpg (id=1878)	03d93225adfb28877703b6daa19990c5f6d5976cdbd056bc3fbbc900daab706c	128477	Χαλία	11	Χ11	1.000000	128476	Χαλδία	0.833333	0.166667	χαλια	χαλια
138758	Χάλκεια		meineke_page_706.jpg	706	11910	ocr	OCR from image meineke_page_706.jpg (id=1878)	eb3f1ef284aea5eb4468180bf28e5808c9aaa4a383f7bc4806027378977e0039	128479	Χάλκεια	13	Χ13	1.000000	105845	Βάλκεια	0.857143	0.142857	χαλκεια	χαλκεια
138759	Χάλκη	1	meineke_page_707.jpg	707	11911	ocr	OCR from image meineke_page_707.jpg (id=1879)	b73de49ac7c0b576f14cfee4a74c070936e8e293e1d6583d6abdc66f3598c900	128480	Χάλκη	14	Χ14	1.000000	8976	Μαλάκη	0.666667	0.333333	χαλκη	χαλκη
138760	Χαλκηδών	2	meineke_page_707.jpg	707	11912	ocr	OCR from image meineke_page_707.jpg (id=1879)	330592a07133a4a28c4545a682d3f3a3388ce27f9c5234ab351f0875891e984f	128481	Χαλκηδών	15	Χ15	1.000000	135384	Φαρκηδών	0.750000	0.250000	χαλκηδων	χαλκηδων
138761	Χαλκητόριον		meineke_page_708.jpg	708	11913	ocr	OCR from image meineke_page_708.jpg (id=1880)	8889eb53b9d3e62eeec4571e34dc077ba3ba5d46fc0b48c6732a4cd2fe59c090	128482	Χαλκητόριον	16	Χ16	1.000000	8974	Μακτώριον	0.636364	0.363636	χαλκητοριον	χαλκητοριον
138762	Χαλκίς		meineke_page_708.jpg	708	19574	ocr	OCR from image meineke_page_709.jpg (id=1881)	4bd4b884f3f7ea6d3599b3db1f90ac5f9f315e65993888a38385c6bb65551e88	128483	Χαλκίς	17	Χ17	1.000000	128484	Χαλκῖτις	0.750000	0.250000	χαλκισ	χαλκισ
138764	Χαλκίς	1	meineke_page_710.jpg	710	11916	ocr	OCR from image meineke_page_710.jpg (id=1882)	3ebd22112812bb694b37429b12fbcd45c12ae4784146e808f09771bd78b2d293	128483	Χαλκίς	17	Χ17	1.000000	128484	Χαλκῖτις	0.750000	0.250000	χαλκισ	χαλκισ
138765	Χανδανακη		meineke_page_711.jpg	711	11917	ocr	OCR from image meineke_page_711.jpg (id=1883)	049065e4c716f0a74650c85d0fed794de3f48c3d6b2e99d4cfb69c046c9e4440	128487	Χανδανάκη	21		1.000000	128486	Χανδάνη	0.777778	0.222222	χανδανακη	χανδανακη
138766	Χανδάνη		meineke_page_711.jpg	711	11918	ocr	OCR from image meineke_page_711.jpg (id=1883)	87f40b0a8e870f098819c1843676a4ed44f9cc551a0d96b6207ddf54deb64257	128486	Χανδάνη	20		1.000000	128487	Χανδανάκη	0.777778	0.222222	χανδανη	χανδανη
138769	Χαράδρα		meineke_page_712.jpg	712	11921	ocr	OCR from image meineke_page_712.jpg (id=1884)	ad6a1ba30a2749b5b59ea187daf8a4799ac3de704aab098b8e86254cfb292afe	128489	Χαράδρα	23	Χ23	1.000000	128490	Χάραδρος	0.750000	0.250000	χαραδρα	χαραδρα
138770	Χάραδρος		meineke_page_712.jpg	712	11922	ocr	OCR from image meineke_page_712.jpg (id=1884)	af48c7b4aaa8f0b3001c8f6a9270d33dd88cb0807a31c633bd8840ecfaa37fbb	128490	Χάραδρος	24	Χ24	1.000000	44233	Τάρανδρος	0.777778	0.222222	χαραδροσ	χαραδροσ
