mineke_lemma_id	mineke_lemma	mineke_entry_number	mineke_image_filenames	mineke_max_page_number	meineke_source_text_version_id	meineke_source_variant	meineke_notes	meineke_text_hash	match_billerbeck_lemma_id	match_billerbeck_lemma	match_billerbeck_entry_number	match_billerbeck_id	match_similarity	match2_billerbeck_lemma_id	match2_billerbeck_lemma	match2_similarity	similarity_delta	normalized_mineke	normalized_match
135455	Ἄβα1	1	meineke_page_014.jpg	14	8627	ocr	OCR from image meineke_page_014.jpg (id=1186)	25733c4ad3d096ee43f647a232784a0705218accd66a6339dfd20409e931dbb0	61051	Ἄβαι	1	Α1	0.750000	7633	Λάβαι	0.600000	0.150000	αβα1	αβαι
135456	Σιδῆς καὶ Πυλήτης		meineke_page_015.jpg	15	8628	ocr	OCR from image meineke_page_015.jpg (id=1187)	22ac7fc5a57ae35fce4e71fb483bd3e2b0bf03e7785e860440ff2525079101a1	41897	Σισίγυλις	185	Σ185	0.466667	30150	Πῶλις καὶ Σῆνος	0.400000	0.066667	σιδησκαιπυλητησ	σισιγυλισ
135465	Ἀβρογίγνες	2	meineke_page_020.jpg	20	8636	ocr	OCR from image meineke_page_020.jpg (id=1192)	53042c578105f0114df98f34176eb9f0825ea7d98d896930ceec63d39e5c851b	61060	Ἀβοριγῖνες	10	Α10	0.700000	115335	Βρίγες	0.600000	0.100000	αβρογιγνεσ	αβοριγινεσ
135466	Ἀβρογῖνοι		meineke_page_021.jpg	21	8637	ocr	OCR from image meineke_page_021.jpg (id=1193)	d31522444ff848192e10acdf2c8821eeba2031b2cad5cdd801d5c07909016193	61065	Ἀβρότονον	15	Α15	0.666667	99830	Ἀρόερνοι	0.666667	0.000000	αβρογινοι	αβροτονον
135473	Ἀβυδαῖος		meineke_page_023.jpg	23	8642	ocr	OCR from image meineke_page_023.jpg (id=1195)	daf9a2da40f59ef32cf7f5d048724dc1de3ad87dbf55311414cb342d6d7b037c	61066	Ἄβυδοι	16	Α16	0.625000	115358	Βύμαζος	0.625000	0.000000	αβυδαιοσ	αβυδοι
135478	Ἀγαθοῦ δαίμων	2	meineke_page_024.jpg	24	8646	ocr	OCR from image meineke_page_024.jpg (id=1196)	a3d7c25fd22c00a76f9c68da24cdad4a3af3bc0723e1c2bd9f13b003d2fddc29	61072	Ἀγαθοῦ δαίμονος	22	Α22	0.785714	8028	Λακεδαίμων	0.583333	0.202381	αγαθουδαιμων	αγαθουδαιμονοσ
135496	Ἀγρουνιθδεν		meineke_page_033.jpg	33	8663	ocr	OCR from image meineke_page_033.jpg (id=1205)	c08f1e925fd4a54b9a547a1a90d689c8fd142ed8d5639602792bd08fe160976a	96979	Ἀρδύνιον	409	Α409	0.545455	121828	Γερούνιον	0.545455	0.000000	αγρουνιθδεν	αρδυνιον
135500	Ἀγροησός		meineke_page_033.jpg	33	8667	ocr	OCR from image meineke_page_033.jpg (id=1205)	9de86e46f563e13acf19ab9f3df9499233ce1b1141df62ceffc5f5e0e541d61b	61092	Ἀγορησός	42	Α42	0.750000	99821	Ἀρκόνησος	0.666667	0.083333	αγροησοσ	αγορησοσ
135507	Θεσμοφοριαζούσαις	1	meineke_page_036.jpg	36	8674	ocr	OCR from image meineke_page_036.jpg (id=1208)	6ae8cf8e28db8bd42fc45b1b83a51f594fa6cd32f04317f0eff7825f2dafd9b0	42034	Συράκουσαι	323	Σ323	0.470588	20786	Θεμβρίμος	0.411765	0.058824	θεσμοφοριαζουσαισ	συρακουσαι
135510	Ἀγυζιλήνη	4	meineke_page_036.jpg	36	8677	ocr	OCR from image meineke_page_036.jpg (id=1208)	252bc7fe83287decb6a235c4706e4c03280e53163aced001477d440875a25d37	11052	Μυτιλήνη	262	Μ262	0.666667	7216	Κυλλήνη	0.555556	0.111111	αγυζιληνη	μυτιληνη
135512	Ἄγχιστις		meineke_page_037.jpg	37	8679	ocr	OCR from image meineke_page_037.jpg (id=1209)	73ed25bc12574e3f509030d971742eb42d9ad97794d07a7c49173851780379c6	11940	Ὀγχηστός	8	Ο8	0.625000	61104	Ἀγχίση	0.625000	0.000000	αγχιστισ	ογχηστοσ
135513	Ἄδασσα		meineke_page_037.jpg	37	8680	ocr	OCR from image meineke_page_037.jpg (id=1209)	7a71507b9f4378882e4a737bbfc939a7fa43bbc20bd7c5f43f672546bbb9d545	22091	Θάλασσα	2	Θ2	0.714286	26683	Πάσσα	0.666667	0.047619	αδασσα	θαλασσα
135515	Ὰδανίς	1	meineke_page_039.jpg	39	19038	ocr	OCR from image meineke_page_045.jpg (id=1217)	f5be2783da4d855a9d2684baaea7f9ddfff7ee91376e329f440cee013ab37df6	32001	Σάδαλις	10	Σ10	0.714286	61053	Ἀβαντίς	0.714286	0.000000	αδανισ	σαδαλισ
135528	Ἀδρύμητος	3	meineke_page_043.jpg	43	8695	ocr	OCR from image meineke_page_043.jpg (id=1215)	a605953749c64a8b09bd07bbde48cd0615c25b71c7144bf1c56d0caf04e89f94	61111	Ἀδράμυττις	61	Α61	0.600000	99852	Ἀρτύμνησος	0.600000	0.000000	αδρυμητοσ	αδραμυττισ
135529	Ἀδυς	4	meineke_page_043.jpg	43	8696	ocr	OCR from image meineke_page_043.jpg (id=1215)	277477cde53c13f364a9d7053a245770c66b9d6099156c9a568778797c339734	2466	Καοῦς	64	Κ64	0.600000	61118	Ἄδρυξ	0.600000	0.000000	αδυσ	καουσ
135536	Ὰδέχεων	3	meineke_page_045.jpg	45	8703	ocr	OCR from image meineke_page_045.jpg (id=1217)	2b5ec8b8b07e53fd897f8144b27d81f16ba2adcb6aa7ebdc94cd1a0edcdd069a	61107	Ἀδέρκων	57	Α57	0.714286	10212	Μεδεών	0.571429	0.142857	αδεχεων	αδερκων
135546	Ἀθορτα		meineke_page_048.jpg	48	8712	ocr	OCR from image meineke_page_048.jpg (id=1220)	75ac3866c11a1ad4865080cf3806147a420fd5bb9782c62521e81143be20ccea	61090	Ἀγορά	40	Α40	0.666667	32032	Σάμορνα	0.571429	0.095238	αθορτα	αγορα
135547	Ἀθύμης / Ἀθυμητος		meineke_page_048.jpg	48	8713	ocr	OCR from image meineke_page_048.jpg (id=1220)	38fb56d0886bb06d711f3632fb574429f511dd2a4f934cdc44c6d0bf3ef0bcb6	61117	Ἀδρύμης, Ἀδρύμητος	67	Α67	0.750000	82928	Ἀμήστρατος	0.500000	0.250000	αθυμησαθυμητοσ	αδρυμησαδρυμητοσ
135548	Ἀθυμητος	1	meineke_page_049.jpg	49	8714	ocr	OCR from image meineke_page_049.jpg (id=1221)	a5f675fa87a07f8540f045fecba38c16bf28b08564f7e39a0ca41f79e2c504ae	61022	Ὑμηττός	29	Υ29	0.625000	80207	Ἄκυτος	0.625000	0.000000	αθυμητοσ	υμηττοσ
135549	Ἀδρευς	2	meineke_page_049.jpg	49	8715	ocr	OCR from image meineke_page_049.jpg (id=1221)	89597bc580ce0e100646d682a17ffbcfe94f0c02666450341418019770ce788e	15927	Δρῦς	138	Δ138	0.666667	61012	Ὑδροῦς	0.666667	0.000000	αδρευσ	δρυσ
135550	Ἀδραματιαι	3	meineke_page_049.jpg	49	8716	ocr	OCR from image meineke_page_049.jpg (id=1221)	c0ce96b78f45c25de729f1e264cb8cb616b7288e68becbf88965d2c86d124491	102792	Ἀτραμῖται	522	Α522	0.700000	61110	Ἀδραμύτειον	0.636364	0.063636	αδραματιαι	ατραμιται
135554	μετιλουωθα		meineke_page_051.jpg	51	8720	ocr	OCR from image meineke_page_051.jpg (id=1223)	70970acb335bf8edc667cb8d3cd7bce42b33db6a8bf910fe0941df32d1be45b5	9615	Μελίτουσα	135	Μ135	0.600000	8959	Μαινόβωρα	0.500000	0.100000	μετιλουωθα	μελιτουσα
135555	Ἀζεύται		meineke_page_051.jpg	51	8721	ocr	OCR from image meineke_page_051.jpg (id=1223)	d7367ad707111d588847aeb5c946413e9b0a4962279414812499df810de3f3b8	61123	Ἀζειῶται	73	Α73	0.750000	102823	Ἀφεταί	0.714286	0.035714	αζευται	αζειωται
135559	Ἀψωρεάτις / Ἀψωρεῖς	1	meineke_page_052.jpg	52	8725	ocr	OCR from image meineke_page_052.jpg (id=1224)	b44f6db680980ac0f920d8413c2e5a95061f76714167986de0a5cdac265fc290	2079	Καισάρεια	16	Κ16	0.437500	11094	Νεοκαισάρεια	0.437500	0.000000	αψωρεατισαψωρεισ	καισαρεια
135562	Ἀθαραφβις / Ἀθαραφβίς	4	meineke_page_052.jpg	52	8728	ocr	OCR from image meineke_page_052.jpg (id=1224)	8fc1452718f7ceb1e730a044e6894e5278cdeb008743929cfffcf903be5865f4	61129	Ἀθάρραβις	79	Α79	0.500000	2473	Κάραλλις ἢ Καράλλεια	0.444444	0.055556	αθαραφβισαθαραφβισ	αθαρραβισ
135564	Ἀθηναῖος	1	meineke_page_053.jpg	53	8730	ocr	OCR from image meineke_page_053.jpg (id=1225)	751fca78ccaba696f4dded82becd3b50cf885b53fcd69d8fe49a5c5c98bf1b22	61130	Ἀθῆναι	80	Α80	0.750000	3555	Κυδαθήναιον	0.636364	0.113636	αθηναιοσ	αθηναι
135565	Λιάδας		meineke_page_054.jpg	54	8731	ocr	OCR from image meineke_page_054.jpg (id=1226)	f523444cfd07966f4cc7944042c2e3817868425596dcf580216907f92d772b24	8895	Λίνδος	73	Λ73	0.666667	8903	Λίχανδος	0.625000	0.041667	λιαδασ	λινδοσ
135567	Λάμνον		meineke_page_054.jpg	54	8733	ocr	OCR from image meineke_page_054.jpg (id=1226)	9fd610fd7d276c7b7adbd7a713b190df56d2e3c8f33e392783e520b6100b93b1	32030	Σάμνιον	39	Σ39	0.714286	8031	Λάμψος	0.666667	0.047619	λαμνον	σαμνιον
135577	Μηλοβότιεια & Αἴγειρα	1	meineke_page_058.jpg	58	8743	ocr	OCR from image meineke_page_058.jpg (id=1230)	97022b6751dad9233cb95aedad04efd0b5100d829f5299429a7ee49d88d651d3	12823	Ὀλόβαγρα	49	Ο49	0.388889	41976	Στάγειρα	0.388889	0.000000	μηλοβοτιειααιγειρα	ολοβαγρα
135586	Αἰγίλυμ		meineke_page_060.jpg	60	8752	ocr	OCR from image meineke_page_060.jpg (id=1232)	2ba5611111d41cac28901d0df5bcff2c066b6ae389517eb172eb687179be1e1a	61151	Αἰγιλιά	102	Α102	0.714286	61152	Αἰγίλιψ	0.714286	0.000000	αιγιλυμ	αιγιλια
135587	Αἰγίλιπος		meineke_page_061.jpg	61	8753	ocr	OCR from image meineke_page_061.jpg (id=1233)	826ac54989464e82934d179bc2f0119aa67e80fae61414f7af77450afcde04d7	61149	Αἰγιαλός	100	Α100	0.666667	61151	Αἰγιλιά	0.666667	0.000000	αιγιλιποσ	αιγιαλοσ
135588	Αἴγινα		meineke_page_061.jpg	61	8754	ocr	OCR from image meineke_page_061.jpg (id=1233)	1e55346eddab65d0a369e11bb3f9519d902942852eafae5df9fd292c0d3d06d3	61154	Αἴγιναι γ	105	Α105	0.750000	28336	Πίγινδα	0.714286	0.035714	αιγινα	αιγιναιγ
135599	Αἰξιή		meineke_page_065.jpg	65	8765	ocr	OCR from image meineke_page_065.jpg (id=1237)	b674abf51b884fb109b01e2639773dbe783935403426abff679f9afc2f6eecc6	61167	Αἰζική	118	Α118	0.666667	61138	Αἰανή	0.600000	0.066667	αιξιη	αιζικη
135602	Αἰθαλιδεύς		meineke_page_065.jpg	65	8768	ocr	OCR from image meineke_page_065.jpg (id=1237)	f4713ea7b9bc10f315c3f8987bd20c718c3f08d80d4fd8e9a7022c363cd97368	61170	Αἰθαλίδαι	121	Α121	0.700000	96977	Ἀρδαλίδες	0.700000	0.000000	αιθαλιδευσ	αιθαλιδαι
135607	Αἰθιοπία		meineke_page_067.jpg	67	19067	ocr	OCR from image meineke_page_073.jpg (id=1245)	0fc640c8522dfe39037c2a4c24761f8309685dfada9f2fc5e0965df200acb988	61172	Αἰθικία	123	Α123	0.750000	61151	Αἰγιλιά	0.625000	0.125000	αιθιοπια	αιθικια
135608	Αἰλυσαεύς		meineke_page_067.jpg	67	8774	ocr	OCR from image meineke_page_067.jpg (id=1239)	55a7efd80238873b795f8d3361c3d04a9ca9f854e3eab83b9999e3119f277774	61175	Αἰθυσσεῖς	126	Α126	0.666667	61042	Ὑσαεῖς	0.555556	0.111111	αιλυσαευσ	αιθυσσεισ
135609	Αἰχαλων		meineke_page_067.jpg	67	8775	ocr	OCR from image meineke_page_067.jpg (id=1239)	627072eb589db0643a94f5f8d29af00b661cb41eea6bbd7981180dec00e5e527	61176	Αἴκαλον	127	Α127	0.714286	99865	Ἀσκάλων	0.714286	0.000000	αιχαλων	αικαλον
135616	Αἰνόθεν		meineke_page_071.jpg	71	8782	ocr	OCR from image meineke_page_071.jpg (id=1243)	6339a650eda21125400fd4e72faf4ad4a1a0760534f973004fb2e4bd876078bc	61158	Αἰγόσθενα	109	Α109	0.666667	8896	Λίνον	0.571429	0.095238	αινοθεν	αιγοσθενα
135626	Αἰμονο-		meineke_page_075.jpg	75	8792	ocr	OCR from image meineke_page_075.jpg (id=1247)	f6efd89523ee036714eb4b8175f822738995884b642bd98b64ddfbb1d628e7c6	61132	Ἅθμονον	82	Α82	0.714286	61179	Αἱμονία	0.714286	0.000000	αιμονο	αθμονον
135642	Αἰῶον		meineke_page_080.jpg	80	8808	ocr	OCR from image meineke_page_080.jpg (id=1252)	cabf175f22b19f823d0793e9e9812635a1b1f2f3940df4cd6c0b7ed70a1a4525	61157	Αἴγιον	108	Α108	0.666667	82897	Ἀλώιον	0.666667	0.000000	αιωον	αιγιον
135647	Ἀκαλησσοῦς / Ἀκαλήσους	3	meineke_page_081.jpg	81	8813	ocr	OCR from image meineke_page_081.jpg (id=1253)	3f26b6e4a951b322775fb9807279f1973ce7e05a65c2e44c40d322bfdef02ec6	61198	Ἀκαλησσός	149	Α149	0.473684	2635	Καύκασος	0.421053	0.052632	ακαλησσουσακαλησουσ	ακαλησσοσ
135661	Ἀκχαβικὸν τεῖχος / Ἀκμονία		meineke_page_085.jpg	85	8827	ocr	OCR from image meineke_page_085.jpg (id=1257)	52a23db66e53e13e2cd59400956bf87d4dad6af518ff9bb0f2c84be739f23078	61210	Ἀκκαβικὸν τεῖχος	161	Α161	0.636364	2486	Καρικὸν τεῖχος	0.545455	0.090909	ακχαβικοντειχοσακμονια	ακκαβικοντειχοσ
135664	Ἀκούειτα		meineke_page_086.jpg	86	8830	ocr	OCR from image meineke_page_086.jpg (id=1258)	99b37b03eb5c4e9abc21fcc1fda44c9ac1fc660de98d7be228b1b67853e5fdd0	61214	Ἀκούτεια	165	Α165	0.750000	80205	Ἀκυλῖνα	0.625000	0.125000	ακουειτα	ακουτεια
135665	Ἀκουνιτανοί	1	meineke_page_087.jpg	87	8831	ocr	OCR from image meineke_page_087.jpg (id=1259)	412eb06f23134d23ad9086ba0b4c8a4de0cd79d8cb928659abe31098d8ef343d	102761	Ἀσπουργιανοί	487	Α487	0.583333	145224	Φρουρεντανοί	0.583333	0.000000	ακουνιτανοι	ασπουργιανοι
135670	Ἀκορθωοι	3	meineke_page_088.jpg	88	8836	ocr	OCR from image meineke_page_088.jpg (id=1260)	0599fa0552126929767ac5e63a83c4aa64c0bfcbf69f9b9e940f3db19984f3cf	80196	Ἀκρόθωοι	170	Α170	0.750000	3266	Κοραξοί	0.625000	0.125000	ακορθωοι	ακροθωοι
135671	Ἀκοροθιρνθος	4	meineke_page_088.jpg	88	8837	ocr	OCR from image meineke_page_088.jpg (id=1260)	38736f82fd99eab374763be3e3befc709fea1f37ff9c2b28cbb9be494ad367d4	3269	Κόρινθος	161	Κ161	0.666667	80197	Ἀκροκόρινθος	0.666667	0.000000	ακοροθιρνθοσ	κορινθοσ
135672	Ἀκρολιμνα	5	meineke_page_088.jpg	88	8838	ocr	OCR from image meineke_page_088.jpg (id=1260)	c64085f37eda818dd31077948a279ffa3c87037a8d0501799d2616ab5ec7eb51	80205	Ἀκυλῖνα	179	Α179	0.666667	2333	Κάλυμνα	0.555556	0.111111	ακρολιμνα	ακυλινα
135691	Ἀλακομενίᾳ - Ἀλακομενίας		meineke_page_094.jpg	94	8857	ocr	OCR from image meineke_page_094.jpg (id=1266)	ad72c3c44541cad5d1a48664728cb9e113b44acbb71d61d9847da6fc095bb1b9	80217	Ἀλαλκομένιον	191	Α191	0.476190	80242	Ἀλκομεναί	0.428571	0.047619	αλακομενιααλακομενιασ	αλαλκομενιον
135692	Ἀλαμανοί		meineke_page_094.jpg	94	8858	ocr	OCR from image meineke_page_094.jpg (id=1266)	02a60fe3953e1921986cb838e3a1fe348fdf4a962377ae50bf622b01f80e252e	82918	Ἀμαραντοί	258	Α258	0.666667	96957	Ἀρβαξανοί	0.666667	0.000000	αλαμανοι	αμαραντοι
135693	Ἀλανός		meineke_page_094.jpg	94	8859	ocr	OCR from image meineke_page_094.jpg (id=1266)	29d32d69ec32c325c53bcfc48797bac6ab7f72b6fada51a7187d78e37b75a2ad	8977	Μαλάνιος	36	Μ36	0.750000	135363	Φάλανθος	0.750000	0.000000	αλανοσ	μαλανιοσ
135694	Ἀλαφῶδοι		meineke_page_094.jpg	94	8860	ocr	OCR from image meineke_page_094.jpg (id=1266)	30a51f367469414d3ace662553205feacc4a451dbc7852fa982d9dca756538fb	82919	Ἀμαρδοί	259	Α259	0.625000	96954	Ἀραχωτοί	0.625000	0.000000	αλαφωδοι	αμαρδοι
135700	ἐστι καὶ Θετταλίας. καὶ ἄλλη Καφητανῶν ἔθνος Κελτικὸν.	1	meineke_page_095.jpg	95	8866	ocr	OCR from image meineke_page_095.jpg (id=1267)	cfa8a6801ef1bb4f7e1f1d1c0b4f47d1acb144fcd8511df69e64b8b4bf1eedbc	39863	Σκορδίσκοι καὶ Σκίρτιοι	215	Σ215	0.288889	102796	Ἀτροπατία καὶ Ἀτροπάτιος	0.288889	0.000000	εστικαιθετταλιασκαιαλληκαφητανωνεθνοσκελτικον	σκορδισκοικαισκιρτιοι
135701	Ἀλεξάνδρειαι πόλεις ὀκτωκαίδεκα. πρώτη ἡ Αἰγυπτία	2	meineke_page_095.jpg	95	8867	ocr	OCR from image meineke_page_095.jpg (id=1267)	c8c8cd4796dde9baea671a5b707ef27956a8093de75679537d65cb61fd666185	2473	Κάραλλις ἢ Καράλλεια	71	Κ71	0.279070	7642	Λαδεψοί καὶ Τρανιψοί	0.279070	0.000000	αλεξανδρειαιπολεισοκτωκαιδεκαπρωτηηαιγυπτια	καραλλισηκαραλλεια
135702	ἀστικοί		meineke_page_096.jpg	96	8868	ocr	OCR from image meineke_page_096.jpg (id=1268)	6ddd8459b5d22bf8a6699f2f02a63d7e198ddd5b917c52079537ee5a65e525b2	99847	Ἀρτακοί	458	Α458	0.714286	102771	Ἀστακός	0.714286	0.000000	αστικοι	αρτακοι
135703	Ἀλεξανδρεύς		meineke_page_097.jpg	97	8869	ocr	OCR from image meineke_page_097.jpg (id=1269)	667ec3bae9526bb5f39de8a46c9be64a3b0ed4f3f3af20b6612d52f195044934	11086	Νεάνδρεια	25	Ν25	0.545455	32013	Σαλγανεύς	0.545455	0.000000	αλεξανδρευσ	νεανδρεια
135713	Ἀλιμούντιον		meineke_page_100.jpg	100	8879	ocr	OCR from image meineke_page_100.jpg (id=1272)	6f237b9f3750d3616d1411251a067976d6c5946a129f46192e90291bfa763b42	8423	Λαούντιον	39	Λ39	0.727273	30039	Πλούτιον	0.636364	0.090909	αλιμουντιον	λαουντιον
135718	Ἀλιφρηνα		meineke_page_100.jpg	100	8884	ocr	OCR from image meineke_page_100.jpg (id=1272)	ae48b033c4c8dc46df3100a96aa41aba4bd9b2152df95a9adb26fd34e79eb406	80241	Ἀλίφηρα	215	Α215	0.750000	80234	Ἁλίκυρνα	0.625000	0.125000	αλιφρηνα	αλιφηρα
135721	Ἀλαντι		meineke_page_101.jpg	101	8887	ocr	OCR from image meineke_page_101.jpg (id=1273)	e9a4535bdcdeb65a1d653b065e896b5938f403b84f74f404a3d9d5aeb6ad9246	61053	Ἀβαντίς	3	Α3	0.714286	80244	Ἀλλάντη	0.714286	0.000000	αλαντι	αβαντισ
135723	Ἀλλόβρυγες		meineke_page_101.jpg	101	8889	ocr	OCR from image meineke_page_101.jpg (id=1273)	ee7f462e6f352bce6ddd88ecf2040d0460127818cff81b61bddd4005e1fb29a9	32017	Σάλλυες	26	Σ26	0.500000	82935	Ἀμοργός	0.500000	0.000000	αλλοβρυγεσ	σαλλυεσ
135724	Ἁλμυρή		meineke_page_101.jpg	101	8890	ocr	OCR from image meineke_page_101.jpg (id=1273)	e8f90028e57d506939621128f2bffcbb71cca603a75a66370e4e6fc103b8934e	25138	Πάλμυρα	6	Π6	0.714286	80246	Ἀλμήνη	0.666667	0.047619	αλμυρη	παλμυρα
135727	Ἀλιμπος	1	meineke_page_102.jpg	102	8893	ocr	OCR from image meineke_page_102.jpg (id=1274)	824fec932ceddfcd9eeafc5e6370672213c3125c707556098fd4d83b5134849f	12834	Ὄλυμπος	60	Ο60	0.714286	61180	Αἷμος	0.714286	0.000000	αλιμποσ	ολυμποσ
135728	Ἀλοννησος	2	meineke_page_102.jpg	102	8894	ocr	OCR from image meineke_page_102.jpg (id=1274)	1f7a40b279bade05ba7095d31bbc04f44c04e5d1c7ede7ecc368ec02b2b0517e	11033	Μυόννησος	243	Μ243	0.777778	99802	Ἄρεος νῆσος	0.700000	0.077778	αλοννησοσ	μυοννησοσ
135729	Ἀλόπη (Θεσσαλίας)	3	meineke_page_102.jpg	102	8895	ocr	OCR from image meineke_page_102.jpg (id=1274)	f13733cdc65a7bb4f12a57e8d8e3b794a8b28a4800d5ef752d2dbcf6b8a23159	20802	Θεσσαλία	35	Θ35	0.571429	3292	Κοσσαία	0.428571	0.142857	αλοπηθεσσαλιασ	θεσσαλια
135732	Ἀλπειεῖς		meineke_page_103.jpg	103	8898	ocr	OCR from image meineke_page_103.jpg (id=1275)	6394b89bd8ea9f10b896ea85b11ed3360a4f8c75a07cf2f50d45829487614308	80230	Ἁλιεῖς	204	Α204	0.750000	26704	Πεδιεῖς	0.625000	0.125000	αλπειεισ	αλιεισ
135743	Ἀλωάδαι		meineke_page_105.jpg	105	8909	ocr	OCR from image meineke_page_105.jpg (id=1277)	e80170cff5c272bebecd6f20d5976b5d29f83d20a11e99a5f21d6e3e80fadb82	121784	Γαλάδραι	20	Γ20	0.625000	25140	Παμβωτάδαι	0.600000	0.025000	αλωαδαι	γαλαδραι
135746	Ἀλωπεκεύς / Ἀλωπεκεία / Ἀλωπεκώννησος		meineke_page_105.jpg	105	8912	ocr	OCR from image meineke_page_105.jpg (id=1277)	32386223f34eec5f73da16731cc3bb58d7566de2959ce6f009d7623d316e20c5	82902	Ἀλωπεκόννησος	242	Α242	0.387097	26718	Πελοπόννησος	0.322581	0.064516	αλωπεκευσαλωπεκειααλωπεκωννησοσ	αλωπεκοννησοσ
135750	Βουσιτια.		meineke_page_106.jpg	106	8916	ocr	OCR from image meineke_page_106.jpg (id=1278)	aea9f36c12d9de11a871940355ea71cc9d05f776ef604e33910524e62a57d111	115318	Βούσιρις	154	Β154	0.750000	8447	Λουσιτανία	0.700000	0.050000	βουσιτια	βουσιρισ
135752	Ἀμαζώνιον – Ἀμάθεια – Ἀμαθούς – Ἀμαλκῖται – Ἀμαμασσός – Ἄμανον – Ἀμαντίς		meineke_page_107.jpg	107	8918	ocr	OCR from image meineke_page_107.jpg (id=1279)	83773da68912b7458297c4fcc230e132b7e0dbe5addc7afa370f680935996b1b	22188	Ἰάων καὶ Ἰήων. καὶ ῥῆμα ἰαονίζω, ἀφ᾽ οὗ τὸ ἰαονιστὶ ἐπίρρημα. ἐκ δὲ τοῦ Ἰάων τὸ Ἰάν. λέγεται καὶ θηλυκῶς Ἰάς καὶ Ἰαονίς.	17	Ι17	0.279570	8485	Μαδιηνοί καὶ Μαδιανῖται	0.259259	0.020311	αμαζωνιοναμαθειααμαθουσαμαλκιταιαμαμασσοσαμανοναμαντισ	ιαωνκαιιηωνκαιρημαιαονιζωαφ᾽ουτοιαονιστιεπιρρημαεκδετουιαωντοιανλεγεταικαιθηλυκωσιασκαιιαονισ
135753	Ἄμαντες	1	meineke_page_108.jpg	108	8919	ocr	OCR from image meineke_page_108.jpg (id=1280)	480fbdafc86420888c4e66b80cc0a091c279d62c22ac000497429e33e59b02e4	102790	Ἄτλαντες	520	Α520	0.750000	60998	Ὕαντες	0.714286	0.035714	αμαντεσ	ατλαντεσ
135766	Αμβρακιεύς		meineke_page_110.jpg	110	8932	ocr	OCR from image meineke_page_110.jpg (id=1282)	88f5f05ade4ccfd30fe4cebe180c8f417ea4cb169cc565f979b475844643786c	82925	Ἀμβρακία	265	Α265	0.700000	82926	Ἄμβρακος	0.700000	0.000000	αμβρακιευσ	αμβρακια
135776	Ἄμφολον	5	meineke_page_111.jpg	111	8942	ocr	OCR from image meineke_page_111.jpg (id=1283)	a0f59525ee9910c36636263fa89600db26a35793c8cd8881fe0dc5d6d19b1c0c	82952	Ἀμφίδολοι	292	Α292	0.666667	12844	Ὀμφάλιον	0.625000	0.041667	αμφολον	αμφιδολοι
135783	Ἀμυν-		meineke_page_113.jpg	113	8949	ocr	OCR from image meineke_page_113.jpg (id=1285)	5caf144d46af3427545aff7ff5a9bf154299f7c4c8c250302491b9daa89c37ba	44219	Τάμυνα	14	Τ15	0.666667	82941	Ἀμυδών	0.666667	0.000000	αμυν	ταμυνα
135796	Ἀμφρεύς	4	meineke_page_116.jpg	116	8962	ocr	OCR from image meineke_page_116.jpg (id=1288)	a71c33ad574b5d7e9e47ded867cb9a7278de4ec7da18e5a51c87d3555c2f3fae	3086	Καφηρεύς	141	Κ141	0.625000	85667	Ἄμφρυσος	0.625000	0.000000	αμφρευσ	καφηρευσ
135807	Ἀναυνία		meineke_page_118.jpg	118	8973	ocr	OCR from image meineke_page_118.jpg (id=1290)	1f9a0207f230868d6033b8bfa3a8e8892b7642c8ad47e28923cde2880e5d4c11	11078	Ναρνία	17	Ν17	0.714286	61121	Ἀζανία	0.714286	0.000000	αναυνια	ναρνια
135808	Ἀνθανιεύς / Ἀνθανία / Ἀνθανίανες	1	meineke_page_119.jpg	119	8974	ocr	OCR from image meineke_page_119.jpg (id=1291)	a7f8663708dbefa87764ca91734190219c894fbb4bef42ea96b31d4906e9da59	135357	Φαίαξ καὶ Φαιακία	5	Φ5	0.346154	80215	Ἁλαὶ Ἀραφηνίδες καὶ Ἁλαὶ Αἰξωνίδες	0.333333	0.012821	ανθανιευσανθανιαανθανιανεσ	φαιαξκαιφαιακια
135810	Ἀνθύλεια	3	meineke_page_119.jpg	119	8976	ocr	OCR from image meineke_page_119.jpg (id=1291)	f9c00c2505dca55f02cb35311afe763190f554ef87d518def9441eb86fd66c7d	85685	Ἄνθεια	317	Α317	0.750000	85690	Ἄνθυλλα	0.750000	0.000000	ανθυλεια	ανθεια
135819	Ἀνθινή		meineke_page_122.jpg	122	8985	ocr	OCR from image meineke_page_122.jpg (id=1294)	b847f8cf337c9d81697cd1126cea4f4ec30e73318c0764e3a07a0d3f2f132de3	85684	Ἀνθάνα	316	Α316	0.666667	85688	Ἀνθήλη	0.666667	0.000000	ανθινη	ανθανα
135836	Ἀντιπάεια		meineke_page_125.jpg	125	9002	ocr	OCR from image meineke_page_125.jpg (id=1297)	10e7ca2ddc9d6d991827455eb654d447251c8e2b9cb22ab34b9fa4f914aa3608	85701	Ἀντινόεια	333	Α333	0.777778	85702	Ἀντιόχεια	0.777778	0.000000	αντιπαεια	αντινοεια
135838	Ἀντιφελλος καὶ Φελλός		meineke_page_126.jpg	126	9004	ocr	OCR from image meineke_page_126.jpg (id=1298)	eecd2652eff12b161dde2641188e6e076b9ab12bfa473af7f5cb6c941bae5281	85706	Ἀντίφελλος	338		0.526316	22209	Ἱερὸς κόλπος	0.421053	0.105263	αντιφελλοσκαιφελλοσ	αντιφελλοσ
135843	Ἄννυλος		meineke_page_126.jpg	126	9009	ocr	OCR from image meineke_page_126.jpg (id=1298)	938a6964fc8c1b956c03685879ee00986346ed3796f979fefacebcb46b0e6c5b	85711	Ἄνωλος	343	Α343	0.714286	8958	Μαίναλος	0.625000	0.089286	αννυλοσ	ανωλοσ
135846	Ἀξουμίς	3	meineke_page_127.jpg	127	9012	ocr	OCR from image meineke_page_127.jpg (id=1299)	987923ee11bc15c6d0f161e2bc7b6ef63a8073e7d9ead6e192cc6c2f36dfed90	85714	Ἀξουμίτης	346	Α346	0.777778	11928	Ξοῦχις	0.714286	0.063492	αξουμισ	αξουμιτησ
135861	Ἀπολλωνιάτης	1	meineke_page_131.jpg	131	9027	ocr	OCR from image meineke_page_131.jpg (id=1303)	29c8a8be59206fac46576bdac12bb74571491b796f80972613ebf5b3a42c8dc1	96931	Ἀπολλωνία	361	Α361	0.750000	96932	Ἀπολλωνιεῖς	0.750000	0.000000	απολλωνιατησ	απολλωνια
135868	Ἀραβ-		meineke_page_133.jpg	133	9034	ocr	OCR from image meineke_page_133.jpg (id=1305)	292fb4ec54aa988366a5bb8841e5988f750ffae7d1febd206f13c82f93ad3978	96944	Ἀραί	374	Α374	0.750000	96937	Ἀραβία	0.666667	0.083333	αραβ	αραι
135881	Ἀράβακον		meineke_page_135.jpg	135	9047	ocr	OCR from image meineke_page_135.jpg (id=1307)	63b2dcdcb1ff6481a80e63fa2df143d54469a9d699135d6b99f614ff27ffb3b4	96952	Ἀραχναῖον	382	Α382	0.666667	82923	Ἄμβασον	0.625000	0.041667	αραβακον	αραχναιον
135882	Ἀράβανον		meineke_page_135.jpg	135	9048	ocr	OCR from image meineke_page_135.jpg (id=1307)	9d1ed40d364fd60a5bb941a52e463386694d2c145cbad12c17a6d8ce2304e096	96956	Ἀρβάνιον	386	Α386	0.750000	61052	Ἀβάκαινον	0.666667	0.083333	αραβανον	αρβανιον
135883	Ἀράβασσοι		meineke_page_135.jpg	135	9049	ocr	OCR from image meineke_page_135.jpg (id=1307)	7b5d188ba4e59c74ce730be9075efb208ea7208fe816f47fd5d8d193ececf438	2055	Καβασσός	2	Κ2	0.666667	61203	Ἀκαρασσός	0.666667	0.000000	αραβασσοι	καβασσοσ
135887	Ἀβρουκάλη		meineke_page_136.jpg	136	9053	ocr	OCR from image meineke_page_136.jpg (id=1308)	5608c691716b0ffde73f2cd7a37e756753d8f2097c1a4dbc8c20089b3b79b9ae	96961	Ἀρβουκάλη	391	Α391	0.777778	10331	Μυκάλη	0.555556	0.222222	αβρουκαλη	αρβουκαλη
135892	Ἀργανταῖος	1	meineke_page_137.jpg	137	9058	ocr	OCR from image meineke_page_137.jpg (id=1309)	41d0284ec5c8dee06b8363816d9716fbd54a1c18f2d6fc0d332db105979e276e	32057	Σάργαντις	66	Σ66	0.700000	2462	Κάντανος	0.600000	0.100000	αργανταιοσ	σαργαντισ
135899	Ἀργονέα		meineke_page_139.jpg	139	9065	ocr	OCR from image meineke_page_139.jpg (id=1311)	d1b62b85ebb97ae5508a4713423245ca50fcb0bda6182c719c7471cb471d646a	96971	Ἄργουρα	401	Α401	0.714286	9007	Μαρδόνες	0.625000	0.089286	αργονεα	αργουρα
135907	Ἀφδόνιον	1	meineke_page_141.jpg	141	9072	ocr	OCR from image meineke_page_141.jpg (id=1313)	12337568f9992f52659017c683ca940fe813eb2074454e6f42353d5442743589	96979	Ἀρδύνιον	409	Α409	0.750000	8894	Λινδόνιον	0.666667	0.083333	αφδονιον	αρδυνιον
135908	Ἀφεδούσα	2	meineke_page_141.jpg	141	9073	ocr	OCR from image meineke_page_141.jpg (id=1313)	24d2ca989b9790304af784d6e90444ba8e749b4f7c22bdced8ca068d68678fed	99799	Ἀρέθουσα	410	Α410	0.750000	17047	Ἐλοῦσα	0.625000	0.125000	αφεδουσα	αρεθουσα
135912	Ἄρης Ἀργιος		meineke_page_142.jpg	142	9077	ocr	OCR from image meineke_page_142.jpg (id=1314)	e8598d0fcf598367f136bd96fd2485b36c2f6174700f3175f2320f710f0b79c1	82928	Ἀμήστρατος	268	Α268	0.600000	3507	Κράγος	0.500000	0.100000	αρησαργιοσ	αμηστρατοσ
135914	Ἀρειανή		meineke_page_143.jpg	143	9079	ocr	OCR from image meineke_page_143.jpg (id=1315)	cad66586079321f440ce5380126030455205960b9003a035ddbbcb8f3e26d250	14875	Δρεπάνη	127	Δ127	0.714286	61138	Αἰανή	0.714286	0.000000	αρειανη	δρεπανη
135915	Ἀρείμιον	1	meineke_page_144.jpg	144	9080	ocr	OCR from image meineke_page_144.jpg (id=1316)	0ee173de8c981244786f85fdb185ba18960d4dc8f4187aae6404ef083ed39ee3	99813	Ἀρίμινον	424	Α424	0.750000	99850	Ἀρτεμίσιον	0.700000	0.050000	αρειμιον	αριμινον
135919	Ἄρχη		meineke_page_146.jpg	146	9084	ocr	OCR from image meineke_page_146.jpg (id=1318)	bca2ff1da5f0607a0b0dd0be6ef33615ba8187c3ef9d175f0a84f6fc6a04ac25	99819	Ἄρκη	430	Α430	0.750000	99829	Ἄρνη	0.750000	0.000000	αρχη	αρκη
135920	Ἀρκεοθέσσα		meineke_page_146.jpg	146	9085	ocr	OCR from image meineke_page_146.jpg (id=1318)	27a956fd29278ce213b296878d04eaf66f44f3d5f9b80602995164bfee7befdd	99820	Ἀρκιρόεσσα	431	Α431	0.700000	99799	Ἀρέθουσα	0.600000	0.100000	αρκεοθεσσα	αρκιροεσσα
135935	Ἀετινα		meineke_page_150.jpg	150	9100	ocr	OCR from image meineke_page_150.jpg (id=1322)	b3b0d45ed03379dcb446d948af2095adeced336dee505411f11d70eb204b5990	7256	Κύτινα	300	Κ300	0.666667	9609	Μέλινα	0.666667	0.000000	αετινα	κυτινα
135936	Ἀερτινα		meineke_page_150.jpg	150	9101	ocr	OCR from image meineke_page_150.jpg (id=1322)	3e40426006bf951e60a2013b2b3c60a95b773d22919f8cf2bddae6df39e842a1	48661	Τέρινα	97	Τ97	0.714286	61120	Ἀερία	0.714286	0.000000	αερτινα	τερινα
135939	Ἀερετήιον		meineke_page_150.jpg	150	9104	ocr	OCR from image meineke_page_150.jpg (id=1322)	af9016194f04938912c2495f2433d506e5718b8113f9ebe19debc1033fa4f7ad	17080	Ἐργέτιον	104	Ε104	0.666667	99839	Ἀρρήτιον	0.666667	0.000000	αερετηιον	εργετιον
135940	Ἀερχνοι		meineke_page_150.jpg	150	9105	ocr	OCR from image meineke_page_150.jpg (id=1322)	ff73f2094ed8963e2d5938ed20b3b79d5285075d5b132c330a4bcc56186be805	96974	Ἀγυρῖνοι	404	Α404	0.625000	99830	Ἀρόερνοι	0.625000	0.000000	αερχνοι	αγυρινοι
135943	Ἀερισομη		meineke_page_150.jpg	150	9108	ocr	OCR from image meineke_page_150.jpg (id=1322)	4f157c8d5ef4072dddd4e7af060efcd91cf1a8acff48f83a9cc4843f10fcb4d9	61192	Αἰσύμη	143	Α143	0.625000	99815	Ἀρίσβη	0.625000	0.000000	αερισομη	αισυμη
135945	Ἀρσονία	2	meineke_page_151.jpg	151	9110	ocr	OCR from image meineke_page_151.jpg (id=1323)	9368a1a861c9c5e8c9e3ed6b0b7062ff35190c35dbb0024ea401dc373b88bc14	13807	Δαρσανία	23	Δ23	0.750000	61179	Αἱμονία	0.714286	0.035714	αρσονια	δαρσανια
135972	Κύρ?	1	meineke_page_159.jpg	159	9137	ocr	OCR from image meineke_page_159.jpg (id=1331)	d03e5342f05cff5d1611b54c75189f49b2f80dcd6bf43148172009afca3cc91c	7243	Κύρη	287	Κ287	0.750000	7242	Κύρβη	0.600000	0.150000	κυρ	κυρη
135977	Ἀσπιδοῦν		meineke_page_160.jpg	160	9142	ocr	OCR from image meineke_page_160.jpg (id=1332)	d9d83f9d23c360fd19669fe1b396a964f6edc6f603de5a6fba9f42a348499b66	37825	Σιδοῦς	146	Σ146	0.625000	2605	Κάσιον	0.500000	0.125000	ασπιδουν	σιδουσ
135984	Ἀσσυφόν		meineke_page_162.jpg	162	9149	ocr	OCR from image meineke_page_162.jpg (id=1334)	2f05eda3b607aea6ce33cc0f3b18ac129a20dbed0ac605c3637110726e25275a	102768	Ἀσσωρόν	494	Α495	0.714286	9581	Μασσύλοι	0.625000	0.089286	ασσυφον	ασσωρον
136001	Ἀταβρηνή	5	meineke_page_166.jpg	166	9166	ocr	OCR from image meineke_page_166.jpg (id=1338)	dcbd3410ffcb8ccc6cf0a09da81dd6dda30b7dbfafac42b950d570309312d6d6	102794	Ἀτρήνη	524	Α524	0.750000	2482	Καρήνη	0.625000	0.125000	αταβρηνη	ατρηνη
136002	Ἄταγρα	6	meineke_page_166.jpg	166	9167	ocr	OCR from image meineke_page_166.jpg (id=1338)	cb6b59ee354ea485711af8bf3195a3ed5266676e214e5d972cff7b7763c4b127	44222	Τάναγρα	17	Τ17	0.714286	26689	Πάταρα	0.666667	0.047619	αταγρα	ταναγρα
136003	Λέσβος		meineke_page_167.jpg	167	9168	ocr	OCR from image meineke_page_167.jpg (id=1339)	43aa23f990094bcc924717221e1b24a1961cb3450f02ba4b9d99c6074389afc8	8901	Λίσσος	79	Λ79	0.666667	11098	Νέστος	0.666667	0.000000	λεσβοσ	λισσοσ
136004	Λασαρηνοί		meineke_page_167.jpg	167	9169	ocr	OCR from image meineke_page_167.jpg (id=1339)	983d1ec9fab28d226bfad4691b7be3c724234d36dab6979788ccc5e214d616c3	2337	Καμαρηνοί	43	Κ43	0.777778	13818	Δαχαρηνοί	0.777778	0.000000	λασαρηνοι	καμαρηνοι
136007	Λατηγή		meineke_page_167.jpg	167	9172	ocr	OCR from image meineke_page_167.jpg (id=1339)	7da0189a047f52dc917f689cd1f9d4f83cb31a26f4ebaf2d5173486ae1e8124e	102788	Ἀτήνη	518	Α518	0.666667	28368	Πλατηίς	0.571429	0.095238	λατηγη	ατηνη
136008	Λαντανία		meineke_page_167.jpg	167	9173	ocr	OCR from image meineke_page_167.jpg (id=1339)	8e3e7710d8720741bd6b33ee6c2d00811660cfdf4151e4839620896ab24a7b82	85678	Ἀνδανία	310	Α310	0.750000	2461	Κανταβρία	0.666667	0.083333	λαντανια	ανδανια
136011	Ἀτρεμίπια	2	meineke_page_168.jpg	168	9176	ocr	OCR from image meineke_page_168.jpg (id=1340)	35ba4124c3e2ebe44112fc2c1a36b478832cabf4bc1470d9fb2a9a776a9e9a15	41979	Στειριά	268	Σ268	0.555556	51003	Τραμπύα	0.555556	0.000000	ατρεμιπια	στειρια
136015	Ἀτρεωταία καὶ Ἀτρεωπάτιος	6	meineke_page_168.jpg	168	9180	ocr	OCR from image meineke_page_168.jpg (id=1340)	a53f265205177cd18a935db356e4e26d210ba46e2f9d7527937ffadd05f5c531	102796	Ἀτροπατία καὶ Ἀτροπάτιος	526	Α526	0.739130	102793	Ἄτραξ καὶ Ἀτρακία	0.521739	0.217391	ατρεωταιακαιατρεωπατιοσ	ατροπατιακαιατροπατιοσ
136019	Αὖθα καὶ Αὖφα		meineke_page_169.jpg	169	9184	ocr	OCR from image meineke_page_169.jpg (id=1341)	fcd1cb89b9168ab67be4b2d021bc1304a19e87875faf8265f6547b138c6bdd1d	102800	Αὔαθα καὶ Αὔαρα	530	Α530	0.769231	61093	Ἄγρα καὶ Ἄγραι	0.583333	0.185897	αυθακαιαυφα	αυαθακαιαυαρα
136021	Αὖσα		meineke_page_169.jpg	169	9186	ocr	OCR from image meineke_page_169.jpg (id=1341)	25d2dd48ac6d1a98a99774a423da3ebb94d5df73c0a87db830fb84e13e6da85c	61191	Αἶσα	142	Α142	0.750000	99841	Ἄρσα	0.750000	0.000000	αυσα	αισα
136029	οἰκιστής / Αὐλίς		meineke_page_171.jpg	171	9194	ocr	OCR from image meineke_page_171.jpg (id=1343)	4453448331e1d4bbeb34427a1c9823ad59858387d537792db94a0c23f7d92f08	2617	Κασταλία	117	Κ117	0.461538	12810	Οἴτυλος	0.461538	0.000000	οικιστησαυλισ	κασταλια
136033	Αὐγάδα	4	meineke_page_172.jpg	172	9198	ocr	OCR from image meineke_page_172.jpg (id=1344)	13d8f5b84ed2b0cd352cef1af01786d7499b344190b47d89b057a50bfb2fc68f	6660	Ἐγγάδα	5	Ἐ5	0.666667	102802	Αὔαρα	0.666667	0.000000	αυγαδα	εγγαδα
136034	Αὐγάται	5	meineke_page_172.jpg	172	9199	ocr	OCR from image meineke_page_172.jpg (id=1344)	898738f1fb0ac713815810d219cf7061dab386d7b02946ac0890cb4c1919214c	102805	Αὐγειαί	535	Α535	0.714286	102807	Αὔγουσται	0.666667	0.047619	αυγαται	αυγειαι
136035	Ἄδων		meineke_page_173.jpg	173	9200	ocr	OCR from image meineke_page_173.jpg (id=1345)	a8dbe113fe40ec0a03f04d2b94b5f8ad1a8bb2282415704a7f96838f9f1129a8	32041	Σάνδων	50	Σ50	0.666667	61067	Ἀβυδών	0.666667	0.000000	αδων	σανδων
136036	Αὔταρέστατοι		meineke_page_173.jpg	173	9201	ocr	OCR from image meineke_page_173.jpg (id=1345)	6d3be52a13ea5037066fd7738289f9ed682cea74309440f9d6802d03008828c3	102817	Αὐταριᾶται	547	Α547	0.666667	61146	Αἰγεσταῖοι	0.583333	0.083333	αυταρεστατοι	αυταριαται
136046	Ἀφρονειον		meineke_page_175.jpg	175	9211	ocr	OCR from image meineke_page_175.jpg (id=1347)	9aee9f403bb63adcfa587deade9f947382bfdfd2a0b0b7923ac0ea8c6dbc36c9	102826	Ἄφνειον	556	Α556	0.777778	82905	Ἀμαζόνειον	0.700000	0.077778	αφρονειον	αφνειον
136049	Ἄφυτη		meineke_page_176.jpg	176	9214	ocr	OCR from image meineke_page_176.jpg (id=1348)	63a6117d7b0550ea96777ee33a27cddb97236f5f1d850505c2f49201cf7ba291	80202	Ἀκτή	176	Α176	0.600000	82893	Ἀλύβη	0.600000	0.000000	αφυτη	ακτη
136053	Ἀχαινεῖς		meineke_page_176.jpg	176	9218	ocr	OCR from image meineke_page_176.jpg (id=1348)	e023976b9e8d5d6e8784f72ad5faabdb3298e7374d7d3a47d576d0acaa3199bf	9601	Μελαινεῖς	121	Μ121	0.666667	105800	Ἀχαιμενία	0.666667	0.000000	αχαινεισ	μελαινεισ
136054	Ἀχεδούνις		meineke_page_176.jpg	176	9219	ocr	OCR from image meineke_page_176.jpg (id=1348)	b7d522a0f97aaf2e3ef8ea3c58011280eba5ad6996034afc21a135f87afbae20	61109	Ἄδουλις	59	Α59	0.666667	99861	Ἄσδυνις	0.666667	0.000000	αχεδουνισ	αδουλισ
136063	Βάρβα		meineke_page_179.jpg	179	9228	ocr	OCR from image meineke_page_179.jpg (id=1351)	594d68545d46f10cc6e592538b625362b941c1a534b3acab541f8cc88bc53bd6	105831	Βαῖβαι	13	Β13	0.666667	105855	Βάρβαρος	0.625000	0.041667	βαρβα	βαιβαι
136066	Βάρβας		meineke_page_179.jpg	179	9231	ocr	OCR from image meineke_page_179.jpg (id=1351)	fa8a90142e70b0b537b826740ce7fd8a229b8a46d2b17124ba0235537d77dc39	105855	Βάρβαρος	37	Β37	0.750000	105856	Βάργασα	0.714286	0.035714	βαρβασ	βαρβαροσ
136072	Βάδω		meineke_page_180.jpg	180	9237	ocr	OCR from image meineke_page_180.jpg (id=1352)	2dc20b785d0a5081f70fc5a83dc076b7dd6a2138c430597e6f1a6d9c30f12513	105827	Βάδεως	9	Β9	0.666667	32062	Σαρδώ	0.600000	0.066667	βαδω	βαδεωσ
136078	Βαίτωμα		meineke_page_180.jpg	180	9243	ocr	OCR from image meineke_page_180.jpg (id=1352)	2bf67b1a4820041c522b3c8c8b072499288dc84a85d95568c3a58e27b7a163c5	105836	Βαίσαμψα	18	Β15	0.625000	20850	Ἰαιτία	0.571429	0.053571	βαιτωμα	βαισαμψα
136079	Ἐρυθρὰ θάλασσα		meineke_page_181.jpg	181	9244	ocr	OCR from image meineke_page_181.jpg (id=1353)	42145856e39c1fcd2ffcfe2f07ea8481560d7210b15ea31a94e61ccd961b7bce	2610	Κασπία θάλασσα	110	Κ110	0.615385	17106	Ἐρυθρὰ βῶλος	0.615385	0.000000	ερυθραθαλασσα	κασπιαθαλασσα
136088	Βαλανεύς		meineke_page_181.jpg	181	9253	ocr	OCR from image meineke_page_181.jpg (id=1353)	334b8eef457543ca62d27ae780fdf9b289953d2272175932f57d31e1e80ccbc3	32013	Σαλγανεύς	22	Σ22	0.777778	105842	Βαλανέαι	0.750000	0.027778	βαλανευσ	σαλγανευσ
136089	Βάλβωνα		meineke_page_182.jpg	182	9254	ocr	OCR from image meineke_page_182.jpg (id=1354)	a8851bc7a406154433ca96661246d4bec866d1e29ba0debe25a3039c4ac40fc2	32024	Σάλωνα	33	Σ33	0.714286	105876	Βέλβινα	0.714286	0.000000	βαλβωνα	σαλωνα
136102	Βάγαρασα		meineke_page_183.jpg	183	9267	ocr	OCR from image meineke_page_183.jpg (id=1355)	70974e532efe9b748150181249d1c043fa1a02dea218fa854a2625c47b946f6d	7638	Λαγαρία	7	Λ7	0.625000	28364	Πλάρασα	0.625000	0.000000	βαγαρασα	λαγαρια
136105	Βαϙυλιακός, Βαϙυλιακός κόλπος		meineke_page_184.jpg	184	9270	ocr	OCR from image meineke_page_184.jpg (id=1356)	d5cf0c65ffcc3841a3c2b9001f2b7bcae435417bf956b47dec94b4360c9ccaba	7644	Λαδισακίτης κόλπος	13	Λ13	0.461538	9605	Μελήτειος κόλπος	0.384615	0.076923	βαϙυλιακοσβαϙυλιακοσκολποσ	λαδισακιτησκολποσ
136106	Βαϙύνη		meineke_page_184.jpg	184	9271	ocr	OCR from image meineke_page_184.jpg (id=1356)	0c49376f02793aeebf39ac83046714bcf93cdf59eaf052f47b806239bc406a5b	105820	Βαβύλη	2	Β2	0.666667	105859	Βαρήνη	0.666667	0.000000	βαϙυνη	βαβυλη
136107	Βαϙήλιον		meineke_page_184.jpg	184	9272	ocr	OCR from image meineke_page_184.jpg (id=1356)	bd6c3384f49e4a52e212db9839894bae9e6452f3ef944f6d05e7bc027ac27553	105860	Βαρήτιον	42	Β42	0.750000	8990	Μανήσιον	0.625000	0.125000	βαϙηλιον	βαρητιον
136109	Βαϙάνιοι		meineke_page_184.jpg	184	9274	ocr	OCR from image meineke_page_184.jpg (id=1356)	c61f82b2176f3a40a84d473632a7c907c6760eb99860b36718bec41c17665f1f	105862	Βαρκάνιοι	44	Β44	0.777778	22093	Θαμαναῖοι	0.666667	0.111111	βαϙανιοι	βαρκανιοι
136111	Βαϙύαστα		meineke_page_184.jpg	184	9276	ocr	OCR from image meineke_page_184.jpg (id=1356)	cf06d504e648da48a1c60b8be748cb2cb7859097037c64102a633b8dbe29c5b6	82891	Ἀλύαττα	231	Α231	0.625000	105856	Βάργασα	0.625000	0.000000	βαϙυαστα	αλυαττα
136115	Βεβρύκαι	4	meineke_page_186.jpg	186	9280	ocr	OCR from image meineke_page_186.jpg (id=1358)	7de72c22b87ce42a16b2d0226e4f122ef7b5f1d8a8bc0be001acacadea49deb3	13836	Δερβίκκαι	55	Δ55	0.555556	108937	Βερενῖκαι	0.555556	0.000000	βεβρυκαι	δερβικκαι
136125	Βενναῖος		meineke_page_188.jpg	188	9290	ocr	OCR from image meineke_page_188.jpg (id=1360)	f3787a8dad3bbad2b86d3827fbf397135b61bbdd765cdb5a09855b0fd980da24	26708	Πειραιός	85	Π85	0.625000	108933	Βέννα	0.625000	0.000000	βενναιοσ	πειραιοσ
136130	Βερεκιντια	1	meineke_page_189.jpg	189	9295	ocr	OCR from image meineke_page_189.jpg (id=1361)	bcfd3e909f5668d37982db3a16852ddd1713b4fd0f71a57dac1a1570cb4e2458	108938	Βερέκυντος	72	Β71	0.700000	17092	Ἐρινία	0.600000	0.100000	βερεκιντια	βερεκυντοσ
136133	Βέρνις		meineke_page_190.jpg	190	9298	ocr	OCR from image meineke_page_190.jpg (id=1362)	cc54d91ed392bb1fef8f8ee7f663c94f8538fd0dfe15f002b1c90289b71401f5	108944	Βέρυτις	78	Β78	0.714286	48659	Τέργις	0.666667	0.047619	βερνισ	βερυτισ
136134	Βέορβιχος		meineke_page_190.jpg	190	9299	ocr	OCR from image meineke_page_190.jpg (id=1362)	2542c68f7738a17de3adf9198b89dec383344e99a6421f1d4b1ceb6827c522b9	108945	Βέσβικος	79	Β79	0.666667	11095	Νέον τεῖχος	0.600000	0.066667	βεορβιχοσ	βεσβικοσ
136135	Βεσαρία		meineke_page_191.jpg	191	9300	ocr	OCR from image meineke_page_191.jpg (id=1363)	b5382ec676f62404ec57d8dc0ff5066da9f907f241bd55a3e87138607a877103	108946	Βεσκία	80	Β80	0.714286	9640	Μεσσαπία	0.625000	0.089286	βεσαρια	βεσκια
136137	Βῆμιβρος		meineke_page_192.jpg	192	9302	ocr	OCR from image meineke_page_192.jpg (id=1364)	5fbea74405ebb816f49c27a8ff05a5e3e04e94d9657dbe509e7d687a2db5c004	108953	Βήριθρος	87	Β87	0.750000	2342	Κάμιρος	0.625000	0.125000	βημιβροσ	βηριθροσ
136140	ΒΗΣΣΑΙΟΣ / ΒΗΣΣΥΓΑ κτλ.		meineke_page_193.jpg	193	9305	ocr	OCR from image meineke_page_193.jpg (id=1365)	ffd0db632e12b1637317870f866a5094ef1229770d1f7d7be1fbc1373b7c0509	108956	Βήσσυγα	90	Β90	0.388889	32034	Σαμόσατα	0.333333	0.055556	βησσαιοσβησσυγακτλ	βησσυγα
136146	Βιζύται		meineke_page_194.jpg	194	9311	ocr	OCR from image meineke_page_194.jpg (id=1366)	586e4c861523bb382270e7b7d8c8ce924796c248f2326730f1e60a1707ed2f51	108963	Βιθύαι	97	Β97	0.714286	8473	Λυταί	0.571429	0.142857	βιζυται	βιθυαι
136148	Βιθυνή		meineke_page_195.jpg	195	9313	ocr	OCR from image meineke_page_195.jpg (id=1367)	16c48672773e9c01b8e7128ddf3b4ed948da34e7281a16f382364b3c00836b3d	108964	Βιθυνία	98	Β98	0.714286	20836	Θύνη	0.666667	0.047619	βιθυνη	βιθυνια
136153	Βασαλίτις		meineke_page_195.jpg	195	9318	ocr	OCR from image meineke_page_195.jpg (id=1367)	4d592970848e0a25fbdadf20779a2fbbd627c61d66ca0f6a9d81954a9c979e53	61139	Αἰανῖτις	89	Α89	0.666667	102801	Αὐαλίτης	0.666667	0.000000	βασαλιτισ	αιανιτισ
136154	ταμὸς. τὸ ἐθνικὸν Βιασάλιος		meineke_page_196.jpg	196	9319	ocr	OCR from image meineke_page_196.jpg (id=1368)	fd5ac637e7b0245a42594e05b11e3ce05f912d30878c60ac0173e264f46968da	3274	Κορνίκολος	166	Κ166	0.347826	9637	Μεσοπόντιος	0.347826	0.000000	ταμοστοεθνικονβιασαλιοσ	κορνικολοσ
136155	Βιάτειρος		meineke_page_196.jpg	196	9320	ocr	OCR from image meineke_page_196.jpg (id=1368)	e1de6a9c75461524d52cb50ad1ef46b742a4ca2efe311f8a2d7fed4fad0efb0f	108971	Βίστιρος	105	Β105	0.777778	28351	Πίστιρος	0.666667	0.111111	βιατειροσ	βιστιροσ
136164	Βοτέλλαι	6	meineke_page_197.jpg	197	9329	ocr	OCR from image meineke_page_197.jpg (id=1369)	fd87a97e88dd6d08a98766aee64c6eedfe2d76ff17ae693abcf9812687436389	108973	Βίτελλα	107	Β107	0.750000	108980	Βοΐλλαι	0.750000	0.000000	βοτελλαι	βιτελλα
136166	Βοιωτία / Βοιωτοί		meineke_page_198.jpg	198	9331	ocr	OCR from image meineke_page_198.jpg (id=1370)	810f4ed8879054e7e0db3aec4f22915440690d59ab791e112f7cdf7a494dde0c	108982	Βοιωτία	116	Β116	0.500000	3496	Κοτιάειον	0.428571	0.071429	βοιωτιαβοιωτοι	βοιωτια
136176	Βοθμιάκος		meineke_page_201.jpg	201	9341	ocr	OCR from image meineke_page_201.jpg (id=1373)	7e5c3484557377ec9ad7cab09ef69eb8eed154d303a5d5a63d68e82dc4c0d963	108991	Βορμίσκος	125	Β125	0.777778	2341	Καμικός	0.555556	0.222222	βοθμιακοσ	βορμισκοσ
136177	Βόθριππα		meineke_page_201.jpg	201	9342	ocr	OCR from image meineke_page_201.jpg (id=1373)	c7f729f545d072b843f309f119a307176fdd23dd06ab0ef6c924e5ca8ad4a2f0	20849	Ἰάθριππα	5	Ι5	0.750000	108992	Βόρσιππα	0.750000	0.000000	βοθριππα	ιαθριππα
136178	Βόθυστα		meineke_page_201.jpg	201	9343	ocr	OCR from image meineke_page_201.jpg (id=1373)	306f8b8e3a107f6d2cb0c538a0a39dc8c1a7305a43d684ac025bac6f23bf59fc	3499	Κοτύρτα	191	Κ191	0.571429	8446	Λουσιά	0.571429	0.000000	βοθυστα	κοτυρτα
136191	Βουδίλα	4	meineke_page_205.jpg	205	9355	ocr	OCR from image meineke_page_205.jpg (id=1377)	089903338d3e2e982b5143d38596d0857009d8c29d3083232e28bbdcff812953	115300	Βούδεια	136	Β136	0.714286	115303	Βουθία	0.714286	0.000000	βουδιλα	βουδεια
136192	Βουδόπη	5	meineke_page_205.jpg	205	9356	ocr	OCR from image meineke_page_205.jpg (id=1377)	8e9094c4eb35383468fef626b7f82fa8ed0c240dd6e42947bdc5d84d46000a3b	31969	Ῥοδόπη	43	Ρ43	0.714286	115304	Βουθόη	0.714286	0.000000	βουδοπη	ροδοπη
136193	Βουθυπός		meineke_page_206.jpg	206	9357	ocr	OCR from image meineke_page_206.jpg (id=1378)	3eb9b6dc3d9c4c99c065a47ac5b99f90d35746015cabf3a7c1c65ff27fbf1c78	115305	Βουθρωτός	141	Β141	0.666667	108989	Βόλουρος	0.625000	0.041667	βουθυποσ	βουθρωτοσ
136194	Βουθυτός		meineke_page_206.jpg	206	9358	ocr	OCR from image meineke_page_206.jpg (id=1378)	315b4d0390cea2e684bfdeb77cd7a66388ddadda422281e8e18a76251b528866	115305	Βουθρωτός	141	Β141	0.777778	115321	Βοῦτος	0.750000	0.027778	βουθυτοσ	βουθρωτοσ
136199	Βουνναρις		meineke_page_207.jpg	207	9363	ocr	OCR from image meineke_page_207.jpg (id=1379)	bc31fa5d291370bc855f9752c6cbac269cd6c8d90fbab8ed89a7b5d88cced420	115310	Βούναρτις	146	Β146	0.777778	115312	Βοῦννος	0.666667	0.111111	βουνναρισ	βουναρτισ
136204	Πυθέας	1	meineke_page_208.jpg	208	9368	ocr	OCR from image meineke_page_208.jpg (id=1380)	8dd188308d4e5f7fd8e176babf09c57f5717a5d616d26936b99bee42f4f09666	25148	Πανεάς	16	Π16	0.666667	30040	Πλυνέαι	0.571429	0.095238	πυθεασ	πανεασ
136207	Βρεασοί	3	meineke_page_209.jpg	209	9371	ocr	OCR from image meineke_page_209.jpg (id=1381)	1ee519ba5cc4e5a57c0d14e8229863bbd94a207a1ff754dccb7cfa479d0abe8e	115324	Βραισοί	160	Β160	0.714286	135451	Φρέαροι	0.714286	0.000000	βρεασοι	βραισοι
136208	Βρεασαί	4	meineke_page_209.jpg	209	9372	ocr	OCR from image meineke_page_209.jpg (id=1381)	40def85d8b38779a861e1c9271f868c812febadbc20066b4544008ba0040eac8	115325	Βρασιαί	161	Β161	0.714286	50997	Τραγασαί	0.625000	0.089286	βρεασαι	βρασιαι
136209	Βραυνέων	5	meineke_page_209.jpg	209	9373	ocr	OCR from image meineke_page_209.jpg (id=1381)	a785042c19620682074b028970975b248635a09b45e8ed5acac4dd24fa46ee23	115326	Βραυρών	162	Β162	0.750000	3515	Κραννών	0.625000	0.125000	βραυνεων	βραυρων
136216	Βρεττιον		meineke_page_210.jpg	210	9380	ocr	OCR from image meineke_page_210.jpg (id=1382)	0c03367c8cfdf8ec7e4be6765fc7d820f252a8b5eb212c2b2a8392057d0188ac	30168	Ῥεάτιον	18	Ρ18	0.750000	115333	Βρεττία	0.750000	0.000000	βρεττιον	ρεατιον
136217	Βεττιανοί		meineke_page_211.jpg	211	9381	ocr	OCR from image meineke_page_211.jpg (id=1383)	ef1964f21198efc9f21acc89f71d8b088dec86d06ba0322e3b542fed96cfcbd3	9034	Μαστιανοί	93	Μ93	0.666667	108928	Βελιτανοί	0.666667	0.000000	βεττιανοι	μαστιανοι
136220	Βερικυνία		meineke_page_211.jpg	211	9384	ocr	OCR from image meineke_page_211.jpg (id=1383)	a7086a908b24fb8336285500cbf8ea47dcf1c589b71e10b52aafe0c27c6e8ec1	17088	Ἐρίκεια	112	Ε112	0.666667	17092	Ἐρινία	0.666667	0.000000	βερικυνια	ερικεια
136224	Βρονυτία	2	meineke_page_212.jpg	212	9388	ocr	OCR from image meineke_page_212.jpg (id=1384)	39175d6199746552a4211662e1e00d132c86783cd763f52934a8ffcad4e2795b	115340	Βρουττία	176	Β176	0.750000	14837	Διονυσία	0.625000	0.125000	βρονυτια	βρουττια
136225	Βρυνάτιον	3	meineke_page_212.jpg	212	9389	ocr	OCR from image meineke_page_212.jpg (id=1384)	a375e57a10c8403f5d0e3d8585fd38364acecade9ae72fc23b76bddb339dab8e	115341	Βρυάνιον	177	Β177	0.777778	115347	Βρυσάκιον	0.777778	0.000000	βρυνατιον	βρυανιον
136234	Βυζακίς	5	meineke_page_214.jpg	214	9398	ocr	OCR from image meineke_page_214.jpg (id=1386)	b414a95936eef6e3bc839806f55c251081309e7226e5cf1d581373dd8c6cdfec	115354	Βύζαντες	189	Β189	0.625000	7210	Κύζικος	0.571429	0.053571	βυζακισ	βυζαντεσ
136255	Γαλάθρα	2	meineke_page_221.jpg	221	9419	ocr	OCR from image meineke_page_221.jpg (id=1393)	f84b916bdaf05dd5b36f417f0a94126dac71e3ee5e7ed32aaae0a1c094cbfcba	121784	Γαλάδραι	20	Γ20	0.750000	121773	Γάδαρα	0.714286	0.035714	γαλαθρα	γαλαδραι
136259	Γαλεῶν	1	meineke_page_222.jpg	222	9423	ocr	OCR from image meineke_page_222.jpg (id=1394)	6bcd31ad8c5dc2b8b4b50d9850fc8f7d0760c4964f2734c7e4019dd23063d045	17036	Ἐλεών	54	Ε54	0.666667	121787	Γαλεῶται	0.625000	0.041667	γαλεων	ελεων
136261	Γαλαλαῖος	3	meineke_page_222.jpg	222	9425	ocr	OCR from image meineke_page_222.jpg (id=1394)	fb08f7113a160e413a8966fe266bd5526d0aadfa363164acf034562b827c4d7f	121791	Γαλιλαῖοι	27		0.777778	8977	Μαλάνιος	0.666667	0.111111	γαλαλαιοσ	γαλιλαιοι
136262	Γαλληίων	4	meineke_page_222.jpg	222	9426	ocr	OCR from image meineke_page_222.jpg (id=1394)	45a191861d570da3c393f4959aa22b02ffbbc8b532f404d43b116383d9368eb3	121790	Γαλλήσιον	26	Γ26	0.777778	80223	Ἀλβίων	0.625000	0.152778	γαλληιων	γαλλησιον
136271	Γάργη – Γαργητίς – Γαστρωνία	2	meineke_page_224.jpg	224	9435	ocr	OCR from image meineke_page_224.jpg (id=1396)	f9e94073bddf85b8c252e4c09a2f2501f5f9cb55d1238eae042c4125b807fb29	121802	Γαστρωνία	38	Γ38	0.409091	125129	Γρηστωνία	0.409091	0.000000	γαργηγαργητισγαστρωνια	γαστρωνια
136282	Γενέα, κώμη Κορινθοῦ	2	meineke_page_227.jpg	227	9446	ocr	OCR from image meineke_page_227.jpg (id=1399)	d6cbd9ef55d21e9bbcc0d8302bbebbf15b55a7b1a3982816d708c890f347129a	80197	Ἀκροκόρινθος	171	Α171	0.529412	3269	Κόρινθος	0.411765	0.117647	γενεακωμηκορινθου	ακροκορινθοσ
136283	Γένεσις, πόλις Λακωνικῆς	3	meineke_page_227.jpg	227	9447	ocr	OCR from image meineke_page_227.jpg (id=1399)	51dcc65e12c416cdc15bdd892d2164812bf46766b5618b5322831f85b193e910	48664	Τετράπολις τῆς Ἀττικῆς	100	Τ100	0.428571	20803	Θεσσαλονίκη	0.380952	0.047619	γενεσισπολισλακωνικησ	τετραπολιστησαττικησ
136284	Γενήτης, λίμην καὶ ποταμός	4	meineke_page_227.jpg	227	9448	ocr	OCR from image meineke_page_227.jpg (id=1399)	8122f08c4f9e46de5d2b057ed3f062ca45b904df6e02d71395c18d9a08dc0b91	9634	Μέση τῶν ποταμῶν	154	Μ154	0.409091	9605	Μελήτειος κόλπος	0.363636	0.045455	γενητησλιμηνκαιποταμοσ	μεσητωνποταμων
136285	Γένουα, πόλις τῶν Λιγύων Ἰταλίας	5	meineke_page_227.jpg	227	9449	ocr	OCR from image meineke_page_227.jpg (id=1399)	b75d4ea3f2be7412916fc46ebe8e329dc3daf0c024e084cbe2d2eb7633099b49	48664	Τετράπολις τῆς Ἀττικῆς	100	Τ100	0.370370	96932	Ἀπολλωνιεῖς	0.370370	0.000000	γενουαπολιστωνλιγυωνιταλιασ	τετραπολιστησαττικησ
136294	Γεργῖνοι		meineke_page_229.jpg	229	9458	ocr	OCR from image meineke_page_229.jpg (id=1401)	5021c133bdf5949dfcaba278fee49b9fc19428c18ba8b2a90e2895e087837ce5	17104	Ἐρυθῖνοι	128	Ε128	0.625000	18181	Ἔλινοι	0.625000	0.000000	γεργινοι	ερυθινοι
136305	Γίγεσσα		meineke_page_232.jpg	232	9469	ocr	OCR from image meineke_page_232.jpg (id=1404)	fea9317164a21d612549b0d3c4b3188baf05160a7d43d78afa53ef176eccc232	28372	Ποιήεσσα	190	Π190	0.625000	37852	Σινόεσσα	0.625000	0.000000	γιγεσσα	ποιηεσσα
136319	Γλάσας		meineke_page_234.jpg	234	9483	ocr	OCR from image meineke_page_234.jpg (id=1406)	307e71e5071a5bd3f6b6b37764312628fb16330211218b9d364455ae9d6683a3	125104	Γλίσσας	86		0.714286	125099	Γλάνις	0.666667	0.047619	γλασασ	γλισσασ
136324	Γόμορροι		meineke_page_235.jpg	235	9488	ocr	OCR from image meineke_page_235.jpg (id=1407)	905412348dd9c749b44cea39aba160fa10889771b0cac0c265ca8e791f541c2e	125109	Γόμφοι	91	Γ91	0.625000	125108	Γομολῖται	0.555556	0.069444	γομορροι	γομφοι
136330	Γοργιττηπεία		meineke_page_236.jpg	236	9494	ocr	OCR from image meineke_page_236.jpg (id=1408)	5e0b377c592bfbde77e1f5a6532ee6923d3cfcc605b5fafea7bd687b3e6f6fcd	125115	Γοργιππία	97		0.666667	28382	Πολιτεία	0.500000	0.166667	γοργιττηπεια	γοργιππια
136343	Γερσῖνος	3	meineke_page_238.jpg	238	9507	ocr	OCR from image meineke_page_238.jpg (id=1410)	8562a88fa7896a7be39597975494a48fe3296ea55f54a6fcb057dc914c6347e4	11047	Μύρσινος	257	Μ257	0.750000	121817	Γεντῖνος	0.750000	0.000000	γερσινοσ	μυρσινοσ
136344	Γερσταωνία	4	meineke_page_238.jpg	238	9508	ocr	OCR from image meineke_page_238.jpg (id=1410)	9cdf6b239266b7d41e8149322f085862e5c967440d8c27ab4f34495d2effb4e5	121802	Γαστρωνία	38	Γ38	0.700000	125129	Γρηστωνία	0.700000	0.000000	γερσταωνια	γαστρωνια
136346	Γεύνεια	6	meineke_page_238.jpg	238	9510	ocr	OCR from image meineke_page_238.jpg (id=1410)	2444e07a16afe08ee938735a6e8f6a065e908afcc3b47ca13b3e32e7959dbbd2	121819	Γεράνεια	55	Γ55	0.750000	18273	Εὔγεια	0.714286	0.035714	γευνεια	γερανεια
136347	Γέυσαρος	7	meineke_page_238.jpg	238	9511	ocr	OCR from image meineke_page_238.jpg (id=1410)	921f5d2cc95e6754f8d7e8341be48c197ac3187910e9dde7734ae888039d92c0	125132	Γύαρος	114	Γ114	0.750000	121830	Γέρρος	0.625000	0.125000	γευσαροσ	γυαροσ
136348	Γύγαπες	1	meineke_page_239.jpg	239	9512	ocr	OCR from image meineke_page_239.jpg (id=1411)	59f26e40ddff8c98e3cd8b4106e9a0c90eb5bb7cea2353d73f68442e5bef9fbf	125133	Γύζαντες	115	Γ115	0.625000	10337	Μύλακες	0.571429	0.053571	γυγαπεσ	γυζαντεσ
136354	Γυπήης	3	meineke_page_240.jpg	240	9518	ocr	OCR from image meineke_page_240.jpg (id=1412)	d38c812f40d58c2aedd97b455b3c646c7959131c2881ace7d47054ad0eb1380c	125139	Γυψηίς	121	Γ121	0.666667	121813	Γενήτης	0.571429	0.095238	γυπηησ	γυψηισ
136369	Ματώας	1	meineke_page_243.jpg	243	9533	ocr	OCR from image meineke_page_243.jpg (id=1415)	6e62ea3c1bdcf6581105cabdb53eebdf5a9c117b905a7ba3eaa420608a52d007	8961	Μαιῶται	20	Μ20	0.571429	9584	Ματιανή	0.571429	0.000000	ματωασ	μαιωται
136373	Δάρασον	5	meineke_page_243.jpg	243	9537	ocr	OCR from image meineke_page_243.jpg (id=1415)	0f3c69448da2489ece1130281611cd3e6953b969cac6f25afdfe47e33c7ed591	30088	Πράσον	233	Π233	0.714286	2790	Δαμασκός	0.625000	0.089286	δαρασον	πρασον
136374	Δάφασανος / Δαφασανία κτλ.		meineke_page_244.jpg	244	9538	ocr	OCR from image meineke_page_244.jpg (id=1416)	82e5145183aff849c7f7092fdf0ae74d238531c6244764b3fd7797a36c04c4f9	135357	Φαίαξ καὶ Φαιακία	5	Φ5	0.380952	2611	Κασάνδρεια	0.333333	0.047619	δαφασανοσδαφασανιακτλ	φαιαξκαιφαιακια
136375	Δασαφῖται	1	meineke_page_245.jpg	245	9539	ocr	OCR from image meineke_page_245.jpg (id=1417)	5e24c64e689a5328bb8c49f472cd07d3c8750b768bbc7130dc7548fe5b15a0af	2612	Κασσανῖται	112	Κ112	0.700000	13812	Δασσαρῆται	0.700000	0.000000	δασαφιται	κασσανιται
136380	Δασσαφῖτις	1	meineke_page_246.jpg	246	9544	ocr	OCR from image meineke_page_246.jpg (id=1418)	833c3a03a9dbb78e5cc1c4105efc4f3ed0a6e3aa75a52683948d22b4c540cbc8	2612	Κασσανῖται	112	Κ112	0.600000	13812	Δασσαρῆται	0.600000	0.000000	δασσαφιτισ	κασσανιται
136383	Δανύ	4	meineke_page_246.jpg	246	9547	ocr	OCR from image meineke_page_246.jpg (id=1418)	ec8c2c268b1cbf9f29dfc6cd93e844f6cad94bcbf34ce7b6542c24012a687a1a	15824	Δάφνη	35	Δ35	0.600000	61105	Ἄδανα	0.600000	0.000000	δανυ	δαφνη
136386	Δαννικόν		meineke_page_247.jpg	247	9550	ocr	OCR from image meineke_page_247.jpg (id=1419)	ef1fe4a0a220976447fa445e735b38aecd285a7dee2d10691e31d4aeb45a88f8	15822	Δαύνιον	33	Δ33	0.750000	2485	Καρικόν	0.625000	0.125000	δαννικον	δαυνιον
136390	Δαφνουσία		meineke_page_248.jpg	248	9554	ocr	OCR from image meineke_page_248.jpg (id=1420)	76de452733e86a27075ecae4db396a0508f028f6af8782ff0729d2992d09383d	13817	Δαφνοῦς	36	Δ36	0.777778	14859	Δονουσία	0.777778	0.000000	δαφνουσια	δαφνουσ
136397	Στεφάνου ι΄.	1	meineke_page_249.jpg	249	9561	ocr	OCR from image meineke_page_249.jpg (id=1421)	e4ed04e6cdfd3965a2ffd68964f66733a4b2e3cfd5a85767a8f72be9ecd04cb3	41982	Στεφανίς	271	Σ271	0.700000	41981	Στεφάνη	0.600000	0.100000	στεφανουι΄	στεφανισ
136398	Δελφιον		meineke_page_250.jpg	250	9562	ocr	OCR from image meineke_page_250.jpg (id=1422)	c5e629bbe1b2824167bbaf7eb66457a6cf8f35a9f37907c3864d39cb6872500d	13830	Δελφίνιον	49	Δ49	0.777778	2788	Δάλμιον	0.714286	0.063492	δελφιον	δελφινιον
136402	Δεφα		meineke_page_250.jpg	250	9566	ocr	OCR from image meineke_page_250.jpg (id=1422)	6a451cd41115431f4fd60ddd8217eb75d214ce13cb87af674dc966bbdd3304fb	13834	Δέρα	53	Δ53	0.750000	13828	Δέλτα	0.600000	0.150000	δεφα	δερα
136411	Ἀπόλλων Κύνθιος		meineke_page_252.jpg	252	9575	ocr	OCR from image meineke_page_252.jpg (id=1424)	811aa3090b628e788e6937b82900d17e062d4214761f197e854789f04631dd27	96933	Ἀπόλλωνος νῆσος	363	Α363	0.714286	96932	Ἀπολλωνιεῖς	0.642857	0.071429	απολλωνκυνθιοσ	απολλωνοσνησοσ
136420	Διάς (πόλις Λυκίας)	6	meineke_page_254.jpg	254	9584	ocr	OCR from image meineke_page_254.jpg (id=1426)	77d10271c6be2b4c3fae109917f1ef6f2cc021a5361ec2982e3e562b60dba28b	14841	Διοσκουριάς	93	Δ93	0.533333	14843	Διὸς πόλις	0.533333	0.000000	διασπολισλυκιασ	διοσκουριασ
136422	Δίδυμον	8	meineke_page_254.jpg	254	9586	ocr	OCR from image meineke_page_254.jpg (id=1426)	b72c2272c0b45296c1b78eca6b93c7bf3b9ae410a86b030b75ed00ec2e49d8d4	14824	Δίδυμα	76	Δ76	0.714286	14825	Διδύμη	0.714286	0.000000	διδυμον	διδυμα
136423	Δίδυμαι / Διδύμη / Διδυμίον / Διδυμοντείχιον		meineke_page_255.jpg	255	9587	ocr	OCR from image meineke_page_255.jpg (id=1427)	be7ee97b24fd15070cb58daa9ccac619fb434916d120577de0a73ecc265e80f2	14826	Δίδυμον τεῖχος	78	Δ78	0.342857	8485	Μαδιηνοί καὶ Μαδιανῖται	0.285714	0.057143	διδυμαιδιδυμηδιδυμιονδιδυμοντειχιον	διδυμοντειχοσ
136433	Διόστη	2	meineke_page_258.jpg	258	9597	ocr	OCR from image meineke_page_258.jpg (id=1430)	8d4a658c06ce300d16ae189627660118727f412e58046a63bad0eb261c9ac295	14830	Δίκτη	82	Δ82	0.666667	14839	Διόπη	0.666667	0.000000	διοστη	δικτη
136445	Δοιᾶντος	1	meineke_page_260.jpg	260	9609	ocr	OCR from image meineke_page_260.jpg (id=1432)	705ea9eef99e7e33e7ae878897678c59b0ecdeb0c8af94acbafa09dc39622021	11945	Ὀδόμαντοι	13	Ο13	0.666667	11934	Ὄανος	0.625000	0.041667	δοιαντοσ	οδομαντοι
136455	Δονουσιανός		meineke_page_261.jpg	261	9619	ocr	OCR from image meineke_page_261.jpg (id=1433)	e9e77d816711ecc9a26dd2d341cda31e0d4d91e29136c1cef34d3b4c70b8b684	14859	Δονουσία	111	Δ111	0.727273	14815	Δηρουσιαῖοι	0.636364	0.090909	δονουσιανοσ	δονουσια
136456	Δοφείσιον		meineke_page_261.jpg	261	9620	ocr	OCR from image meineke_page_261.jpg (id=1433)	02f1f4a06743ec41c6bfe7b99caa1a91f807bddef27980417d60509753943a4f	14860	Δορίειον	112	Δ112	0.666667	14864	Δουλίχιον	0.666667	0.000000	δοφεισιον	δοριειον
136469	Δεάχοντον	4	meineke_page_263.jpg	263	9633	ocr	OCR from image meineke_page_263.jpg (id=1435)	6b0468c5b4ce0f9f60708fb1a5b711345ef8e0c5fa6308c6c5b064494878a776	14873	Δράκονον	125	Δ125	0.666667	9648	Μεταπόντιον	0.636364	0.030303	δεαχοντον	δρακονον
136472	Δεσεία		meineke_page_264.jpg	264	9636	ocr	OCR from image meineke_page_264.jpg (id=1436)	72ce035a6c90a6c14333d80368dc42de8e59adc3a8065e416b692c1d1cd9a214	20800	Θέσπεια	33	Θ33	0.714286	13837	Δέραια	0.666667	0.047619	δεσεια	θεσπεια
136474	Δελιώνιος		meineke_page_264.jpg	264	9638	ocr	OCR from image meineke_page_264.jpg (id=1436)	207da4477129a737db00ca229b0fcce4d08dcd973d0ef69bd55635e42de496b3	13821	Δειπνιάς	40	Δ40	0.666667	13830	Δελφίνιον	0.666667	0.000000	δελιωνιοσ	δειπνιασ
136479	Δερμνία		meineke_page_264.jpg	264	9643	ocr	OCR from image meineke_page_264.jpg (id=1436)	a91475ab155bc12dd095b1cd470ab5fd63e3a31a9713ec4063b4f92b15db0318	13837	Δέραια	56	Δ56	0.714286	17092	Ἐρινία	0.714286	0.000000	δερμνια	δεραια
136480	Δερμνούσσα		meineke_page_264.jpg	264	9644	ocr	OCR from image meineke_page_264.jpg (id=1436)	0c87893bb3af0a11a9ccb783b1de1546b70380dd8d31cc0668b284955384658f	14884	Δρυμοῦσσα	136	Δ136	0.700000	17089	Ἐρικοῦσσα	0.700000	0.000000	δερμνουσσα	δρυμουσσα
136481	Δρόντη		meineke_page_264.jpg	264	9645	ocr	OCR from image meineke_page_264.jpg (id=1436)	a994209505d00517fc1599c279b93606874b76fa50305bb532f88241d1e88cf2	3278	Κόροντα	170	Κ169	0.571429	30116	Προχύτη	0.571429	0.000000	δροντη	κοροντα
136483	Δυμαίος	1	meineke_page_266.jpg	266	9647	ocr	OCR from image meineke_page_266.jpg (id=1438)	3095728987480469995118a0ba892b63ee1c00a0401464fad185cd4b31b33bd7	2789	Δαμαῖοι	9	Δ9	0.714286	15928	Δυμᾶνες	0.714286	0.000000	δυμαιοσ	δαμαιοι
136484	Λαφισος		meineke_page_267.jpg	267	9648	ocr	OCR from image meineke_page_267.jpg (id=1439)	749ab64b5201f1fc711ed55eb950fed08a75c9c65e2cb155fddd341e5d7e414d	82932	Ἀμισός	272	Α272	0.714286	8967	Μάκιστος	0.625000	0.089286	λαφισοσ	αμισοσ
136485	Ανδυασον		meineke_page_267.jpg	267	9649	ocr	OCR from image meineke_page_267.jpg (id=1439)	1a62db2b53773e556d95419cd47d61a477900edc85197694e023625ddac4b8bf	8989	Μανδύριον	48	Μ48	0.666667	4112	Δύνδασον	0.625000	0.041667	ανδυασον	μανδυριον
136486	Ανδραιοι		meineke_page_267.jpg	267	9650	ocr	OCR from image meineke_page_267.jpg (id=1439)	fe8a0cbf0fadbc645e68174bf166ea659a7a36e07bab724b8a47f489d9a3a406	61094	Ἀγραῖοι	44	Α44	0.750000	2791	Δανδάριοι	0.666667	0.083333	ανδραιοι	αγραιοι
136487	Δυρεάριον	1	meineke_page_268.jpg	268	9651	ocr	OCR from image meineke_page_268.jpg (id=1440)	4148ad61ceeb35379fb4bb7e9f1557552ca25cbb65b6f44a5d4b86f322971cf0	4932	Δυρράχιον	143	Δ143	0.777778	4384	Δυρβαῖοι	0.666667	0.111111	δυρεαριον	δυρραχιον
136489	Ανερραηνός & Δυσπόντιον	1	meineke_page_270.jpg	270	9653	ocr	OCR from image meineke_page_270.jpg (id=1442)	312b0dca7dfc4b7b90f3413ced9c5020d05116bb61e84f2b09efa4db6217c125	4934	Δυσπόντιον	144	Δ144	0.500000	9648	Μεταπόντιον	0.450000	0.050000	ανερραηνοσδυσποντιον	δυσποντιον
136490	Δύσπονοιτείς		meineke_page_271.jpg	271	9654	ocr	OCR from image meineke_page_271.jpg (id=1443)	b513844cd65a55af65cc873d02de3a8c789e87af884c86984f5bbdd722cbfa57	4934	Δυσπόντιον	144	Δ144	0.583333	7214	Κυκνῖτις	0.500000	0.083333	δυσπονοιτεισ	δυσποντιον
136495	Δωδωναιοι		meineke_page_274.jpg	274	9659	ocr	OCR from image meineke_page_274.jpg (id=1446)	780b1e5e4bce44419bbff946f1627ecefe5d16f35df765ca2ebd089576a01c21	37849	Σινδοναῖοι	170	Σ170	0.600000	131889	Χωραμναῖοι	0.600000	0.000000	δωδωναιοι	σινδοναιοι
136496	Δωδώνιον		meineke_page_275.jpg	275	9660	ocr	OCR from image meineke_page_275.jpg (id=1447)	40892e7a86ea11f3ee62572d13594dce23970943327909b8744aa3792ae3bf12	5216	Δωδώνη	146	Δ146	0.625000	5786	Δώριον	0.625000	0.000000	δωδωνιον	δωδωνη
136500	Δευκαλιωνος	1	meineke_page_279.jpg	279	9664	ocr	OCR from image meineke_page_279.jpg (id=1451)	ae08a3430fe1220d27dafe9f4f95ebb14f672727ff0c6c3a54c42b367353b3cb	10332	Μυκαλησσός	230	Μ230	0.545455	13831	Δενθάλιοι	0.545455	0.000000	δευκαλιωνοσ	μυκαλησσοσ
136502	Δῶρα / Δώτιον		meineke_page_281.jpg	281	9666	ocr	OCR from image meineke_page_281.jpg (id=1453)	01e1e3351f5425665567b9aa6afc92d55eff6fd4213024c1c7c26b524c23d516	5786	Δώριον	149	Δ149	0.600000	6364	Δώτιον	0.600000	0.000000	δωραδωτιον	δωριον
136503	Νέωνον	1	meineke_page_282.jpg	282	9667	ocr	OCR from image meineke_page_282.jpg (id=1454)	05e490d7bec42cf89f22aa5ca024b6d9d89a3deaabbacb4bea7c01e785b4b10b	11102	Νεών	41	Ν41	0.666667	28321	Πέφνον	0.666667	0.000000	νεωνον	νεων
136504	τοίνυν Ὧρος		meineke_page_283.jpg	283	9668	ocr	OCR from image meineke_page_283.jpg (id=1455)	848577e389466e29852f065d05cdc193944d8feae6db4b60e3171004ad516289	44212	Ταίναρος	7	Τ7	0.600000	2613	Κασσάνωρος	0.500000	0.100000	τοινυνωροσ	ταιναροσ
136506	Ἔβροα	2	meineke_page_284.jpg	284	9670	ocr	OCR from image meineke_page_284.jpg (id=1456)	c6c01936b78df03a183263104c483e12dce4525dd2d5f60d299a0e07fa54d359	6657	Ἔβορα	2	Ε2	0.600000	6659	Ἑβρών	0.600000	0.000000	εβροα	εβορα
136508	Ἐβᾶτα	4	meineke_page_284.jpg	284	9672	ocr	OCR from image meineke_page_284.jpg (id=1456)	110b7f338cf224de061b44b7a0347776813df057cdcb93d409eb5c2f91e66255	17079	Ἕρβιτα	103	Ε103	0.666667	121806	Γέβαλα	0.666667	0.000000	εβατα	ερβιτα
136521	Ἔδρα	3	meineke_page_286.jpg	286	9685	ocr	OCR from image meineke_page_286.jpg (id=1458)	6e5947364d8a330e9e32dda37f8feb8abfd6cd79afef41029996381470bbd15a	15962	Ἔγρα	9	Ε9	0.750000	61008	Ὕδρα	0.750000	0.000000	εδρα	εγρα
136522	Ἐννέσταί	4	meineke_page_286.jpg	286	9686	ocr	OCR from image meineke_page_286.jpg (id=1458)	5bf18c5f39e45436b74b8695b9f5bf5eb3be6d02c39093c1b7dba1cc6278e1f9	26721	Πενέσται	98	Π98	0.750000	12861	Ὀρέσται	0.625000	0.125000	εννεσται	πενεσται
136523	Εἰδομένη	5	meineke_page_286.jpg	286	9687	ocr	OCR from image meineke_page_286.jpg (id=1458)	87b2c792b12810d4a0ed8755c31e652bc18c5437ec658bbe38cd83ca972e8bc3	22196	Ἰδομεναί	25	Ι25	0.625000	2606	Κασμένη	0.500000	0.125000	ειδομενη	ιδομεναι
136524	Εἴζηλος	6	meineke_page_286.jpg	286	9688	ocr	OCR from image meineke_page_286.jpg (id=1458)	c93c7e76d910008120acd0f33b9e44d05809f2d7562be8709dd7a84a139eb300	14827	Δίζηρος	79	Δ79	0.714286	19495	Ζῆλος	0.714286	0.000000	ειζηλοσ	διζηροσ
136525	Εἰλείσιον	7	meineke_page_286.jpg	286	9689	ocr	OCR from image meineke_page_286.jpg (id=1458)	b86573da017e7ee1d64d63716170eb94156703eff7c81da8a0d4d10437bc458e	26739	Περραίσιον	116	Π116	0.600000	99850	Ἀρτεμίσιον	0.600000	0.000000	ειλεισιον	περραισιον
136526	Εἰληθυίας	8	meineke_page_286.jpg	286	9690	ocr	OCR from image meineke_page_286.jpg (id=1458)	670be76cd33b4f6b0da3c75034e1f74478195c885ae4982315580ac360f1ed32	14841	Διοσκουριάς	93	Δ93	0.454545	2117	Καλησία	0.444444	0.010101	ειληθυιασ	διοσκουριασ
136527	Εἴνατος	9	meineke_page_286.jpg	286	9691	ocr	OCR from image meineke_page_286.jpg (id=1458)	a7a99677d48d4682467f78f1898eb2225774525b359a20f734bf3f176f350833	8958	Μαίναλος	17	Μ17	0.625000	26708	Πειραιός	0.625000	0.000000	εινατοσ	μαιναλοσ
136528	Εἰλεφσίοι	10	meineke_page_286.jpg	286	9692	ocr	OCR from image meineke_page_286.jpg (id=1458)	acc44aae145b6ef437b5181b9f154b574b0b6adb475561d967ba2dd3377bd934	17034	Ἐλεύτιοι	52	Ε52	0.666667	135397	Φελεσσαῖοι	0.600000	0.066667	ειλεφσιοι	ελευτιοι
136529	Ἐκαδήμεια ἢ Ἀκαδήμεια	11	meineke_page_286.jpg	286	9693	ocr	OCR from image meineke_page_286.jpg (id=1458)	cd67eb1a64380afcb1394f140ab50779a71fa169980a62983524e5a5a7c97619	61196	Ἀκαδήμεια	147	Α147	0.473684	2473	Κάραλλις ἢ Καράλλεια	0.421053	0.052632	εκαδημειαηακαδημεια	ακαδημεια
136530	Ἐχαλή	1	meineke_page_287.jpg	287	9694	ocr	OCR from image meineke_page_287.jpg (id=1459)	6d9f7da2a71bb85d174792839638d442ffae8438de8250cf3f18de0c830d2d67	128480	Χάλκη	14	Χ14	0.600000	61103	Ἀγχιάλη	0.571429	0.028571	εχαλη	χαλκη
136531	Ἑκατοννησος		meineke_page_288.jpg	288	9695	ocr	OCR from image meineke_page_288.jpg (id=1460)	aa233f73b7f04899ce999132674b2de7e2ee1dbb7c78e91b1d2904d5ea87d8ad	26718	Πελοπόννησος	95	Π95	0.666667	7230	Κυνῶν νῆσος	0.636364	0.030303	εκατοννησοσ	πελοποννησοσ
136532	Ἑκατόμπυλος		meineke_page_288.jpg	288	9696	ocr	OCR from image meineke_page_288.jpg (id=1460)	924c66d29b574eab54fb67a95e6033615c2c64bc77087df7e6453360879a50b0	2344	Κάμπος	50	Κ50	0.545455	2489	Κάρμηλος	0.545455	0.000000	εκατομπυλοσ	καμποσ
136533	Ἐκβατάνα		meineke_page_288.jpg	288	9697	ocr	OCR from image meineke_page_288.jpg (id=1460)	3c150b0e4542168a45b8221f20e0829d3027f4c4aa980f2ef66984df40caba59	61078	Ἀγβάτανα	28	Α28	0.750000	2475	Κάρανα	0.625000	0.125000	εκβατανα	αγβατανα
136535	Ἑλαεύς		meineke_page_288.jpg	288	9699	ocr	OCR from image meineke_page_288.jpg (id=1460)	bd17eb238b3cce284c410b40dbf483d7161b386e370a8197a2da765af0d7b4ae	135398	Φελλεύς	47	Φ47	0.714286	8979	Μαλιεύς	0.571429	0.142857	ελαευσ	φελλευσ
136536	Ἑλαίον		meineke_page_288.jpg	288	9700	ocr	OCR from image meineke_page_288.jpg (id=1460)	4d968070f8648934af38ec98bbde157f90662b6238e8611f1e4b54f751b33144	125148	Χάλαιον	7	Χ7	0.714286	12819	Ὄλκιον	0.666667	0.047619	ελαιον	χαλαιον
136537	Ἑλαοῦς		meineke_page_288.jpg	288	9701	ocr	OCR from image meineke_page_288.jpg (id=1460)	e4f44d25c0c65795b71126bc421ee82a0e98a7877a237e83b5b6110034482ecc	2466	Καοῦς	64	Κ64	0.666667	8422	Λᾶος	0.666667	0.000000	ελαουσ	καουσ
136538	Ἑλαιούσσα		meineke_page_288.jpg	288	9702	ocr	OCR from image meineke_page_288.jpg (id=1460)	d37bf279d0bd0b2a0e6fb31ff4accc9eef2cc40d02f830e7e138a6076709f701	7640	Λαγοῦσσα	9	Λ9	0.777778	17047	Ἐλοῦσα	0.666667	0.111111	ελαιουσσα	λαγουσσα
136541	Ἐλᾶνια		meineke_page_289.jpg	289	9705	ocr	OCR from image meineke_page_289.jpg (id=1461)	0785cc8ccd736d8f65305edb3fb299f8cdf974c431b9d65664e27118a6a0a965	9603	Μελανδία	123	Μ123	0.750000	37777	Σελασία	0.714286	0.035714	ελανια	μελανδια
136542	Ἐλαφόννησος		meineke_page_289.jpg	289	9706	ocr	OCR from image meineke_page_289.jpg (id=1461)	595e7cfc5eaf018bc57643d69be8d401f8115488e0d189ee7173990e3535de1c	26718	Πελοπόννησος	95	Π95	0.750000	11033	Μυόννησος	0.636364	0.113636	ελαφοννησοσ	πελοποννησοσ
136543	Ἐλβεσταί		meineke_page_289.jpg	289	9707	ocr	OCR from image meineke_page_289.jpg (id=1461)	a3ef1a685846bf2bc4b145c57c569bea9697ef28cc7f299f4e4bf754f4dd7a51	12861	Ὀρέσται	87	Ο87	0.625000	15961	Ἔγεστα	0.625000	0.000000	ελβεσται	ορεσται
136544	Ἐλβονθις		meineke_page_289.jpg	289	9708	ocr	OCR from image meineke_page_289.jpg (id=1461)	b9485121a28cb946b57ac8e9d43d54842e9fe4b4c3eeb20f01240753f5b0ad9a	17100	Ἕρμωνθις	124	Ε124	0.625000	9601	Μελαινεῖς	0.555556	0.069444	ελβονθισ	ερμωνθισ
136545	Ἐλβώ		meineke_page_289.jpg	289	9709	ocr	OCR from image meineke_page_289.jpg (id=1461)	34860407919dc24ed6cce6bba088f85fab6d2ca4519190ffd0bd0478c9a48b81	17036	Ἐλεών	54	Ε54	0.600000	15966	Ἐλέα	0.500000	0.100000	ελβω	ελεων
136554	Ἐλευθερίς - Ἕλικη		meineke_page_291.jpg	291	9718	ocr	OCR from image meineke_page_291.jpg (id=1463)	537bbffb9faa5cbf88650e8de0ea1f0577a577a916546f7f19a2ed0831ba139a	15970	Ἐλευθέρα Κιλικία	45	Ε45	0.666667	17030	Ἐλευθερίς	0.642857	0.023810	ελευθερισελικη	ελευθερακιλικια
136555	Ἑλικώνιος	1	meineke_page_292.jpg	292	9719	ocr	OCR from image meineke_page_292.jpg (id=1464)	8e75e19a7eb88fce93d405919eeedf08771781ff602c13f0deb43e81907e405f	20789	Θεμισώνιον	22	Θ22	0.600000	128503	Χελιδόνιοι	0.600000	0.000000	ελικωνιοσ	θεμισωνιον
136562	Ἑλληνικόν		meineke_page_293.jpg	293	9726	ocr	OCR from image meineke_page_293.jpg (id=1465)	5d9de1d9a154097367bbc9a14276278318f280b8d4208aefc54b99d1d0e7a35e	17043	Ἐλλόπιον	67	Ε67	0.666667	17050	Ἐλύμνιον	0.666667	0.000000	ελληνικον	ελλοπιον
136578	Ἔμπασα		meineke_page_295.jpg	295	9742	ocr	OCR from image meineke_page_295.jpg (id=1467)	0a126a65108b0c5bc63251c47cdbfc61442a422028cbf3d26a2004b01948acc2	99834	Ἅρπασα	445	Α445	0.666667	10215	Μέδμασα	0.571429	0.095238	εμπασα	αρπασα
136586	Ἔξυνον		meineke_page_296.jpg	296	9750	ocr	OCR from image meineke_page_296.jpg (id=1468)	dff2740253f1e8ad884b7f00635d181e2bc563a72f9f488d56f069f746d25d4e	17062	Ἕξγυον	86	Ε86	0.666667	17050	Ἐλύμνιον	0.625000	0.041667	εξυνον	εξγυον
136587	Ἐρφόδαια		meineke_page_296.jpg	296	9751	ocr	OCR from image meineke_page_296.jpg (id=1468)	4209a6341de035f13d83bb375a1d3b8e1480477337e5dfb1a675f1117b0afa05	12859	Ὀρδαία	85	Ο85	0.625000	31965	Ῥοδαί	0.625000	0.000000	ερφοδαια	ορδαια
136591	Ἐπειάς καὶ Ἐπειίς		meineke_page_298.jpg	298	9755	ocr	OCR from image meineke_page_298.jpg (id=1470)	840ba043c4d8e0e03bdf70458cc8efca9df37cf8574cb11f1e0a76b6c7458dda	28309	Περσέπολις	120	Π120	0.466667	9601	Μελαινεῖς	0.400000	0.066667	επειασκαιεπειισ	περσεπολισ
136594	Επιδαυροσ – Επιλευκαδιοι		meineke_page_299.jpg	299	9758	ocr	OCR from image meineke_page_299.jpg (id=1471)	e0281eab6b835ed29279d7b7f9706c230da005fd36ee05a9001108c625839356	17071	Ἐπιλευκάδιοι	95	Ε95	0.571429	8442	Λοκροὶ Ἐπιζεφύριοι	0.428571	0.142857	επιδαυροσεπιλευκαδιοι	επιλευκαδιοι
136595	Ἐπισκοπήται		meineke_page_300.jpg	300	9759	ocr	OCR from image meineke_page_300.jpg (id=1472)	b2643a071761196b1c99a3db9b5338a0d4365e4e6cf4266dd4749cb9d433409c	17076	Ἑπτακωμῆται	100	Ε100	0.636364	17072	Ἐπιπολαί	0.545455	0.090909	επισκοπηται	επτακωμηται
136610	Ἑμινόης - Ἑρμος		meineke_page_302.jpg	302	9774	ocr	OCR from image meineke_page_302.jpg (id=1474)	b2a3d817bb1428f42c63bb7eb26cb33506ae8288717ffc077a0de05eee979f1e	17091	Ἐρινεός	115	Ε115	0.500000	25154	Πάνορμος	0.500000	0.000000	εμινοησερμοσ	ερινεοσ
136616	Ἐρυθρᾶ-Ἐρυθραῖος		meineke_page_305.jpg	305	9780	ocr	OCR from image meineke_page_305.jpg (id=1477)	bed86ecadfa1671818722c1667bcc7ae88e750c2123c62edc6e0449aaccfd464	17106	Ἐρυθρὰ βῶλος	130	Ε130	0.533333	17107	Ἐρυθραί	0.466667	0.066667	ερυθραερυθραιοσ	ερυθραβωλοσ
136618	Ἐρυμασσης-Ἐρυμανθός		meineke_page_305.jpg	305	9782	ocr	OCR from image meineke_page_305.jpg (id=1477)	e06a4435bfdbea3cd0a3d33c96912704b6b4fe36aa103002f341766a2f38fd9f	17109	Ἐρύμανθος	133	Ε133	0.500000	61117	Ἀδρύμης, Ἀδρύμητος	0.444444	0.055556	ερυμασσησερυμανθοσ	ερυμανθοσ
136620	Θεσσαλός / Ἐχαιά		meineke_page_307.jpg	307	9784	ocr	OCR from image meineke_page_307.jpg (id=1479)	d6aefeb2e4cfccb241d1effe9dd21927ad732585b83301fa7fceb2a3f8970cd7	20802	Θεσσαλία	35	Θ35	0.615385	9639	Μεσσαπέαι	0.538462	0.076923	θεσσαλοσεχαια	θεσσαλια
136621	Ἐχαιά		meineke_page_307.jpg	307	9785	ocr	OCR from image meineke_page_307.jpg (id=1479)	f44ff9569d371e650f6b105cd59a9b054d48f1ab1e1e3db523a4b462e110b8a3	13837	Δέραια	56	Δ56	0.666667	18296	Εὔταια	0.666667	0.000000	εχαια	δεραια
136626	Ἑσταῖς	2	meineke_page_308.jpg	308	9790	ocr	OCR from image meineke_page_308.jpg (id=1480)	b18c8b9778bf684878f7f4ba5d34a5a29db7caa3c92133a5cb90e68530f26c1f	18265	Ἑστίαια	142	Ε142	0.714286	18296	Εὔταια	0.666667	0.047619	εσταισ	εστιαια
136647	Εὔστατα		meineke_page_312.jpg	312	9811	ocr	OCR from image meineke_page_312.jpg (id=1484)	7abb3ab11d7112afcb2219c6fcfddc0fe53133432051fbc0c5ca3f5e5b4a2015	18296	Εὔταια	173	Ε173	0.714286	18298	Εὔφραντα	0.625000	0.089286	ευστατα	ευταια
136656	Ἐχελῖδαι		meineke_page_316.jpg	316	9820	ocr	OCR from image meineke_page_316.jpg (id=1488)	fd852044aca6542f1155ca2d95efee53ea4c94251d88a9ea265a0fe8275484c3	17081	Ἐρεβίδαι	105	Ε105	0.750000	17069	Ἐπιεικίδαι	0.600000	0.150000	εχελιδαι	ερεβιδαι
136657	Ἐλεῖος		meineke_page_317.jpg	317	9821	ocr	OCR from image meineke_page_317.jpg (id=1489)	3c4eaafa4c48c72f6ec652856b375cbf35c1eeaea56acf05df0c4a4761552ef3	15968	Ἐλένειος	43	Ἐ43	0.750000	17045	Ἕλος	0.666667	0.083333	ελειοσ	ελενειοσ
136658	Ἐχετία		meineke_page_317.jpg	317	9822	ocr	OCR from image meineke_page_317.jpg (id=1489)	2bbab89ee8b579916e56dfba687b19e700896b480097ea22a26b0658d2662cd8	17084	Ἐρέτρια	108	Ε108	0.714286	42048	Σχερία	0.666667	0.047619	εχετια	ερετρια
136659	Ἐχέτιλα		meineke_page_317.jpg	317	9823	ocr	OCR from image meineke_page_317.jpg (id=1489)	c3f508f09f6b92e9173fe7fb1560d02fbebebe6e283b31ff6c9a2f4b19f52254	17084	Ἐρέτρια	108	Ε108	0.571429	42048	Σχερία	0.571429	0.000000	εχετιλα	ερετρια
136660	Ἐχέτερα		meineke_page_317.jpg	317	9824	ocr	OCR from image meineke_page_317.jpg (id=1489)	b48deafda89124853feec7adce1ad057319e93ed998eb4887611739d0d26cf33	15967	Ἐλέγεια	42	Ε42	0.571429	17084	Ἐρέτρια	0.571429	0.000000	εχετερα	ελεγεια
136661	Ἐχῖται		meineke_page_317.jpg	317	9825	ocr	OCR from image meineke_page_317.jpg (id=1489)	b45b7ffdb3626a98877d027f09e363a27e86758374df18524932f2bafc2d165e	8902	Λιταί	80	Λ80	0.666667	135348	Ὠρῖται	0.666667	0.000000	εχιται	λιται
136662	Ἐχῖνος		meineke_page_317.jpg	317	20140	csv_fallback	Backfilled from meineke_headwords.greek_paragraph	3eaebdfb912c328def0cab42fae37ae86fd44ff76d02866bfe1bfb93b9b1fe15	17091	Ἐρινεός	115	Ε115	0.714286	11895	Νῖνος	0.666667	0.047619	εχινοσ	ερινεοσ
136663	Ζαβίδα	1	meineke_page_318.jpg	318	9827	ocr	OCR from image meineke_page_318.jpg (id=1490)	737de27fabb3dd9d8ca920ccc42c9ad3f6cb12d7621b387411111ed07a07f157	19507	Ζωβίδαι	32	Ζ32	0.714286	135353	Φαβία	0.666667	0.047619	ζαβιδα	ζωβιδαι
136665	Ζάγκλη	3	meineke_page_318.jpg	318	9829	ocr	OCR from image meineke_page_318.jpg (id=1490)	4bb67bb9e84a728821acd652a5840fc4f4588417761154b734b032a55c2853b5	2058	Καβύλη	5	Κ5	0.500000	10303	Μόκλη	0.500000	0.000000	ζαγκλη	καβυλη
136666	Ζάγυστις	4	meineke_page_318.jpg	318	9830	ocr	OCR from image meineke_page_318.jpg (id=1490)	b563570d838bb85cb35caa13f2b535b21fb5a57725057df2e0999a296cd84ed7	2335	Κάλυτις	41	Κ41	0.625000	2464	Κάνυτις	0.625000	0.000000	ζαγυστισ	καλυτισ
136667	Ζαφεάμη	5	meineke_page_318.jpg	318	9831	ocr	OCR from image meineke_page_318.jpg (id=1490)	3407eb6fc41c4d8274cfd57562b8b16bcef1987b062d948a9586bb464c07612c	102821	Ἀφάκη	551	Α550	0.571429	2477	Καρδαμύλη	0.444444	0.126984	ζαφεαμη	αφακη
136668	Ζάτα	6	meineke_page_318.jpg	318	9832	ocr	OCR from image meineke_page_318.jpg (id=1490)	a652e88de727d9f10e11fcad05d5d28edab09e8d0b07a9b42ddc139e6da27d8e	19500	Ζόαρα	25	Ζ25	0.600000	26691	Πάτρα	0.600000	0.000000	ζατα	ζοαρα
136669	Ζάκανθα		meineke_page_319.jpg	319	9833	ocr	OCR from image meineke_page_319.jpg (id=1491)	9b3a3c4a034388534485e038bfcf65015b38457163394cd4da47af50ebebb7bd	32056	Σάργανθα	65	Σ65	0.625000	2345	Κάναθα	0.571429	0.053571	ζακανθα	σαργανθα
136670	Ζάκυνθος		meineke_page_319.jpg	319	9834	ocr	OCR from image meineke_page_319.jpg (id=1491)	d8ccf89490aae4852fce4c50a029b62102107397d3b7a5b854da879693f86b3a	96945	Ἀράκυνθος	375	Α375	0.777778	7222	Κύνθος	0.750000	0.027778	ζακυνθοσ	αρακυνθοσ
136671	Ζάρηξ		meineke_page_319.jpg	319	9835	ocr	OCR from image meineke_page_319.jpg (id=1491)	704e4e1a94cc041fa743667748b109ca3d95547b7fa899e7b89b00e48a4d79ea	11079	Νᾶρυξ	18	Ν18	0.600000	99804	Ἄρης	0.600000	0.000000	ζαρηξ	ναρυξ
136672	Ζάρητα		meineke_page_319.jpg	319	9836	ocr	OCR from image meineke_page_319.jpg (id=1491)	84f2cf3fdec2a5eb4a17e4878c8edcb091a72deca38fbe8741bbcffe74303e2c	2598	Καρπηία	98	Κ98	0.571429	32055	Σάραπτα	0.571429	0.000000	ζαρητα	καρπηια
136673	Ζαρίασπα		meineke_page_319.jpg	319	9837	ocr	OCR from image meineke_page_319.jpg (id=1491)	7eae03a15baf2b4dd894ada180dcce9308f42d689c8676a721eb4f00f684bc27	2597	Καρπασία	97	Κ97	0.625000	8037	Λάρισσα	0.625000	0.000000	ζαριασπα	καρπασια
136674	Ζάυνξες		meineke_page_319.jpg	319	9838	ocr	OCR from image meineke_page_319.jpg (id=1491)	9e689bafb460b979a58d60af05347f60635ddfa2a7eaf1380db332d9115f5dbb	3084	Καῦνος	139	Κ139	0.571429	12878	Δάονες	0.571429	0.000000	ζαυνξεσ	καυνοσ
136675	Ζέβεκη		meineke_page_319.jpg	319	9839	ocr	OCR from image meineke_page_319.jpg (id=1491)	159494e6d7cec819faf3db33dd80844cbe687368ab65b49293afc67d72d10dc2	9623	Μενεκίνη	143	Μ143	0.500000	15969	Ἑλένη	0.500000	0.000000	ζεβεκη	μενεκινη
136676	Ζειρηνία	1	meineke_page_320.jpg	320	9840	ocr	OCR from image meineke_page_320.jpg (id=1492)	60dd38e8191c7bad47670567664357b8517fc70980d9f73176fa606a76842544	3090	Κεβρηνία	145	Κ145	0.750000	121824	Γερηνία	0.750000	0.000000	ζειρηνια	κεβρηνια
136682	Ζήφυνος		meineke_page_321.jpg	321	9846	ocr	OCR from image meineke_page_321.jpg (id=1493)	bd9e795bc07d33fdbb844154f1d28adb82211ae3e46bd03706573821870cef7d	19498	Ζήρυνθος	23	Ζ23	0.750000	3084	Καῦνος	0.571429	0.178571	ζηφυνοσ	ζηρυνθοσ
136683	Ζεφυρίτις		meineke_page_321.jpg	321	9847	ocr	OCR from image meineke_page_321.jpg (id=1493)	82ad426f5d055b3cfa2f6225551d57e969326675e76e3c493cd891c5438a6fca	28397	Πορφυρῖτις	215	Π215	0.700000	19492	Ζεφύριον	0.666667	0.033333	ζεφυριτισ	πορφυριτισ
136701	Ἡιονεύς		meineke_page_324.jpg	324	9865	ocr	OCR from image meineke_page_324.jpg (id=1496)	bf81d0f5a0fed36be33aa226d812e7e595afab5ae64ec7e8378bbef727cbba27	12802	Οἰνοῦς	28	Ο28	0.571429	12878	Δάονες	0.571429	0.000000	ηιονευσ	οινουσ
136718	Ἀλβάκιος	1	meineke_page_329.jpg	329	9882	ocr	OCR from image meineke_page_329.jpg (id=1501)	7bfc4fbd4d383726f68bd5897b926e2f2a26fa2b0833fd6c39e7d38e135672ea	2114	Κάλβιος	25	Κ25	0.625000	8977	Μαλάνιος	0.625000	0.000000	αλβακιοσ	καλβιοσ
136724	Ἡσαῖος	7	meineke_page_329.jpg	329	9888	ocr	OCR from image meineke_page_329.jpg (id=1501)	821a3991fb841aaa2586abcea1c0659ba32c6c9bd65d58a1a544a02d5cd0b4b2	19528	Ἥραιον	19	Η19	0.666667	19535	Ἠσσός	0.666667	0.000000	ησαιοσ	ηραιον
136748	Θέφανα	7	meineke_page_334.jpg	334	9912	ocr	OCR from image meineke_page_334.jpg (id=1506)	a5246b5b111036c0c2e0035d5f3335dfbb3d6c9c5b435d01ff003712dd4f7178	20793	Θεράπναι	26	Θ26	0.625000	20825	Θρύανδα	0.571429	0.053571	θεφανα	θεραπναι
136749	Θέφηνη	8	meineke_page_334.jpg	334	9913	ocr	OCR from image meineke_page_334.jpg (id=1506)	0e7037cc1bdd5060fe482534509d43ecc0de36f9654ea9165456021e4da3fd52	11924	Ξιφήνη	8	Ξ8	0.666667	20798	Θέρνη	0.666667	0.000000	θεφηνη	ξιφηνη
136751	Θέρμυθα		meineke_page_335.jpg	335	9915	ocr	OCR from image meineke_page_335.jpg (id=1507)	b29ee4dc679bcf3ae92db9da9fb962712df4b527af434aa008befb2fccbfe3b1	20797	Θέρμυδρα	30	Θ30	0.750000	20794	Θέρμα	0.714286	0.035714	θερμυθα	θερμυδρα
136757	Θετταλικόν πέπλον		meineke_page_336.jpg	336	9921	ocr	OCR from image meineke_page_336.jpg (id=1508)	83363d21e15de9f018edd1a0b2e159641bed81faa17b0d13a18f2c1a53ef0754	11108	Νησαῖον πεδίον	47	Ν47	0.500000	30164	Ῥάριον πεδίον	0.500000	0.000000	θετταλικονπεπλον	νησαιονπεδιον
136758	λιππος Θεσσαλίµενος κόρην εὐπρεπῆ καὶ εὐγενῆ (Ἰάσονος γὰρ		meineke_page_337.jpg	337	9922	ocr	OCR from image meineke_page_337.jpg (id=1509)	70dd4037c2f4c74992f879fe029978d1f831dcc68fb6daaf31bc8cf977f003e8	17040	Ἑλληνικόν καὶ Καρικόν	64	Ε63	0.244898	26735	Περκώτη καὶ Παλαιπερκώτη, πόλις Τρῳάδος. ὁ πολίτης Περκώσιος καὶ τοῦ Παλαιπερκώτη τὸ ἐθνικὸν Παλαιπερκώσιος.	0.228261	0.016637	λιπποσθεσσαλιμενοσκορηνευπρεπηκαιευγενηιασονοσγαρ	ελληνικονκαικαρικον
136763	Θηβαῖος		meineke_page_338.jpg	338	9927	ocr	OCR from image meineke_page_338.jpg (id=1510)	391634b24bd99ac3a5ed5dcd096bf6a894fe6ec6390b2c53b66ddecc40fda438	22131	Θημακός	42	Θ42	0.714286	22134	Θιβαΐς	0.714286	0.000000	θηβαιοσ	θημακοσ
136771	Θίβαρη	5	meineke_page_339.jpg	339	9935	ocr	OCR from image meineke_page_339.jpg (id=1511)	bd826205aa74a2ea2998293405f1d6d1998c8830518cd41f3f25bc1a574b9546	22134	Θιβαΐς	45	Θ45	0.666667	48681	Τιβαρηνία	0.555556	0.111111	θιβαρη	θιβαισ
136772	Ἰσημνίας		meineke_page_340.jpg	340	9936	ocr	OCR from image meineke_page_340.jpg (id=1512)	c89bd3d8566b8991faacd665402d151f24e07d48b59c498f0c2b6eb6d1e23ea4	22180	Ἰάμνια	9	Ι9	0.625000	23657	Ἱσπανίαι	0.625000	0.000000	ισημνιασ	ιαμνια
136773	Αθωμιδησ	1	meineke_page_341.jpg	341	9937	ocr	OCR from image meineke_page_341.jpg (id=1513)	76e32cbe0fb563b28bcf5c3dd381a1defec3dcfc714a2edf6f4aa7afc316a991	85714	Ἀξουμίτης	346	Α346	0.555556	20843	Θῶνις	0.500000	0.055556	αθωμιδησ	αξουμιτησ
136774	Θρεκεισ- / Θρεκηισ-		meineke_page_342.jpg	342	9938	ocr	OCR from image meineke_page_342.jpg (id=1514)	6b38d34c3f245e2ba715cd7cb396b5532884acbbe2e72b1f816ab725d75f398d	2079	Καισάρεια	16	Κ16	0.428571	11094	Νεοκαισάρεια	0.428571	0.000000	θρεκεισθρεκηισ	καισαρεια
136775	Θριων		meineke_page_343.jpg	343	9939	ocr	OCR from image meineke_page_343.jpg (id=1515)	f14cc45b7b4842ff00fdd99eaa6b969e4ffed6e88c830d01e79e604c9ace56f1	14878	Δριλών	130	Δ130	0.666667	3530	Κριώα	0.600000	0.066667	θριων	δριλων
136782	Ξενοφῶν	1	meineke_page_345.jpg	345	9946	ocr	OCR from image meineke_page_345.jpg (id=1517)	9f9c6126d7b381bcc1982f52ba890ff5e5d42f99cc06b4088b7c774bf24785fc	48713	Τολοφών	149	Τ149	0.571429	11920	Ξενέφυρις	0.444444	0.126984	ξενοφων	τολοφων
136783	Θώας		meineke_page_346.jpg	346	9947	ocr	OCR from image meineke_page_346.jpg (id=1518)	46c517c6b3f7018db60e68baa812edc9c0cae1a654ae71b62f4985762809a9c4	20843	Θῶνις	81	Θ81	0.600000	20844	Θώραξ	0.600000	0.000000	θωασ	θωνισ
136787	Ἰάγυρες		meineke_page_346.jpg	346	9951	ocr	OCR from image meineke_page_346.jpg (id=1518)	48b7d0473a1193b74105a5e04df2192f7a2b6310a37a5f3a7b39871fc6c8e9b8	8431	Λίγυρες	61	Λ61	0.714286	20848	Ἰάζυγες	0.714286	0.000000	ιαγυρεσ	λιγυρεσ
136790	Ἰαλινούς		meineke_page_346.jpg	346	9954	ocr	OCR from image meineke_page_346.jpg (id=1518)	466ffa0d906c0de6cb5f1108d4353744ff3ac486f8d6788d4ea43f78ccf21e0f	37783	Σελινοῦς	104	Σ104	0.750000	80235	Ἁλιμοῦς	0.750000	0.000000	ιαλινουσ	σελινουσ
136793	Ἴαμνος (Ἴαμναι)	1	meineke_page_347.jpg	347	9957	ocr	OCR from image meineke_page_347.jpg (id=1519)	3e3d5eacc055a19019654b168441bd706c98bb3154fa15768c11cd6ee709f4b2	3290	Κοσίανα	182	Κ182	0.500000	22180	Ἰάμνια	0.500000	0.000000	ιαμνοσιαμναι	κοσιανα
136797	Ἰαφθάνος	5	meineke_page_347.jpg	347	9961	ocr	OCR from image meineke_page_347.jpg (id=1519)	bb015297514531a41b23e72aa655e7dc19a2e7e852ef8f2653b0436ff04d7421	22185	Ἰάρδανος	14	Ι14	0.750000	2462	Κάντανος	0.625000	0.125000	ιαφθανοσ	ιαρδανοσ
136799	Ἴασος (πόλις Καρίας)	7	meineke_page_347.jpg	347	9963	ocr	OCR from image meineke_page_347.jpg (id=1519)	e508394191315f6b21aa7988f536851f5838b095ccb6cf96916d9283973539e6	2495	Καρόπολις	93	Κ93	0.437500	14841	Διοσκουριάς	0.437500	0.000000	ιασοσπολισκαριασ	καροπολισ
136802	Ἰβηρία	3	meineke_page_348.jpg	348	19268	ocr	OCR from image meineke_page_349.jpg (id=1521)	992d2f979b7f49f3ea15d5df7bcddabcb6ab71fc1dfcd4b4b2c4269029d5a261	22214	Ἰκαρία	44	Ι44	0.666667	23664	Ἰστρία	0.666667	0.000000	ιβηρια	ικαρια
136807	Ἰγνῆται	3	meineke_page_351.jpg	351	9971	ocr	OCR from image meineke_page_351.jpg (id=1523)	bcdf76a0196d26e9fccd1a16f944ea7f49d36c3bdd13c71a2beeccd996635ad1	22193	Ἴγνητες	22	Ι22	0.714286	14817	Διαβῆται	0.625000	0.089286	ιγνηται	ιγνητεσ
136812	Ἰδέαις	8	meineke_page_351.jpg	351	9976	ocr	OCR from image meineke_page_351.jpg (id=1523)	e15482cc6096a7b935725dbcd427158a07e6cfdb10aec38b506348e19c7648fe	2781	Δάαι	1	Δ1	0.500000	10284	Μίδεια	0.500000	0.000000	ιδεαισ	δααι
136815	Ἰρεά κώμη	2	meineke_page_352.jpg	352	9979	ocr	OCR from image meineke_page_352.jpg (id=1524)	83ce303e6dbff123288bcb7c08bcb306929a8cdcb34d2a8b129cb258a2129f9b	22201	Ἱερὰ κώμη	30	Ι30	0.750000	23641	Ἵππου κώμη	0.555556	0.194444	ιρεακωμη	ιερακωμη
136816	Ἰρεαμαί	3	meineke_page_352.jpg	352	9980	ocr	OCR from image meineke_page_352.jpg (id=1524)	d118184a35dd9061a6439db4bf02640585d94d5c4204d4ea5f8e47d934a0b3d8	20852	Ἰάμαι	8	Ι8	0.714286	22202	Ἰεραμαί	0.714286	0.000000	ιρεαμαι	ιαμαι
136817	Ἰρεα νῆσος	4	meineke_page_352.jpg	352	9981	ocr	OCR from image meineke_page_352.jpg (id=1524)	cdd7101ec17489a0253ef4bf05748e081de671395bbb7ae301c54b2593a235fc	99802	Ἄρεος νῆσος	413	Α413	0.700000	23636	Ἱππόνησος	0.666667	0.033333	ιρεανησοσ	αρεοσνησοσ
136818	Ἰρεάπολις	5	meineke_page_352.jpg	352	9982	ocr	OCR from image meineke_page_352.jpg (id=1524)	aaa1d7e63c219d64e2ff73537675f01596bcb938cc9032d7ffc2c090e0a6054d	11087	Νεάπολις	26	Ν26	0.777778	22203	Ἱερὰ πόλις	0.777778	0.000000	ιρεαπολισ	νεαπολισ
136819	Καφίας	1	meineke_page_353.jpg	353	9983	ocr	OCR from image meineke_page_353.jpg (id=1525)	8d909cef6c21b419a1fa148b6df3cd6558f0bf5e0eefd4af023534a3335ffaeb	2484	Καρία	82	Κ82	0.666667	3087	Καφύαι	0.666667	0.000000	καφιασ	καρια
136820	Ἱεπάπνυτα	2	meineke_page_353.jpg	353	9984	ocr	OCR from image meineke_page_353.jpg (id=1525)	6fa41995dadfbf67d48674002119da52a0a78761af3b6d381e887a2c4dd57080	22205	Ἱεράπυτνα	35	Ι34	0.666667	23632	Ἵπανα	0.555556	0.111111	ιεπαπνυτα	ιεραπυτνα
136845	Ἴναχος		meineke_page_357.jpg	357	15901	ocr	OCR from image meineke_page_357.jpg (id=1529)	295eec8e9e23986a6d40ab27841fa73d22d13bf74337bc348b679c08b53dbb6f	11070	Νάξος	9	Ν9	0.666667	22187	Ἴασος	0.666667	0.000000	ιναχοσ	ναξοσ
136846	Ἴδασσα		meineke_page_357.jpg	357	10004	ocr	OCR from image meineke_page_357.jpg (id=1529)	7d92b5b39dc459665b38abfabb70e88bad4eeba52d7548b25bb542879b9f4a2b	23645	Ἴρασα	93	Ι93	0.666667	23658	Ἴσσα	0.666667	0.000000	ιδασσα	ιρασα
136849	Ἴννασος		meineke_page_357.jpg	357	10007	ocr	OCR from image meineke_page_357.jpg (id=1529)	0391b062ab3ac3974ea7f3fa6d173bda6a8261188a94bf993ef6862caaedf5eb	22187	Ἴασος	16	Ι16	0.714286	23617	Ἰνυσσός	0.714286	0.000000	ιννασοσ	ιασοσ
136850	Ἰνδοβράκες		meineke_page_357.jpg	357	10008	ocr	OCR from image meineke_page_357.jpg (id=1529)	2f76d03e3afa06ddcad23f6c299be55d38d0d04d0fb03147b688f9d84d3bec2e	23618	Ἰνσόβαρες	66	Ι66	0.700000	11916	Νώρακος	0.500000	0.200000	ινδοβρακεσ	ινσοβαρεσ
136852	Ἴνυκα		meineke_page_357.jpg	357	10010	ocr	OCR from image meineke_page_357.jpg (id=1529)	c39e25bd9379a7c70f4ef1697dccbf6240aa9c9f6fa89b6e23231b67166591cd	23620	Ἴνυκον	68	Ι68	0.666667	10294	Μινύα	0.600000	0.066667	ινυκα	ινυκον
136857	'Ιοτη		meineke_page_358.jpg	358	10015	ocr	OCR from image meineke_page_358.jpg (id=1530)	77e1c7dfcc9404f54d11f41fdb9a7cc281948277c9b01aad7cf622be30b3e44a	23624	Ἰόπη	72	Ι73	0.750000	10318	Μοτύη	0.600000	0.150000	ιοτη	ιοπη
136859	Ἰουνένη		meineke_page_360.jpg	360	10017	ocr	OCR from image meineke_page_360.jpg (id=1532)	6f6207719804b400cb0f0b5ab72df6ae09081faeb5f3fee412f0a0dbd83b4abb	23629	Ἰουέρνη	77	Ι77	0.714286	12804	Οἰνώνη	0.571429	0.142857	ιουνενη	ιουερνη
136869	Ἱππονάκεα		meineke_page_361.jpg	361	10027	ocr	OCR from image meineke_page_361.jpg (id=1533)	48091582c9b320d54be47956eebfe826eef9acaa416d72a09d5b26abc658e380	23639	Ἵππου ἄκρα	87	Ι87	0.777778	23635	Ἱππόλα	0.555556	0.222222	ιππονακεα	ιππουακρα
136875	Ἱρέσαια		meineke_page_362.jpg	362	10033	ocr	OCR from image meineke_page_362.jpg (id=1534)	3cf83e4280a9457bf0859f0ad9c4f8591ea1b3e1c625c84e78f7842b951480c7	12863	Ὀρεστία	89	Ο89	0.714286	14876	Δρεσία	0.714286	0.000000	ιρεσαια	ορεστια
136888	Ἰστρεῖς	6	meineke_page_365.jpg	365	10046	ocr	OCR from image meineke_page_365.jpg (id=1537)	006108e8a6f0806028695512fb11b00aa58a810f09879d269dc14bf1a945fd58	23664	Ἰστρία	112	Ι112	0.714286	23666	Ἴστροι	0.714286	0.000000	ιστρεισ	ιστρια
136890	Ἰσταυνή	2	meineke_page_366.jpg	366	10048	ocr	OCR from image meineke_page_366.jpg (id=1538)	816249c99fdf210051cdd568b909508d141f9bf50316b237fa3bd973e7b4a036	23668	Ἰστώνη	116	Ι116	0.714286	2626	Κατάνη	0.571429	0.142857	ισταυνη	ιστωνη
136907	Καβησός		meineke_page_370.jpg	370	10065	ocr	OCR from image meineke_page_370.jpg (id=1542)	821da96fdc24e4e2b72630f33fece04501292307974179ad21ec47cc167f95b2	2055	Καβασσός	2	Κ2	0.750000	2116	Κάληρος	0.714286	0.035714	καβησοσ	καβασσοσ
136914	Κάθερμα	5	meineke_page_371.jpg	371	10072	ocr	OCR from image meineke_page_371.jpg (id=1543)	b886c68614003221512889a7cadfa459dfb21fb7e962e73457109210000b0bdc	20794	Θέρμα	27	Θ27	0.714286	2056	Καβειρία	0.625000	0.089286	καθερμα	θερμα
136915	Κάσαπα	6	meineke_page_371.jpg	371	10073	ocr	OCR from image meineke_page_371.jpg (id=1543)	fa356651588dc24be0ac68b542e83e8360b273ed5d2f210f827e58a8dfe9302f	2062	Κάθαια	10	Κ10	0.666667	2336	Καμάρα	0.666667	0.000000	κασαπα	καθαια
136916	Καίνεινον	7	meineke_page_371.jpg	371	10074	ocr	OCR from image meineke_page_371.jpg (id=1543)	c80d0f436e46ac52138d140596faa26974c8ced73b3415e7246c757e907ae4e4	2074	Καικῖνον	11	Κ11	0.777778	2075	Καινίνη	0.666667	0.111111	καινεινον	καικινον
136920	Καινίσιον		meineke_page_372.jpg	372	10078	ocr	OCR from image meineke_page_372.jpg (id=1544)	1ac759cab78f9cd3493e6498f1c20d58d2d99242c19af9a82a98a554ffd4e2e2	2463	Κανύσιον	61	Κ61	0.777778	2074	Καικῖνον	0.666667	0.111111	καινισιον	κανυσιον
136921	Καιετή		meineke_page_372.jpg	372	10079	ocr	OCR from image meineke_page_372.jpg (id=1544)	675ed86d77c9ae162737f6f670dee50c75c3058d5778948d354c9cb4ff5d9d20	2077	Καιρή	14	Κ15	0.666667	2075	Καινίνη	0.571429	0.095238	καιετη	καιρη
136923	Καλαρβεία		meineke_page_372.jpg	372	10081	ocr	OCR from image meineke_page_372.jpg (id=1544)	3951e64bff02e35fcb79207664a5ecfdf19e6fb7d7c85ad942f34ba186bf6913	2080	Καλαβρία	17	Κ17	0.777778	2087	Καλαύρεια	0.777778	0.000000	καλαρβεια	καλαβρια
136928	Καλάσιες		meineke_page_372.jpg	372	10086	ocr	OCR from image meineke_page_372.jpg (id=1544)	3d2ba9b27cdcd980f5c7832e0cfbb2136a68f3acb48ead7fffc816270b3e4f10	2085	Καλασίρις	22	Κ22	0.777778	2054	Καβαλίς	0.625000	0.152778	καλασιεσ	καλασιρισ
136937	Καλλτιανός (Καλλιανός/Καλλιτιανός)	1	meineke_page_374.jpg	374	10095	ocr	OCR from image meineke_page_374.jpg (id=1546)	e21cac960fa0b8935d6dd0fbe0f43bf6f6edfe593f5f5e2c903e5e9478e640d1	2473	Κάραλλις ἢ Καράλλεια	71	Κ71	0.366667	8485	Μαδιηνοί καὶ Μαδιανῖται	0.366667	0.000000	καλλτιανοσκαλλιανοσκαλλιτιανοσ	καραλλισηκαραλλεια
136938	Καλληά	2	meineke_page_374.jpg	374	10096	ocr	OCR from image meineke_page_374.jpg (id=1546)	3ab5f51b487ad0a9061add85514476af55b83cbbfb3185d8b4ea3bc9610cce86	2325	Καλλίαι	31	Κ31	0.714286	2329	Κάλπη	0.666667	0.047619	καλληα	καλλιαι
136954	Κάμπος (Κάμψος)	7	meineke_page_376.jpg	376	10112	ocr	OCR from image meineke_page_376.jpg (id=1548)	3654781e15573324c9eee0803ceb905bf6d31ec1933895f6cfe1971eef975082	2341	Καμικός	47	Κ47	0.500000	2344	Κάμπος	0.500000	0.000000	καμποσκαμψοσ	καμικοσ
136967	Κάνταυρος		meineke_page_379.jpg	379	10125	ocr	OCR from image meineke_page_379.jpg (id=1551)	387657764f2f1a77f4584946837160f3cd9a96324aafd65f92338be2b5183398	2462	Κάντανος	60	Κ60	0.777778	9583	Μάταυρος	0.777778	0.000000	κανταυροσ	καντανοσ
136974	Καπετιύλειον		meineke_page_381.jpg	381	10132	ocr	OCR from image meineke_page_381.jpg (id=1553)	64de4b89cd98e1875262cb1778c09d809784dae511d38f8c3654458ba1b754bb	2468	Καπετώλιον	66	Κ66	0.750000	3285	Κορύλειον	0.583333	0.166667	καπετιυλειον	καπετωλιον
136977	Καπηή	1	meineke_page_382.jpg	382	10135	ocr	OCR from image meineke_page_382.jpg (id=1554)	756885c8ed13c873429e166b1ff5aceef8120b32db8a217f24a7fd637c6386e9	2471	Καπρίη	69	Κ69	0.666667	2482	Καρήνη	0.666667	0.000000	καπηη	καπριη
136979	Κάραλλις	3	meineke_page_382.jpg	382	10137	ocr	OCR from image meineke_page_382.jpg (id=1554)	6c7da21bd42df75a440ed2b7b247d0c79b8819d1d1912426be8745c26071f84c	2054	Καβαλίς	1	Κ1	0.750000	51001	Τράλλις	0.750000	0.000000	καραλλισ	καβαλισ
136983	Καϐαφύλη	7	meineke_page_382.jpg	382	10141	ocr	OCR from image meineke_page_382.jpg (id=1554)	d2a5c7e3a8e684d03e255867f3ee8f0021c8d6f39e7fbba93c5ab104f1d52a9e	2058	Καβύλη	5	Κ5	0.750000	2477	Καρδαμύλη	0.666667	0.083333	καβαφυλη	καβυλη
136984	Καφησσός	1	meineke_page_383.jpg	383	10142	ocr	OCR from image meineke_page_383.jpg (id=1555)	e4e1974c5a81a47e47a1471b74eaa6e5d27d883576c187f45419ca3d919101de	2478	Καρδησσός	76	Κ76	0.777778	61198	Ἀκαλησσός	0.777778	0.000000	καφησσοσ	καρδησσοσ
136985	Κάρις, Καρίς, Καρεῖς, Καρηίς, Καραιτης, Καρείς, Καρεῖοι, Καρεῖον, Καρικόν τεῖχος		meineke_page_384.jpg	384	10143	ocr	OCR from image meineke_page_384.jpg (id=1556)	09c149eafa619fa2b77325bac9b20b5300671208851c687fdc5c0e0eb02390d8	80215	Ἁλαὶ Ἀραφηνίδες καὶ Ἁλαὶ Αἰξωνίδες	189	Α189	0.317460	26735	Περκώτη καὶ Παλαιπερκώτη, πόλις Τρῳάδος. ὁ πολίτης Περκώσιος καὶ τοῦ Παλαιπερκώτη τὸ ἐθνικὸν Παλαιπερκώσιος.	0.304348	0.013112	καρισκαρισκαρεισκαρηισκαραιτησκαρεισκαρειοικαρειονκαρικοντειχοσ	αλαιαραφηνιδεσκαιαλαιαιξωνιδεσ
136990	Καρηχθών		meineke_page_388.jpg	388	10148	ocr	OCR from image meineke_page_388.jpg (id=1560)	94c77c04a86a593deed0b3be7f5d7c06dfe7bb1a8869af02617c657570e0c485	2604	Καρχηδών	104	Κ104	0.625000	9000	Μαραθών	0.625000	0.000000	καρηχθων	καρχηδων
136996	Κοσαῖος		meineke_page_389.jpg	389	10154	ocr	OCR from image meineke_page_389.jpg (id=1561)	cb0cd68342509af6df1b69a47971bee853614b8d5ff71e257c06367d2a17c550	3293	Κοσσός	185	Κ185	0.714286	3294	Κόσσυρος	0.625000	0.089286	κοσαιοσ	κοσσοσ
136997	Κασπία		meineke_page_390.jpg	390	10155	ocr	OCR from image meineke_page_390.jpg (id=1562)	21df69ac632ea62335cb1de5a9d35d929e9524d5f53ad07ae5093953be4c7b21	2598	Καρπηία	98	Κ98	0.714286	2062	Κάθαια	0.666667	0.047619	κασπια	καρπηια
136998	Κασασπούς	1	meineke_page_391.jpg	391	10156	ocr	OCR from image meineke_page_391.jpg (id=1563)	4536a1c9079fc32857ee69ae092a5dbd9fc74514f5110b9d22de9d67591248f0	2055	Καβασσός	2	Κ2	0.666667	2085	Καλασίρις	0.555556	0.111111	κασασπουσ	καβασσοσ
137007	λείχωρ		meineke_page_392.jpg	392	10165	ocr	OCR from image meineke_page_392.jpg (id=1564)	17da792bb1148d63d5d5b8624b3d21249de143057dc01adf41c83baccf56d502	85692	Ἀννίχωρον	324	Α324	0.444444	30036	Πλευρών	0.428571	0.015873	λειχωρ	αννιχωρον
137011	Κατανένεια		meineke_page_392.jpg	392	10169	ocr	OCR from image meineke_page_392.jpg (id=1564)	a5179f0d327bfed07b29361f696aa0e28ad43b3556fc767137eedefd89b518a3	2611	Κασάνδρεια	111	Κ111	0.700000	2627	Κατάνειρα	0.700000	0.000000	κατανενεια	κασανδρεια
137019	Κανιδώσανα		meineke_page_393.jpg	393	10177	ocr	OCR from image meineke_page_393.jpg (id=1565)	34f71fa64391709d2f80a7df2203887513d451d34e052e791867a1877c3ab274	2456	Κάνδασα	54	Κ54	0.600000	2457	Κάνδαρα	0.600000	0.000000	κανιδωσανα	κανδασα
137021	Καυκασία θηνλκῶς ἐπὶ τῆς χώρας		meineke_page_394.jpg	394	10179	ocr	OCR from image meineke_page_394.jpg (id=1566)	4ffc481c15ba7dfc8cb2cf692bd5354be7233639cbb53247e08dcfee2489a5ab	2610	Κασπία θάλασσα	110	Κ110	0.346154	61210	Ἀκκαβικὸν τεῖχος	0.346154	0.000000	καυκασιαθηνλκωσεπιτησχωρασ	κασπιαθαλασσα
137022	Κανκωνεία		meineke_page_394.jpg	394	10180	ocr	OCR from image meineke_page_394.jpg (id=1566)	bbe064a7d9417ff83e508be20e08e365a767059e0630845ba1beb1163cf37316	2777	Καυλωνία	138	Κ138	0.666667	3288	Κορώνεια	0.666667	0.000000	κανκωνεια	καυλωνια
137032	Κέγχεραι		meineke_page_396.jpg	396	10190	ocr	OCR from image meineke_page_396.jpg (id=1568)	08e68455babea74812bb3cbedf6a30c29f6dacca387f82532507fc0c7d8cc875	3091	Κεγχρεαί	146	Κ146	0.750000	3092	Κεδρεαί	0.625000	0.125000	κεγχεραι	κεγχρεαι
137038	Κίκονες		meineke_page_397.jpg	397	10196	ocr	OCR from image meineke_page_397.jpg (id=1569)	bc653738e85621c9c70eceedc00c9234ae83d19dee7deccdcb48f3f3b3478bbc	19523	Ἡμίκυνες	14	Η14	0.625000	10335	Μύκονος	0.571429	0.053571	κικονεσ	ημικυνεσ
137039	Κυναδοκολπίται		meineke_page_397.jpg	397	10197	ocr	OCR from image meineke_page_397.jpg (id=1569)	30eb26639798fcc1b1e2e83795055b313a46f381d76522007766ab0aa54749fc	11067	Νακολία	6	Ν6	0.500000	125108	Γομολῖται	0.500000	0.000000	κυναδοκολπιται	νακολια
137044	Κοροφύτις	4	meineke_page_398.jpg	398	10202	ocr	OCR from image meineke_page_398.jpg (id=1570)	84ba8f4fc353869937efc6b7e0a8f475b554fc3bc8e8d21f35434e4b70f52f05	3273	Κορκυρίς	165	Κ165	0.666667	3541	Κρουσίς	0.666667	0.000000	κοροφυτισ	κορκυρισ
137051	Κόκρειρς		meineke_page_399.jpg	399	10209	ocr	OCR from image meineke_page_399.jpg (id=1571)	b9c8d9548a13e7545f6ec6d5e7311998298760acf7d3db3ee979282360921cc5	3282	Κορσίς	174	Κ174	0.625000	2609	Κάσπειρος	0.555556	0.069444	κοκρειρσ	κορσισ
137057	Κορσηπιος / Ὀροπάιος		meineke_page_401.jpg	401	10214	ocr	OCR from image meineke_page_401.jpg (id=1573)	bea6d12a41a4627b75b9e87bf4cd201a75a61b6ae5a6b2aaf357ddb763053322	7260	Κυχρεῖος πάγος	304	Κ304	0.470588	30109	Προστρόπαια	0.470588	0.000000	κορσηπιοσοροπαιοσ	κυχρειοσπαγοσ
137058	Κορουνίων / Κορπῖλοι / Κορησαί / Κοροῖς / Κορύδαλλα		meineke_page_401.jpg	401	10215	ocr	OCR from image meineke_page_401.jpg (id=1573)	0cd1e3fc84159175281881bcc5efab84eb45ef463ccd7fceba88ce69f50ffb57	3257	Κεκροπία χώρα καὶ Κεκροπὶς φυλή	150	Κ150	0.307692	17040	Ἑλληνικόν καὶ Καρικόν	0.307692	0.000000	κορουνιωνκορπιλοικορησαικοροισκορυδαλλα	κεκροπιαχωρακαικεκροπισφυλη
137074	Κοτύεστα	4	meineke_page_404.jpg	404	10231	ocr	OCR from image meineke_page_404.jpg (id=1576)	58e063c2519d6cac309f82b2d8701400d857f95013ac340ba99e7cc1fd95500c	3499	Κοτύρτα	191	Κ191	0.750000	3500	Κοτύωρα	0.625000	0.125000	κοτυεστα	κοτυρτα
137077	Κουμέοι		meineke_page_405.jpg	405	10234	ocr	OCR from image meineke_page_405.jpg (id=1577)	359137e816c7ffc5632a6c108a83b582b12b70dd86beed6539c8c9dffab9913d	3502	Κούριοι	194	Κ194	0.714286	3266	Κοραξοί	0.571429	0.142857	κουμεοι	κουριοι
137081	Κεφασέα		meineke_page_405.jpg	405	10238	ocr	OCR from image meineke_page_405.jpg (id=1577)	46f26cb274041c22304900662b889e17f31d178a304e71bd23336282c7f7d7e3	10210	Μέγασα	108	Μ108	0.571429	22204	Ἰέρασα	0.571429	0.000000	κεφασεα	μεγασα
137082	Κέφαγος		meineke_page_405.jpg	405	10239	ocr	OCR from image meineke_page_405.jpg (id=1577)	06e782577f99c4ed8a4b43efeee0560dc7ecfc973a801bb2cef230f76262e226	3507	Κράγος	199	Κ199	0.714286	2607	Κάσος	0.571429	0.142857	κεφαγοσ	κραγοσ
137095	Κρεμμυνίαι	1	meineke_page_408.jpg	408	10252	ocr	OCR from image meineke_page_408.jpg (id=1580)	97b0f5a66fe140c0f48d3497dd50b07dc08c5fe9e030d8299453acfeeeccafa0	2343	Καμμανία	49	Κ49	0.600000	3519	Κρεμμυών	0.600000	0.000000	κρεμμυνιαι	καμμανια
137097	Κερνῆδες	3	meineke_page_408.jpg	408	10254	ocr	OCR from image meineke_page_408.jpg (id=1580)	bcf2242247fdb6d3dd98048735d4799ab879d66c0fac14b862f137c17fafc2fc	3513	Κρανίδες	205	Κ205	0.625000	3521	Κρηνίδες	0.625000	0.000000	κερνηδεσ	κρανιδεσ
137098	Κέρσοσα	4	meineke_page_408.jpg	408	10255	ocr	OCR from image meineke_page_408.jpg (id=1580)	f3341c44aecbd43cdcaae85348ea700a0bcc1e899ca6244d2354b9a3b245bf29	2494	Κάρνος	92	Κ92	0.571429	2607	Κάσος	0.571429	0.000000	κερσοσα	καρνοσ
137099	Κέρσιον	5	meineke_page_408.jpg	408	10256	ocr	OCR from image meineke_page_408.jpg (id=1580)	103041acc72a828fef9fda31486c674473d525d5837348704720dc69f7c9c1c8	2605	Κάσιον	105	Κ105	0.714286	3272	Κόριον	0.714286	0.000000	κερσιον	κασιον
137100	Κέρστην	6	meineke_page_408.jpg	408	10257	ocr	OCR from image meineke_page_408.jpg (id=1580)	7f08a35fdc184c7f65fb34e22c0c6c1660d8f2a20484cdbd65cf081605a3805c	3525	Κρήτη	217	Κ217	0.571429	3539	Κρότων	0.571429	0.000000	κερστην	κρητη
137101	Κέρστη	7	meineke_page_408.jpg	408	10258	ocr	OCR from image meineke_page_408.jpg (id=1580)	b6cd92f464ad232d495b5a9b7ca8c4f85f7f7f65f70dfd90208d9206d0f03138	3525	Κρήτη	217	Κ217	0.666667	61208	Ἀκέστη	0.666667	0.000000	κερστη	κρητη
137104	Κεψύη		meineke_page_409.jpg	409	10261	ocr	OCR from image meineke_page_409.jpg (id=1581)	4dd29ae02f8cfb2a1c178b1ee83eaa19b13360e31a4c73f47075cf56821e3e55	108947	Βεύη	81	Β81	0.600000	2058	Καβύλη	0.500000	0.100000	κεψυη	βευη
137105	Κρέμιυσα	1	meineke_page_410.jpg	410	10262	ocr	OCR from image meineke_page_410.jpg (id=1582)	b2263aa90f342e8ea628eeac457f25a87726aba63385b6e25ebdc5050d638e94	3528	Κρίμισα	220	Κ220	0.750000	3509	Κράμβουσα	0.666667	0.083333	κρεμιυσα	κριμισα
137108	Κόρβυτοι	4	meineke_page_410.jpg	410	10265	ocr	OCR from image meineke_page_410.jpg (id=1582)	9e791e646cd27d66c05e4ae9eacd89d8c9ebce3a5b13130138fce082164d5c51	2481	Καρδυτός	79	Κ79	0.625000	3266	Κοραξοί	0.625000	0.000000	κορβυτοι	καρδυτοσ
137111	Κροκοδειλοπολίτης	1	meineke_page_411.jpg	411	10268	ocr	OCR from image meineke_page_411.jpg (id=1583)	048ff51d83f14736b5c14fd95fa174684e70988e8da16b773d40c8d2ec4193f7	3533	Κροκοδείλων πόλις	225	Κ225	0.764706	3504	Κουρόπολις	0.470588	0.294118	κροκοδειλοπολιτησ	κροκοδειλωνπολισ
137113	Κομψοῦσα	3	meineke_page_411.jpg	411	10270	ocr	OCR from image meineke_page_411.jpg (id=1583)	4f10a95e64506b270f55a3fed3c1a876e8f3b1a3aa179c429669d2e0ba6ef59a	3535	Κρομύουσα	227	Κ227	0.777778	3505	Κοχλίουσα	0.666667	0.111111	κομψουσα	κρομυουσα
137114	Κορημψων πόλις	4	meineke_page_411.jpg	411	10271	ocr	OCR from image meineke_page_411.jpg (id=1583)	830215292b81b799b8cb8edca2474cf2737633a959f4a917c03c04ca4a13dd61	7231	Κυνῶν πόλις	275	Κ275	0.615385	14865	Δούλων πόλις	0.615385	0.000000	κορημψωνπολισ	κυνωνπολισ
137118	Κρονους		meineke_page_412.jpg	412	10275	ocr	OCR from image meineke_page_412.jpg (id=1584)	8044a79b015eac6d4b374325c8c5c56e0ab78237a9273b664cff269bd13985ef	3535	Κρομύουσα	227	Κ227	0.666667	42050	Σχοινοῦς	0.625000	0.041667	κρονουσ	κρομυουσα
137119	Κρονουστεμερια		meineke_page_412.jpg	412	10276	ocr	OCR from image meineke_page_412.jpg (id=1584)	9b9928f2ed85a8d97861a308762d4e5187cfdce65ad35154863089ce8b48f56a	3540	Κρουστομερία	232	Κ233	0.785714	14859	Δονουσία	0.500000	0.285714	κρονουστεμερια	κρουστομερια
137122	Κωβιλος		meineke_page_412.jpg	412	10279	ocr	OCR from image meineke_page_412.jpg (id=1584)	0417640e0e0138d055e9a59f72397e88c346e67856111a16bf6770a3af6b593b	3544	Κρωβίαλος	236	Κ236	0.777778	51047	Τρώγιλος	0.625000	0.152778	κωβιλοσ	κρωβιαλοσ
137124	Κωπτία		meineke_page_413.jpg	413	10281	ocr	OCR from image meineke_page_413.jpg (id=1585)	d023b8c532d84d344f8ab45f68c53f60db8ce17a400c90a22b8ebaf7d6d70c39	3546	Κρωπιά	238	Κ238	0.666667	7268	Κῶπαι	0.666667	0.000000	κωπτια	κρωπια
137133	Κύβος / Κυβώ		meineke_page_414.jpg	414	10290	ocr	OCR from image meineke_page_414.jpg (id=1586)	0a80e93013cbdc661d4c6053acd8bab99b39169c2b38a94df60750c6747d724f	3554	Κύβος	246	Κ246	0.555556	7227	Κυνόσουρα	0.555556	0.000000	κυβοσκυβω	κυβοσ
137141	θυγατρίς		meineke_page_416.jpg	416	10298	ocr	OCR from image meineke_page_416.jpg (id=1588)	2297fac4cfc619da96749c44aa479699746802db81295a9c2f127f0f6b7fa6f7	18285	Εὐπατρία	162	Ε162	0.625000	19505	Ζυγαντίς	0.625000	0.000000	θυγατρισ	ευπατρια
137150	Κυναθαια	1	meineke_page_418.jpg	418	10307	ocr	OCR from image meineke_page_418.jpg (id=1590)	76d5bd81393664926d5b24299b09015b2ba9c6e031a4f7b9624f671a77b8cf3c	2062	Κάθαια	10	Κ10	0.750000	2345	Κάναθα	0.625000	0.125000	κυναθαια	καθαια
137159	Διόμιμον		meineke_page_419.jpg	419	10316	ocr	OCR from image meineke_page_419.jpg (id=1591)	c095cdf6a57870fff38b1466f76c868210d1ddaa4e64687f3aca9325b8254f47	14840	Διὸς ἱερόν	92	Δ92	0.666667	2788	Δάλμιον	0.625000	0.041667	διομιμον	διοσιερον
137161	Κυνόσοψα		meineke_page_419.jpg	419	10318	ocr	OCR from image meineke_page_419.jpg (id=1591)	a2aefb568f91228d85a55aa7d6985070b399470fa08670bd6af8cea1f2d8c963	7227	Κυνόσουρα	271	Κ271	0.777778	7228	Κυνόσσημα	0.666667	0.111111	κυνοσοψα	κυνοσουρα
137162	Κυνόσαγμα		meineke_page_419.jpg	419	10319	ocr	OCR from image meineke_page_419.jpg (id=1591)	2d72b5904c546948cf27964867e5214212c29458e96dd249126e669b9675e9eb	7228	Κυνόσσημα	272	Κ272	0.777778	7225	Κυνόσαργες	0.700000	0.077778	κυνοσαγμα	κυνοσσημα
137164	Κυνῶν		meineke_page_419.jpg	419	10321	ocr	OCR from image meineke_page_419.jpg (id=1591)	28d2e8144e8ab4d54a96de0a6cf0c115a0ad25d5ec2ec11a16e6da912b08c559	7220	Κυνή	264	Κ264	0.600000	7223	Κύννα	0.600000	0.000000	κυνων	κυνη
137166	Κύδων		meineke_page_419.jpg	419	10323	ocr	OCR from image meineke_page_419.jpg (id=1591)	003f932c8bfec7b7756cfaa9543017ab0b0f49b1f1eb3041add52b7cc422fbf0	2332	Καλυδών	38	Κ38	0.714286	3561	Κυδωνία	0.714286	0.000000	κυδων	καλυδων
137174	Κέραυνις / Κυρανίς	2	meineke_page_421.jpg	421	10331	ocr	OCR from image meineke_page_421.jpg (id=1593)	bc2ba405207bedebb37ce4f457a53a912f38b86271bf89adf7f75d55de293da9	2473	Κάραλλις ἢ Καράλλεια	71	Κ71	0.500000	3089	Κεβρανῖται	0.466667	0.033333	κεραυνισκυρανισ	καραλλισηκαραλλεια
137178	Κύρησις		meineke_page_422.jpg	422	10335	ocr	OCR from image meineke_page_422.jpg (id=1594)	6233444fb76e7b7b76f586682d45fb937dc33f0777e9edd2a2a8e0426ef9fb4f	18297	Εὔτρησις	174	Ε174	0.750000	3282	Κορσίς	0.714286	0.035714	κυρησισ	ευτρησισ
137180	Κυρετιανός – Κύρτις – Κυρέται – Κυρέτων – Κύτα – Κυταία		meineke_page_423.jpg	423	10337	ocr	OCR from image meineke_page_423.jpg (id=1595)	e9bdd3b7ec1eae72ce44ea4cca31263675f9fb492af8b872d6a545a9e668861f	105839	Βάκυροι καὶ Βακυριανοί	21	Β21	0.300000	8485	Μαδιηνοί καὶ Μαδιανῖται	0.275000	0.025000	κυρετιανοσκυρτισκυρεταικυρετωνκυτακυταια	βακυροικαιβακυριανοι
137187	Κυγκεῖον		meineke_page_425.jpg	425	10344	ocr	OCR from image meineke_page_425.jpg (id=1597)	11246b2a5ff237e47571e3c98bc5d65cea234a7ef8bf9eea9bb97fbf701e02ef	8457	Λύκειον	99	Λ99	0.750000	8469	Λύρκειον	0.750000	0.000000	κυγκειον	λυκειον
137188	Φιλόξενος	1	meineke_page_426.jpg	426	10345	ocr	OCR from image meineke_page_426.jpg (id=1598)	6719f730d35a977efdd0a62ce2df1be232a6a43e3d393c95c5c50a04e344d2e9	131921	Ὤλενος	9	Ω9	0.555556	135418	Φιλέας	0.555556	0.000000	φιλοξενοσ	ωλενοσ
137189	Κνωπίη	2	meineke_page_426.jpg	426	10346	ocr	OCR from image meineke_page_426.jpg (id=1598)	4fe6ba0f051a63ca1c2b7a9a86951106e6ae504f979dca6229e1de8ebca94228	3546	Κρωπιά	238	Κ238	0.666667	7267	Κωνώπη	0.666667	0.000000	κνωπιη	κρωπια
137193	Κῶος / Κῶς		meineke_page_428.jpg	428	10350	ocr	OCR from image meineke_page_428.jpg (id=1600)	d3eb6f2bed1d2b5d6a6ecfc71357baa807218aac52a5f61f7f5834161511e669	3293	Κοσσός	185	Κ185	0.571429	7269	Κώρυκος	0.571429	0.000000	κωοσκωσ	κοσσοσ
137195	Λιονιοσ		meineke_page_429.jpg	429	10352	ocr	OCR from image meineke_page_429.jpg (id=1601)	472080fa9c7e0396f1cfd879d85c6fb95df2ad62bde350c5277b857b607616b7	8895	Λίνδος	73	Λ73	0.714286	8894	Λινδόνιον	0.666667	0.047619	λιονιοσ	λινδοσ
137202	Λάδδεστα		meineke_page_430.jpg	430	10359	ocr	OCR from image meineke_page_430.jpg (id=1602)	d3047f1771a6fb7c64bafb15f67891a9f8d12ee0636348bf99051a6cc0c00765	2783	Δαδόκερτα	3	Δ3	0.555556	2059	Καδμεία	0.500000	0.055556	λαδδεστα	δαδοκερτα
137207	Λάσἐτις		meineke_page_431.jpg	431	10364	ocr	OCR from image meineke_page_431.jpg (id=1603)	4747e8a9e222f659999022862a52a0d84892f88628490a091ab711cd43f6c8e2	26686	Πάστερις	63	Π63	0.625000	2335	Κάλυτις	0.571429	0.053571	λασετισ	παστερισ
137209	Λασταῖοι		meineke_page_431.jpg	431	10366	ocr	OCR from image meineke_page_431.jpg (id=1603)	8591ac94cc237c8b30f1997703f81c85f6833ca9488cf59aeeae83119afa9233	7648	Λαιαῖοι	17	Λ17	0.750000	9034	Μαστιανοί	0.666667	0.083333	λασταιοι	λαιαιοι
137214	Λακιᾶδαι	2	meineke_page_433.jpg	433	10371	ocr	OCR from image meineke_page_433.jpg (id=1605)	af267a10b9c4c25e876cdd6cb16d8b618c9f74e02052b6527a8e4869eb4e5f4f	7648	Λαιαῖοι	17	Λ17	0.625000	8968	Μακκάραι	0.625000	0.000000	λακιαδαι	λαιαιοι
137217	Λαλισανδα	1	meineke_page_434.jpg	434	10374	ocr	OCR from image meineke_page_434.jpg (id=1606)	62be2f375ccb2239129bc87dd1f166f8ea3a8d984c22731b384d9410e25a4678	7637	Λάβρανδα	6	Λ6	0.666667	8035	Λάρανδα	0.666667	0.000000	λαλισανδα	λαβρανδα
137219	Λαμπηνοί	3	meineke_page_434.jpg	434	10376	ocr	OCR from image meineke_page_434.jpg (id=1606)	89c0adc6785f85b3d18080fb4f9ebce20fa5038aa47010348fd7aec0e7b9c6fc	32028	Σαμηνοί	37	Σ37	0.750000	82888	Ἀλπηνοί	0.750000	0.000000	λαμπηνοι	σαμηνοι
137221	Λάμπεια	5	meineke_page_434.jpg	434	10378	ocr	OCR from image meineke_page_434.jpg (id=1606)	c812884b41f2ba28eb22f7fa3f594c61b435dab19ffbfa72fb51092df9540ad7	9602	Μελάμπεια	122	Μ122	0.777778	7645	Λάεια	0.714286	0.063492	λαμπεια	μελαμπεια
137222	Λαμπετεία	6	meineke_page_434.jpg	434	10379	ocr	OCR from image meineke_page_434.jpg (id=1606)	81e8cae2099b02d401dc6e6b9ace314092a336c9be17588accc6c2f5942ed6c4	51392	Λακέρεια	20	Λ20	0.666667	8032	Λαοδαμάντεια	0.583333	0.083333	λαμπετεια	λακερεια
137223	τύπῳ. Λαμπεῖτινος γὰρ οὐ δύναται εἶναι διὰ τὴν παραλήψιν		meineke_page_435.jpg	435	10380	ocr	OCR from image meineke_page_435.jpg (id=1607)	9d573ca663cd13db4ae396361bfb9b02fe6031bc4f06738fb9e8998c98826bc1	8485	Μαδιηνοί καὶ Μαδιανῖται	7	Μ7	0.276596	102796	Ἀτροπατία καὶ Ἀτροπάτιος	0.276596	0.000000	τυπωλαμπειτινοσγαρουδυναταιειναιδιατηνπαραληψιν	μαδιηνοικαιμαδιανιται
137225	Λαμπύνεια		meineke_page_435.jpg	435	10382	ocr	OCR from image meineke_page_435.jpg (id=1607)	a8fed53160592bb611922a3b2c2c31b3540e42a92abc6dea92dc158cb2e53742	8975	Μακύνεια	34	Μ34	0.666667	2087	Καλαύρεια	0.555556	0.111111	λαμπυνεια	μακυνεια
137229	Κοδίδιον	1	meineke_page_436.jpg	436	10386	ocr	OCR from image meineke_page_436.jpg (id=1608)	eec58fc829d17f76894db89bd5e3c0b2cef5521365889e375b4b36c8ff1919e4	3496	Κοτιάειον	188	Κ188	0.666667	125117	Γορδίειον	0.666667	0.000000	κοδιδιον	κοτιαειον
137240	Λητηνή		meineke_page_438.jpg	438	10399	ocr	OCR from image meineke_page_438.jpg (id=1610)	9093dd1756b05c425af9f87830a55bcc427e69f0764464cc7f10191bcd95f1f7	102788	Ἀτήνη	518	Α518	0.666667	9614	Μελιτηνή	0.625000	0.041667	λητηνη	ατηνη
137246	Λητωεύς		meineke_page_439.jpg	439	10401	ocr	OCR from image meineke_page_439.jpg (id=1611)	633fdcb1e791183cc4daeefa3d7ebb5074b5ff7f0c8aaa38cc7d11b3d902291f	48708	Τλῆτες	144	Τ144	0.571429	125103	Γλῆτες	0.571429	0.000000	λητωευσ	τλητεσ
137247	Λητιμανδρος		meineke_page_439.jpg	439	10402	ocr	OCR from image meineke_page_439.jpg (id=1611)	ddfeb29d617e663d22da6ed88ca4570d312f63e9d9cb9c926768ab011f0e0893	8903	Λίχανδος	81	Λ81	0.636364	11038	Μυρίανδρος	0.636364	0.000000	λητιμανδροσ	λιχανδοσ
137248	Λιβανος / Λιβανῖτις – Λίβυς κτλ.		meineke_page_440.jpg	440	10403	ocr	OCR from image meineke_page_440.jpg (id=1612)	5f9440f6ec4cf199869606f7d739395ff3b65052caf28d1037021931e4e3ca2e	61139	Αἰανῖτις	89	Α89	0.333333	105865	Βασανίσαι	0.333333	0.000000	λιβανοσλιβανιτισλιβυσκτλ	αιανιτισ
137250	Λιβυστινοί		meineke_page_441.jpg	441	10405	ocr	OCR from image meineke_page_441.jpg (id=1613)	405c986ad19e66a475e671ec29fc66b6babdf12b064b8cc22ee2c858da0d5df5	8432	Λιγυστίνη	62	Λ62	0.700000	12816	Ὀλβύσιοι	0.600000	0.100000	λιβυστινοι	λιγυστινη
137252	Αἴξ		meineke_page_441.jpg	441	10407	ocr	OCR from image meineke_page_441.jpg (id=1613)	b1e76d06ee1a6457b3f55c0c3553d401f37e68321f8a7ff57104218f66f3fab8	61136	Αἶα	86	Α86	0.666667	8430	Λίγξ	0.500000	0.166667	αιξ	αια
137256	Λήθαος		meineke_page_441.jpg	441	10411	ocr	OCR from image meineke_page_441.jpg (id=1613)	a3b232f96b3c94c0f8159db64cbb8e5732bad53cb87a3525c307fe0f9604c99f	8422	Λᾶος	38	Λ38	0.666667	8425	Λάπηθος	0.571429	0.095238	ληθαοσ	λαοσ
137258	Ἀλυβαῖον		meineke_page_442.jpg	442	10413	ocr	OCR from image meineke_page_442.jpg (id=1614)	6ad1d4dca0d73a2ffa41039ca39addaa8febae327260e0b5885e5f56f107eb34	8436	Λιλύβαιον	66	Λ66	0.777778	8457	Λύκειον	0.625000	0.152778	αλυβαιον	λιλυβαιον
137275	Λόκσος		meineke_page_443.jpg	443	10430	ocr	OCR from image meineke_page_443.jpg (id=1615)	642cdd54d94bd0c44dc0b497076f95894937a51b76fb44803a997075792eb846	8441	Λόκοζος	83	Λ83	0.714286	3293	Κοσσός	0.666667	0.047619	λοκσοσ	λοκοζοσ
137283	Λουσευσ, Λουσιατησ		meineke_page_445.jpg	445	10438	ocr	OCR from image meineke_page_445.jpg (id=1617)	98eea8d18988ef31300e54ac5808527864326f384dc1a34e2cc746f6c4455ddf	48670	Τεύτλουσα	106	Τ106	0.437500	8443	Λοπαδοῦσσα	0.375000	0.062500	λουσευσλουσιατησ	τευτλουσα
137291	Δυκαμφός	2	meineke_page_446.jpg	446	10446	ocr	OCR from image meineke_page_446.jpg (id=1618)	8564cea30f0d9f703e1302364b257012beb8996d8ec2d819d0d44992ea0bb54c	2344	Κάμπος	50	Κ50	0.625000	8455	Λύκαστος	0.625000	0.000000	δυκαμφοσ	καμποσ
137306	Λυρηγοῦς		meineke_page_448.jpg	448	10461	ocr	OCR from image meineke_page_448.jpg (id=1620)	3e7e0579415e53d354ee7a0184794df532ad388cf841995d5c1068cc21011955	11039	Μυρικοῦς	249	Μ249	0.625000	135406	Φηγοῦς	0.625000	0.000000	λυρηγουσ	μυρικουσ
137310	Λυμηντός		meineke_page_448.jpg	448	10465	ocr	OCR from image meineke_page_448.jpg (id=1620)	c95dafb76823b9ee383977e5f6b45f9ce9aff8a9524a26db1d38060900de104b	8475	Λωμεντός	117	Λ117	0.750000	61022	Ὑμηττός	0.750000	0.000000	λυμηντοσ	λωμεντοσ
137313	Λωτοφόρος		meineke_page_449.jpg	449	10468	ocr	OCR from image meineke_page_449.jpg (id=1621)	dfaae51b4b753eed3f67a3d0f2bd9292ca550add2d96c2ef83ab9dc144dac625	8478	Λωτοφάγοι	120	Λ120	0.666667	8441	Λόκοζος	0.555556	0.111111	λωτοφοροσ	λωτοφαγοι
137320	Μάγνητος		meineke_page_450.jpg	450	10475	ocr	OCR from image meineke_page_450.jpg (id=1622)	6894733ab5448c58d44b7d470a6f672e584c3ffe88a811e787edc0c311162230	8479	Μάγαρσος	1	Μ1	0.625000	8480	Μαγδωλός	0.625000	0.000000	μαγνητοσ	μαγαρσοσ
137321	Μαδυηνοί		meineke_page_450.jpg	450	10476	ocr	OCR from image meineke_page_450.jpg (id=1622)	98b3d98fc2cb071547d7ae81014d65247754529d44c7c527a2c0559104335bb1	8486	Μαδυτός	8	Μ8	0.625000	32008	Σακχηνοί	0.625000	0.000000	μαδυηνοι	μαδυτοσ
137330	Μάκη	2	meineke_page_451.jpg	451	10485	ocr	OCR from image meineke_page_451.jpg (id=1623)	c53392e62e21b040e68d617723f483f3a8fcc6dadfa141c47645f1bc62873143	61209	Ἄκη	160	Α160	0.750000	8976	Μαλάκη	0.666667	0.083333	μακη	ακη
137331	Μαινάλιος / Μαινάλιον	3	meineke_page_451.jpg	451	10486	ocr	OCR from image meineke_page_451.jpg (id=1623)	01020852442f4dc9e1f47657ccc800b65d4ae4732dd7badd59467842571df64b	80217	Ἀλαλκομένιον	191	Α191	0.500000	8958	Μαίναλος	0.444444	0.055556	μαιναλιοσμαιναλιον	αλαλκομενιον
137332	Μαινόβρῑα	4	meineke_page_451.jpg	451	10487	ocr	OCR from image meineke_page_451.jpg (id=1623)	8f77495b3fb3d4d1c43eb732c1e600894360a305e7dd95dface40de4419ef48f	8959	Μαινόβωρα	18	Μ18	0.777778	8960	Μαιονία	0.666667	0.111111	μαινοβρια	μαινοβωρα
137335	Μακαϊός		meineke_page_452.jpg	452	10490	ocr	OCR from image meineke_page_452.jpg (id=1624)	389108ef3dcbb25851ef83e6ef390f70f95862ad62b39a9f6b57b78d0a74986c	8977	Μαλάνιος	36	Μ36	0.750000	9014	Μάρκαιον	0.750000	0.000000	μακαιοσ	μαλανιοσ
137338	Μακαρεῖα		meineke_page_452.jpg	452	10493	ocr	OCR from image meineke_page_452.jpg (id=1624)	00acb6b52d53a35a23e25413b2a7dc7ef9897d7494a0aa3db3b5d0d0b6413113	8964	Μακαρέαι	23	Μ23	0.750000	8975	Μακύνεια	0.750000	0.000000	μακαρεια	μακαρεαι
137339	Μακεδών		meineke_page_452.jpg	452	15980	ocr	OCR from image meineke_page_452.jpg (id=1624)	b3a076ae2aba5a134969512c8bd40f846580587dc52059ef97541a06f88dc80e	8965	Μακεδνόν	24	Μ24	0.750000	8966	Μακεδονία	0.666667	0.083333	μακεδων	μακεδνον
137343	Μάχαρα		meineke_page_453.jpg	453	10498	ocr	OCR from image meineke_page_453.jpg (id=1625)	4a1f442a78d66b9851d202e55ec6feb0df36440931a3088fc5292f16b6de5d61	2336	Καμάρα	42	Κ42	0.666667	7634	Λάβαρα	0.666667	0.000000	μαχαρα	καμαρα
137344	Μάχαρις		meineke_page_453.jpg	453	10499	ocr	OCR from image meineke_page_453.jpg (id=1625)	f04eeeb8c986b85bf0012e8a3134ff491d6b554618bb82a6f088231f707a26c5	8970	Μάκρις	29	Μ29	0.714286	9590	Μαχαιροῦς	0.666667	0.047619	μαχαρισ	μακρισ
137358	Μαλαδάνη		meineke_page_455.jpg	455	10513	ocr	OCR from image meineke_page_455.jpg (id=1627)	b0e04f4ddf93b8d0ebdf54fbc65b078656603330489e44a968363c00089e9b91	8984	Μαλσάνη	43	Μ43	0.750000	3259	Κελαδώνη	0.625000	0.125000	μαλαδανη	μαλσανη
137370	Μαντύη καὶ Μάντυα		meineke_page_456.jpg	456	10525	ocr	OCR from image meineke_page_456.jpg (id=1628)	a09f5915ef6a3a65d8af44e17d6b000da5ab24f57892dfcab4c8aafb37f82a41	8992	Μαννάκαρτα	51	Μ51	0.466667	8995	Μαντίνεια	0.466667	0.000000	μαντυηκαιμαντυα	μαννακαρτα
137373	Μαραθῶνουσα		meineke_page_457.jpg	457	10528	ocr	OCR from image meineke_page_457.jpg (id=1629)	c9bfc963fe78b9e581f5b86b98f0c71dca9cef9919440e60330fb4e4eee8a31b	8999	Μαραθοῦσσα	58	Μ58	0.727273	9001	Μαραθωνία	0.727273	0.000000	μαραθωνουσα	μαραθουσσα
137387	Μάξιμακες – Μασασουλία		meineke_page_459.jpg	459	10542	ocr	OCR from image meineke_page_459.jpg (id=1631)	ea3ae1e8a3fbc4d2a1df8258446dd9a7fa7478a7709e5f2596b19382d57cb54b	9023	Μασαισυλία	82	Μ82	0.473684	9030	Μασσαλία	0.421053	0.052632	μαξιμακεσμασασουλια	μασαισυλια
137391	Μάσκαυτος		meineke_page_460.jpg	460	10546	ocr	OCR from image meineke_page_460.jpg (id=1632)	3f7f25a93e6fa1de084f39ea3ec0c2a757698c4df1b6790aeb21e23aa786d1a4	9027	Μάσκωτος	86	Μ86	0.777778	8486	Μαδυτός	0.666667	0.111111	μασκαυτοσ	μασκωτοσ
137395	Μασσαλιῶτις		meineke_page_461.jpg	461	10550	ocr	OCR from image meineke_page_461.jpg (id=1633)	19e8da6db092f68f003c5c7beab3686d911bae4916c29320e4eeafd4208731f6	9030	Μασσαλία	89	Μ89	0.636364	2612	Κασσανῖται	0.545455	0.090909	μασσαλιωτισ	μασσαλια
137399	Μασταυνοί		meineke_page_461.jpg	461	10554	ocr	OCR from image meineke_page_461.jpg (id=1633)	15c4bf1ae476ce5bad0f0e28442a27f5bdb3839090550b437c496e70480e828f	9034	Μαστιανοί	93	Μ93	0.777778	2629	Καταννοί	0.666667	0.111111	μασταυνοι	μαστιανοι
137400	Μασσαρμελή		meineke_page_461.jpg	461	10555	ocr	OCR from image meineke_page_461.jpg (id=1633)	ae3b41b32aff6aa4cb47bae7a48ea4d914155c84fd17d802bd6dad8aee438ebe	9580	Μαστραμέλη	94	Μ94	0.700000	2079	Καισάρεια	0.500000	0.200000	μασσαρμελη	μαστραμελη
137404	Ματαινή		meineke_page_462.jpg	462	10558	ocr	OCR from image meineke_page_462.jpg (id=1634)	d7bfdec206dd9432ba5cebb4d3d3dfdc2aefc7b3ffb153d4e45d6099c5a44667	2626	Κατάνη	126	Κ126	0.714286	9584	Ματιανή	0.714286	0.000000	ματαινη	κατανη
137406	Μανυερτανία		meineke_page_462.jpg	462	10560	ocr	OCR from image meineke_page_462.jpg (id=1634)	74b8e5a3687228a5ba187a6fc142d16f25c784f84da3b4af9796ffb6a81d7072	9586	Μαυριτανίαι	100	Μ100	0.636364	80206	Ἀκυτανία	0.636364	0.000000	μανυερτανια	μαυριτανιαι
137407	Μανουοῦσιοι		meineke_page_462.jpg	462	10561	ocr	OCR from image meineke_page_462.jpg (id=1634)	d34b399efbbcb7e257c23b95ceea0f2300b5dc23802b3b84960288ca692a09c5	2061	Καδούσιοι	8	Κ8	0.636364	61166	Αἰδούσιοι	0.636364	0.000000	μανουουσιοι	καδουσιοι
137414	Μεγαρευσ		meineke_page_464.jpg	464	10568	ocr	OCR from image meineke_page_464.jpg (id=1636)	ec655d57ee47086eb0623bf9c439ed8ffade7802a9c5fd4267582ae31bddc5da	6656	Ἔαρες	1	Ε1	0.625000	8479	Μάγαρσος	0.625000	0.000000	μεγαρευσ	εαρεσ
137422	Μέδυμνη	3	meineke_page_465.jpg	465	10576	ocr	OCR from image meineke_page_465.jpg (id=1637)	e59458ca48af37a8d8456b02e0ed2d2bdc67fd36f147afcf578734409797f964	9594	Μέδμη	114	Μ114	0.714286	3842	Δύμη	0.571429	0.142857	μεδυμνη	μεδμη
137423	Μεδυνία	4	meineke_page_465.jpg	465	10577	ocr	OCR from image meineke_page_465.jpg (id=1637)	d9cc811e88103f41a7fde8a1c21b3b39e1573b3a756b7c6c5e282ec3ef564647	9595	Μεδυλλία	115	Μ115	0.750000	8966	Μακεδονία	0.666667	0.083333	μεδυνια	μεδυλλια
137427	Μέγαρις – Μέλανιππιον		meineke_page_466.jpg	466	10581	ocr	OCR from image meineke_page_466.jpg (id=1638)	6b0cc9037346f3115993cc1aeaf030b5bd36792e6f76d72641aaa1ae13f65cad	9604	Μελανίππιον	124	Μ124	0.611111	10213	Μεδιολάνιον	0.500000	0.111111	μεγαρισμελανιππιον	μελανιππιον
137439	Μελιτουσσαῖος		meineke_page_469.jpg	469	10593	ocr	OCR from image meineke_page_469.jpg (id=1641)	2c25555be36214142d1d7854c93aa4b2cc4ee7a305eed4b94ab653ef386563a6	9615	Μελίτουσα	135	Μ135	0.692308	9608	Μελιγουνίς	0.615385	0.076923	μελιτουσσαιοσ	μελιτουσα
137440	Μεμβλιάφων		meineke_page_469.jpg	469	10594	ocr	OCR from image meineke_page_469.jpg (id=1641)	b36388ecc12f2e45db30bdbcf8e49f5a24e1fd63480419047611247c703f74fa	9616	Μεμβλίαρος	136	Μ136	0.700000	9606	Μελία	0.500000	0.200000	μεμβλιαφων	μεμβλιαροσ
137445	Μέθυνδης		meineke_page_469.jpg	469	10599	ocr	OCR from image meineke_page_469.jpg (id=1641)	d7122b73f57d48041e42c8cbfb3f50076d4b70fa5fbf092230f669ad31880c3c	9621	Μένδης	141	Μ141	0.750000	9598	Μεθώνη	0.625000	0.125000	μεθυνδησ	μενδησ
137452	Μεμψοῦς		meineke_page_470.jpg	470	10606	ocr	OCR from image meineke_page_470.jpg (id=1642)	09872ea51c5eb2274af0d2c23ee973eab84a0e4aec28cd853fce3df926068754	9618	Μέμνονες	138	Μ138	0.625000	8031	Λάμψος	0.571429	0.053571	μεμψουσ	μεμνονεσ
137456	Μεσανίτης		meineke_page_471.jpg	471	10610	ocr	OCR from image meineke_page_471.jpg (id=1643)	d523934cf6b4cc0945f442e3fbb0fdce67d0de26e78cf8a134bab71971142e1a	9632	Μεσανίτης κόλπος	152	Μ152	0.600000	8977	Μαλάνιος	0.555556	0.044444	μεσανιτησ	μεσανιτησκολποσ
137458	Μέση		meineke_page_471.jpg	471	10612	ocr	OCR from image meineke_page_471.jpg (id=1643)	0154f5ac5121428ef213d289ee9afd312d80d9538d417f4f3baaee52070ad220	48650	Τεμέση	86	Τ86	0.666667	9025	Μάσης	0.600000	0.066667	μεση	τεμεση
137463	Μεσαρπατέα		meineke_page_472.jpg	472	10617	ocr	OCR from image meineke_page_472.jpg (id=1644)	7a4476ca8bd3e9beebd598ad0ba4e40668cd971b04accc0c4483e33a5b84843d	2597	Καρπασία	97	Κ97	0.500000	9004	Μάργαια	0.500000	0.000000	μεσαρπατεα	καρπασια
137468	Μεσσώγις		meineke_page_473.jpg	473	10622	ocr	OCR from image meineke_page_473.jpg (id=1645)	a0e20ef9a6363da2e62eb4186aadc9ee38b644edec608d388ff0b60765b6dd28	9644	Μεσυγίς	164	Μ164	0.750000	9640	Μεσσαπία	0.625000	0.125000	μεσσωγισ	μεσυγισ
137474	Μεταχοιατης		meineke_page_474.jpg	474	10628	ocr	OCR from image meineke_page_474.jpg (id=1646)	b29b2ff79f26dd40fe2af3ffb5427b05b312861e480691f0f41409a7b9953003	9649	Μετάχοιον	169	Μ169	0.636364	8967	Μάκιστος	0.454545	0.181818	μεταχοιατησ	μεταχοιον
137495	Μίμφα	2	meineke_page_479.jpg	479	10649	ocr	OCR from image meineke_page_479.jpg (id=1651)	c56bc3c94eef2d9d1b012111305076a954ff9ac9b69caa72f444d04077fde4c4	10285	Μίεζα	183	Μ183	0.600000	10294	Μινύα	0.600000	0.000000	μιμφα	μιεζα
137504	Μολογερία		meineke_page_480.jpg	480	10658	ocr	OCR from image meineke_page_480.jpg (id=1652)	997e11d8a9951ce57b8d9fdcc437843dfec8d37245845511066ccbd99f607ea5	108987	Βολογεσιάς	121	Β121	0.700000	10304	Μολορχία	0.666667	0.033333	μολογερια	βολογεσιασ
137506	Μολοσίς		meineke_page_480.jpg	480	10660	ocr	OCR from image meineke_page_480.jpg (id=1652)	d1e14086eec9580047ce13cea1f11a506886a121218bc2109eaaf4c29bb6c10d	10305	Μολοσσία	203	Μ203	0.750000	8982	Μαλόεις	0.714286	0.035714	μολοσισ	μολοσσια
137509	Μολυκεύς		meineke_page_480.jpg	480	10663	ocr	OCR from image meineke_page_480.jpg (id=1652)	a3b4b77d3f0e487d2dbce7fc1228cdc39d2a61afbd2f1e7ed5512f1c8a3aaf81	8979	Μαλιεύς	38	Μ38	0.625000	10307	Μολυκρία	0.625000	0.000000	μολυκευσ	μαλιευσ
137512	Μονόγυσα	2	meineke_page_481.jpg	481	10666	ocr	OCR from image meineke_page_481.jpg (id=1653)	347185a8d18bee8f9daf3916d6e854e16b9cb14daddcdc57567aa3bf7b8bbfec	10310	Μονόγισσα	208	Μ208	0.777778	10279	Μήλουσα	0.625000	0.152778	μονογυσα	μονογισσα
137514	Μογεγέτιον	4	meineke_page_481.jpg	481	10668	ocr	OCR from image meineke_page_481.jpg (id=1653)	007d0850d06bd69f10157996d2a1db8cd1dea6fccf101d2fa1c50f4a1ddb1a38	10312	Μοργέντιον	210	Μ210	0.700000	8986	Μαμέρτιον	0.600000	0.100000	μογεγετιον	μοργεντιον
137524	Μονύσα		meineke_page_483.jpg	483	10678	ocr	OCR from image meineke_page_483.jpg (id=1655)	69a0b4d5d9d1603ae29dcbed1544b9ca9c84a32f93d39d77656d44304e2800ad	10294	Μινύα	192	Μ192	0.666667	10323	Μοῦρσα	0.666667	0.000000	μονυσα	μινυα
137525	Μουνδέον		meineke_page_483.jpg	483	10679	ocr	OCR from image meineke_page_483.jpg (id=1655)	e6cd6d96cc18c1044916c793bcf744b963dd2b069c8b7c69d4a97ec53ef4893a	10308	Μολύνδεια	206	Μ206	0.666667	10324	Μοῦσειον	0.625000	0.041667	μουνδεον	μολυνδεια
137526	Μόμφον		meineke_page_483.jpg	483	10680	ocr	OCR from image meineke_page_483.jpg (id=1655)	1cd4796bba4f32a23a403a3ded886ac6813aa9cb7577df9d872dc65c843eeae3	10325	Μόψιον	223	Μ223	0.666667	125109	Γόμφοι	0.666667	0.000000	μομφον	μοψιον
137527	Μορφτία		meineke_page_483.jpg	483	10681	ocr	OCR from image meineke_page_483.jpg (id=1655)	3e1afd95ef4426f7904bb88ab4866d0c94d231ceca1fad58df4222fe02e3f33a	9004	Μάργαια	63	Μ63	0.571429	9008	Μάρεια	0.571429	0.000000	μορφτια	μαργαια
137534	Μυκήνη		meineke_page_485.jpg	485	10688	ocr	OCR from image meineke_page_485.jpg (id=1657)	aea32858b8e106619e0fe7f28c6c1205e269078aa6f228d38c26acfc7bcc206a	10333	Μυκῆναι	231	Μ231	0.714286	7244	Κυρήνη	0.666667	0.047619	μυκηνη	μυκηναι
137537	Μυκονιος – Μυλιος		meineke_page_486.jpg	486	10691	ocr	OCR from image meineke_page_486.jpg (id=1658)	1b877c7fa85823b6b539457116ec77ff556140d06224c8dbf3b2b5434ad1054e	10335	Μύκονος	233	Μ233	0.500000	11033	Μυόννησος	0.500000	0.000000	μυκονιοσμυλιοσ	μυκονοσ
137545	Μνυέτασι		meineke_page_488.jpg	488	10699	ocr	OCR from image meineke_page_488.jpg (id=1660)	62ff37a242029af6e521edc7b5a93019150f900841c58163381987c55cd8ddf9	9585	Ματυκέται	99	Μ99	0.555556	8473	Λυταί	0.500000	0.055556	μνυετασι	ματυκεται
137546	Μνειάνθηρος		meineke_page_488.jpg	488	10700	ocr	OCR from image meineke_page_488.jpg (id=1660)	c5226c7ce61a2fb035194a4332ac793309a0c9008399f9919ca5816e23fbae67	11038	Μυρίανδρος	248	Μ248	0.636364	10282	Μιάκωρος	0.545455	0.090909	μνειανθηροσ	μυριανδροσ
137547	Μνυεκνός		meineke_page_488.jpg	488	10701	ocr	OCR from image meineke_page_488.jpg (id=1660)	fd30a4f1d5000a93b6a56794b3aaf3b61cdf0e0ea035e7718bd529579b98d380	10335	Μύκονος	233	Μ233	0.625000	11041	Μύρκινος	0.625000	0.000000	μνυεκνοσ	μυκονοσ
137548	Μνέμνα		meineke_page_488.jpg	488	10702	ocr	OCR from image meineke_page_488.jpg (id=1660)	5e555785108ea1162ec396a7828bc76eb836d24b06ee964a2edc0eee8a68718e	85695	Ἄντεμνα	327	Α327	0.714286	11093	Νεμέα	0.666667	0.047619	μνεμνα	αντεμνα
137549	Μνέχῖνος		meineke_page_488.jpg	488	10703	ocr	OCR from image meineke_page_488.jpg (id=1660)	d764b185a88f0bf9f80044ef27df66fbf1100bb3f291770e368648922fd5e3fc	11041	Μύρκινος	251	Μ251	0.625000	11047	Μύρσινος	0.625000	0.000000	μνεχινοσ	μυρκινοσ
137551	Μνημήκειον		meineke_page_489.jpg	489	10705	ocr	OCR from image meineke_page_489.jpg (id=1661)	5bd27c6c8cf170e88b2fd9b3824aa777c2b103444ef1a7d2194ea591ea005741	11043	Μυρμήκιον	253	Μ253	0.700000	13844	Δημήτριον	0.600000	0.100000	μνημηκειον	μυρμηκιον
137557	Μύρμηνος		meineke_page_489.jpg	489	10711	ocr	OCR from image meineke_page_489.jpg (id=1661)	135efe442f140bd0547da30ca61ff6196d3b02e2647979639017c3d493dcb2f8	11041	Μύρκινος	251	Μ251	0.750000	11047	Μύρσινος	0.750000	0.000000	μυρμηνοσ	μυρκινοσ
137561	Μυτιοκέφατος / Μυτιόστατος	3	meineke_page_490.jpg	490	10715	ocr	OCR from image meineke_page_490.jpg (id=1662)	f6f016927ee5e1b83e7ffad656584c7a5240f4ce238d8bc88c44431d91c219ed	11053	Μυτισέρατος	263	Μ263	0.391304	11054	Μυτίστρατον	0.391304	0.000000	μυτιοκεφατοσμυτιοστατοσ	μυτισερατοσ
137572	Ναγιδοῦσα – Ναιαδός – Νάχαρσος – Νακόλεια		meineke_page_492.jpg	492	10726	ocr	OCR from image meineke_page_492.jpg (id=1664)	eac48728f599d5655c4de6cbc0cf558f1a18d4ec67eabab19407547a48796cb5	2473	Κάραλλις ἢ Καράλλεια	71	Κ71	0.343750	8955	Μαιανδρούπολις	0.312500	0.031250	ναγιδουσαναιαδοσναχαρσοσνακολεια	καραλλισηκαραλλεια
137573	παρὰ τὸν Νάκωλον τὸν Δασκύλου παῖδα		meineke_page_493.jpg	493	10727	ocr	OCR from image meineke_page_493.jpg (id=1665)	48ef7a99ee222c5ff961ad2db1ebc14796c91471843ff08b6e99c834cd222eb5	14874	Δράκοντος νῆσος	126	Δ126	0.300000	19530	Ἡρακλεοβουκόλοι	0.300000	0.000000	παρατοννακωλοντονδασκυλουπαιδα	δρακοντοσνησοσ
137578	Νάρεβον		meineke_page_494.jpg	494	10732	ocr	OCR from image meineke_page_494.jpg (id=1666)	132b070ee53ec8b5e1f1ea781d86c00ea981549f9b6c9e32780ddb644cef8804	11074	Νάρβων	13	Ν13	0.714286	13806	Δαρίειον	0.625000	0.089286	ναρεβον	ναρβων
137580	Ναργηνίς		meineke_page_494.jpg	494	10734	ocr	OCR from image meineke_page_494.jpg (id=1666)	9b9dc727d768a0d2cc9a02a2d38ffe70e40deefbd2febcff215fe3fc1c47d497	11076	Ναρθηκίς	15	Ν15	0.750000	32057	Σάργαντις	0.666667	0.083333	ναργηνισ	ναρθηκισ
137581	Νάραμακας		meineke_page_494.jpg	494	10735	ocr	OCR from image meineke_page_494.jpg (id=1666)	3693f3017c58f3fb936b595174e38ebb4f1db30a43f3481a25c3879884bcea0e	9015	Μάρμακες	74	Μ74	0.666667	11077	Νάρμαλις	0.666667	0.000000	ναραμακασ	μαρμακεσ
137588	Ναυνιλία		meineke_page_495.jpg	495	10742	ocr	OCR from image meineke_page_495.jpg (id=1667)	200928038ca1ab5a541dc17c94d32aa7c33e71b78a5c9f5af2a2830a57190030	11084	Ναυπλία	23	Ν23	0.750000	11067	Νακολία	0.625000	0.125000	ναυνιλια	ναυπλια
137590	Ἡρακλέα – Νεῖλος		meineke_page_496.jpg	496	10744	ocr	OCR from image meineke_page_496.jpg (id=1668)	ccaa87e7e42d3c8b1b39f972f51ef5a864bcfd74fe1c4e2139a27f8668b55c7b	19531	Ἡρακλεούπολις	22	Η22	0.615385	8977	Μαλάνιος	0.538462	0.076923	ηρακλεανειλοσ	ηρακλεουπολισ
137603	Νηνονία		meineke_page_498.jpg	498	10757	ocr	OCR from image meineke_page_498.jpg (id=1670)	51472a1072947c633a32692cbc762cc1175c8912d9076c264f27243ffdd4082b	11104	Νηκουίνα	43	Ν43	0.625000	8960	Μαιονία	0.571429	0.053571	νηνονια	νηκουινα
137605	Νήψεκος		meineke_page_498.jpg	498	10759	ocr	OCR from image meineke_page_498.jpg (id=1670)	7944cc82fdcb1d6316e8b61864f215ded1f45c6104b13d59d54440426ee92d48	11106	Νήρικος	45	Ν45	0.714286	11096	Νέπετος	0.571429	0.142857	νηψεκοσ	νηρικοσ
137612	Νιγήρτες		meineke_page_499.jpg	499	10766	ocr	OCR from image meineke_page_499.jpg (id=1671)	4bd9b95bdc3f20521ca4819669c4d63367624c952803504783b1b3e8b7f3e807	11883	Νίγρητες	51	Ν51	0.750000	8431	Λίγυρες	0.625000	0.125000	νιγηρτεσ	νιγρητεσ
137624	Νίασα		meineke_page_501.jpg	501	10778	ocr	OCR from image meineke_page_501.jpg (id=1673)	79170480f86e9ff26530a59021a6f1056ac863d4ba6ccdbfcaa0286d4512f8a6	11885	Νικασία	53	Ν53	0.714286	11884	Νίκαια	0.666667	0.047619	νιασα	νικασια
137625	Νιάβρις		meineke_page_501.jpg	501	10779	ocr	OCR from image meineke_page_501.jpg (id=1673)	ac25dc331f49cfefe3187b9ef1fef2a805605871c24a35efe15f463f739094db	8433	Λίηβρις	63	Λ63	0.714286	11882	Νίβις	0.714286	0.000000	νιαβρισ	λιηβρισ
137627	Νῖνυφος		meineke_page_502.jpg	502	10781	ocr	OCR from image meineke_page_502.jpg (id=1674)	4dd08538aea9f026c7750778b49dc9be2ead9b1a239a986132eb4959eed84134	11895	Νῖνος	63	Ν63	0.714286	11898	Νίσυρος	0.714286	0.000000	νινυφοσ	νινοσ
137631	Νοᾶς		meineke_page_502.jpg	502	10785	ocr	OCR from image meineke_page_502.jpg (id=1674)	8b2b7ed1090146d6b3c4737c91f9150ba494b30b6ebce12f3d03948c1788e17b	11902	Νόαι	70	Ν70	0.750000	11085	Νέαι	0.500000	0.250000	νοασ	νοαι
137634	Νόσοσσα		meineke_page_503.jpg	503	10788	ocr	OCR from image meineke_page_503.jpg (id=1675)	d3e66c71ab03cfc9fd51aed5a9a7d31c332af1d6eae4bbfd93d84dc7e4488d04	12742	Νόσορα	73	Ν73	0.714286	10305	Μολοσσία	0.625000	0.089286	νοσοσσα	νοσορα
137642	Νυμφαιεύς		meineke_page_504.jpg	504	10796	ocr	OCR from image meineke_page_504.jpg (id=1676)	326ee4820563f13b4003ed764f4e7a8beabdc4e4b402764e7ab2c742ed28e0e4	11906	Νυμφαία	79	Ν79	0.666667	11907	Νύμφαιον	0.666667	0.000000	νυμφαιευσ	νυμφαια
137646	Νύλα		meineke_page_504.jpg	504	10800	ocr	OCR from image meineke_page_504.jpg (id=1676)	9cebfaacead1c41ff2f9c13ce2e658d7d422ff3030115385ddecd435ec1cff00	11911	Νῶλα	84	Ν84	0.750000	10336	Μυλαί	0.600000	0.150000	νυλα	νωλα
137647	Νουμεντός		meineke_page_504.jpg	504	10801	ocr	OCR from image meineke_page_504.jpg (id=1676)	edfb93f6dd7bf056b6f5ac2a23748d06a9cc5a3b21e7ab31d1052b166d102984	11914	Νωμεντός	87	Ν85	0.777778	8475	Λωμεντός	0.666667	0.111111	νουμεντοσ	νωμεντοσ
137648	Νώνακες		meineke_page_504.jpg	504	10802	ocr	OCR from image meineke_page_504.jpg (id=1676)	2d6513147908d514817a4f0c3561562342f8d961d0e73d2b5e35e08bc085cc04	11912	Νώνακρις	85	Ν86	0.750000	11916	Νώρακος	0.714286	0.035714	νωνακεσ	νωνακρισ
137649	Νωνακρῖται / Νωνακρῖτις		meineke_page_505.jpg	505	10803	ocr	OCR from image meineke_page_505.jpg (id=1677)	3b9ff9051f1b7ca836398a33a254ebb20d387006c2948bd9587e394c7c1c8cf8	2487	Καρκινῖτις	85	Κ85	0.400000	9586	Μαυριτανίαι	0.400000	0.000000	νωνακριταινωνακριτισ	καρκινιτισ
137650	Ξιφα		meineke_page_506.jpg	506	10804	ocr	OCR from image meineke_page_506.jpg (id=1678)	4fabbf1e5e8a504279a165ce3f30aac75b0defc08faec1eb41f5d95f163d901c	11923	Ξιλία	7	Ξ7	0.600000	41899	Σῖφαι	0.600000	0.000000	ξιφα	ξιλια
137652	Ξιφρη		meineke_page_506.jpg	506	10806	ocr	OCR from image meineke_page_506.jpg (id=1678)	f5fa29fcec807eba74dd71c3a5425adc9db6538f28fd1e75b8ca24e07c41f3d8	11924	Ξιφήνη	8	Ξ8	0.666667	14848	Δίφροι	0.500000	0.166667	ξιφρη	ξιφηνη
137659	Ξυνπετειον		meineke_page_506.jpg	506	10813	ocr	OCR from image meineke_page_506.jpg (id=1678)	5d5d8ef6631f42c29debb6887cfcd23f8c8806dafbd82aaecfdb9e9056a695a1	7219	Κυνέτεια	263	Κ263	0.600000	145235	Φύτειον	0.600000	0.000000	ξυνπετειον	κυνετεια
137661	Ὄσα	2	meineke_page_507.jpg	507	10815	ocr	OCR from image meineke_page_507.jpg (id=1679)	98dedd25375ba72bbbaa91ec1499494782a04244c64e09a09f2883d345d2b3bd	11933	Ὄα	1	Ο1	0.666667	3291	Κόσσα	0.600000	0.066667	οσα	οα
137665	Ὄρβιλον / Ὄρβοικλον	6	meineke_page_507.jpg	507	10819	ocr	OCR from image meineke_page_507.jpg (id=1679)	d18e0be944df4e44a5bdf3aef644b387f881e6ca52030f2fe697914ece798976	135419	Φιληνόριον	68	Φ68	0.500000	19530	Ἡρακλεοβουκόλοι	0.437500	0.062500	ορβιλονορβοικλον	φιληνοριον
137668	Ὀγκησός	1	meineke_page_508.jpg	508	10822	ocr	OCR from image meineke_page_508.jpg (id=1680)	2350a3e798df01b3a6c731904e87c5da17bcd8646a54d70e2160bd77b191dfe4	11940	Ὀγχηστός	8	Ο8	0.750000	61092	Ἀγορησός	0.625000	0.125000	ογκησοσ	ογχηστοσ
137670	Ὀδύσσαι		meineke_page_509.jpg	509	10824	ocr	OCR from image meineke_page_509.jpg (id=1681)	01939ca8f327ef7a55f4d9d6c0b6d598d7cfa229404062217f4707bda188f8ea	12789	Ὀδυσσεῖς	15	Ο15	0.750000	11946	Ὀδρύσαι	0.714286	0.035714	οδυσσαι	οδυσσεισ
137673	Ὀρφεωνός		meineke_page_509.jpg	509	10827	ocr	OCR from image meineke_page_509.jpg (id=1681)	1d86136648758581ef522c3bb89ac8b66382e930b483ceea4b950c0faae0ff5d	12791	Ὀθρωνός	17	Ο17	0.625000	18267	Ἐτεωνός	0.625000	0.000000	ορφεωνοσ	οθρωνοσ
137682	Οἰνάσονθα		meineke_page_511.jpg	511	10836	ocr	OCR from image meineke_page_511.jpg (id=1683)	b3ef01ed2735a64db476a0aaa1d8bc2195c045628515a2be3744c84b5a11e894	12792	Οἰάνθη	18	Ο18	0.555556	12800	Οἰνόανδα	0.555556	0.000000	οινασονθα	οιανθη
137688	Θετταλός		meineke_page_512.jpg	512	10842	ocr	OCR from image meineke_page_512.jpg (id=1684)	76efd4a7a2db78536e2ea28694079f10d39a58a78e4490d309ec597aa4daf564	8994	Μάνταλος	53	Μ53	0.625000	20804	Θέστωρος	0.625000	0.000000	θετταλοσ	μανταλοσ
137698	Ὀλβίαστοι	3	meineke_page_514.jpg	514	10852	ocr	OCR from image meineke_page_514.jpg (id=1686)	0a574fb8b69f8200f61d0212e442696d7728a7149da277010afcd271120d43d3	12816	Ὀλβύσιοι	42	Ο42	0.666667	7648	Λαιαῖοι	0.555556	0.111111	ολβιαστοι	ολβυσιοι
137699	Ὀλξίων	4	meineke_page_514.jpg	514	10853	ocr	OCR from image meineke_page_514.jpg (id=1686)	5691646ee54b6eb05bba70cb5a8590cce51bcc74a357dd33ce455c09df89bb4b	12817	Ὀλιζών	43	Ο43	0.666667	12819	Ὄλκιον	0.666667	0.000000	ολξιων	ολιζων
137702	Ὀλύκααι	1	meineke_page_516.jpg	516	10856	ocr	OCR from image meineke_page_516.jpg (id=1688)	c54e82024a4859896b822956c9aa7b27c89bcad4b690be32fd953c283ed32878	12829	Ὄλυκα	55	Ο55	0.714286	8453	Λύκαια	0.571429	0.142857	ολυκααι	ολυκα
137705	Ὀλυμπιεύς	4	meineke_page_516.jpg	516	10859	ocr	OCR from image meineke_page_516.jpg (id=1688)	cd83db1311e36cc0a3686f72a352b253547bf3f43d309204f2d390eceae81b3e	12833	Ὀλυμπιεῖον	59	Ο59	0.700000	12832	Ὀλυμπία	0.666667	0.033333	ολυμπιευσ	ολυμπιειον
137711	Ὁμρηῖται	2	meineke_page_517.jpg	517	10865	ocr	OCR from image meineke_page_517.jpg (id=1689)	872b74960c586441ff4842d55c162d5a95e7f88fbcf3dffc8d7349737fa5b272	12840	Ὁμηρῖται	66	Ο66	0.750000	12855	Ὀρβῖται	0.750000	0.000000	ομρηιται	ομηριται
137719	Ὀνουρψις		meineke_page_518.jpg	518	10873	ocr	OCR from image meineke_page_518.jpg (id=1690)	40ebdfc1d465bc49916c64996dcb059eeda7e8d22aa4e56ef699a45bf4bc422d	12848	Ὄνουφις	74	Ο74	0.750000	12825	Ὄλουρος	0.625000	0.125000	ονουρψισ	ονουφισ
137720	Ὀυνίκιον		meineke_page_518.jpg	518	10874	ocr	OCR from image meineke_page_518.jpg (id=1690)	fc629df37356d5fcae227db72c4e35be9fb7297c5c332f84703e2e4f4e6aaf2a	135434	Φοινίκαιον	83	Φ83	0.700000	14864	Δουλίχιον	0.666667	0.033333	ουνικιον	φοινικαιον
137722	Ὀξυθάκαι		meineke_page_519.jpg	519	10876	ocr	OCR from image meineke_page_519.jpg (id=1691)	c7c8cc8b283d048d5079417d55a5fa484f6bd9f897b88425bb293b4d792e032e	12851	Ὀξυδράκαι	77	Ο77	0.777778	26698	Παυσάρκαι	0.555556	0.222222	οξυθακαι	οξυδρακαι
137723	Ὀξυγένυχος		meineke_page_519.jpg	519	10877	ocr	OCR from image meineke_page_519.jpg (id=1691)	d2a9aedecb036744ab84a373204fa35e054a9f51864a49fb3c1166bf4a7abba4	12852	Ὀξύρυγχος	78	Ο78	0.600000	12835	Ὄλυνθος	0.500000	0.100000	οξυγενυχοσ	οξυρυγχοσ
137736	'Ορφυη	4	meineke_page_520.jpg	520	10890	ocr	OCR from image meineke_page_520.jpg (id=1692)	fc8652ec6bca14bb2e9ee1880cbc8af568c850ec0de48b3e721fc3cfc168e285	3277	Κορόπη	169	Κ170	0.500000	3289	Κορώνη	0.500000	0.000000	ορφυη	κοροπη
137737	'Ορσιον	5	meineke_page_520.jpg	520	10891	ocr	OCR from image meineke_page_520.jpg (id=1692)	c7fc416bdad46b8f5a5e56b0ce71bc026c137c9b995c68d8b279496d49b4ccb1	3523	Κρήσιον	215	Κ215	0.714286	2605	Κάσιον	0.666667	0.047619	ορσιον	κρησιον
137738	Ὀρνεαί ἢ Ὀρνεαί		meineke_page_521.jpg	521	10892	ocr	OCR from image meineke_page_521.jpg (id=1693)	be360183c2388b956c71dd35d6caff74fe4216383bbc3299c22e1ed1398c0f5f	12797	Οἰνειάδαι	23	Ο23	0.461538	30166	Ῥαφανέαι	0.461538	0.000000	ορνεαιηορνεαι	οινειαδαι
137742	Πάλληνη / Παλλήνη / Παλληνεύς	1	meineke_page_523.jpg	523	10896	ocr	OCR from image meineke_page_523.jpg (id=1695)	9486527a792ce6de13db3ca6c27925d43e2139a1d43324f9452c68a55002be70	25149	Πανέλληνες	17	Π17	0.391304	2473	Κάραλλις ἢ Καράλλεια	0.304348	0.086957	παλληνηπαλληνηπαλληνευσ	πανελληνεσ
137743	Πάλμυρα / Παλιμυρηνός	2	meineke_page_523.jpg	523	10897	ocr	OCR from image meineke_page_523.jpg (id=1695)	e935ab3ead003f237fbb46f13cf2906d88f532b6f885f0f81fd8f2d18fc8f6ed	26678	Παροπάνισσος	55	Π55	0.444444	26696	Πατρόκλου νῆσος	0.444444	0.000000	παλμυραπαλιμυρηνοσ	παροπανισσοσ
137745	Παμβουτάδαι / Παμβουτάδης	4	meineke_page_523.jpg	523	10899	ocr	OCR from image meineke_page_523.jpg (id=1695)	c1b2297929eaaaab53948cf0c71e8ee8acf0aa53a485ff63eb11378c2453739e	25140	Παμβωτάδαι	8	Π8	0.409091	61072	Ἀγαθοῦ δαίμονος	0.363636	0.045455	παμβουταδαιπαμβουταδησ	παμβωταδαι
137746	Παμφυλία / Παμφυλιεύς / Παμφυλιακός	5	meineke_page_523.jpg	523	10900	ocr	OCR from image meineke_page_523.jpg (id=1695)	9f14f457538416ba4bf5c24bf0c4b7a04283d40a68a09955fc926d35d7c09b91	105798	Ἀφύτη ἢ Ἄφυτις ἢ Ἄφυτος	561	Α561	0.448276	9023	Μασαισυλία	0.310345	0.137931	παμφυλιαπαμφυλιευσπαμφυλιακοσ	αφυτηηαφυτισηαφυτοσ
137757	Πανδατερία	5	meineke_page_525.jpg	525	10911	ocr	OCR from image meineke_page_525.jpg (id=1697)	34f11be895711841ba73cdee459a5d1ae1c837755e7557e806ef1e6286797102	2457	Κάνδαρα	55	Κ55	0.600000	2461	Κανταβρία	0.600000	0.000000	πανδατερια	κανδαρα
137761	Πανὸς πόλις		meineke_page_526.jpg	526	10915	ocr	OCR from image meineke_page_526.jpg (id=1698)	b4dd7f9596fac151f3ff314db37f98d5d6cf1ce362567ae8b96d5b9b2af50c56	2495	Καρόπολις	93	Κ93	0.700000	14843	Διὸς πόλις	0.700000	0.000000	πανοσπολισ	καροπολισ
137763	πολίτης Παντικαπαιεύς. λέγεται καὶ Παντικαπαιάτης. ἔστι		meineke_page_527.jpg	527	10917	ocr	OCR from image meineke_page_527.jpg (id=1699)	ec2921675ca2d6f226f7c99acfa4c1d18c788cafaeca6fbaf95dcf2cdb03f57e	102796	Ἀτροπατία καὶ Ἀτροπάτιος	526	Α526	0.312500	8485	Μαδιηνοί καὶ Μαδιανῖται	0.291667	0.020833	πολιτησπαντικαπαιευσλεγεταικαιπαντικαπαιατησεστι	ατροπατιακαιατροπατιοσ
137766	Παπάρεμις		meineke_page_527.jpg	527	10920	ocr	OCR from image meineke_page_527.jpg (id=1699)	322c8f8820706b3ee7ecbfbf78ea52cff844c76ee2ba2ba0d8d1086e55739376	25160	Πάπρημις	29	Π29	0.777778	26663	Πάρεμφις	0.666667	0.111111	παπαρεμισ	παπρημισ
137768	Παραγειλαῖται ἰχθύες παρὰ τὸν αἰγιαλὸν εὑρισκόμε-		meineke_page_527.jpg	527	10922	ocr	OCR from image meineke_page_527.jpg (id=1699)	cdd94a9ce6379c661381880dd053c6bf917931f10e1979394ec550021ab021e5	80215	Ἁλαὶ Ἀραφηνίδες καὶ Ἁλαὶ Αἰξωνίδες	189	Α189	0.325581	22188	Ἰάων καὶ Ἰήων. καὶ ῥῆμα ἰαονίζω, ἀφ᾽ οὗ τὸ ἰαονιστὶ ἐπίρρημα. ἐκ δὲ τοῦ Ἰάων τὸ Ἰάν. λέγεται καὶ θηλυκῶς Ἰάς καὶ Ἰαονίς.	0.258065	0.067517	παραγειλαιταιιχθυεσπαρατοναιγιαλονευρισκομε	αλαιαραφηνιδεσκαιαλαιαιξωνιδεσ
137769	Παρασίος		meineke_page_527.jpg	527	10923	ocr	OCR from image meineke_page_527.jpg (id=1699)	3d68261789fa842b8df3812e702b97e48c2ba3aae16a0ed1471567fac64dacbd	25175	Παρνασσός	52	Π52	0.777778	25163	Παραισός	0.750000	0.027778	παρασιοσ	παρνασσοσ
137770	Παρασιάκα		meineke_page_527.jpg	527	10924	ocr	OCR from image meineke_page_527.jpg (id=1699)	53934ddd3ecafb6293fcaf2a64650499d738d63492eb7c4c3fc9de252a3a29cd	25164	Παραίτακα	33	Π33	0.777778	26681	Παρρασία	0.666667	0.111111	παρασιακα	παραιτακα
137774	Παραναύται		meineke_page_528.jpg	528	10928	ocr	OCR from image meineke_page_528.jpg (id=1700)	c902a21fc5b481b405a057fe99c392c6dec6effa850807845ca3f7d90fb8a160	30102	Προνάσται	247	Π247	0.700000	25162	Παραιγιαλῖται	0.615385	0.084615	παραναυται	προνασται
137778	Παρετηνός		meineke_page_528.jpg	528	10932	ocr	OCR from image meineke_page_528.jpg (id=1700)	fb78d24d80631e0a1b3216a14be7e00ffb9cd04158eb26ed07073a47c7f9fee6	26662	Πάρεδρος	39	Π39	0.666667	25149	Πανέλληνες	0.600000	0.066667	παρετηνοσ	παρεδροσ
137782	Παρενδίνη / Παρθενόπη	2	meineke_page_529.jpg	529	10936	ocr	OCR from image meineke_page_529.jpg (id=1701)	5ccbbfdace78b7cf8b885adf64c5d536287ea62ddfd09ee6d2c695db09c5329e	25167	Παρθενόπη	44	Π44	0.500000	25157	Παντικάπαιον	0.388889	0.111111	παρενδινηπαρθενοπη	παρθενοπη
137784	Παρυθαιοί	2	meineke_page_530.jpg	530	10938	ocr	OCR from image meineke_page_530.jpg (id=1702)	191018d5f67f3e9dc937b6ec4367ba920f397873cbf7cf64d60bf66c3154b1f1	25171	Παρθυαῖοι	48	Π48	0.777778	26660	Παραυαῖοι	0.777778	0.000000	παρυθαιοι	παρθυαιοι
137787	Παρεμφ		meineke_page_531.jpg	531	10941	ocr	OCR from image meineke_page_531.jpg (id=1703)	4f1e9cba74c3c4f3a58387964b89f04210a07a442d4750b2fd5f8441972c9deb	26663	Πάρεμφις	40	Π40	0.750000	25174	Πάρμη	0.666667	0.083333	παρεμφ	παρεμφισ
137789	Πάρις / Πάρος	2	meineke_page_532.jpg	532	10943	ocr	OCR from image meineke_page_532.jpg (id=1704)	c944f04dc3d7c76f208c3d7eca97b84a38859a1d6ec48e209e45506eb30f4be4	99801	Ἄρειος πάγος	412	Α412	0.636364	2498	Κάρπαθος	0.600000	0.036364	παρισπαροσ	αρειοσπαγοσ
137790	Παραπαφων		meineke_page_533.jpg	533	10944	ocr	OCR from image meineke_page_533.jpg (id=1705)	e6bf20be130888883532e73005a18bf127348a9e237f265513d236f11417634a	26680	Παρπάρων	57	Π57	0.777778	9000	Μαραθών	0.555556	0.222222	παραπαφων	παρπαρων
137792	Παφωφέα		meineke_page_534.jpg	534	10946	ocr	OCR from image meineke_page_534.jpg (id=1706)	4deadc3a5fd4c69d3752b32018fee2530449f6e04d7448ce2072ebb3d2986ec2	26682	Παρώρεια	59	Π59	0.625000	9022	Μαρώνεια	0.500000	0.125000	παφωφεα	παρωρεια
137799	Παταρηνόν ὕδωρ / Πάταρα / Πατουμης		meineke_page_536.jpg	536	10953	ocr	OCR from image meineke_page_536.jpg (id=1708)	689fd99687ccef9ff036a8eb34af832392b93d6941394287842b9fc51412d10e	102796	Ἀτροπατία καὶ Ἀτροπάτιος	526	Α526	0.370370	80215	Ἁλαὶ Ἀραφηνίδες καὶ Ἁλαὶ Αἰξωνίδες	0.333333	0.037037	παταρηνονυδωρπαταραπατουμησ	ατροπατιακαιατροπατιοσ
137800	ἐπωνυμίαν ἔχουσα		meineke_page_537.jpg	537	10954	ocr	OCR from image meineke_page_537.jpg (id=1709)	03389d8c4236827314814f07d2f425891ebef591a23e58a9fa87fca51a87e926	17109	Ἐρύμανθος	133	Ε133	0.466667	18300	Εὐωνυμία	0.466667	0.000000	επωνυμιανεχουσα	ερυμανθοσ
137806	Ἱπποδοντίς	1	meineke_page_539.jpg	539	10960	ocr	OCR from image meineke_page_539.jpg (id=1711)	e271a898a8240a026d28bb3a54e686f9063680ae728b50685ea4f9f85bc5a2bd	30106	Προποντίς	251	Π251	0.700000	9637	Μεσοπόντιος	0.545455	0.154545	ιπποδοντισ	προποντισ
137823	Περκώτη		meineke_page_542.jpg	542	10976	ocr	OCR from image meineke_page_542.jpg (id=1714)	6d585a942cabe6c8b7a71b25b9d13c14c5a4f2ba7ae40a852a150cac9d7fcce7	30119	Πρωτή	264	Π264	0.714286	22201	Ἱερὰ κώμη	0.625000	0.089286	περκωτη	πρωτη
137824	Πέρηνη (Θρᾴκης)		meineke_page_542.jpg	542	10977	ocr	OCR from image meineke_page_542.jpg (id=1714)	9ec7778ddc1b03e2e802d5d61cc65bde7b2c17bacc964ab4b6e8ba8ac8b6242d	26733	Πέρινθος	110	Π110	0.500000	121820	Γεράνθραι	0.500000	0.000000	περηνηθρακησ	περινθοσ
137830	Πέτεια		meineke_page_543.jpg	543	10983	ocr	OCR from image meineke_page_543.jpg (id=1715)	e004a2bfce183a89071d04cd39ca035b46855df394293d2d0dcbddd43999af00	28313	Πετηλία	124	Π124	0.714286	28356	Πιτύεια	0.714286	0.000000	πετεια	πετηλια
137834	Πεσανους	4	meineke_page_544.jpg	544	10987	ocr	OCR from image meineke_page_544.jpg (id=1716)	6d4b7dbc25029346d6c62458b01a24b7059da9ce23d6bad7ea8e6bdbb117197a	28311	Πεσσινοῦς	122	Π122	0.777778	32065	Σαρνοῦς	0.625000	0.152778	πεσανουσ	πεσσινουσ
137837	Πέτεροι	7	meineke_page_544.jpg	544	10990	ocr	OCR from image meineke_page_544.jpg (id=1716)	f4d5493269f74d7e91ab73e87bd0bd924cc66cccfac45b276032071125fbd6f5	28314	Πέτορσοι	125	Π125	0.750000	11099	Νευροί	0.571429	0.178571	πετεροι	πετορσοι
137843	Πλήλης		meineke_page_546.jpg	546	10996	ocr	OCR from image meineke_page_546.jpg (id=1718)	9831a397dbddbb2ad6f79d2e5388b43921ad07cd89e2f5b33d0f6c85c0deb8b3	28325	Πήλη	136	Π136	0.666667	12814	Ὄλβηλος	0.571429	0.095238	πληλησ	πηλη
137868	Μίδυμ		meineke_page_550.jpg	550	11021	ocr	OCR from image meineke_page_550.jpg (id=1722)	072a00d5b4a395e9c0f27896a4f0437e0297e2e81e37d32eb085674acd2351f8	14824	Δίδυμα	76	Δ76	0.666667	14825	Διδύμη	0.666667	0.000000	μιδυμ	διδυμα
137869	Πιτιπόσα		meineke_page_550.jpg	550	11022	ocr	OCR from image meineke_page_550.jpg (id=1722)	1c25882af22c1cd6a7a3f3af364888f3f70b1db458e7a02db10c3cd57511d47f	28351	Πίστιρος	162	Π162	0.625000	28355	Πίτνισσα	0.625000	0.000000	πιτιποσα	πιστιροσ
137873	Πιταθαραῖοι		meineke_page_550.jpg	550	11026	ocr	OCR from image meineke_page_550.jpg (id=1722)	d2f3159dc2c2d196d71661e0aeab8f52c1ef5a2b31de60aea087649e5b12db2a	28359	Πλαδαραῖοι	170	Π170	0.727273	26660	Παραυαῖοι	0.636364	0.090909	πιταθαραιοι	πλαδαραιοι
137875	Πλάκη		meineke_page_550.jpg	550	11028	ocr	OCR from image meineke_page_550.jpg (id=1722)	ecea3220711d4301d0352307332a9462487242b69b91af498fb28f6b852bd7b6	8976	Μαλάκη	35	Μ35	0.666667	25133	Παλική	0.666667	0.000000	πλακη	μαλακη
137877	Παρασαῖον		meineke_page_550.jpg	550	11030	ocr	OCR from image meineke_page_550.jpg (id=1722)	69dbecc3fc4b43d2572c94b7ab029a7b1fadabb6dfd6d841fadb9bab1a6b87bb	26660	Παραυαῖοι	37	Π37	0.777778	9014	Μάρκαιον	0.666667	0.111111	παρασαιον	παραυαιοι
137878	Παράσασα		meineke_page_550.jpg	550	11031	ocr	OCR from image meineke_page_550.jpg (id=1722)	2ce33bc5267a7d4ee51ec47141b0dd9c1c823455b5b1b52eda86df2b4440b659	25164	Παραίτακα	33	Π33	0.666667	8037	Λάρισσα	0.625000	0.041667	παρασασα	παραιτακα
137879	Παταταῖαι		meineke_page_550.jpg	550	11032	ocr	OCR from image meineke_page_550.jpg (id=1722)	de878e3afc796669816ff9c8c9397b3ab5b0204cb1bf3369dd22738c6e736c9b	28365	Πλαταιαί	176	Π176	0.777778	2086	Καλατίαι	0.666667	0.111111	παταταιαι	πλαταιαι
137881	νῆσος περὶ τῆς Λιβύης		meineke_page_552.jpg	552	11034	ocr	OCR from image meineke_page_552.jpg (id=1724)	7b8c179264553dbf2cabadf6ef509c46c28d384915da026e24c583e4306150f1	108951	Βῆλος ἡ καὶ Μῆλος	85	Β85	0.388889	48664	Τετράπολις τῆς Ἀττικῆς	0.350000	0.038889	νησοσπεριτησλιβυησ	βηλοσηκαιμηλοσ
137885	Πνεβεύς	4	meineke_page_553.jpg	553	11038	ocr	OCR from image meineke_page_553.jpg (id=1725)	17b93b3f59352c17eafa6c4c003827064ff992b21fc23185a1bd7cd72e425b90	30042	Πνέβεβις	187	Π187	0.750000	28310	Περσεύς	0.571429	0.178571	πνεβευσ	πνεβεβισ
137887	ληξιν		meineke_page_554.jpg	554	11040	ocr	OCR from image meineke_page_554.jpg (id=1726)	20f454ccff2f4479f6c600da16213eba410e826ae0f66177293d51a15ef2ace3	80227	Ἀλήσιον	201		0.571429	7639	Λάγινα	0.500000	0.071429	ληξιν	αλησιον
137891	Πομπή		meineke_page_555.jpg	555	11044	ocr	OCR from image meineke_page_555.jpg (id=1727)	e11d90c69c7e7e67a8efceb7ccecfdc61d2392aca39da38de56a100609e6bc5c	26720	Πέμπτη	97	Π97	0.666667	28375	Ποίμνη	0.666667	0.000000	πομπη	πεμπτη
137892	Ποιμαίνιον		meineke_page_556.jpg	556	11045	ocr	OCR from image meineke_page_556.jpg (id=1728)	3780d7640af85a29bd347125c9e30f6961977711ebdf86dac6d8ce37389f2593	28373	Ποιμανηνόν	191	Π191	0.700000	12793	Οἰδάντιον	0.600000	0.100000	ποιμαινιον	ποιμανηνον
137896	Πολῆσαι		meineke_page_556.jpg	556	11049	ocr	OCR from image meineke_page_556.jpg (id=1728)	bf1a6e809a6471ca5556fe57d0ac02e42eb79ac2aacf61d5e3d3357346deae86	28378	Πολήσιοι	196	Π196	0.750000	61034	Ὑποθῆβαι	0.625000	0.125000	πολησαι	πολησιοι
137904	Πολιύσαρα		meineke_page_557.jpg	557	11057	ocr	OCR from image meineke_page_557.jpg (id=1729)	6d4e0c7569e51832b3f2e4b4d40d99206488640bd21c804faa149d84eb0c521d	28386	Πολύαρα	204	Π204	0.777778	28387	Πολυδώρα	0.666667	0.111111	πολιυσαρα	πολυαρα
137905	Πολυδύσσα		meineke_page_557.jpg	557	11058	ocr	OCR from image meineke_page_557.jpg (id=1729)	13a8d14fa433d02e051b0413ff7c665960590821ef6c7d8dd28777c487c4d783	28387	Πολυδώρα	205	Π205	0.666667	28388	Πολυπόδουσα	0.636364	0.030303	πολυδυσσα	πολυδωρα
137908	Πομησιόπολις		meineke_page_557.jpg	557	11061	ocr	OCR from image meineke_page_557.jpg (id=1729)	05de0266d74fa67bd92767f81cef679074d9cfade3639a29bb0e0c64d788d842	28390	Πομπηιούπολις	208	Π208	0.769231	28391	Πονηρόπολις	0.750000	0.019231	πομησιοπολισ	πομπηιουπολισ
137910	Ποπλίωνον		meineke_page_557.jpg	557	11063	ocr	OCR from image meineke_page_557.jpg (id=1729)	03bdbd13fd593655a07d291a71c34168c954ea5e1bf2517fc7bb9e660c62f31e	28393	Ποπλώνιον	211	Π211	0.777778	28379	Πολίειον	0.666667	0.111111	ποπλιωνον	ποπλωνιον
137912	Ποφμία καὶ Ποφμίον		meineke_page_558.jpg	558	11065	ocr	OCR from image meineke_page_558.jpg (id=1730)	0f68f3985a1acd062a7956e3982dbe4cc5d2098befed51b07acdcaa3a64e7bfd	25157	Παντικάπαιον	26	Π26	0.500000	25165	Παραιτόνιον	0.500000	0.000000	ποφμιακαιποφμιον	παντικαπαιον
137921	Πόνταια		meineke_page_558.jpg	558	11074	ocr	OCR from image meineke_page_558.jpg (id=1730)	0d67022c5f09eb0c321f7e0cf04af06212fdeb609bb18f53ae0f96e91dded885	26677	Παροιταία	54	Π54	0.666667	26699	Παυταλία	0.625000	0.041667	πονταια	παροιταια
137924	Πραιστίνος		meineke_page_559.jpg	559	11077	ocr	OCR from image meineke_page_559.jpg (id=1731)	525ca8c42cd2ef48373131b194596728577a315c221629bd794e056f5860257a	28351	Πίστιρος	162	Π162	0.700000	28407	Πραισός	0.700000	0.000000	πραιστινοσ	πιστιροσ
137927	Πραικία / Πραικες		meineke_page_559.jpg	559	11080	ocr	OCR from image meineke_page_559.jpg (id=1731)	e194b988125291e91e54b4e8a84092f2c3f0d5177ce22ea44070a4ac3dacb1f5	28342	Πικίαντες	153	Π153	0.500000	30082	Πρακίαι	0.500000	0.000000	πραικιαπραικεσ	πικιαντεσ
137930	Πρᾶξ		meineke_page_559.jpg	559	11083	ocr	OCR from image meineke_page_559.jpg (id=1731)	00bfb91fbc4569e05b54d818987607b229f23efdd0a8deae96d39fbeb7c4a74f	30086	Πρᾶς	231	Π230	0.750000	3265	Κόραξ	0.600000	0.150000	πραξ	πρασ
137931	Πραισαί		meineke_page_559.jpg	559	11084	ocr	OCR from image meineke_page_559.jpg (id=1731)	d299ea34a57315920dd7910f918d11471a5683b98bc3ba563c743543646524ae	28407	Πραισός	225	Π225	0.714286	30082	Πρακίαι	0.714286	0.000000	πραισαι	πραισοσ
137935	Πετανηκή		meineke_page_559.jpg	559	11088	ocr	OCR from image meineke_page_559.jpg (id=1731)	2e2a41901780d82e35312ddc56ef743f0100c2d88dbfaea840e1a67ed76d614e	30090	Πρετανική	235	Π235	0.777778	28353	Πιτάνη	0.625000	0.152778	πετανηκη	πρετανικη
137936	Πιαιασός		meineke_page_560.jpg	560	11089	ocr	OCR from image meineke_page_560.jpg (id=1732)	c1eb698e4bdaa07bb33f74723473bc7f61c175c99249763ecab405c654e41a80	28407	Πραισός	225	Π225	0.750000	11065	Ναϊσσός	0.625000	0.125000	πιαιασοσ	πραισοσ
137938	Πηγίνή		meineke_page_560.jpg	560	11091	ocr	OCR from image meineke_page_560.jpg (id=1732)	78ded8f23c02450183e13f2a9e7be7f66dbe80593600518310790675315a2e8a	28336	Πίγινδα	147	Π147	0.571429	7639	Λάγινα	0.500000	0.071429	πηγινη	πιγινδα
137939	Πιγασσός		meineke_page_560.jpg	560	11092	ocr	OCR from image meineke_page_560.jpg (id=1732)	69bd743deaf1be7bd42534cfa26ff3306a5ca52081712cbdec9dcfb8bcf57cf0	30094	Πρινασσός	239	Π239	0.777778	61004	Ὑγασσός	0.750000	0.027778	πιγασσοσ	πρινασσοσ
137940	Πειθόια		meineke_page_560.jpg	560	11093	ocr	OCR from image meineke_page_560.jpg (id=1732)	3d7d4da5b57596e8d4082902ce8cffcf2f9f10c0987bd836da56208d7824cc80	26732	Περιθοῖδαι	109	Π109	0.700000	9607	Μελίβοια	0.625000	0.075000	πειθοια	περιθοιδαι
137942	Πιόφανα		meineke_page_560.jpg	560	11095	ocr	OCR from image meineke_page_560.jpg (id=1732)	ab011722886e8c0cb69ad29ddb57b537bc9a0387dc82927283914e9eabea78e0	12836	Ὄμανα	62	Ο62	0.571429	23632	Ἵπανα	0.571429	0.000000	πιοφανα	ομανα
137953	Προσαλάτα		meineke_page_561.jpg	561	11106	ocr	OCR from image meineke_page_561.jpg (id=1733)	43a15935d68a667dbdfa46233d8d7b9ff7c88ff4a9253614005de822a1df6104	30108	Πρόσπαλτα	253	Π253	0.777778	30104	Πρόπαλαι	0.666667	0.111111	προσαλατα	προσπαλτα
137960	Προχυνᾶ	3	meineke_page_562.jpg	562	11113	ocr	OCR from image meineke_page_562.jpg (id=1734)	5b8bc7f36f3d963b8dbdc2532166bb5932f971f309287355f4d1e71889586704	30110	Πρόσυμνα	255	Π255	0.750000	30097	Πρόαρνα	0.714286	0.035714	προχυνα	προσυμνα
137963	Πρωτίς	6	meineke_page_562.jpg	562	11116	ocr	OCR from image meineke_page_562.jpg (id=1734)	019904ff574c590612f59ea83d0fce648cef76608e9d901998ee50b96b982da1	30119	Πρωτή	264	Π264	0.666667	30112	Προσωπίς	0.625000	0.041667	πρωτισ	πρωτη
137966	Πτελεατης		meineke_page_563.jpg	563	11119	ocr	OCR from image meineke_page_563.jpg (id=1735)	c56a2481be0b860b4be10ecfbd48271e828afcc8552f038cf2ee0038fb96151a	30120	Πτελέα	265	Π265	0.666667	17085	Ἐρευάτης	0.555556	0.111111	πτελεατησ	πτελεα
137969	Πτινυια		meineke_page_563.jpg	563	11122	ocr	OCR from image meineke_page_563.jpg (id=1735)	de02cb2549d038e4ab62466b0b373a046f1208ec7befcb324692d5d76e596701	28401	Ποτίδαια	219	Π219	0.625000	10294	Μινύα	0.571429	0.053571	πτινυια	ποτιδαια
137983	Πυρεσμος		meineke_page_565.jpg	565	11136	ocr	OCR from image meineke_page_565.jpg (id=1737)	c20728e96beb543563c68f20a258c8c06641e51cd3dd22c6d32d3d2b0bd844f8	30140	Πύραμος	285	Π285	0.750000	30142	Πύρασος	0.750000	0.000000	πυρεσμοσ	πυραμοσ
137985	Πίρησσος		meineke_page_566.jpg	566	11138	ocr	OCR from image meineke_page_566.jpg (id=1738)	547fc1da186e73ca24d6cdd11b82d9293393d9f82e99ad2d1c3787228122a530	3268	Κορησσός	160	Κ160	0.750000	2478	Καρδησσός	0.666667	0.083333	πιρησσοσ	κορησσοσ
137986	Πιήρησσα		meineke_page_566.jpg	566	11139	ocr	OCR from image meineke_page_566.jpg (id=1738)	2071231f1ef5cdd4c278520719f7f62ee327cda1bc7ad75bec0f56bd14a23eda	3522	Κρῆσσα	214	Κ214	0.625000	28317	Πέτροσσα	0.625000	0.000000	πιηρησσα	κρησσα
137987	Πίεργος		meineke_page_566.jpg	566	11140	ocr	OCR from image meineke_page_566.jpg (id=1738)	1429f8b035e6b6da9754d347fe8719680e33a1e9d40102a04ad0dbb9c8117e91	26727	Πέργαμος	104	Π104	0.625000	30096	Πριούερνος	0.600000	0.025000	πιεργοσ	περγαμοσ
137988	Πιερήνη		meineke_page_566.jpg	566	11141	ocr	OCR from image meineke_page_566.jpg (id=1738)	2a61bb8a727dfa447b3f63b740eb6df3538ec8be7acd7816e34a99cbe6928ef2	22208	Ἰέρνη	38	Ι38	0.714286	26736	Πέρνη	0.714286	0.000000	πιερηνη	ιερνη
137989	Πίεινθος		meineke_page_566.jpg	566	11142	ocr	OCR from image meineke_page_566.jpg (id=1738)	2d9039585edb3a10016027342e9a4b50fbab8560d1b7d30568957499d354a706	26733	Πέρινθος	110	Π110	0.750000	3269	Κόρινθος	0.625000	0.125000	πιεινθοσ	περινθοσ
137990	Πίγειρος		meineke_page_566.jpg	566	11143	ocr	OCR from image meineke_page_566.jpg (id=1738)	5fa59245f187262dcf8aba1221a8b8facae1a3690679546ecd957792f1352429	28351	Πίστιρος	162	Π162	0.750000	61145	Αἰγειροῦσσα	0.636364	0.113636	πιγειροσ	πιστιροσ
137993	Πυλίς καὶ Σῖγνος		meineke_page_566.jpg	566	11146	ocr	OCR from image meineke_page_566.jpg (id=1738)	042d9c9957708aae0e3fa117d5e9d57caef53087de95ce11854609bd25979f25	30150	Πῶλις καὶ Σῆνος	295	Π295	0.785714	2074	Καικῖνον	0.428571	0.357143	πυλισκαισιγνοσ	πωλισκαισηνοσ
137994	Ῥάφα		meineke_page_566.jpg	566	11147	ocr	OCR from image meineke_page_566.jpg (id=1738)	788b44a7ffbe7f2c1630c48dae1da258e11e50518369a6d19ff2ec8c3c4cd5a0	30151	Ῥάβα	1	Ρ1	0.750000	30155	Ῥάγα	0.750000	0.000000	ραφα	ραβα
137995	Ῥαβδάψυμβα		meineke_page_566.jpg	566	11148	ocr	OCR from image meineke_page_566.jpg (id=1738)	5b9ececb4dc23cfb57958d2e4e427ff981fceba04f221404f114a6c1da63b152	30152	Ῥαββάθμωβα	2	Ρ2	0.600000	2458	Κάνδυβα	0.500000	0.100000	ραβδαψυμβα	ραββαθμωβα
138007	Ῥηγίλλος		meineke_page_569.jpg	569	11160	ocr	OCR from image meineke_page_569.jpg (id=1741)	cc5096b90beef4e5066e36e6a33cf2714f43e0cf5a0cbb904b7830e033cd1b7e	30173	Ῥήγιον	23	Ρ24	0.625000	50999	Τράγιλος	0.625000	0.000000	ρηγιλλοσ	ρηγιον
138012	Ῥιτύνια		meineke_page_569.jpg	569	11165	ocr	OCR from image meineke_page_569.jpg (id=1741)	2f2210c80b88de9f14b170283f834f487ca90475d4a7743dbc3452ad5923c07e	30181	Ῥιθυμνία	32	Ρ32	0.750000	28356	Πιτύεια	0.714286	0.035714	ριτυνια	ριθυμνια
138030	Ῥοδούννουσα		meineke_page_572.jpg	572	11183	ocr	OCR from image meineke_page_572.jpg (id=1744)	f7e8806d835ce7a614513d7bafd479379c7e869824d1089ae8f8d8a234c11ec4	31964	Ῥοδανουσία	38	Ρ38	0.636364	31971	Ῥοδουντία	0.636364	0.000000	ροδουννουσα	ροδανουσια
138035	Ῥοζονοκαιαία		meineke_page_572.jpg	572	11188	ocr	OCR from image meineke_page_572.jpg (id=1744)	b49f59071221d87a1c09f87f9ca13b1e79c11a56010c3382aa461b5aa3635056	31977	Ῥοξονοκαία	51	Ρ51	0.750000	11938	Ὀγκαῖαι	0.500000	0.250000	ροζονοκαιαια	ροξονοκαια
138045	Ῥωμηλί		meineke_page_573.jpg	573	11198	ocr	OCR from image meineke_page_573.jpg (id=1745)	41330d877023d955b1f4a4b2c8d550f2e564dbc30451ae47dff548303881adb1	31989	Ῥωμυλία	63	Ρ63	0.714286	31988	Ῥώμη	0.666667	0.047619	ρωμηλι	ρωμυλια
138062	Σαδινή		meineke_page_574.jpg	574	11215	ocr	OCR from image meineke_page_574.jpg (id=1746)	554f52a111ecac71afbce54ee2b6883c1f16c355d022e9b1780f56641523092c	32003	Σαιδηνή	12	Σ12	0.714286	32043	Σάνη	0.666667	0.047619	σαδινη	σαιδηνη
138063	Σαΐτσαι		meineke_page_575.jpg	575	11216	ocr	OCR from image meineke_page_575.jpg (id=1747)	5e23ba330029283ed02dc7c07ea6bccd942d01baf60763436ac807d2cf00ac1b	32004	Σαΐξαι	13	Σ13	0.714286	32073	Σάτραι	0.714286	0.000000	σαιτσαι	σαιξαι
138071	Σάλαξ		meineke_page_576.jpg	576	11224	ocr	OCR from image meineke_page_576.jpg (id=1748)	585429db40c6bd0ebc07158b30a77cf050398320950a6141c771b1f0c4d5aaf1	32012	Σάλαρς	21	Σ21	0.666667	32014	Σάλγας	0.666667	0.000000	σαλαξ	σαλαρσ
138074	Σαλγιοί		meineke_page_576.jpg	576	11227	ocr	OCR from image meineke_page_576.jpg (id=1748)	ed96de221411530ad05455171bcbf957de1c14f45b83de869181e7a87d618d83	32009	Σαλάμιοι	18	Σ19	0.750000	32015	Σαλήσιοι	0.750000	0.000000	σαλγιοι	σαλαμιοι
138080	Σαλημησσός		meineke_page_576.jpg	576	11233	ocr	OCR from image meineke_page_576.jpg (id=1748)	bc4bfffa289d650c75813462f1485272e9aa0cc03da1629a448b969731a569fd	32021	Σαλμυδησσός	30	Σ30	0.727273	32059	Σαρδησσός	0.700000	0.027273	σαλημησσοσ	σαλμυδησσοσ
138088	Σάμοργα καὶ Σάμοργος		meineke_page_578.jpg	578	11241	ocr	OCR from image meineke_page_578.jpg (id=1750)	b7d781790dc02b516e56600fe3e808ba173543c0a2e3631d6eb14f17b67770f7	31997	Σαγαλασσός	6	Σ6	0.444444	61093	Ἄγρα καὶ Ἄγραι	0.444444	0.000000	σαμοργακαισαμοργοσ	σαγαλασσοσ
138103	Σάργαψα		meineke_page_581.jpg	581	11256	ocr	OCR from image meineke_page_581.jpg (id=1753)	35292abb58298c338bbd53f8d009095b5ec445ca935ae9433b9e11fc85d883f3	32056	Σάργανθα	65	Σ65	0.750000	9004	Μάργαια	0.714286	0.035714	σαργαψα	σαργανθα
138106	Σαθρησσός		meineke_page_581.jpg	581	11259	ocr	OCR from image meineke_page_581.jpg (id=1753)	b15484f441fed7ceb9cfd027d862425638ba9f7c672123ed04813246bd96e0d7	32059	Σαρδησσός	68	Σ68	0.777778	2478	Καρδησσός	0.666667	0.111111	σαθρησσοσ	σαρδησσοσ
138112	Σαρωνεύς		meineke_page_582.jpg	582	11265	ocr	OCR from image meineke_page_582.jpg (id=1754)	7044c19459b730f0a7ad12a4e6497aa0ea591af13db3177c9c01cec9bfa4740d	32065	Σαρνοῦς	74	Σ74	0.750000	32013	Σαλγανεύς	0.666667	0.083333	σαρωνευσ	σαρνουσ
138122	Σατείριον		meineke_page_583.jpg	583	11275	ocr	OCR from image meineke_page_583.jpg (id=1755)	8c123615aeaa393b95c03fb2943d51652be9be77d00dbc030957b9f505eab1de	32076	Σατύριον	85	Σ85	0.777778	102787	Ἀτέριον	0.777778	0.000000	σατειριον	σατυριον
138130	Σγίδα	1	meineke_page_584.jpg	584	11283	ocr	OCR from image meineke_page_584.jpg (id=1756)	c97f2c1c9310d67b890c1b37a7d01a368bddce32dd3e752fb212dd8622f13062	37807	Σίβδα	128	Σ128	0.600000	37822	Σίδη	0.600000	0.000000	σγιδα	σιβδα
138131	Σεφώρη	2	meineke_page_584.jpg	584	11284	ocr	OCR from image meineke_page_584.jpg (id=1756)	7c03957f62dd5bc299416bed61604032da0932048a04f48a49a3c7077ed3bc07	41981	Στεφάνη	270	Σ270	0.571429	9598	Μεθώνη	0.500000	0.071429	σεφωρη	στεφανη
138133	Σεκκέλα	11	meineke_page_584.jpg	584	11286	ocr	OCR from image meineke_page_584.jpg (id=1756)	497f8649bcbb5d4c8057a83351f67cc68d75b1b1c334b7e597046e02ae85ed15	37776	Σέκελλα	97	Σ97	0.714286	37771	Σέβεδα	0.571429	0.142857	σεκκελα	σεκελλα
138140	Σελι-	2	meineke_page_585.jpg	585	11293	ocr	OCR from image meineke_page_585.jpg (id=1757)	07443ad75a41acfe812c3fe4e6f213f6549ccbde9b7203a66c67a2242551c7f2	37785	Σελλοί	106	Σ106	0.666667	9606	Μελία	0.600000	0.066667	σελι	σελλοι
138143	Σέψη		meineke_page_586.jpg	586	11296	ocr	OCR from image meineke_page_586.jpg (id=1758)	ace217e9ad415490c2ab9c3f11908178d17e25ef229bcfb65df8b7082e768693	37778	Σέλγη	99	Σ99	0.600000	37788	Σέμφη	0.600000	0.000000	σεψη	σελγη
138147	Σεφιμύλια		meineke_page_586.jpg	586	11300	ocr	OCR from image meineke_page_586.jpg (id=1758)	f4ad654d846a69fa6993abec4d4dd33a5889bef36e65beee732fce1590019467	37790	Σερμυλία	111	Σ111	0.777778	32036	Σαμυλία	0.666667	0.111111	σεφιμυλια	σερμυλια
138148	Σερετείον		meineke_page_586.jpg	586	11301	ocr	OCR from image meineke_page_586.jpg (id=1758)	92911155e7728325ad29153be5bd1db1b4becb7943f9211b6d39d2e9ec6489ef	37791	Σέρρειον	112	Σ112	0.777778	17080	Ἐργέτιον	0.666667	0.111111	σερετειον	σερρειον
138152	Σηκοαρις		meineke_page_587.jpg	587	11305	ocr	OCR from image meineke_page_587.jpg (id=1759)	fc25455ec09bb59652b371f5a2a300483f53049251f13b364f54515a37892087	37795	Σηκόανος	116	Σ116	0.750000	39862	Σκόλις	0.625000	0.125000	σηκοαρισ	σηκοανοσ
138162	Σταγαναγευροί		meineke_page_588.jpg	588	11315	ocr	OCR from image meineke_page_588.jpg (id=1760)	5a5898f319c1558a42ed203bcd648d5e7e27cf9b2caaa0c8dc4a69146c2208d8	37805	Σιαγαθουργοί	126	Σ126	0.538462	11099	Νευροί	0.461538	0.076923	σταγαναγευροι	σιαγαθουργοι
138165	Σίβεργεν		meineke_page_588.jpg	588	11318	ocr	OCR from image meineke_page_588.jpg (id=1760)	7e9d942208df503000bfe32d3909e27bc6dcd95cb3acfd90bcbe15769c001109	37808	Σιβερίνη	129	Σ129	0.625000	37809	Σίβυρτος	0.500000	0.125000	σιβεργεν	σιβερινη
138171	Σιδαρῶτις		meineke_page_590.jpg	590	11324	ocr	OCR from image meineke_page_590.jpg (id=1762)	e3cfbaf02d93c5b556424f2f297c658a79e838ce61b34089a8b18c550141d994	37821	Σιδαροῦς	142	Σ142	0.666667	8437	Λιμενῶτις	0.555556	0.111111	σιδαρωτισ	σιδαρουσ
138182	Σιχάων		meineke_page_591.jpg	591	11335	ocr	OCR from image meineke_page_591.jpg (id=1763)	1da58000ad8ee34283a3091105cb13ee7427b349f87cd12d8b10683c5fb422a3	37828	Σιδών	149	Σ149	0.666667	37837	Σικυών	0.666667	0.000000	σιχαων	σιδων
138187	Σικελοί	2	meineke_page_593.jpg	593	11340	ocr	OCR from image meineke_page_593.jpg (id=1765)	36e45e3626912dd3eb299b1f3077810fa38f5c6362d51741c2f54a29f160558e	37834	Σικελία	155	Σ155	0.714286	7265	Κῶλοι	0.571429	0.142857	σικελοι	σικελια
138188	Σίκμηος	3	meineke_page_593.jpg	593	11341	ocr	OCR from image meineke_page_593.jpg (id=1765)	ba21602036d6e83c7d654bba023b8b880406e918286f66de584b8cdf696d386d	37835	Σίκημος	156	Σ156	0.714286	37836	Σίκινος	0.714286	0.000000	σικμηοσ	σικημοσ
138194	Σίμψρα		meineke_page_594.jpg	594	11347	ocr	OCR from image meineke_page_594.jpg (id=1766)	69ecab757c0d252b101e10e191cf2fdda731306bddd88f3595d0f0285be8e77a	8893	Λίμυρα	71	Λ71	0.666667	22228	Ἱμέρα	0.666667	0.000000	σιμψρα	λιμυρα
138204	Σίνδυος		meineke_page_595.jpg	595	11357	ocr	OCR from image meineke_page_595.jpg (id=1767)	8673f147de1737b39410c75491415adb192fb235504f508b4a22e2b66c99d9b0	8895	Λίνδος	73	Λ73	0.714286	22234	Ἰνδός	0.714286	0.000000	σινδυοσ	λινδοσ
138206	Σινωσσανός		meineke_page_595.jpg	595	11359	ocr	OCR from image meineke_page_595.jpg (id=1767)	adefa708cb97719b56f01a88fa378d713a6bb5eb74ee547817692fc9210af265	37787	Σενοεσσανοί	108	Σ109	0.636364	23617	Ἰνυσσός	0.600000	0.036364	σινωσσανοσ	σενοεσσανοι
138210	Σίβων καὶ Σιβωνίς		meineke_page_597.jpg	597	11363	ocr	OCR from image meineke_page_597.jpg (id=1769)	a9787735bb1c165b99139883de56153504f495583e3b9b4fc1beee1f1a6da957	11897	Νίσιβις	65	Ν65	0.466667	2476	Καρβανίς	0.400000	0.066667	σιβωνκαισιβωνισ	νισιβισ
138216	Σίσνερβα		meineke_page_597.jpg	597	11369	ocr	OCR from image meineke_page_597.jpg (id=1769)	9f2514dc6b09f2f2cef206c8dad50f6c0c53f85a636c538cb75d5bb0054ec678	41898	Σίσυρβα	186	Σ186	0.750000	10299	Μίσκερα	0.625000	0.125000	σισνερβα	σισυρβα
138223	Σκαυί	5	meineke_page_598.jpg	598	11376	ocr	OCR from image meineke_page_598.jpg (id=1770)	4d37ec6020cbc37729c492f23fc0c87e520fc9cf5aacd2c9483309ecf289f80f	39842	Σκαιοί	193	Σ193	0.666667	39847	Σκάροι	0.666667	0.000000	σκαυι	σκαιοι
138227	Σκαπηστούλη	9	meineke_page_598.jpg	598	11380	ocr	OCR from image meineke_page_598.jpg (id=1770)	19fdbe9d231300aa367e6d16c1f14e3f8578f9faed23614f68858ad63e520344	39846	Σκαπτησύλη	197	Σ197	0.727273	2058	Καβύλη	0.454545	0.272727	σκαπηστουλη	σκαπτησυλη
138230	Σκέμπφα		meineke_page_599.jpg	599	11383	ocr	OCR from image meineke_page_599.jpg (id=1771)	7f1472aa247b8693cfb02461749611b3e14c768e234256a560b78568064f766f	39849	Σκέμψα	200	Σ200	0.714286	37788	Σέμφη	0.571429	0.142857	σκεμπφα	σκεμψα
138241	Σκιρων		meineke_page_601.jpg	601	11394	ocr	OCR from image meineke_page_601.jpg (id=1773)	2cc3b0a49c179070f634ff82e2467ef74736959f321dfbdabdfcc3abfdd06194	32068	Σάρων	77	Σ77	0.666667	37828	Σιδών	0.666667	0.000000	σκιρων	σαρων
138243	Σκιφερα		meineke_page_601.jpg	601	11396	ocr	OCR from image meineke_page_601.jpg (id=1773)	9ee7cce04ca01969fde8b8e6269f7f4e7f37f98eee6d39ae6ab652775793fc52	39848	Σκάρφεια	199	Σ199	0.625000	22228	Ἱμέρα	0.571429	0.053571	σκιφερα	σκαρφεια
138245	Σκινωπεύς		meineke_page_602.jpg	602	11398	ocr	OCR from image meineke_page_602.jpg (id=1774)	482eb165e69130e5a214052743ba0bd3615979b221905c976f25957672455bef	2465	Κάνωπος	63	Κ63	0.555556	39834	Σινώπη	0.555556	0.000000	σκινωπευσ	κανωποσ
138247	Σκορθίδαι		meineke_page_602.jpg	602	11400	ocr	OCR from image meineke_page_602.jpg (id=1774)	610351a2efe053b6556fd3b1b28f9f1786957a666bcc49bcffa211ca093a8399	42016	Συβρίδαι	305	Σ305	0.666667	39877	Σκυμνιάδαι	0.600000	0.066667	σκορθιδαι	συβριδαι
138255	Συβιῆς (Συβίων)		meineke_page_604.jpg	604	11408	ocr	OCR from image meineke_page_604.jpg (id=1776)	0e25fb891eec361668715c89c980fa08b6faaab24f7822f5a799f49503c05bfa	23661	Ἰσσώριον	109	Ι109	0.416667	28350	Πισσαῖον	0.416667	0.000000	συβιησσυβιων	ισσωριον
138275	Σόλοι (Κιλικίας)		meineke_page_606.jpg	606	11428	ocr	OCR from image meineke_page_606.jpg (id=1778)	9d07f91d9d3830313ae7052a5d18b6581b4b75f2c0ae60413cd1ca1aa27f5be1	37834	Σικελία	155	Σ155	0.461538	39857	Σκιρῖτις	0.461538	0.000000	σολοικιλικιασ	σικελια
138276	Σόλους (Σικελίας)		meineke_page_606.jpg	606	11429	ocr	OCR from image meineke_page_606.jpg (id=1778)	ea0c1a43e5113194c982b8207c28a85c701aefc968ce8d7a1d974e174a3c7590	8447	Λουσιτανία	89	Λ89	0.500000	10305	Μολοσσία	0.500000	0.000000	σολουσσικελιασ	λουσιτανια
138280	Σουκαῖται	6	meineke_page_607.jpg	607	11433	ocr	OCR from image meineke_page_607.jpg (id=1779)	0afe0194679dfef88865a63796461efe7c169d6cc0cd3c6c6eb9d1c15e5e5307	11938	Ὀγκαῖαι	6	Ο6	0.666667	32078	Σαυνῖται	0.666667	0.000000	σουκαιται	ογκαιαι
138285	Σοντέρειον	2	meineke_page_608.jpg	608	11438	ocr	OCR from image meineke_page_608.jpg (id=1780)	ea13f7eae69ed39703f8413f8889f5ac317571db8975804b7845c857002e8025	39903	Σούτριον	255	Σ255	0.700000	3496	Κοτιάειον	0.600000	0.100000	σοντερειον	σουτριον
138288	Σπαλαθεφθ	5	meineke_page_608.jpg	608	11441	ocr	OCR from image meineke_page_608.jpg (id=1780)	022875e0cffd7ee3ef1b92c012aee6a5c773de01b0acb9303d5dde164a60977b	102757	Ἀσπαλάθεια	482	Α482	0.700000	39906	Σπαλέθρη	0.555556	0.144444	σπαλαθεφθ	ασπαλαθεια
138290	Σπάγγρηνδε	1	meineke_page_609.jpg	609	11443	ocr	OCR from image meineke_page_609.jpg (id=1781)	512d9d004b211f25b68fa62640651abc6e7d47632b2022751fd76ee8d1b2c1e3	2337	Καμαρηνοί	43	Κ43	0.400000	2482	Καρήνη	0.400000	0.000000	σπαγγρηνδε	καμαρηνοι
138292	Σπασίων χάραξ	5	meineke_page_609.jpg	609	11445	ocr	OCR from image meineke_page_609.jpg (id=1781)	797e968c15a5bce5c9235a5bf351b7acf762ffdf0c922dafba899758224dc761	41972	Σπασίνου χάραξ	261	Σ261	0.769231	28346	Πίναρα	0.500000	0.269231	σπασιωνχαραξ	σπασινουχαραξ
138297	Σταμῆν	18	meineke_page_609.jpg	609	11450	ocr	OCR from image meineke_page_609.jpg (id=1781)	134e285f2592791e9884e147b5ef789cd9d774876d99d34e698b2fa8b47ddf82	41977	Σταμένη	266	Σ266	0.714286	32028	Σαμηνοί	0.571429	0.142857	σταμην	σταμενη
138299	Ἀντίοχος		meineke_page_610.jpg	610	11452	ocr	OCR from image meineke_page_610.jpg (id=1782)	f15403bb11b938955a725b28cb49995cf3d833b1afa2638dd44757bdc374618d	85700	Ἀντιγονίς	332	Α330	0.666667	85702	Ἀντιόχεια	0.666667	0.000000	αντιοχοσ	αντιγονισ
138309	Στεῖνος		meineke_page_612.jpg	612	11462	ocr	OCR from image meineke_page_612.jpg (id=1784)	b9c7f764971be5061c9dbcc81ed6246179c1a1138dadb1c63cd25a18ad1c1f7e	41987	Στουῖνος	276	Σ276	0.750000	18267	Ἐτεωνός	0.714286	0.035714	στεινοσ	στουινοσ
138310	Στεῖβης		meineke_page_612.jpg	612	11463	ocr	OCR from image meineke_page_612.jpg (id=1784)	5365fc78cc8b290bdc0de3f9740092e51aceef5f303fa5e5af492f551dc01736	41979	Στειριά	268	Σ268	0.571429	41995	Στρόβος	0.571429	0.000000	στειβησ	στειρια
138311	Στεοργύλη		meineke_page_612.jpg	612	11464	ocr	OCR from image meineke_page_612.jpg (id=1784)	2689bce8909734d685950b46117a99a3a36ce2bb3f59bc275bed02a2d076a996	41996	Στρογγύλη	285	Σ285	0.777778	41998	Στρόγωλα	0.555556	0.222222	στεοργυλη	στρογγυλη
138312	Στεόφυλα		meineke_page_612.jpg	612	11465	ocr	OCR from image meineke_page_612.jpg (id=1784)	a0ce1dc37e2cf7da564178993767653a8d0ee9b6fc698f7d822d2b076c0338d1	41998	Στρόγωλα	287	Σ286	0.625000	41996	Στρογγύλη	0.555556	0.069444	στεοφυλα	στρογωλα
138318	Στρέων	2	meineke_page_613.jpg	613	11471	ocr	OCR from image meineke_page_613.jpg (id=1785)	8de27e6a024a0a47f68c98297d2e62ec2906596e35b6389d4f174336df74bc36	42002	Στρυμών	291	Σ291	0.714286	32068	Σάρων	0.666667	0.047619	στρεων	στρυμων
138325	Σινάγεα	9	meineke_page_613.jpg	613	11478	ocr	OCR from image meineke_page_613.jpg (id=1785)	68bdf9812fbcb5f667661cda3965b4fd9a6c5446f938c1c767ac63b41a044fbd	11893	Νίναια	61	Ν61	0.571429	22231	Ἰναχία	0.571429	0.000000	σιναγεα	νιναια
138329	Σύβρεγχος / Σύβρεγχον	2	meineke_page_614.jpg	614	11482	ocr	OCR from image meineke_page_614.jpg (id=1786)	0b822d89c287b8091a027a27d5cdd58f2ad1c64e99715db5e086a1bfff783c7a	7260	Κυχρεῖος πάγος	304	Κ304	0.388889	3294	Κόσσυρος	0.333333	0.055556	συβρεγχοσσυβρεγχον	κυχρειοσπαγοσ
138332	Σύδερα	5	meineke_page_614.jpg	614	11485	ocr	OCR from image meineke_page_614.jpg (id=1786)	dd33b77d759812f06bb53d8ae926273c8073b19c88dc59f18727466731b0c425	51050	Τύδερτα	213	Τ213	0.714286	13834	Δέρα	0.666667	0.047619	συδερα	τυδερτα
138334	Συνήν		meineke_page_615.jpg	615	11487	ocr	OCR from image meineke_page_615.jpg (id=1787)	a53eecaebc2dfc809ef89efbf20e5b305a203e05d175d6e5adaa6c85e195368a	7220	Κυνή	264	Κ264	0.600000	20836	Θύνη	0.600000	0.000000	συνην	κυνη
138335	Συτά		meineke_page_615.jpg	615	11488	ocr	OCR from image meineke_page_615.jpg (id=1787)	60d333fc2e8762798ef2b3ac7cd6ef172aab5c02436f862b23cd7450964655dc	7254	Κύτα	298	Κ298	0.750000	42020	Συΐα	0.750000	0.000000	συτα	κυτα
138338	Συκάς ἢ Συκήρ ἢ Συκοῦντα ἢ Συκώνα		meineke_page_616.jpg	616	11491	ocr	OCR from image meineke_page_616.jpg (id=1788)	f387e0a27b3b1a9f4d23f85f876b6b8e065abc557ef8e99d107569de08b657bc	7644	Λαδισακίτης κόλπος	13	Λ13	0.296296	10332	Μυκαλησσός	0.296296	0.000000	συκασησυκηρησυκουνταησυκωνα	λαδισακιτησκολποσ
138340	Σύκλον		meineke_page_616.jpg	616	11493	ocr	OCR from image meineke_page_616.jpg (id=1788)	fe0925eab7db840cdf0b4b5e893de29309fb9817e1b50158042de43fb61015b2	145231	Φῦλον	114	Φ114	0.666667	39876	Σκύλλιον	0.625000	0.041667	συκλον	φυλον
138351	Συβαχνούσιος		meineke_page_618.jpg	618	11504	ocr	OCR from image meineke_page_618.jpg (id=1790)	55b5ee0c186f7d6afd21eaae7134652ce13d112fb0d7b5825c54177d49810fb6	105857	Βαργούσιοι	39	Β39	0.583333	2061	Καδούσιοι	0.500000	0.083333	συβαχνουσιοσ	βαργουσιοι
138352	Σύννοιαι		meineke_page_619.jpg	619	11505	ocr	OCR from image meineke_page_619.jpg (id=1791)	e876cf5017b88a7c94085e915a46e31385469a1b6a730da8b60b8e84feda4279	32045	Σαννίγαι	54	Σ54	0.625000	41985	Στοῖαι	0.625000	0.000000	συννοιαι	σαννιγαι
138357	Σφαγῖτις	1	meineke_page_620.jpg	620	11510	ocr	OCR from image meineke_page_620.jpg (id=1792)	721ba7b94794a34b7534a4fa84e637be328b776e4ec4dbb1c96ec16fbf7eabfa	32046	Σάντις	55	Σ55	0.625000	39857	Σκιρῖτις	0.625000	0.000000	σφαγιτισ	σαντισ
138367	Σωσαθρα		meineke_page_621.jpg	621	11520	ocr	OCR from image meineke_page_621.jpg (id=1793)	b7f08eefcb5cb1ec0c1e41908a9d72adc1cc365b256a45c2022a5bbb196fb05c	42054	Σωσάνδρα	343	Σ343	0.750000	32069	Σάτρα	0.571429	0.178571	σωσαθρα	σωσανδρα
138374	Ταβᾶθα		meineke_page_623.jpg	623	11527	ocr	OCR from image meineke_page_623.jpg (id=1795)	629664ad3de28bad873a4c0bc8d65a3412e255839c881c55cc4134a9b2716477	2345	Κάναθα	51	Κ51	0.666667	7634	Λάβαρα	0.666667	0.000000	ταβαθα	καναθα
138377	Τάχοριμος		meineke_page_623.jpg	623	11530	ocr	OCR from image meineke_page_623.jpg (id=1795)	357dc02c8858161b38e4009f404a2008327bbf948f1f20d7d23049be3ba75216	25154	Πάνορμος	23	Π23	0.666667	20786	Θεμβρίμος	0.555556	0.111111	ταχοριμοσ	πανορμοσ
138387	Γαῖαι / Ταναῒς / Τάνις		meineke_page_626.jpg	626	11540	ocr	OCR from image meineke_page_626.jpg (id=1798)	ed44726ee7480c64a6ab7316da0fa64519c173af180d900e7dc48a99395f3e6a	9586	Μαυριτανίαι	100	Μ100	0.500000	61139	Αἰανῖτις	0.500000	0.000000	γαιαιταναιστανισ	μαυριτανιαι
138396	Τάφανος		meineke_page_627.jpg	627	11549	ocr	OCR from image meineke_page_627.jpg (id=1799)	b6d87d3b0df9c098e3c2521649b63ea876fc5cd3ffea216186958797a87fec29	44215	Τάμασος	10	Τ10	0.714286	44225	Τάνος	0.714286	0.000000	ταφανοσ	ταμασοσ
138398	Ταρσέαι		meineke_page_628.jpg	628	11551	ocr	OCR from image meineke_page_628.jpg (id=1800)	46ce2e9ad9fb6a1ce65e166d190d0554fc9818ea41b2a3529f82b8b520c8da01	44235	Ταριχέαι	30	Τ30	0.750000	3281	Κορσεαί	0.714286	0.035714	ταρσεαι	ταριχεαι
138400	Τάρην	1	meineke_page_629.jpg	629	11553	ocr	OCR from image meineke_page_629.jpg (id=1801)	6642635f877f5951f6082ad90c02bf7154043c09a71787a463e79d78c0ae3486	2482	Καρήνη	80	Κ80	0.666667	105859	Βαρήνη	0.666667	0.000000	ταρην	καρηνη
138402	Βιθυνιακῶν Τάφσειαν		meineke_page_631.jpg	631	11555	ocr	OCR from image meineke_page_631.jpg (id=1803)	cfa223c1e5069408e889d7cc4257518e0b5c4114a08077834d33897f5aae415e	7630	Κωστάντεια	316	Κ316	0.388889	11885	Νικασία	0.388889	0.000000	βιθυνιακωνταφσειαν	κωσταντεια
138403	Τάφεταρος		meineke_page_631.jpg	631	11556	ocr	OCR from image meineke_page_631.jpg (id=1803)	d4e6344f2b14fe286787eeea92f6bcce7ba449c521d1f8fb3044f8fc5c3dc5ab	44245	Τάρταρος	40	Τ40	0.777778	44212	Ταίναρος	0.666667	0.111111	ταφεταροσ	ταρταροσ
138405	Τάφραφα		meineke_page_631.jpg	631	11558	ocr	OCR from image meineke_page_631.jpg (id=1803)	6ed8b758a2412d5fe503f5e7d9dbd5958fbab8eb48983e4843be07d32e9e1bad	2475	Κάρανα	73	Κ73	0.571429	12879	Δάραψα	0.571429	0.000000	ταφραφα	καρανα
138406	Τάφρη		meineke_page_631.jpg	631	11559	ocr	OCR from image meineke_page_631.jpg (id=1803)	5c2c7e71204fdac48a10f822651a680de68eb4c76434c16796faa75a6adc6def	2077	Καιρή	14	Κ15	0.600000	2630	Κάτρη	0.600000	0.000000	ταφρη	καιρη
138408	Ταχώνιον		meineke_page_632.jpg	632	11561	ocr	OCR from image meineke_page_632.jpg (id=1804)	cd82eb111bb0c4736fe1e59c9e56e9591987caf2baa925245d64c78cb8f63eea	51041	Τριχώνιον	204	Τ204	0.777778	48694	Τιμώνιον	0.750000	0.027778	ταχωνιον	τριχωνιον
138409	Ταῦα		meineke_page_632.jpg	632	20141	csv_fallback	Backfilled from meineke_headwords.greek_paragraph	a1e5961d9af8566b58e401585069b71a26b909ef8b293cd4dc552c364ef73d48	32077	Σαῦα	86	Σ86	0.750000	44219	Τάμυνα	0.666667	0.083333	ταυα	σαυα
138410	Ταύακα		meineke_page_632.jpg	632	11563	ocr	OCR from image meineke_page_632.jpg (id=1804)	33764d9d67f3e7697e9029bdf1946711d62620080412496a94d0c8587ba9cf75	51007	Τραύαλα	170	Τ170	0.714286	8487	Μάζακα	0.666667	0.047619	ταυακα	τραυαλα
138411	Ταΰγετον		meineke_page_632.jpg	632	11564	ocr	OCR from image meineke_page_632.jpg (id=1804)	087a62ce32f24589faf929b14a4fba10c25b7419e59423c5635938778fa73fbf	44217	Ταμιεῖον	12	Τ13	0.625000	2633	Καύδιον	0.500000	0.125000	ταυγετον	ταμιειον
138412	Ταυλάντιοι		meineke_page_632.jpg	632	11565	ocr	OCR from image meineke_page_632.jpg (id=1804)	cba17626486b042ad3f6e8c5cc0a495689b784fba426fb083dd907346d992023	25136	Παλλάντιον	4	Π4	0.700000	2086	Καλατίαι	0.600000	0.100000	ταυλαντιοι	παλλαντιον
138413	Ταυρακία		meineke_page_632.jpg	632	11566	ocr	OCR from image meineke_page_632.jpg (id=1804)	57b8db27bc2205fe0a370d5290c867153d4c096597d40c777c69c5dd87ec24c9	44240	Ταρρακῖνα	35	Τ35	0.777778	20776	Θαυμακία	0.750000	0.027778	ταυρακια	ταρρακινα
138414	Ταυρική		meineke_page_632.jpg	632	11567	ocr	OCR from image meineke_page_632.jpg (id=1804)	bda8c8231925a3bf25daaa9859e4a6df0c972340fcf77383a5aea537ba40773c	44220	Ταμυράκη	15	Τ16	0.750000	11037	Μυρίκη	0.714286	0.035714	ταυρικη	ταμυρακη
138415	Ταυρικός		meineke_page_633.jpg	633	11568	ocr	OCR from image meineke_page_633.jpg (id=1805)	2236c2cfdeaf945dd49f707b2d85a038de56f9054c2b25b06931e3f30511f385	2341	Καμικός	47	Κ47	0.625000	2485	Καρικόν	0.625000	0.000000	ταυρικοσ	καμικοσ
138416	Ταυρῖσκοι		meineke_page_633.jpg	633	11569	ocr	OCR from image meineke_page_633.jpg (id=1805)	a813300a3c16e2931abc5cb671d16c97c2fc3d63a224ac0069fd258493d744c1	2637	Καυλίκοι	137	Κ137	0.666667	2485	Καρικόν	0.555556	0.111111	ταυρισκοι	καυλικοι
138417	Ταυρόεις		meineke_page_633.jpg	633	11570	ocr	OCR from image meineke_page_633.jpg (id=1805)	8fd51e47e1c7404f4802cd1b654a0fc70dc1830912fd624af6523bcc321ab2cb	8982	Μαλόεις	41	Μ41	0.625000	11919	Ξαῦρος	0.625000	0.000000	ταυροεισ	μαλοεισ
138418	Ταυρομένιον		meineke_page_633.jpg	633	11571	ocr	OCR from image meineke_page_633.jpg (id=1805)	887b358c145fc508cdcdb0d6194e19845d4a69220f64bf12dc7374fbd3086c66	60985	Τυρμένιοι	230	Τ230	0.727273	80217	Ἀλαλκομένιον	0.666667	0.060606	ταυρομενιον	τυρμενιοι
138419	Ταυροπόλιον		meineke_page_633.jpg	633	11572	ocr	OCR from image meineke_page_633.jpg (id=1805)	a05cffd08800c5930db9d28d5e38dba31931158c503bd41987c29db9a4005686	2495	Καρόπολις	93	Κ93	0.636364	3504	Κουρόπολις	0.636364	0.000000	ταυροπολιον	καροπολισ
138422	Ταυγέχεια		meineke_page_633.jpg	633	11575	ocr	OCR from image meineke_page_633.jpg (id=1805)	0d6707f30454a2f2122dbafe20f3a17c4e012d1b03038a87f33f6f33d98ad03e	3553	Κυβέλεια	245	Κ245	0.555556	7219	Κυνέτεια	0.555556	0.000000	ταυγεχεια	κυβελεια
138425	Ταφουσίς	3	meineke_page_634.jpg	634	11578	ocr	OCR from image meineke_page_634.jpg (id=1806)	4a6881c7b37c10e2857298e26c92456566f5a8899d3211b46cf2a822b8d30115	3541	Κρουσίς	233	Κ232	0.625000	61109	Ἄδουλις	0.625000	0.000000	ταφουσισ	κρουσισ
138426	Τάφειρα / Τάφρη	4	meineke_page_634.jpg	634	11579	ocr	OCR from image meineke_page_634.jpg (id=1806)	187d785f255f731f8d61096f958228249e9d9d6a256ee17b432b56531d8c5dbd	2056	Καβειρία	3	Κ3	0.416667	13805	Δαριστάνη	0.416667	0.000000	ταφειραταφρη	καβειρια
138427	Ταχεμβώ	5	meineke_page_634.jpg	634	11580	ocr	OCR from image meineke_page_634.jpg (id=1806)	b0a7ffd83f5449295cbb3aa918773ac8c4caee4a2a1b17c49036ada4d020f41b	131904	Ψιττάχεμμις	14	Ψ14	0.454545	31996	Σαβώ	0.428571	0.025974	ταχεμβω	ψιτταχεμμισ
138428	Τεανόν	6	meineke_page_634.jpg	634	11581	ocr	OCR from image meineke_page_634.jpg (id=1806)	f4d20994fadecee205ee3712428eb6ce64db372ed3b298393bc22b909dffc0c2	28321	Πέφνον	132	Π132	0.666667	44225	Τάνος	0.666667	0.000000	τεανον	πεφνον
138429	Τέβερις	7	meineke_page_634.jpg	634	11582	ocr	OCR from image meineke_page_634.jpg (id=1806)	32d80e35b44c39b298e9540c429c548f7acab22e4d1d4a9622d9e62c158c2c81	48683	Τιβεριάς	119	Τ119	0.750000	48684	Τίβυρις	0.714286	0.035714	τεβερισ	τιβεριασ
138431	Τεγεάτης καὶ Μαίνᾶλος		meineke_page_635.jpg	635	11584	ocr	OCR from image meineke_page_635.jpg (id=1807)	392c55009192239ac0ee96dc28066aee8aadce36c968f88f951f3f3bc529c97f	8958	Μαίναλος	17	Μ17	0.421053	39843	Σκάμανδρος	0.421053	0.000000	τεγεατησκαιμαιναλοσ	μαιναλοσ
138432	Τεγέσταρα		meineke_page_635.jpg	635	11585	ocr	OCR from image meineke_page_635.jpg (id=1807)	286300c470a1a3212a2df59d73eeaa2efe0a5bfa9c360dad9fd67150af52f3f7	15961	Ἔγεστα	8	Ε8	0.666667	9592	Μέγαρα	0.555556	0.111111	τεγεσταρα	εγεστα
138433	Τεγησσός		meineke_page_636.jpg	636	11586	ocr	OCR from image meineke_page_636.jpg (id=1808)	99ffe62060ac7d53e86166437c34dd0883d3bda974cd20c321243d6991cb112f	48663	Τερμησσός	99	Τ99	0.777778	48669	Τευμησσός	0.777778	0.000000	τεγησσοσ	τερμησσοσ
138435	Τεκιόθεις		meineke_page_636.jpg	636	11588	ocr	OCR from image meineke_page_636.jpg (id=1808)	58ab40086859e979fb4874339cdf58f6c9e891a0d0fae23a0e7a0670ca5993ab	26704	Πεδιεῖς	81	Π81	0.555556	44221	Ταμίαθις	0.555556	0.000000	τεκιοθεισ	πεδιεισ
138436	Τειχιοῦσσα		meineke_page_636.jpg	636	11589	ocr	OCR from image meineke_page_636.jpg (id=1808)	0cb2053f7f2ab71d74e6ad72e6f379dac1cfde87b3cadfd1c0f80f64f58caec0	17089	Ἐρικοῦσσα	113	Ε113	0.600000	42049	Σχινοῦσσα	0.600000	0.000000	τειχιουσσα	ερικουσσα
138437	Τεῖχος		meineke_page_636.jpg	636	20143	csv_fallback	Backfilled from meineke_headwords.greek_paragraph	6d1fea8aa1fb917ab02607e3acfad557227e178592bbb2fde0e8a0b2ba0d3a18	11091	Νεῖλος	30	Ν30	0.666667	46446	Τελχίς	0.666667	0.000000	τειχοσ	νειλοσ
138438	Τέκμων		meineke_page_636.jpg	636	11591	ocr	OCR from image meineke_page_636.jpg (id=1808)	4d64e60fbcb4a1a121b6dfdedf72916a3e2d1b3f71b3aed506c4b07f993e47c8	46440	Τελαμών	75	Τ75	0.714286	42002	Στρυμών	0.571429	0.142857	τεκμων	τελαμων
138439	Τεκτόσαγες		meineke_page_636.jpg	636	11592	ocr	OCR from image meineke_page_636.jpg (id=1808)	eb04a4680d43efd0e56762a19e7c07014838e04ed3d2c3e03d75c8dfdf68a366	46439	Τεκτόσαξ	74	Τ74	0.700000	7225	Κυνόσαργες	0.500000	0.200000	τεκτοσαγεσ	τεκτοσαξ
138458	Τεσάφη		meineke_page_641.jpg	641	11610	ocr	OCR from image meineke_page_641.jpg (id=1813)	5e1cd04f3eac21362fb52b3da3ffd19377c7ea14736551ae28ca6beea10abe85	22206	Ἱεράφη	36	Ι36	0.666667	46441	Τελάνη	0.666667	0.000000	τεσαφη	ιεραφη
138459	Τεβρτία		meineke_page_641.jpg	641	11611	ocr	OCR from image meineke_page_641.jpg (id=1813)	d0c167fff264cc2badb63cda2928357cfa74a7476c447157cc1189697b6c5227	48658	Τερβητία	94	Τ94	0.750000	3090	Κεβρηνία	0.625000	0.125000	τεβρτια	τερβητια
138463	Τέμεσεα	3	meineke_page_642.jpg	642	11615	ocr	OCR from image meineke_page_642.jpg (id=1814)	8e0c19b9e2f438cc610434f0318b25050369db40c3e6135b42f300a902eb9252	48648	Τεμένεια	84	Τ84	0.750000	48650	Τεμέση	0.714286	0.035714	τεμεσεα	τεμενεια
138464	Τερημψοδός	4	meineke_page_642.jpg	642	11616	ocr	OCR from image meineke_page_642.jpg (id=1814)	f8f69281c5868f07c2da080b62a9a039c1f0b7442e51d93676458f7f0ca1212e	17086	Ἔρημος	110	Ε110	0.600000	48663	Τερμησσός	0.600000	0.000000	τερημψοδοσ	ερημοσ
138466	Τεννρίς		meineke_page_643.jpg	643	11618	ocr	OCR from image meineke_page_643.jpg (id=1815)	1292c488fdc9446fdfdfd2a721c33163d9e6720131e368d3879f8e7ea3ed0b2c	48656	Τέντυρις	92	Τ92	0.750000	131895	Ψένυρις	0.714286	0.035714	τεννρισ	τεντυρισ
138467	Τενυδανία		meineke_page_643.jpg	643	11619	ocr	OCR from image meineke_page_643.jpg (id=1815)	d8c3b44a4d6167805d08a2286309892a400562d79e77792933014c01f7f3ad10	48667	Τευθρανία	103	Τ103	0.666667	85678	Ἀνδανία	0.666667	0.000000	τενυδανια	τευθρανια
138468	Τεύκρησι		meineke_page_643.jpg	643	11620	ocr	OCR from image meineke_page_643.jpg (id=1815)	b91a0f395cdd02fce710728a64c254ec79158ffc61c7e8373083a81884e7206a	48668	Τευκροί	104	Τ104	0.750000	18297	Εὔτρησις	0.625000	0.125000	τευκρησι	τευκροι
138470	Τειλουσα		meineke_page_644.jpg	644	11622	ocr	OCR from image meineke_page_644.jpg (id=1816)	8b3eec6b55d91d948387bd3e0ce2f8744117daf757e0cf97227c41e46decad66	48670	Τεύτλουσα	106	Τ106	0.777778	17047	Ἐλοῦσα	0.750000	0.027778	τειλουσα	τευτλουσα
138471	Τενωψις		meineke_page_644.jpg	644	11623	ocr	OCR from image meineke_page_644.jpg (id=1816)	56f231dc26f52c59ca88f826431e8e6164cd7a8fdb5213a8583479539baaf435	48672	Τεύωχις	108	Τ107	0.714286	48656	Τέντυρις	0.625000	0.089286	τενωψισ	τευωχισ
138478	Τῆνος / Τηνεῖς		meineke_page_647.jpg	647	11630	ocr	OCR from image meineke_page_647.jpg (id=1819)	a7e4dba2630891e8e5f3cc8ef8fc49539d17ca27dbcf1d0d91fcb3e42abc6e90	7225	Κυνόσαργες	269	Κ269	0.454545	8995	Μαντίνεια	0.454545	0.000000	τηνοστηνεισ	κυνοσαργεσ
138483	Τιβυρεῖνος · Τίγγις · Τιγεανόκερτα · Τιθοραία	1	meineke_page_648.jpg	648	11635	ocr	OCR from image meineke_page_648.jpg (id=1820)	83885227154350651a7c3ed92ce2c163c322f957a4daf90b935adb2e4c2b1f6d	39863	Σκορδίσκοι καὶ Σκίρτιοι	215	Σ215	0.305556	48686	Τιγρανόκερτα	0.305556	0.000000	τιβυρεινοστιγγιστιγεανοκερτατιθοραια	σκορδισκοικαισκιρτιοι
138494	Τιγέζα		meineke_page_650.jpg	650	11646	ocr	OCR from image meineke_page_650.jpg (id=1822)	a2800e9eec751d13008063f9b68dbcd0bed4eb0e07c8eee88a4f0788747b02ba	10285	Μίεζα	183	Μ183	0.666667	48698	Τίριζα	0.666667	0.000000	τιγεζα	μιεζα
138495	Τιγέσα		meineke_page_650.jpg	650	11647	ocr	OCR from image meineke_page_650.jpg (id=1822)	b9e70b2f78cb26a73609ac25ec804770460064661e1a87b96ce9a42851dae106	51037	Τρίτεια	200	Τ200	0.571429	61144	Αἴγειρα	0.571429	0.000000	τιγεσα	τριτεια
138498	Τιτάνου τε λευκὰ κάρηνα	1	meineke_page_652.jpg	652	11650	ocr	OCR from image meineke_page_652.jpg (id=1824)	c261a63e0a1fa93a5208741f04b18a62a8403a01120a875e466d211a0ea7f20d	8992	Μαννάκαρτα	51	Μ51	0.350000	17032	Ἐλεύθερνα	0.350000	0.000000	τιτανουτελευκακαρηνα	μαννακαρτα
138509	Τόφεηβος		meineke_page_653.jpg	653	11661	ocr	OCR from image meineke_page_653.jpg (id=1825)	664c84cbf82e8780d7fa57ba45d374b94d355cd6d35614eca06aa3cab7c54532	50993	Τόρρηβος	156	Τ156	0.750000	60992	Τυφρηστός	0.555556	0.194444	τοφεηβοσ	τορρηβοσ
138510	Τορηβία		meineke_page_654.jpg	654	11662	ocr	OCR from image meineke_page_654.jpg (id=1826)	df903a8af11e52a9d3dd07cb1332e76163e8f450f2c1c48abc9da6c667f28717	48658	Τερβητία	94	Τ94	0.625000	50993	Τόρρηβος	0.625000	0.000000	τορηβια	τερβητια
138513	Τονευτανία		meineke_page_654.jpg	654	11665	ocr	OCR from image meineke_page_654.jpg (id=1826)	0cd49a87c3e1076e755b9a1f61d9b54f28fd14498ac760dbeaae557593d47250	50996	Τουρδητανία	159	Τ159	0.636364	8447	Λουσιτανία	0.600000	0.036364	τονευτανια	τουρδητανια
138514	Τυρσηνός		meineke_page_654.jpg	654	11666	ocr	OCR from image meineke_page_654.jpg (id=1826)	37fff30bce7dfaf5aa8351a7c4b7a77214370e3586927c44d5bd38586c8e98d5	11047	Μύρσινος	257	Μ257	0.750000	7247	Κύρνος	0.625000	0.125000	τυρσηνοσ	μυρσινοσ
138526	Τερημδυς		meineke_page_657.jpg	657	11678	ocr	OCR from image meineke_page_657.jpg (id=1829)	76576030ce2cbd61927fc3b03f586a157c73d5a33c36f45334fe99b9db2d7bbf	17086	Ἔρημος	110	Ε110	0.625000	48660	Τερηδών	0.625000	0.000000	τερημδυσ	ερημοσ
138532	Τρηηες		meineke_page_659.jpg	659	11684	ocr	OCR from image meineke_page_659.jpg (id=1831)	4ed3b5c55b1b83b45078399eca22f6dea1ea9076ef4c0014dfd1d8a1decfd98f	51020	Τριῆρες	183	Τ183	0.714286	48708	Τλῆτες	0.666667	0.047619	τρηηεσ	τριηρεσ
138533	Τρηηη		meineke_page_659.jpg	659	11685	ocr	OCR from image meineke_page_659.jpg (id=1831)	dc1599ca218bafbb45bf10b390592f11dadbf2cdb21f817afb44712909e41e24	102794	Ἀτρήνη	524	Α524	0.666667	3525	Κρήτη	0.600000	0.066667	τρηηη	ατρηνη
138534	Τεκλαον / Τεκλαλα		meineke_page_659.jpg	659	11686	ocr	OCR from image meineke_page_659.jpg (id=1831)	df43b96cace85007439f99c85379efb370e35030c2435decb8811d82d9d447d4	17060	Ἔντελλα	84	Ε84	0.500000	2616	Καστάβαλα	0.428571	0.071429	τεκλαοντεκλαλα	εντελλα
138535	Τεκτσεαρον		meineke_page_659.jpg	659	11687	ocr	OCR from image meineke_page_659.jpg (id=1831)	f4d1e3660fd649e490d96bca0f87360a154ead706648fafdf691d35641b98816	9646	Μέταον	166	Μ166	0.500000	44245	Τάρταρος	0.500000	0.000000	τεκτσεαρον	μεταον
138536	Τειχηη		meineke_page_660.jpg	660	11688	ocr	OCR from image meineke_page_660.jpg (id=1832)	bb46772aa1152b02b01180bf26d14b5dfc5ba09379eea8a6c4fde5829e63a980	9614	Μελιτηνή	134	Μ134	0.500000	13823	Δείρη	0.500000	0.000000	τειχηη	μελιτηνη
138539	Τεινακεία		meineke_page_660.jpg	660	11691	ocr	OCR from image meineke_page_660.jpg (id=1832)	b431d85349ee077eaa2997d56267e515522051f21550b7fbec219d6e18fa0376	51027	Τρινακρία	190	Τ190	0.777778	135386	Φαρνάκεια	0.666667	0.111111	τεινακεια	τρινακρια
138541	Τριγέμεια	1	meineke_page_661.jpg	661	11693	ocr	OCR from image meineke_page_661.jpg (id=1833)	2753a68470773eaeda4212cc43703fd0fab0c93b7816a2a201f9e5723107dca5	51028	Τρινεμεῖς	191	Τ191	0.777778	51037	Τρίτεια	0.666667	0.111111	τριγεμεια	τρινεμεισ
138544	Τριποδίσκος καὶ Τριποδίσκοι	1	meineke_page_662.jpg	662	11696	ocr	OCR from image meineke_page_662.jpg (id=1834)	8928420945681d594ce1df5ffeb2f7884eaa1675715046998d54132e870b092c	39863	Σκορδίσκοι καὶ Σκίρτιοι	215	Σ215	0.480000	48717	Τόξιοι καὶ Τοξιανοί	0.480000	0.000000	τριποδισκοσκαιτριποδισκοι	σκορδισκοικαισκιρτιοι
138552	Τρεχύνιον	4	meineke_page_663.jpg	663	11704	ocr	OCR from image meineke_page_663.jpg (id=1835)	bbd75384189197249f49d9560208a7677ee269e681c0462e5386a4966a71e244	51041	Τριχώνιον	204	Τ204	0.777778	17093	Ἑρκύνιον	0.666667	0.111111	τρεχυνιον	τριχωνιον
138557	Τευξαι		meineke_page_664.jpg	664	11709	ocr	OCR from image meineke_page_664.jpg (id=1836)	8e7a64f6e7baab30adc1303b2cc68f99a465162e56746f1a641da79a1320ad19	18283	Εὐναί	160	Ε160	0.666667	51046	Τρῦχαι	0.666667	0.000000	τευξαι	ευναι
138565	Τύμνηα		meineke_page_665.jpg	665	11717	ocr	OCR from image meineke_page_665.jpg (id=1837)	050973905a90a9d8df5fd1dcc2e63dea60251dd00942c1b89f07b87d89e11ed6	44218	Τάμνα	13	Τ14	0.666667	51049	Τύανα	0.666667	0.000000	τυμνηα	ταμνα
138570	Τύμβυλος	5	meineke_page_666.jpg	666	11722	ocr	OCR from image meineke_page_666.jpg (id=1838)	f9acbdf98a7a4ccae5f9b69cc4a8553b9f9ec2527d496cba8d5969eb3e275137	60978	Τύμωλος	223	Τ223	0.750000	42006	Στύμφαλος	0.666667	0.083333	τυμβυλοσ	τυμωλοσ
138578	Τυρεθόζα		meineke_page_667.jpg	667	11730	ocr	OCR from image meineke_page_667.jpg (id=1839)	f50ce7aeb60540957c7c2bf194390f4651d4e754dbc933419328243009dd287e	60987	Τυρόδιζα	232	Τ232	0.625000	20840	Θυρέα	0.500000	0.125000	τυρεθοζα	τυροδιζα
138579	Τυροείζαι	1	meineke_page_668.jpg	668	11731	ocr	OCR from image meineke_page_668.jpg (id=1840)	da265bcabdfec79b0ba0dbd89ba59a3f7bb0fb3eed259ed308197e9f5efa3545	60987	Τυρόδιζα	232	Τ232	0.777778	60983	Τυρακῖναι	0.666667	0.111111	τυροειζαι	τυροδιζα
138584	Τυρηφιστός	6	meineke_page_668.jpg	668	11736	ocr	OCR from image meineke_page_668.jpg (id=1840)	af8e9b35141a850481dd5bb5c7f24898390f29b946e00d60e13b628b59431ffa	60992	Τυφρηστός	237	Τ237	0.700000	11045	Μυρμισσός	0.600000	0.100000	τυρηφιστοσ	τυφρηστοσ
138587	Θουκυδίδης τρίτῃ		meineke_page_669.jpg	669	11739	ocr	OCR from image meineke_page_669.jpg (id=1841)	eec24fff1e1faaf5fe85da3bd2b29441758c9e04578eceab9d5cbde6c529e435	8482	Μαγιστρική	4	Μ4	0.400000	3085	Καΰστριον	0.333333	0.066667	θουκυδιδηστριτη	μαγιστρικη
138601	Ὑδασσοι		meineke_page_670.jpg	670	11753	ocr	OCR from image meineke_page_670.jpg (id=1842)	c412facfaa8e6c36593d3eb8623469f036e22be15cc8050fd16fe5874f36630f	61004	Ὑγασσός	11	Υ11	0.714286	61007	Ὑδισσός	0.714286	0.000000	υδασσοι	υγασσοσ
138606	Ὑγητός		meineke_page_671.jpg	671	11758	ocr	OCR from image meineke_page_671.jpg (id=1843)	bc9f179470caabe2795885e440e8fe7663fc57d19865e83d90a29d055400d200	61022	Ὑμηττός	29	Υ29	0.714286	19532	Ἠρητός	0.666667	0.047619	υγητοσ	υμηττοσ
138607	Ὑγύμισαι		meineke_page_671.jpg	671	11759	ocr	OCR from image meineke_page_671.jpg (id=1843)	3647d22e5ed9f4d0ce3bac620ed8e0dc97006220ed78b3bdfb7b6eb3fdc15102	61014	Ὑθμῖται	21	Υ21	0.625000	18301	Εὐωνυμῖται	0.600000	0.025000	υγυμισαι	υθμιται
138609	Ύχαρα		meineke_page_672.jpg	672	11761	ocr	OCR from image meineke_page_672.jpg (id=1844)	cf946c7035ab7817e6dbb2aabfff515a0a2701f1a6258818d8ddc72d99b96513	19500	Ζόαρα	25	Ζ25	0.600000	23674	Ἴχανα	0.600000	0.000000	υχαρα	ζοαρα
138613	Ύλακαρίμ		meineke_page_672.jpg	672	11765	ocr	OCR from image meineke_page_672.jpg (id=1844)	c20e7367cf253d9300cdadb0ef05d06a7a57de9b20b9c7547c641e274a379367	7638	Λαγαρία	7	Λ7	0.625000	61019	Ὑλλάριμα	0.625000	0.000000	υλακαριμ	λαγαρια
138616	Ὑλαύλα		meineke_page_674.jpg	674	11768	ocr	OCR from image meineke_page_674.jpg (id=1846)	62a82764294094331eb14ab8ab0e3f9225d0c200f35c462e19dda6763d8a8179	61016	Ὑλαία	23	Υ23	0.666667	61021	Ὑλλούαλα	0.625000	0.041667	υλαυλα	υλαια
138618	Ῑολφ		meineke_page_674.jpg	674	11770	ocr	OCR from image meineke_page_674.jpg (id=1846)	feeae83e2cc5cc29eeb3a4cc5e1f3fc3d8fddb50f61b2b14c5d474bc27d4b3e0	23624	Ἰόπη	72	Ι73	0.500000	23626	Ἴος	0.500000	0.000000	ιολφ	ιοπη
138629	Ὑποδήβηα		meineke_page_676.jpg	676	11781	ocr	OCR from image meineke_page_676.jpg (id=1848)	2ff5216bbce250a5cb9617190e5ecfd3886d59d691355acfc38118c5bd978a05	61034	Ὑποθῆβαι	41	Υ41	0.625000	48652	Τένδηβα	0.500000	0.125000	υποδηβηα	υποθηβαι
138632	Καλλκάδωνος	1	meineke_page_677.jpg	677	11784	ocr	OCR from image meineke_page_677.jpg (id=1849)	b08e12a297e82af761de49812a68d67a9562fbc3b82f1c990064ca69522903ed	2118	Καλλάτηβος	29	Κ29	0.636364	2326	Καλλίαρος	0.636364	0.000000	καλλκαδωνοσ	καλλατηβοσ
138634	Ὑψίμη	3	meineke_page_677.jpg	677	11786	ocr	OCR from image meineke_page_677.jpg (id=1849)	8bddeac71e2c84738d7b27522f679932bcca9d69b07d4a4ee41c87d2dbe152cf	11037	Μυρίκη	247	Μ247	0.500000	28374	Ποιμήν	0.500000	0.000000	υψιμη	μυρικη
138637	Ύσσακίνος		meineke_page_678.jpg	678	11789	ocr	OCR from image meineke_page_678.jpg (id=1850)	b24f81e96af72b0e588170963f834025726d2c7cdaa351b84a9b1ad36a806b75	37836	Σίκινος	157	Σ157	0.666667	102763	Ἀσσακηνοί	0.666667	0.000000	υσσακινοσ	σικινοσ
138641	Ὑσακεννα		meineke_page_678.jpg	678	11793	ocr	OCR from image meineke_page_678.jpg (id=1850)	f19719b72d011c4874639219dfc0392dab00216b4a16df197341fd6a60105b5d	30154	Ῥάβεννα	4	Ρ4	0.625000	61045	Ὕσκανα	0.625000	0.000000	υσακεννα	ραβεννα
138642	Ὑστατάστα		meineke_page_678.jpg	678	11794	ocr	OCR from image meineke_page_678.jpg (id=1850)	b55527efbc616b7685ac95a9e46b210ee1a9782278bbeaaf52e5a2b29eb70d94	23683	Ἰωτάπατα	131	Ι131	0.555556	32055	Σάραπτα	0.555556	0.000000	υσταταστα	ιωταπατα
138646	Ὑώμη		meineke_page_678.jpg	678	11798	ocr	OCR from image meineke_page_678.jpg (id=1850)	a94e8ed3f1ebe267877eb0862f04f30588f3349a8b289c0d7a1ce71cbaa9251a	7266	Κώμη	310	Κ310	0.750000	31988	Ῥώμη	0.750000	0.000000	υωμη	κωμη
138650	Φαγωρίον		meineke_page_679.jpg	679	11802	ocr	OCR from image meineke_page_679.jpg (id=1851)	d8e146ca07335611902940bc3eeac28209ee5316165f90b5126ae89fb7157957	2623	Κασώριον	123	Κ123	0.750000	135369	Φαλέριον	0.750000	0.000000	φαγωριον	κασωριον
138660	Φαλώρεια	1	meineke_page_682.jpg	682	11812	ocr	OCR from image meineke_page_682.jpg (id=1854)	ef01152a4ffbfd7fdcc6aeec1014e133e5f8154dab0e94a84e14ed0db976d3dc	26682	Παρώρεια	59	Π59	0.750000	32025	Σαλώνεια	0.750000	0.000000	φαλωρεια	παρωρεια
138664	Φανασταῖς	5	meineke_page_682.jpg	682	11816	ocr	OCR from image meineke_page_682.jpg (id=1854)	7601e3375b77b3bfa20925b33e758285d56e2112be2dab86248489b2b0926351	82922	Ἄμαστρις	262	Α262	0.666667	135395	Φάσταια	0.666667	0.000000	φανασταισ	αμαστρισ
138665	Φάραγθος	6	meineke_page_682.jpg	682	11817	ocr	OCR from image meineke_page_682.jpg (id=1854)	fdb1193641e84ea74b865f77cb3e0f7aa4685ae4e80cd88b6eed84648a962235	135381	Φάρβαιθος	29	Φ29	0.777778	8998	Μάραθος	0.750000	0.027778	φαραγθοσ	φαρβαιθοσ
138666	Ἰουδαϊκής ἀρχαιολογίας		meineke_page_683.jpg	683	11818	ocr	OCR from image meineke_page_683.jpg (id=1855)	5a9ad40e18ba6e8027cd5d42caa8a5f236c1a0367ebc85492833b92f421fe4f1	125137	Γυναικόσπολις	119	Γ119	0.428571	14829	Δικαιάρχεια	0.380952	0.047619	ιουδαικησαρχαιολογιασ	γυναικοσπολισ
138673	Κήλχιος		meineke_page_686.jpg	686	11825	ocr	OCR from image meineke_page_686.jpg (id=1858)	38aeadfb11de73c42b942c2b40b33491cb4ef0b01378e67fbe5c454b4d760f02	2114	Κάλβιος	25	Κ25	0.714286	2116	Κάληρος	0.571429	0.142857	κηλχιοσ	καλβιοσ
138691	Φιδόκνη		meineke_page_689.jpg	689	11843	ocr	OCR from image meineke_page_689.jpg (id=1861)	c26510d11750ab7307d17d6c713fc04e3a680cdfc78a14b3d3b1ade15e2083e6	135413	Φιδήνη	62	Φ62	0.714286	37820	Σιδάκη	0.571429	0.142857	φιδοκνη	φιδηνη
138696	Φιληρόμενον		meineke_page_690.jpg	690	11848	ocr	OCR from image meineke_page_690.jpg (id=1862)	778f39394eacff7499626f21a347a8ff933405fb14b4ac4e015c05fbaa75b205	135419	Φιληνόριον	68	Φ68	0.636364	135370	Φάληρον	0.545455	0.090909	φιληρομενον	φιληνοριον
138701	Φιλοστέφεια		meineke_page_691.jpg	691	11853	ocr	OCR from image meineke_page_691.jpg (id=1863)	63017abc7a6f77ee428a9147ddc64a4af85e181ed0ad19c0b0aad08708049a24	135416	Φιλαδέλφεια	65	Φ65	0.636364	22225	Ἰλούργεια	0.545455	0.090909	φιλοστεφεια	φιλαδελφεια
138705	Φλεγαι		meineke_page_692.jpg	692	11857	ocr	OCR from image meineke_page_692.jpg (id=1864)	50ea40ae7cd67db3090bce5e31189454b25b1a246ca5ec61581a54aa9ee8480b	135402	Φεραί	51	Φ51	0.666667	135428	Φλέγρα	0.666667	0.000000	φλεγαι	φεραι
138707	Φλιοῦς / Φλιοῦντιος	1	meineke_page_693.jpg	693	11859	ocr	OCR from image meineke_page_693.jpg (id=1865)	1fdf24ccd44e349795c9dd358c72014c6a43b3e3303cc1c3d2ff319470056f79	4934	Δυσπόντιον	144	Δ144	0.437500	8423	Λαούντιον	0.437500	0.000000	φλιουσφλιουντιοσ	δυσποντιον
138710	Φλυοβρία / Φοῖβος	4	meineke_page_693.jpg	693	11862	ocr	OCR from image meineke_page_693.jpg (id=1865)	a5cdf6a5ae14041e59cb58591703b43dcea0971b58de4b20a2b5d8ad1a90517b	11038	Μυρίανδρος	248	Μ248	0.428571	14868	Δουρίοπος	0.428571	0.000000	φλυοβριαφοιβοσ	μυριανδροσ
138713	Φοινίξ		meineke_page_694.jpg	694	11865	ocr	OCR from image meineke_page_694.jpg (id=1866)	81f426b24fb651a9b81ead4addafbc3c786fccee23159d8dc797d4a133db0707	135435	Φοινίκη	84	Φ84	0.714286	135433	Φοιβία	0.666667	0.047619	φοινιξ	φοινικη
138716	Φολέγανδρος / Φολεγαδρεύς		meineke_page_695.jpg	695	11868	ocr	OCR from image meineke_page_695.jpg (id=1867)	dd206ae9d91c19d0ffee1c1cf86ee23e20a907d2d24176e2fdcd6ced11392233	135439	Φολέγανδρος	88	Φ88	0.500000	8955	Μαιανδρούπολις	0.363636	0.136364	φολεγανδροσφολεγαδρευσ	φολεγανδροσ
138720	Φορωννα / Φορωνναῖος		meineke_page_695.jpg	695	11872	ocr	OCR from image meineke_page_695.jpg (id=1867)	83f8d86439478d11e2fe36c913a4065ff4c3dffc8540f1f1c63c4d7cf821619d	32236	Κορακόνησος	156	Κ156	0.411765	135443	Φόρουννα	0.411765	0.000000	φορωνναφορωνναιοσ	κορακονησοσ
138723	Φουνωνίτα		meineke_page_695.jpg	695	11875	ocr	OCR from image meineke_page_695.jpg (id=1867)	e4da36abd1e5adadbd79bb61fd92a218b28ea34767e99eba79bdbd2a36d52b4e	135446	Φουρνίτα	95	Φ95	0.777778	2777	Καυλωνία	0.555556	0.222222	φουνωνιτα	φουρνιτα
138724	Φεάσπα		meineke_page_695.jpg	695	11876	ocr	OCR from image meineke_page_695.jpg (id=1867)	866d7a8321fcdaeadbbf16f3ff41066f582b7c4ee3051f5f2b02caaca15063eb	135447	Φράασπα	96	Φ96	0.714286	28405	Πράασπα	0.571429	0.142857	φεασπα	φραασπα
138727	Φεατεία		meineke_page_695.jpg	695	11879	ocr	OCR from image meineke_page_695.jpg (id=1867)	b6eaf0bcecd68845c46e3e798eca065f39ea0a404bc4ca0f37d68f54e70b42d1	28367	Πλατεῖα	178	Π178	0.714286	135450	Φρατρία	0.714286	0.000000	φεατεια	πλατεια
138728	φρεάτηρ		meineke_page_696.jpg	696	11880	ocr	OCR from image meineke_page_696.jpg (id=1868)	60d5adb51d1752dcf62b223341560d8ea32eb7f9887e8ff15f1b2e041be45e72	17085	Ἐρευάτης	109	Ε109	0.625000	12862	Ὀρέστη	0.571429	0.053571	φρεατηρ	ερευατησ
138729	Φέσαροι		meineke_page_696.jpg	696	11881	ocr	OCR from image meineke_page_696.jpg (id=1868)	4cce965900b094a8930189d8db3e8ee7196fb5e0f9eedc85fa13fcc75102b320	13833	Δεξάροι	52	Δ52	0.714286	135451	Φρέαροι	0.714286	0.000000	φεσαροι	δεξαροι
138732	Φηΐς, Φηρτός, Φηῆτες, ἔθνος Λιβυκόν	1	meineke_page_697.jpg	697	11884	ocr	OCR from image meineke_page_697.jpg (id=1869)	e94ea74e1778c1a6d45676749d8c928be06b7eefccad18f9822163bf0c94ef8b	10314	Μοσσύνοικοι	212	Μ212	0.285714	12860	Ὀρεσθάσιον	0.285714	0.000000	φηισφηρτοσφηητεσεθνοσλιβυκον	μοσσυνοικοι
138733	Φυκες		meineke_page_698.jpg	698	11885	ocr	OCR from image meineke_page_698.jpg (id=1870)	b5a3bf9a3d387ac71960c65c7811019765e4f5459d7993642fbfc9b7e807938c	145226	Φυκοῦς	109	Φ109	0.666667	145233	Φύσκος	0.666667	0.000000	φυκεσ	φυκουσ
138738	Φυσταλια	4	meineke_page_700.jpg	700	11890	ocr	OCR from image meineke_page_700.jpg (id=1872)	303e3f3fb683efeb274f7a3be7a46e75d34a95f0bada2b2c89ba1e67c31c2590	2617	Κασταλία	117	Κ117	0.750000	135395	Φάσταια	0.750000	0.000000	φυσταλια	κασταλια
138742	Φωκική		meineke_page_701.jpg	701	11894	ocr	OCR from image meineke_page_701.jpg (id=1873)	e1ec702109712c059eead0a3e6081115470527ffb47ebeddab6befdaf53efdf0	145237	Φωκίς	120	Φ120	0.666667	135435	Φοινίκη	0.571429	0.095238	φωκικη	φωκισ
138744	Φωρειανοί		meineke_page_701.jpg	701	11896	ocr	OCR from image meineke_page_701.jpg (id=1873)	5db41e500695f29f034166a2bc55f6ffab0d63f25c0c5c1e74909ae35a9edc58	145238	Φωριαμοί	121	Φ121	0.777778	145239	Φωρμανοί	0.777778	0.000000	φωρειανοι	φωριαμοι
138746	Χαβαρηνοί		meineke_page_701.jpg	701	20145	csv_fallback	Backfilled from meineke_headwords.greek_paragraph	3f00b5b381a912f9888a9f2386ffec3ef194b11bf56a28dea99c858d2de2ddba	2337	Καμαρηνοί	43	Κ43	0.777778	13818	Δαχαρηνοί	0.777778	0.000000	χαβαρηνοι	καμαρηνοι
138747	Χαδοσία	1	meineke_page_702.jpg	702	11899	ocr	OCR from image meineke_page_702.jpg (id=1874)	2e9c105ff867febd26ef5fd249ccf9ca104b306d2dcb75f9f969d246b05f7764	25147	Πανδοσία	15	Π15	0.750000	128478	Χαλισία	0.714286	0.035714	χαδοσια	πανδοσια
138748	Χαδοσματίται	2	meineke_page_702.jpg	702	11900	ocr	OCR from image meineke_page_702.jpg (id=1874)	0275442fde0fde7662a92c2db4176fa9eae5429c5f53016c35127a96cc4cc14f	2612	Κασσανῖται	112	Κ112	0.583333	61119	Ἀδυρμαχίδαι	0.583333	0.000000	χαδοσματιται	κασσανιται
138749	Χατζην	3	meineke_page_702.jpg	702	11901	ocr	OCR from image meineke_page_702.jpg (id=1874)	71162ebde3c8c828d037a3b1145f9d41b911a9e7029e026e97ea49f9a9698ac2	125142	Χαζήνη	4	Χ4	0.666667	128498	Χαττηνία	0.625000	0.041667	χατζην	χαζηνη
138750	Χαμεθου	4	meineke_page_702.jpg	702	11902	ocr	OCR from image meineke_page_702.jpg (id=1874)	8620e61743b38c443be0d716d45e3fe620253c7837ae6c14cb4fa9776a5e3178	131891	Ψαμαθοῦς	1	Ψ1	0.625000	82909	Ἀμαθοῦς	0.571429	0.053571	χαμεθου	ψαμαθουσ
138752	Λοκροί		meineke_page_704.jpg	704	16181	ocr	OCR from image meineke_page_704.jpg (id=1876)	0fa9c5fe38bacf2167ccfec6e44f5c7cd9bd6d5427feece8654d57afc804f48b	17046	Ἕλουροι	70	Ε70	0.714286	8448	Λουσοί	0.666667	0.047619	λοκροι	ελουροι
138767	Χανοία		meineke_page_711.jpg	711	11919	ocr	OCR from image meineke_page_711.jpg (id=1883)	1d7e51d511d15b92d1a9895429f5708a07f0a76a2b4563c94a286e89c9672cb3	25151	Πανία	19	Π19	0.666667	32042	Σάνεια	0.666667	0.000000	χανοια	πανια
138768	Χαονιτικόν		meineke_page_712.jpg	712	11920	ocr	OCR from image meineke_page_712.jpg (id=1884)	ce7b95ee388c2be79b7c7265ab1489f0cca79618865399380c655ab380f94a9c	7221	Κυνητικόν	265	Κ265	0.600000	8423	Λαούντιον	0.600000	0.000000	χαονιτικον	κυνητικον
138771	Χαράκαμβα		meineke_page_712.jpg	712	11923	ocr	OCR from image meineke_page_712.jpg (id=1884)	3b9268ff1740a59195a51575dd56f08e41bb1c6237eb57b281d217bcc361f6be	128491	Χαράκμωβα	25	Χ25	0.777778	9010	Μαρίαβα	0.555556	0.222222	χαρακαμβα	χαρακμωβα
138773	Χαρμιάται		meineke_page_713.jpg	713	11925	ocr	OCR from image meineke_page_713.jpg (id=1885)	7764bbc91000e6b55810f99b863a4228327a5de3e2ce2fdf9679ab558b114b56	32064	Σαρμάται	73	Σ73	0.777778	128493	Χαριμάται	0.777778	0.000000	χαρμιαται	σαρμαται
138774	Χαρίστεια		meineke_page_713.jpg	713	11926	ocr	OCR from image meineke_page_713.jpg (id=1885)	473a2b8a1c4bfcf4f26047efae5efd0ede40c30af615af2ee08901221fc8820f	128494	Χαρισία	28		0.777778	51037	Τρίτεια	0.666667	0.111111	χαριστεια	χαρισια
