mineke_lemma_id	mineke_lemma	mineke_entry_number	mineke_image_filenames	mineke_max_page_number	meineke_source_text_version_id	meineke_source_variant	meineke_notes	meineke_text_hash	match_billerbeck_lemma_id	match_billerbeck_lemma	match_billerbeck_entry_number	match_billerbeck_id	match_similarity	match2_billerbeck_lemma_id	match2_billerbeck_lemma	match2_similarity	similarity_delta	normalized_mineke	normalized_match
135455	Ἄβα1	1	meineke_page_014.jpg	14	8627	ocr	OCR from image meineke_page_014.jpg (id=1186)	25733c4ad3d096ee43f647a232784a0705218accd66a6339dfd20409e931dbb0	61051	Ἄβαι	1	Α1	0.750000	7633	Λάβαι	0.600000	0.150000	αβα1	αβαι
135456	Σιδῆς καὶ Πυλήτης		meineke_page_015.jpg	15	8628	ocr	OCR from image meineke_page_015.jpg (id=1187)	22ac7fc5a57ae35fce4e71fb483bd3e2b0bf03e7785e860440ff2525079101a1	41897	Σισίγυλις	185	Σ185	0.466667	30150	Πῶλις καὶ Σῆνος	0.400000	0.066667	σιδησκαιπυλητησ	σισιγυλισ
135457	Ἀβάκαινον		meineke_page_015.jpg	15	8629	ocr	OCR from image meineke_page_015.jpg (id=1187)	b86d77482b5963d5df528a24e73985cfcb909f2c73b90a56047570cc39abf055	61052	Ἀβάκαινον	2	Α2	1.000000	2074	Καικῖνον	0.555556	0.444444	αβακαινον	αβακαινον
135458	Ἀβαντίς	1	meineke_page_016.jpg	16	8630	ocr	OCR from image meineke_page_016.jpg (id=1188)	00152b31917a4defcb608b285f46a1428f2e4fc9debae8862d085374254ce0dc	61053	Ἀβαντίς	3	Α3	1.000000	61139	Αἰανῖτις	0.750000	0.250000	αβαντισ	αβαντισ
135459	Ἀβανία		meineke_page_017.jpg	17	8631	ocr	OCR from image meineke_page_017.jpg (id=1189)	09ea345975fbe8720bf223e18ee2740b26fcf532bb5fc2a4d590e54b0517a5fe	80222	Ἀλβανία	196	Α196	0.857143	61121	Ἀζανία	0.833333	0.023810	αβανια	αλβανια
135461	Ἀβασγηνοί	1	meineke_page_018.jpg	18	8632	ocr	OCR from image meineke_page_018.jpg (id=1190)	a3c39f4385c1cac8dd8506a3245c0f03a452e0857ff351979668616b63a50ef9	61055	Ἀβασηνοί	5	Α5	0.888889	102785	Ἀταφηνοί	0.666667	0.222222	αβασγηνοι	αβασηνοι
135462	Ἄβδηρα		meineke_page_019.jpg	19	8633	ocr	OCR from image meineke_page_019.jpg (id=1191)	8059ea78eb91b955456d5c58c8fc75843103556b14da3dc118af2fbe3fa4d6d4	61056	Ἄβδηρα	6	Α6	1.000000	13847	Δηρά	0.666667	0.333333	αβδηρα	αβδηρα
135463	Ἄβιλα		meineke_page_019.jpg	19	8634	ocr	OCR from image meineke_page_019.jpg (id=1191)	73c1d85804cdb97f6ee6d87e9b24aae083609dac960c4298a9824d27beede00b	61057	Ἀβίλη	7	Α7	0.800000	44228	Τάξιλα	0.666667	0.133333	αβιλα	αβιλη
135464	Ἀβόλλα	1	meineke_page_020.jpg	20	8635	ocr	OCR from image meineke_page_020.jpg (id=1192)	07707c1fc4259dde4fb85b2b076a9bd154dd519525edc5caa6a75f8ca970da78	61059	Ἄβολλα	9	Α9	1.000000	105809	Ἄχολλα	0.833333	0.166667	αβολλα	αβολλα
135465	Ἀβρογίγνες	2	meineke_page_020.jpg	20	8636	ocr	OCR from image meineke_page_020.jpg (id=1192)	53042c578105f0114df98f34176eb9f0825ea7d98d896930ceec63d39e5c851b	61060	Ἀβοριγῖνες	10	Α10	0.700000	115335	Βρίγες	0.600000	0.100000	αβρογιγνεσ	αβοριγινεσ
135466	Ἀβρογῖνοι		meineke_page_021.jpg	21	8637	ocr	OCR from image meineke_page_021.jpg (id=1193)	d31522444ff848192e10acdf2c8821eeba2031b2cad5cdd801d5c07909016193	61065	Ἀβρότονον	15	Α15	0.666667	99830	Ἀρόερνοι	0.666667	0.000000	αβρογινοι	αβροτονον
135468	Ἀβεττηνη		meineke_page_021.jpg	21	8638	ocr	OCR from image meineke_page_021.jpg (id=1193)	9398fbceb108bb0080d74723965d5e9efebdd8b05186e9379455f61983a4e2e6	61062	Ἀβρεττηνή	12	Α12	0.888889	102788	Ἀτήνη	0.625000	0.263889	αβεττηνη	αβρεττηνη
135469	Ἀβεινάται		meineke_page_022.jpg	22	8639	ocr	OCR from image meineke_page_022.jpg (id=1194)	afb5ebcbd1019022202e8456abdde6fedf8e6ba0575cbded7db0a6d366aa18b4	61063	Ἀβρινάται	13	Α13	0.888889	61123	Ἀζειῶται	0.666667	0.222222	αβειναται	αβριναται
135471	Ἀβρότονον		meineke_page_022.jpg	22	8640	ocr	OCR from image meineke_page_022.jpg (id=1194)	24fbf202c0e47d30b32d149937d9d8f9125a3937a765fe80e73a5a99342a3010	61065	Ἀβρότονον	15	Α15	1.000000	14873	Δράκονον	0.555556	0.444444	αβροτονον	αβροτονον
135472	Ἄβυδος		meineke_page_023.jpg	23	8641	ocr	OCR from image meineke_page_023.jpg (id=1195)	d594d6442f282f5a368aebf22d35b4c51842843938bba4151f58d97359373065	61066	Ἄβυδοι	16	Α16	0.833333	61067	Ἀβυδών	0.666667	0.166667	αβυδοσ	αβυδοι
135473	Ἀβυδαῖος		meineke_page_023.jpg	23	8642	ocr	OCR from image meineke_page_023.jpg (id=1195)	daf9a2da40f59ef32cf7f5d048724dc1de3ad87dbf55311414cb342d6d7b037c	61066	Ἄβυδοι	16	Α16	0.625000	115358	Βύμαζος	0.625000	0.000000	αβυδαιοσ	αβυδοι
135475	Ἄβωνος τεῖχος		meineke_page_023.jpg	23	8643	ocr	OCR from image meineke_page_023.jpg (id=1195)	b5f2e6fd9ada22f102a6d0a37ba97e2b0129213be2ccafca6dd8565efe5a34f8	61069	Ἀβώνου τεῖχος	19	Α19	0.916667	131886	Χωλὸν τεῖχος	0.666667	0.250000	αβωνοστειχοσ	αβωνουτειχοσ
135476	Ἀγαθαῖα		meineke_page_023.jpg	23	8644	ocr	OCR from image meineke_page_023.jpg (id=1195)	93c728108594fe81b04ffae34e339f379cd93155cf2092274ad3f9a998152d7c	61070	Ἀγάθεια	20	Α20	0.857143	2062	Κάθαια	0.714286	0.142857	αγαθαια	αγαθεια
135477	Ἀγάθη	1	meineke_page_024.jpg	24	8645	ocr	OCR from image meineke_page_024.jpg (id=1196)	c7d65fd6aea3de6ec5a660de4d5c4c1903dd2279f42b42bdcbd373a639764adb	61071	Ἀγάθη	21	Α21	1.000000	82908	Ἀμάθη	0.800000	0.200000	αγαθη	αγαθη
135478	Ἀγαθοῦ δαίμων	2	meineke_page_024.jpg	24	8646	ocr	OCR from image meineke_page_024.jpg (id=1196)	a3d7c25fd22c00a76f9c68da24cdad4a3af3bc0723e1c2bd9f13b003d2fddc29	61072	Ἀγαθοῦ δαίμονος	22	Α22	0.785714	8028	Λακεδαίμων	0.583333	0.202381	αγαθουδαιμων	αγαθουδαιμονοσ
135479	Ἀγαθύργα	3	meineke_page_024.jpg	24	8647	ocr	OCR from image meineke_page_024.jpg (id=1196)	bf89000efab18c65bf7e9733bece359fb76b3cf38d5fed0ed5085fd52068ba8e	61073	Ἀγάθυρνα	23	Α23	0.875000	61074	Ἀγάθυρσοι	0.666667	0.208333	αγαθυργα	αγαθυρνα
135480	Ἀγαθυρσος		meineke_page_025.jpg	25	8648	ocr	OCR from image meineke_page_025.jpg (id=1197)	b9171b211cb52f497467b7002337a519176de68f10b39194da14ba05e18e460c	61074	Ἀγάθυρσοι	24	Α24	0.888889	8479	Μάγαρσος	0.666667	0.222222	αγαθυρσοσ	αγαθυρσοι
135481	Ἀγαμῆδη		meineke_page_025.jpg	25	8649	ocr	OCR from image meineke_page_025.jpg (id=1197)	06224818ec000146a5f00192a51a03ba302e0d8b2a7045e36192a36e38d1bc0b	61075	Ἀγαμήδη	25	Α25	1.000000	61137	Αἰαμηνή	0.714286	0.285714	αγαμηδη	αγαμηδη
135482	Ἀγάμμεια	1	meineke_page_026.jpg	26	8650	ocr	OCR from image meineke_page_026.jpg (id=1198)	95e0af1a3979f313877a5bd83d1b0f7ef1f8c5ca77add97ced5fbebb272c1102	61076	Ἀγάμμεια	26	Α26	1.000000	61070	Ἀγάθεια	0.750000	0.250000	αγαμμεια	αγαμμεια
135483	Ἀγαμμος	2	meineke_page_026.jpg	26	8651	ocr	OCR from image meineke_page_026.jpg (id=1198)	cb52dceb5e5b662901caffc462ba27d98af8034798abfaded31120ba4be03d26	61077	Ἀγαμός	27	Α27	0.857143	8479	Μάγαρσος	0.625000	0.232143	αγαμμοσ	αγαμοσ
135484	Ἀγβάτανα	3	meineke_page_026.jpg	26	8652	ocr	OCR from image meineke_page_026.jpg (id=1198)	0b2980d6c06a98d2f0ee07c5aed166815ca9deb4fcba27ce859ae6f5cfd6e8b2	61078	Ἀγβάτανα	28	Α28	1.000000	105826	Βαγίστανα	0.666667	0.333333	αγβατανα	αγβατανα
135485	Ἀγγελή		meineke_page_027.jpg	27	8653	ocr	OCR from image meineke_page_027.jpg (id=1199)	26c0905ba626aa47437904d77c7f7e8f9d618499bc18b3c1883018d26e724301	61079	Ἀγγελή	29	Α29	1.000000	96958	Ἀρβέλη	0.666667	0.333333	αγγελη	αγγελη
135486	Ἀγησοσός	1	meineke_page_028.jpg	28	8654	ocr	OCR from image meineke_page_028.jpg (id=1200)	ac494bd6f4e989de605c98f197ff5519c139a54c0b3bcb66ee44be80917a8cac	61080	Ἀγησσός	30	Α30	0.875000	11942	Ὀδησσός	0.625000	0.250000	αγησοσοσ	αγησσοσ
135487	Ἄγειον	2	meineke_page_028.jpg	28	8655	ocr	OCR from image meineke_page_028.jpg (id=1200)	3650cd26efd1426a4ad48e3167119d179a52153cf2f4c6a149baf9c07ee283a4	61081	Ἅγιον	31	Α31	0.833333	11939	Ὄγκειον	0.714286	0.119048	αγειον	αγιον
135492	Ἀγκύριον		meineke_page_031.jpg	31	8659	ocr	OCR from image meineke_page_031.jpg (id=1203)	ba21f760c48d7160ea1259983286240ba9a0c0787ea3c5e0e9f86244e442f717	61084	Ἀγκύριον	34	Α34	1.000000	8989	Μανδύριον	0.666667	0.333333	αγκυριον	αγκυριον
135494	Ἀγκυῶν		meineke_page_031.jpg	31	8661	ocr	OCR from image meineke_page_031.jpg (id=1203)	cec7aa0133f519307bc3be71c0e43d6b8950856877821532b79a63a92892dbb2	61086	Ἀγκών	36	Α36	0.833333	37837	Σικυών	0.666667	0.166667	αγκυων	αγκων
135495	Ἄγνους	1	meineke_page_032.jpg	32	8662	ocr	OCR from image meineke_page_032.jpg (id=1204)	40b55b0071f0bf2dcd30b7c745fec34edf077ae29eac91827069e7571a51b748	61087	Ἀγνοῦς	37	Α37	1.000000	13817	Δαφνοῦς	0.714286	0.285714	αγνουσ	αγνουσ
135496	Ἀγρουνιθδεν		meineke_page_033.jpg	33	8663	ocr	OCR from image meineke_page_033.jpg (id=1205)	c08f1e925fd4a54b9a547a1a90d689c8fd142ed8d5639602792bd08fe160976a	96979	Ἀρδύνιον	409	Α409	0.545455	121828	Γερούνιον	0.545455	0.000000	αγρουνιθδεν	αρδυνιον
135497	Ἀγγωνεία		meineke_page_033.jpg	33	8664	ocr	OCR from image meineke_page_033.jpg (id=1205)	ffed7b17217beb6d6c1bf2f23ea89f3b47d55d9e881f4fe29b3a09e2271dd9c8	61088	Ἁγνώνεια	38	Α38	0.875000	61163	Αἰγάνεια	0.750000	0.125000	αγγωνεια	αγνωνεια
135498	Ἀγγῶτες		meineke_page_033.jpg	33	8665	ocr	OCR from image meineke_page_033.jpg (id=1205)	b85e8109a616c0046028b0f060ed028fd2a676203a58dda748134f8280a8479a	61089	Ἀγνῶτες	39	Α39	0.857143	61164	Αἴγωστις	0.625000	0.232143	αγγωτεσ	αγνωτεσ
135499	Ἄγροα		meineke_page_033.jpg	33	8666	ocr	OCR from image meineke_page_033.jpg (id=1205)	91749352c397fd8b5ee1d56ecf1e0ab8839da5ce3b0e0a90b6e9096deed74f3d	61099	Ἀγρός	49	Α49	0.800000	61097	Ἀγρίαι	0.666667	0.133333	αγροα	αγροσ
135500	Ἀγροησός		meineke_page_033.jpg	33	8667	ocr	OCR from image meineke_page_033.jpg (id=1205)	9de86e46f563e13acf19ab9f3df9499233ce1b1141df62ceffc5f5e0e541d61b	61092	Ἀγορησός	42	Α42	0.750000	99821	Ἀρκόνησος	0.666667	0.083333	αγροησοσ	αγορησοσ
135501	Ἄγραι καὶ Ἄγρα		meineke_page_033.jpg	33	8668	ocr	OCR from image meineke_page_033.jpg (id=1205)	4958b6a50af7de0df7e14b61324f6035835ba4a85a176575c320eccd8b508bfe	61093	Ἄγρα καὶ Ἄγραι	43	Α43	0.833333	102793	Ἄτραξ καὶ Ἀτρακία	0.600000	0.233333	αγραικαιαγρα	αγρακαιαγραι
135503	Ἀγαυλή	1	meineke_page_034.jpg	34	8670	ocr	OCR from image meineke_page_034.jpg (id=1206)	0cad1aba402ea4f82a19958f74296f2717cb374f46e53ddd92d4700c81853594	61095	Ἀγραυλή	45	Α45	0.857143	61071	Ἀγάθη	0.666667	0.190476	αγαυλη	αγραυλη
135505	Ἀγρία	3	meineke_page_034.jpg	34	8672	ocr	OCR from image meineke_page_034.jpg (id=1206)	55340ccbc42d377a5456810ffe8013885388329a1f2792c3034be6bdde89a707	61097	Ἀγρίαι	47	Α47	0.833333	61098	Ἄγρισα	0.833333	0.000000	αγρια	αγριαι
135506	Ἀγείσα	1	meineke_page_035.jpg	35	8673	ocr	OCR from image meineke_page_035.jpg (id=1207)	fda2807278927dde95f313e2edb1826d381c9da0a565583856dab3cf355c82f4	61098	Ἄγρισα	48	Α48	0.833333	61144	Αἴγειρα	0.714286	0.119048	αγεισα	αγρισα
135507	Θεσμοφοριαζούσαις	1	meineke_page_036.jpg	36	8674	ocr	OCR from image meineke_page_036.jpg (id=1208)	6ae8cf8e28db8bd42fc45b1b83a51f594fa6cd32f04317f0eff7825f2dafd9b0	42034	Συράκουσαι	323	Σ323	0.470588	20786	Θεμβρίμος	0.411765	0.058824	θεσμοφοριαζουσαισ	συρακουσαι
135509	Ἀγύριον	3	meineke_page_036.jpg	36	8676	ocr	OCR from image meineke_page_036.jpg (id=1208)	76dfd786824bf556be273e0bc55b0da27ee4151298e85fbe9612b1969c27b0db	61084	Ἀγκύριον	34	Α34	0.875000	32076	Σατύριον	0.750000	0.125000	αγυριον	αγκυριον
135510	Ἀγυζιλήνη	4	meineke_page_036.jpg	36	8677	ocr	OCR from image meineke_page_036.jpg (id=1208)	252bc7fe83287decb6a235c4706e4c03280e53163aced001477d440875a25d37	11052	Μυτιλήνη	262	Μ262	0.666667	7216	Κυλλήνη	0.555556	0.111111	αγυζιληνη	μυτιληνη
135511	Ἀγχίαλη		meineke_page_037.jpg	37	8678	ocr	OCR from image meineke_page_037.jpg (id=1209)	9497d35358bc7a36558918a040d757ee5998274c00b855ba961c106ec3b43bad	61103	Ἀγχιάλη	53	Α53	1.000000	61104	Ἀγχίση	0.714286	0.285714	αγχιαλη	αγχιαλη
135512	Ἄγχιστις		meineke_page_037.jpg	37	8679	ocr	OCR from image meineke_page_037.jpg (id=1209)	73ed25bc12574e3f509030d971742eb42d9ad97794d07a7c49173851780379c6	11940	Ὀγχηστός	8	Ο8	0.625000	61104	Ἀγχίση	0.625000	0.000000	αγχιστισ	ογχηστοσ
135513	Ἄδασσα		meineke_page_037.jpg	37	8680	ocr	OCR from image meineke_page_037.jpg (id=1209)	7a71507b9f4378882e4a737bbfc939a7fa43bbc20bd7c5f43f672546bbb9d545	22091	Θάλασσα	2	Θ2	0.714286	26683	Πάσσα	0.666667	0.047619	αδασσα	θαλασσα
135515	Ὰδανίς	1	meineke_page_039.jpg	39	19038	ocr	OCR from image meineke_page_045.jpg (id=1217)	f5be2783da4d855a9d2684baaea7f9ddfff7ee91376e329f440cee013ab37df6	32001	Σάδαλις	10	Σ10	0.714286	61053	Ἀβαντίς	0.714286	0.000000	αδανισ	σαδαλισ
135516	Ὰδαρούπολις	2	meineke_page_039.jpg	39	8683	ocr	OCR from image meineke_page_039.jpg (id=1211)	762775d60c738bea31639bbfc007097481ac14d59e078c29bdd0b57750477cfe	61106	Ἀδαρούπολις	56		1.000000	85693	Ἀνταιούπολις	0.750000	0.250000	αδαρουπολισ	αδαρουπολισ
135517	Ὰδέρκων	3	meineke_page_039.jpg	39	8684	ocr	OCR from image meineke_page_039.jpg (id=1211)	d36dc0274153ef12dc7c3622c8c0959e691608576e4ae97d1ca29b44c081e528	61107	Ἀδέρκων	57	Α57	1.000000	13839	Δερτών	0.714286	0.285714	αδερκων	αδερκων
135518	Ὰδιαβηνή	4	meineke_page_039.jpg	39	8685	ocr	OCR from image meineke_page_039.jpg (id=1211)	1074aa45bb132ab0472d5ecd577bb250d622bb713ed12ea3b232a2ab49a5884b	61108	Ἀδιαβηνή	58	Α58	1.000000	14818	Διαβήτη	0.750000	0.250000	αδιαβηνη	αδιαβηνη
135519	Ὰδουλας	5	meineke_page_039.jpg	39	8686	ocr	OCR from image meineke_page_039.jpg (id=1211)	d30c3497a4ecc4e42166015e41dd72bf7c062ec5fb20a63aa3a5d221f8a341f3	61109	Ἄδουλις	59	Α59	0.857143	13816	Δαυλίς	0.571429	0.285714	αδουλασ	αδουλισ
135520	Ἀδραμύττειον		meineke_page_040.jpg	40	8687	ocr	OCR from image meineke_page_040.jpg (id=1212)	3ee5cc6456281c99467b2176149bdeb927928b54c8372810c699a5877893784c	61110	Ἀδραμύτειον	60	Α60	0.916667	61111	Ἀδράμυττις	0.750000	0.166667	αδραμυττειον	αδραμυτειον
135521	Ἀδραμύντις		meineke_page_040.jpg	40	8688	ocr	OCR from image meineke_page_040.jpg (id=1212)	fb63712735af20b4c8337626335961ac8e35cff9620d5137dfe5471c30fa333f	61111	Ἀδράμυττις	61	Α61	0.900000	61110	Ἀδραμύτειον	0.636364	0.263636	αδραμυντισ	αδραμυττισ
135522	Ἀδραήνη		meineke_page_040.jpg	40	8689	ocr	OCR from image meineke_page_040.jpg (id=1212)	f6a3db1aaf109653c6299811f686e03c2777e75851b858c338bd9d6e7a3548aa	61112	Ἀδράνη	62	Α62	0.857143	61108	Ἀδιαβηνή	0.750000	0.107143	αδραηνη	αδρανη
135523	Ἀδρανόν		meineke_page_041.jpg	41	19041	ocr	OCR from image meineke_page_047.jpg (id=1219)	2e572349dd2f37bd149bdcbf081c9f1e5dfc783ea998f846408a4b43048967db	61113	Ἀδρανόν	63	Α63	1.000000	61112	Ἀδράνη	0.714286	0.285714	αδρανον	αδρανον
135524	Ἀδραστεία		meineke_page_041.jpg	41	19042	ocr	OCR from image meineke_page_047.jpg (id=1219)	4de9a89051fd9826985cfe47fe68a4838d6e04129081a515bad4bde4d87ba6eb	61114	Ἀδράστεια	64	Α64	1.000000	85723	Ἀπεράντεια	0.700000	0.300000	αδραστεια	αδραστεια
135525	Ἀδρία		meineke_page_041.jpg	41	8692	ocr	OCR from image meineke_page_041.jpg (id=1213)	ab3f5a280673b08f840baa95308946f386a4b08d6abf97062f18677407ad721a	61115	Ἀδρία	65	Α65	1.000000	85680	Ἀνδρία	0.833333	0.166667	αδρια	αδρια
135526	Ἀδρόττα	1	meineke_page_042.jpg	42	8693	ocr	OCR from image meineke_page_042.jpg (id=1214)	93c2750bacb21607b1acbe65412ee923ff3a0699eb2693df38d593223a273c56	61116	Ἄδροττα	66	Α66	1.000000	3278	Κόροντα	0.571429	0.428571	αδροττα	αδροττα
135527	Ἀδρύμης / Ἀδρύμητος	2	meineke_page_042.jpg	42	8694	ocr	OCR from image meineke_page_042.jpg (id=1214)	e1b144d1c21223e49a7e426bbf897c99b72534de8a3cb3fa51d4d9e18f58e954	61117	Ἀδρύμης, Ἀδρύμητος	67	Α67	1.000000	82928	Ἀμήστρατος	0.500000	0.500000	αδρυμησαδρυμητοσ	αδρυμησαδρυμητοσ
135528	Ἀδρύμητος	3	meineke_page_043.jpg	43	8695	ocr	OCR from image meineke_page_043.jpg (id=1215)	a605953749c64a8b09bd07bbde48cd0615c25b71c7144bf1c56d0caf04e89f94	61111	Ἀδράμυττις	61	Α61	0.600000	99852	Ἀρτύμνησος	0.600000	0.000000	αδρυμητοσ	αδραμυττισ
135529	Ἀδυς	4	meineke_page_043.jpg	43	8696	ocr	OCR from image meineke_page_043.jpg (id=1215)	277477cde53c13f364a9d7053a245770c66b9d6099156c9a568778797c339734	2466	Καοῦς	64	Κ64	0.600000	61118	Ἄδρυξ	0.600000	0.000000	αδυσ	καουσ
135530	Ἀδυμαχίδα	8	meineke_page_043.jpg	43	8697	ocr	OCR from image meineke_page_043.jpg (id=1215)	989aad5f7ee9e8226ff9460fb701556f28128b088860ccc770680b40f7e5c13e	61119	Ἀδυρμαχίδαι	69	Α69	0.818182	17049	Ἐλυμαία	0.555556	0.262626	αδυμαχιδα	αδυρμαχιδαι
135531	Ἀδρεία	9	meineke_page_043.jpg	43	19043	ocr	OCR from image meineke_page_047.jpg (id=1219)	30366d3682f081e72a33d51a81e6bd9d704215fd171198629f6e84fcba463026	61115	Ἀδρία	65	Α65	0.833333	2059	Καδμεία	0.714286	0.119048	αδρεια	αδρια
135532	Ἀζανία	19	meineke_page_043.jpg	43	8699	ocr	OCR from image meineke_page_043.jpg (id=1215)	299bdc27af7e1fafc92d9046fa6453c8319bf97d310a49702f4bfeda1328f95e	61121	Ἀζανία	71	Α71	1.000000	61124	Ἁζηνιά	0.833333	0.166667	αζανια	αζανια
135533	Ἀζάνοι		meineke_page_044.jpg	44	8700	ocr	OCR from image meineke_page_044.jpg (id=1216)	288bdd507516e8ce4ab919877ab288caa60c2afe5bf9e549e5b6b8d672ff05f1	61122	Ἀζανοί	72	Α72	1.000000	99806	Ἀριανοί	0.714286	0.285714	αζανοι	αζανοι
135535	Ὰδαρουπόλις	2	meineke_page_045.jpg	45	8702	ocr	OCR from image meineke_page_045.jpg (id=1217)	6ed332c75caec7e822368943028764372c197ca0e0f48aab5adc22d4f5927f9a	61106	Ἀδαρούπολις	56		1.000000	85693	Ἀνταιούπολις	0.750000	0.250000	αδαρουπολισ	αδαρουπολισ
135536	Ὰδέχεων	3	meineke_page_045.jpg	45	8703	ocr	OCR from image meineke_page_045.jpg (id=1217)	2b5ec8b8b07e53fd897f8144b27d81f16ba2adcb6aa7ebdc94cd1a0edcdd069a	61107	Ἀδέρκων	57	Α57	0.714286	10212	Μεδεών	0.571429	0.142857	αδεχεων	αδερκων
135538	Ὰδουλᾶς	5	meineke_page_045.jpg	45	8705	ocr	OCR from image meineke_page_045.jpg (id=1217)	2da264fbeda98eb97a7c5214b7ddf9f92b4b3010c4bbb6c868d98c8e59d97c20	61109	Ἄδουλις	59	Α59	0.857143	13816	Δαυλίς	0.571429	0.285714	αδουλασ	αδουλισ
135541	Ἀδραάνη		meineke_page_046.jpg	46	8707	ocr	OCR from image meineke_page_046.jpg (id=1218)	03e0491d1aa5b059536371d10aa5504cc400b44d450175c24f638fec2066ee5c	61112	Ἀδράνη	62	Α62	0.857143	105813	Ἀχριάνη	0.714286	0.142857	αδραανη	αδρανη
135546	Ἀθορτα		meineke_page_048.jpg	48	8712	ocr	OCR from image meineke_page_048.jpg (id=1220)	75ac3866c11a1ad4865080cf3806147a420fd5bb9782c62521e81143be20ccea	61090	Ἀγορά	40	Α40	0.666667	32032	Σάμορνα	0.571429	0.095238	αθορτα	αγορα
135547	Ἀθύμης / Ἀθυμητος		meineke_page_048.jpg	48	8713	ocr	OCR from image meineke_page_048.jpg (id=1220)	38fb56d0886bb06d711f3632fb574429f511dd2a4f934cdc44c6d0bf3ef0bcb6	61117	Ἀδρύμης, Ἀδρύμητος	67	Α67	0.750000	82928	Ἀμήστρατος	0.500000	0.250000	αθυμησαθυμητοσ	αδρυμησαδρυμητοσ
135548	Ἀθυμητος	1	meineke_page_049.jpg	49	8714	ocr	OCR from image meineke_page_049.jpg (id=1221)	a5f675fa87a07f8540f045fecba38c16bf28b08564f7e39a0ca41f79e2c504ae	61022	Ὑμηττός	29	Υ29	0.625000	80207	Ἄκυτος	0.625000	0.000000	αθυμητοσ	υμηττοσ
135549	Ἀδρευς	2	meineke_page_049.jpg	49	8715	ocr	OCR from image meineke_page_049.jpg (id=1221)	89597bc580ce0e100646d682a17ffbcfe94f0c02666450341418019770ce788e	15927	Δρῦς	138	Δ138	0.666667	61012	Ὑδροῦς	0.666667	0.000000	αδρευσ	δρυσ
135550	Ἀδραματιαι	3	meineke_page_049.jpg	49	8716	ocr	OCR from image meineke_page_049.jpg (id=1221)	c0ce96b78f45c25de729f1e264cb8cb616b7288e68becbf88965d2c86d124491	102792	Ἀτραμῖται	522	Α522	0.700000	61110	Ἀδραμύτειον	0.636364	0.063636	αδραματιαι	ατραμιται
135551	Ἀρειᾳ	4	meineke_page_049.jpg	49	8717	ocr	OCR from image meineke_page_049.jpg (id=1221)	5f045b3af27185142312fa33050188277d3da106fa4673438eca9f7c08416f96	9008	Μάρεια	67	Μ67	0.833333	99805	Ἀρία	0.800000	0.033333	αρεια	μαρεια
135552	Ἀζανια	5	meineke_page_049.jpg	49	8718	ocr	OCR from image meineke_page_049.jpg (id=1221)	36ba59bb3ef317e42af651bb91a555821ef7f4836614ce4af12ae9f54802eaa5	61121	Ἀζανία	71	Α71	1.000000	61124	Ἁζηνιά	0.833333	0.166667	αζανια	αζανια
135553	Ἄταλνα		meineke_page_050.jpg	50	8719	ocr	OCR from image meineke_page_050.jpg (id=1222)	f60591d63e4affc55baff48d99b72d6aaecd60dc0d05ee7276a2d235986c6f12	102784	Ἄταρνα	514	Α514	0.833333	23669	Ἰταλία	0.666667	0.166667	αταλνα	αταρνα
135554	μετιλουωθα		meineke_page_051.jpg	51	8720	ocr	OCR from image meineke_page_051.jpg (id=1223)	70970acb335bf8edc667cb8d3cd7bce42b33db6a8bf910fe0941df32d1be45b5	9615	Μελίτουσα	135	Μ135	0.600000	8959	Μαινόβωρα	0.500000	0.100000	μετιλουωθα	μελιτουσα
135555	Ἀζεύται		meineke_page_051.jpg	51	8721	ocr	OCR from image meineke_page_051.jpg (id=1223)	d7367ad707111d588847aeb5c946413e9b0a4962279414812499df810de3f3b8	61123	Ἀζειῶται	73	Α73	0.750000	102823	Ἀφεταί	0.714286	0.035714	αζευται	αζειωται
135556	Ἀζηνιά		meineke_page_051.jpg	51	8722	ocr	OCR from image meineke_page_051.jpg (id=1223)	032cfb692e14902d75faae3f95b5d84d1e3bf789ade5a1ec335f50344fe3d400	61124	Ἁζηνιά	74	Α74	1.000000	61121	Ἀζανία	0.833333	0.166667	αζηνια	αζηνια
135557	Ἀζιλις		meineke_page_051.jpg	51	8723	ocr	OCR from image meineke_page_051.jpg (id=1223)	fe91c31355c07ed8256285358975bcbaea183492c54a7f0c8b56ebd203cb12f6	61125	Ἄζιλις	75	Α75	1.000000	105868	Βάσιλις	0.714286	0.285714	αζιλισ	αζιλισ
135558	Ἀζωρος		meineke_page_051.jpg	51	8724	ocr	OCR from image meineke_page_051.jpg (id=1223)	eb0525805d9f0e3bc0729e8bdf5fa4729c77bc6a9fbfaec794e3c76798cfc55e	61126	Ἄζωρος	76	Α76	1.000000	121780	Γάζωρος	0.857143	0.142857	αζωροσ	αζωροσ
135559	Ἀψωρεάτις / Ἀψωρεῖς	1	meineke_page_052.jpg	52	8725	ocr	OCR from image meineke_page_052.jpg (id=1224)	b44f6db680980ac0f920d8413c2e5a95061f76714167986de0a5cdac265fc290	2079	Καισάρεια	16	Κ16	0.437500	11094	Νεοκαισάρεια	0.437500	0.000000	αψωρεατισαψωρεισ	καισαρεια
135560	Ἄσωτος	2	meineke_page_052.jpg	52	8726	ocr	OCR from image meineke_page_052.jpg (id=1224)	df6de37e96cea3390a652dbba8717c6833eaeda069ef6d45ef0a589c58fddad0	99860	Ἄσβωτος	471	Α471	0.857143	61127	Ἄζωτος	0.833333	0.023810	ασωτοσ	ασβωτοσ
135562	Ἀθαραφβις / Ἀθαραφβίς	4	meineke_page_052.jpg	52	8728	ocr	OCR from image meineke_page_052.jpg (id=1224)	8fc1452718f7ceb1e730a044e6894e5278cdeb008743929cfffcf903be5865f4	61129	Ἀθάρραβις	79	Α79	0.500000	2473	Κάραλλις ἢ Καράλλεια	0.444444	0.055556	αθαραφβισαθαραφβισ	αθαρραβισ
135564	Ἀθηναῖος	1	meineke_page_053.jpg	53	8730	ocr	OCR from image meineke_page_053.jpg (id=1225)	751fca78ccaba696f4dded82becd3b50cf885b53fcd69d8fe49a5c5c98bf1b22	61130	Ἀθῆναι	80	Α80	0.750000	3555	Κυδαθήναιον	0.636364	0.113636	αθηναιοσ	αθηναι
135565	Λιάδας		meineke_page_054.jpg	54	8731	ocr	OCR from image meineke_page_054.jpg (id=1226)	f523444cfd07966f4cc7944042c2e3817868425596dcf580216907f92d772b24	8895	Λίνδος	73	Λ73	0.666667	8903	Λίχανδος	0.625000	0.041667	λιαδασ	λινδοσ
135566	Λάβις		meineke_page_054.jpg	54	8732	ocr	OCR from image meineke_page_054.jpg (id=1226)	c31d11d19c9a403be7949b61f7dc9c0123b7431fbab8052b03115b6926309cde	20845	Ἴαβις	1	Ι1	0.800000	44210	Τάβις	0.800000	0.000000	λαβισ	ιαβισ
135567	Λάμνον		meineke_page_054.jpg	54	8733	ocr	OCR from image meineke_page_054.jpg (id=1226)	9fd610fd7d276c7b7adbd7a713b190df56d2e3c8f33e392783e520b6100b93b1	32030	Σάμνιον	39	Σ39	0.714286	8031	Λάμψος	0.666667	0.047619	λαμνον	σαμνιον
135568	Λάμψα		meineke_page_054.jpg	54	19338	ocr	OCR from image meineke_page_435.jpg (id=1607)	7bd05922fd1092ca91a75c5ffc9bc6d3f714c1da7a0a56c50f944b50755a1e46	32038	Σάμψα	47	Σ47	0.800000	8031	Λάμψος	0.666667	0.133333	λαμψα	σαμψα
135569	Λάψακος		meineke_page_054.jpg	54	8735	ocr	OCR from image meineke_page_054.jpg (id=1226)	4cfa822f6d2494f51e0587a2dfcb8d8f0b4ba69650ac2153f284d5d9471de6c3	8030	Λάμψακος	34	Λ34	0.875000	20778	Θάψακος	0.857143	0.017857	λαψακοσ	λαμψακοσ
135571	Αιαμηνή		meineke_page_056.jpg	56	8737	ocr	OCR from image meineke_page_056.jpg (id=1228)	cd7dec1cd6e4c746abe68870d3c0ad0481355311012b23be0766c772fb0879ab	61137	Αἰαμηνή	87	Α87	1.000000	61108	Ἀδιαβηνή	0.750000	0.250000	αιαμηνη	αιαμηνη
135572	Αἰανή		meineke_page_056.jpg	56	8738	ocr	OCR from image meineke_page_056.jpg (id=1228)	5cc4a1a1726adebfd95f3fc74a9cc2689569be8831cd9fc04a8c0d7e3a2f1420	61138	Αἰανή	88	Α88	1.000000	61194	Αἴτνη	0.800000	0.200000	αιανη	αιανη
135573	Αἰανῖτις		meineke_page_056.jpg	56	8739	ocr	OCR from image meineke_page_056.jpg (id=1228)	05b81864312b656a46078260d6bd7037e6d7b89048a9c0f8a8e9f82dc5971343	61139	Αἰανῖτις	89	Α89	1.000000	61053	Ἀβαντίς	0.750000	0.250000	αιανιτισ	αιανιτισ
135574	Αἰβοῦδαι		meineke_page_056.jpg	56	8740	ocr	OCR from image meineke_page_056.jpg (id=1228)	6148a1b9b245140a0a1a20d3cc093773940d9c08de29b68672b00a5f545cb4ce	61140	Αἰβοῦδαι	90	Α90	1.000000	61141	Αἴβουρα	0.750000	0.250000	αιβουδαι	αιβουδαι
135575	Αἰβοῦρα		meineke_page_056.jpg	56	8741	ocr	OCR from image meineke_page_056.jpg (id=1228)	e080609735df76fbc9915ad7ce839e64c1dbb7984da3be16f829c614f765189e	61141	Αἴβουρα	91	Α91	1.000000	61140	Αἰβοῦδαι	0.750000	0.250000	αιβουρα	αιβουρα
135576	Αἴγα	1	meineke_page_057.jpg	57	8742	ocr	OCR from image meineke_page_057.jpg (id=1229)	b9d2f7f69606813c41e46437ebde468013ac09c2c016f10f30300f7c2386ed8b	61142	Αἰγά	92	Α92	1.000000	61136	Αἶα	0.750000	0.250000	αιγα	αιγα
135577	Μηλοβότιεια & Αἴγειρα	1	meineke_page_058.jpg	58	8743	ocr	OCR from image meineke_page_058.jpg (id=1230)	97022b6751dad9233cb95aedad04efd0b5100d829f5299429a7ee49d88d651d3	12823	Ὀλόβαγρα	49	Ο49	0.388889	41976	Στάγειρα	0.388889	0.000000	μηλοβοτιειααιγειρα	ολοβαγρα
135578	Αἰγείρουσα		meineke_page_059.jpg	59	8744	ocr	OCR from image meineke_page_059.jpg (id=1231)	2392948743b344ea78f07bc499a1f776bc63296f5e690ed05c77f7cd8bf0a35e	61145	Αἰγειροῦσσα	96	Α96	0.909091	61144	Αἴγειρα	0.700000	0.209091	αιγειρουσα	αιγειρουσσα
135579	Αἰγεστάσιοι		meineke_page_059.jpg	59	8745	ocr	OCR from image meineke_page_059.jpg (id=1231)	ed4e4ebaa0dc91c3e107112cf8b351b6bd3d04dedd1cb50f3b9eb05891b9fc52	61146	Αἰγεσταῖοι	97	Α97	0.909091	102804	Αὐγάσιοι	0.636364	0.272727	αιγεστασιοι	αιγεσταιοι
135580	Αἴγις		meineke_page_059.jpg	59	8746	ocr	OCR from image meineke_page_059.jpg (id=1231)	26d68de47f9082b16fd48f34c704f2fe68e6f8228bc51f65589b172c08b93c66	61147	Αἰγηίς	98	Α98	0.833333	61162	Αἶγυς	0.800000	0.033333	αιγισ	αιγηισ
135582	Αἴγιαλος		meineke_page_059.jpg	59	8748	ocr	OCR from image meineke_page_059.jpg (id=1231)	89901bd6f586285a717729240e6176ca716785ba00043493468ee6b3189d5047	61149	Αἰγιαλός	100	Α100	1.000000	96969	Ἄργιλος	0.750000	0.250000	αιγιαλοσ	αιγιαλοσ
135583	Αἰγιχόρευς		meineke_page_059.jpg	59	8749	ocr	OCR from image meineke_page_059.jpg (id=1231)	4733d1289fa93965266f111a7f7117d008cbf64df930d12ec089c82eb3814066	61150	Αἰγικόρεως	101	Α101	0.800000	61153	Αἰγίμορος	0.700000	0.100000	αιγιχορευσ	αιγικορεωσ
135584	Αἰγικορεῖς		meineke_page_060.jpg	60	8750	ocr	OCR from image meineke_page_060.jpg (id=1232)	32e714cd19e06d82acb77eccab617077d9a7b3766168b10680bc89efbf51277b	61150	Αἰγικόρεως	101	Α101	0.900000	61153	Αἰγίμορος	0.700000	0.200000	αιγικορεισ	αιγικορεωσ
135585	Αἰγιλιά		meineke_page_060.jpg	60	8751	ocr	OCR from image meineke_page_060.jpg (id=1232)	c9f039dc7e9a3c83e0d31dc15285c5dc68c1f55e7718fb4f39bc8fd4fbdfe69a	61151	Αἰγιλιά	102	Α102	1.000000	61152	Αἰγίλιψ	0.857143	0.142857	αιγιλια	αιγιλια
135586	Αἰγίλυμ		meineke_page_060.jpg	60	8752	ocr	OCR from image meineke_page_060.jpg (id=1232)	2ba5611111d41cac28901d0df5bcff2c066b6ae389517eb172eb687179be1e1a	61151	Αἰγιλιά	102	Α102	0.714286	61152	Αἰγίλιψ	0.714286	0.000000	αιγιλυμ	αιγιλια
135587	Αἰγίλιπος		meineke_page_061.jpg	61	8753	ocr	OCR from image meineke_page_061.jpg (id=1233)	826ac54989464e82934d179bc2f0119aa67e80fae61414f7af77450afcde04d7	61149	Αἰγιαλός	100	Α100	0.666667	61151	Αἰγιλιά	0.666667	0.000000	αιγιλιποσ	αιγιαλοσ
135588	Αἴγινα		meineke_page_061.jpg	61	8754	ocr	OCR from image meineke_page_061.jpg (id=1233)	1e55346eddab65d0a369e11bb3f9519d902942852eafae5df9fd292c0d3d06d3	61154	Αἴγιναι γ	105	Α105	0.750000	28336	Πίγινδα	0.714286	0.035714	αιγινα	αιγιναιγ
135589	Αἰγιν-		meineke_page_062.jpg	62	8755	ocr	OCR from image meineke_page_062.jpg (id=1234)	3ccadab8924a0e4b3107a3030c48916cf0e944df1041c02847f82b32628f7c81	61157	Αἴγιον	108	Α108	0.833333	61147	Αἰγηίς	0.666667	0.166667	αιγιν	αιγιον
135591	Αἰγόσθενᾰ	2	meineke_page_063.jpg	63	8757	ocr	OCR from image meineke_page_063.jpg (id=1235)	f47877effd5f2d7dc0900200a7785bc16d306c49bc2e3cc278b93c685429153f	61158	Αἰγόσθενα	109	Α109	1.000000	8462	Λυκοσθένη	0.555556	0.444444	αιγοσθενα	αιγοσθενα
135595	Αἰγώνεια	2	meineke_page_064.jpg	64	8761	ocr	OCR from image meineke_page_064.jpg (id=1236)	ddd5eb59374781470d4823b7204facfcc0a0b45125d10fea7a481fc2362d4648	61163	Αἰγάνεια	114	Α114	0.875000	61185	Αἰξώνεια	0.875000	0.000000	αιγωνεια	αιγανεια
135598	Αιδούσιοι		meineke_page_065.jpg	65	8764	ocr	OCR from image meineke_page_065.jpg (id=1237)	fda7c8ca65ea6918dbfbaacba319bfd01d6aacebf7774453db153d0805d84831	61166	Αἰδούσιοι	117	Α117	1.000000	2061	Καδούσιοι	0.777778	0.222222	αιδουσιοι	αιδουσιοι
135599	Αἰξιή		meineke_page_065.jpg	65	8765	ocr	OCR from image meineke_page_065.jpg (id=1237)	b674abf51b884fb109b01e2639773dbe783935403426abff679f9afc2f6eecc6	61167	Αἰζική	118	Α118	0.666667	61138	Αἰανή	0.600000	0.066667	αιξιη	αιζικη
135600	Αἴθαλα		meineke_page_065.jpg	65	8766	ocr	OCR from image meineke_page_065.jpg (id=1237)	3a0f67f5aa2f6414860030c789f54c8a87c0f042bd068fed471f78eb41addd39	61168	Αἴθαια	119	Α119	0.833333	61169	Αἰθάλη	0.833333	0.000000	αιθαλα	αιθαια
135601	Αἴθαλη		meineke_page_065.jpg	65	8767	ocr	OCR from image meineke_page_065.jpg (id=1237)	a0dabbe77c4d5696226f601d17cfecb33025a25758a15e83c638eb98b0d36045	61169	Αἰθάλη	120	Α120	1.000000	22212	Ἰθάκη	0.666667	0.333333	αιθαλη	αιθαλη
135602	Αἰθαλιδεύς		meineke_page_065.jpg	65	8768	ocr	OCR from image meineke_page_065.jpg (id=1237)	f4713ea7b9bc10f315c3f8987bd20c718c3f08d80d4fd8e9a7022c363cd97368	61170	Αἰθαλίδαι	121	Α121	0.700000	96977	Ἀρδαλίδες	0.700000	0.000000	αιθαλιδευσ	αιθαλιδαι
135603	Αἴθηρ		meineke_page_065.jpg	65	8769	ocr	OCR from image meineke_page_065.jpg (id=1237)	bafcb26a771854df0688c83f74b64c16437c12139e5204940e55f95ea1700331	61171	Αἰθήρ	122	Α122	1.000000	80241	Ἀλίφηρα	0.571429	0.428571	αιθηρ	αιθηρ
135604	Αἰθίσια	1	meineke_page_066.jpg	66	8770	ocr	OCR from image meineke_page_066.jpg (id=1238)	4a0f8a09670a1212e60d9ee8cfbcbc24c254beb74db74c28a49074f9c4cfe88b	61172	Αἰθικία	123	Α123	0.857143	61151	Αἰγιλιά	0.714286	0.142857	αιθισια	αιθικια
135606	Αἰϑόπιον	3	meineke_page_066.jpg	66	8772	ocr	OCR from image meineke_page_066.jpg (id=1238)	13e90bc9c4f99a00041c5e57360c594dfe7fa2c016e2873b4b0287059efa5c6f	61174	Αἰθόπιον	125	Α125	1.000000	17043	Ἐλλόπιον	0.625000	0.375000	αιθοπιον	αιθοπιον
135607	Αἰθιοπία		meineke_page_067.jpg	67	19067	ocr	OCR from image meineke_page_073.jpg (id=1245)	0fc640c8522dfe39037c2a4c24761f8309685dfada9f2fc5e0965df200acb988	61172	Αἰθικία	123	Α123	0.750000	61151	Αἰγιλιά	0.625000	0.125000	αιθιοπια	αιθικια
135608	Αἰλυσαεύς		meineke_page_067.jpg	67	8774	ocr	OCR from image meineke_page_067.jpg (id=1239)	55a7efd80238873b795f8d3361c3d04a9ca9f854e3eab83b9999e3119f277774	61175	Αἰθυσσεῖς	126	Α126	0.666667	61042	Ὑσαεῖς	0.555556	0.111111	αιλυσαευσ	αιθυσσεισ
135609	Αἰχαλων		meineke_page_067.jpg	67	8775	ocr	OCR from image meineke_page_067.jpg (id=1239)	627072eb589db0643a94f5f8d29af00b661cb41eea6bbd7981180dec00e5e527	61176	Αἴκαλον	127	Α127	0.714286	99865	Ἀσκάλων	0.714286	0.000000	αιχαλων	αικαλον
135610	Αἰλαιον		meineke_page_067.jpg	67	8776	ocr	OCR from image meineke_page_067.jpg (id=1239)	858133956ce283e89bf51fb3aa61da1ccbbe00d20da2f046dc95dc3535fbdcdc	61177	Ἀίλανον	128	Α128	0.857143	61186	Αἰόλειον	0.750000	0.107143	αιλαιον	αιλανον
135612	Αἰμονία	1	meineke_page_068.jpg	68	19068	ocr	OCR from image meineke_page_074.jpg (id=1246)	cde6e3ee616c6aad78361bd010bc4ff69ba8f4829fbe1f0df160d4f7f850649e	61179	Αἱμονία	130	Α130	1.000000	61211	Ἀκμονία	0.857143	0.142857	αιμονια	αιμονια
135613	Αἶμος		meineke_page_069.jpg	69	19069	ocr	OCR from image meineke_page_075.jpg (id=1247)	2997ea87717c92dc5721d27203b4b05180ee482d5aa2eeb88d85c69bba7342a4	61180	Αἷμος	131	Α131	1.000000	61184	Αἶνος	0.800000	0.200000	αιμοσ	αιμοσ
135614	Αἴνειαι		meineke_page_069.jpg	69	8780	ocr	OCR from image meineke_page_069.jpg (id=1241)	c080683547a78268c88881a7fdf2e917dc63dc42742c4843f1d401122bb3add0	61181	Αἴνεια	132	Α132	0.857143	61183	Αἰνία	0.714286	0.142857	αινειαι	αινεια
135615	Αἰνήθος		meineke_page_070.jpg	70	8781	ocr	OCR from image meineke_page_070.jpg (id=1242)	078fb2b769518ee75758fed50ac1c3692aa0eeea2306b1405b34186f637c90bd	61182	Αἴνηθος	133	Α133	1.000000	37851	Σίνθος	0.714286	0.285714	αινηθοσ	αινηθοσ
135616	Αἰνόθεν		meineke_page_071.jpg	71	8782	ocr	OCR from image meineke_page_071.jpg (id=1243)	6339a650eda21125400fd4e72faf4ad4a1a0760534f973004fb2e4bd876078bc	61158	Αἰγόσθενα	109	Α109	0.666667	8896	Λίνον	0.571429	0.095238	αινοθεν	αιγοσθενα
135617	Αἰξωνεία		meineke_page_071.jpg	71	8783	ocr	OCR from image meineke_page_071.jpg (id=1243)	3c5fffd1d96c6aa0f4159cdd70a544bb87c2296104164e2f36964c3942855076	61185	Αἰξώνεια	136	Α136	1.000000	125146	Χαιρώνεια	0.777778	0.222222	αιξωνεια	αιξωνεια
135618	Αἰόλειον	1	meineke_page_072.jpg	72	19073	ocr	OCR from image meineke_page_078.jpg (id=1250)	4aa70898f224dc3d5ea3898bb9aa8933d07e155a0b9bbb2b28068e65442aff14	61186	Αἰόλειον	137	Α137	1.000000	135422	Φιλομήλειον	0.636364	0.363636	αιολειον	αιολειον
135620	Αἰπεία	3	meineke_page_072.jpg	72	8786	ocr	OCR from image meineke_page_072.jpg (id=1244)	67877b84d60b14e09d379d4a843e8ef101c13bf7daa64ede75427cae4abd9656	61188	Αἴπεια	139	Α139	1.000000	61181	Αἴνεια	0.833333	0.166667	αιπεια	αιπεια
135622	Αἴχαλον	2	meineke_page_073.jpg	73	8788	ocr	OCR from image meineke_page_073.jpg (id=1245)	ac6dfdd0c6df545143aed15044b804ab3e35f95f6f2f547ca20169ffb7874bef	61176	Αἴκαλον	127	Α127	0.857143	61177	Ἀίλανον	0.714286	0.142857	αιχαλον	αικαλον
135623	Αἴλανον	3	meineke_page_073.jpg	73	8789	ocr	OCR from image meineke_page_073.jpg (id=1245)	be9cfc352b4f9741d0a4cd7f733c009afc455810de092057e745c52ab16efc73	61177	Ἀίλανον	128	Α128	1.000000	61113	Ἀδρανόν	0.714286	0.285714	αιλανον	αιλανον
135624	Αἴλια	4	meineke_page_073.jpg	73	8790	ocr	OCR from image meineke_page_073.jpg (id=1245)	7dbb5238a2d8a9964a8d21169c508dd46d72249fecd1f5882cd64b848137b470	61178	Αἰλία	129	Α129	1.000000	61187	Αἰολία	0.833333	0.166667	αιλια	αιλια
135626	Αἰμονο-		meineke_page_075.jpg	75	8792	ocr	OCR from image meineke_page_075.jpg (id=1247)	f6efd89523ee036714eb4b8175f822738995884b642bd98b64ddfbb1d628e7c6	61132	Ἅθμονον	82	Α82	0.714286	61179	Αἱμονία	0.714286	0.000000	αιμονο	αθμονον
135628	Αἰνεία		meineke_page_075.jpg	75	8794	ocr	OCR from image meineke_page_075.jpg (id=1247)	18e477289e36772d849cb6c28b2086284d28ea9160b055fd64f650472c1a477e	61181	Αἴνεια	132	Α132	1.000000	61183	Αἰνία	0.833333	0.166667	αινεια	αινεια
135630	Αἴνια		meineke_page_076.jpg	76	8796	ocr	OCR from image meineke_page_076.jpg (id=1248)	a5e2d68f559cecb1bf919cf0160195204e335f3380c488ffc5a8091c6223d272	61183	Αἰνία	134	Α134	1.000000	61181	Αἴνεια	0.833333	0.166667	αινια	αινια
135633	Αἰξωνία		meineke_page_077.jpg	77	8799	ocr	OCR from image meineke_page_077.jpg (id=1249)	70103105a073885361ad6e3935f43ec6e0ecab206efcc8127f4f5133a36e4e52	61185	Αἰξώνεια	136	Α136	0.875000	10290	Μιλωνία	0.714286	0.160714	αιξωνια	αιξωνεια
135638	Αἴσαι		meineke_page_079.jpg	79	8804	ocr	OCR from image meineke_page_079.jpg (id=1251)	dc93277d73670be3fbedd06bf5c9d6f67292bf0edc3a9710ddf1fcfb4f39c3fa	61190	Αἰραί	141	Α141	0.800000	61191	Αἶσα	0.800000	0.000000	αισαι	αιραι
135640	Αἰσύμη		meineke_page_079.jpg	79	8806	ocr	OCR from image meineke_page_079.jpg (id=1251)	29216b03364b572ed1da67b213832931b99196d1a5326f072de4726dd9990567	61192	Αἰσύμη	143	Α143	1.000000	12808	Οἰσύμη	0.833333	0.166667	αισυμη	αισυμη
135641	Αἰσών		meineke_page_079.jpg	79	8807	ocr	OCR from image meineke_page_079.jpg (id=1251)	42c4a409250a00c1288551cbe12aa69fd391b8fd8d8b87b85f444364da0e3af0	61193	Αἰσών	144	Α144	1.000000	102816	Αὔσων	0.800000	0.200000	αισων	αισων
135642	Αἰῶον		meineke_page_080.jpg	80	8808	ocr	OCR from image meineke_page_080.jpg (id=1252)	cabf175f22b19f823d0793e9e9812635a1b1f2f3940df4cd6c0b7ed70a1a4525	61157	Αἴγιον	108	Α108	0.666667	82897	Ἀλώιον	0.666667	0.000000	αιωον	αιγιον
135643	Αἴνη	1	meineke_page_080.jpg	80	8809	ocr	OCR from image meineke_page_080.jpg (id=1252)	da3347962ec65a5ca4532295da57c76f43d3f2f7be69a07b781965b3de949677	61138	Αἰανή	88	Α88	0.800000	61194	Αἴτνη	0.800000	0.000000	αινη	αιανη
135644	Αἰτωλία	2	meineke_page_080.jpg	80	19133	ocr	OCR from image meineke_page_151.jpg (id=1323)	b912332eab83f63410df8f7702db828b6e5a392c33cc2249ca95aab8612efe4c	61195	Αἰτωλία	146	Α146	1.000000	23669	Ἰταλία	0.714286	0.285714	αιτωλια	αιτωλια
135645	Ἀκαδήμεια	1	meineke_page_081.jpg	81	8811	ocr	OCR from image meineke_page_081.jpg (id=1253)	42863b6653f7ef1eff6e83c75a268be7bb3dc2b91a8e8939e164829f9f226e8f	61196	Ἀκαδήμεια	147	Α147	1.000000	2059	Καδμεία	0.777778	0.222222	ακαδημεια	ακαδημεια
135646	Ἀκακήσιον	2	meineke_page_081.jpg	81	8812	ocr	OCR from image meineke_page_081.jpg (id=1253)	17e0d1a890716dcb68c8c0e1eb51c3b508c0c92b023a19f376bb746ae98703ff	61197	Ἀκακήσιον	148	Α148	1.000000	8997	Μαραθήσιον	0.700000	0.300000	ακακησιον	ακακησιον
135647	Ἀκαλησσοῦς / Ἀκαλήσους	3	meineke_page_081.jpg	81	8813	ocr	OCR from image meineke_page_081.jpg (id=1253)	3f26b6e4a951b322775fb9807279f1973ce7e05a65c2e44c40d322bfdef02ec6	61198	Ἀκαλησσός	149	Α149	0.473684	2635	Καύκασος	0.421053	0.052632	ακαλησσουσακαλησουσ	ακαλησσοσ
135648	Ἀκαμαντίον	4	meineke_page_081.jpg	81	8814	ocr	OCR from image meineke_page_081.jpg (id=1253)	8905f7714686e0292a2adc124274bac4fb8f37e703770eabd1bc7862788924e9	61199	Ἀκαμάντιον	150	Α150	1.000000	61213	Ἀκόντιον	0.700000	0.300000	ακαμαντιον	ακαμαντιον
135649	Ἀκανθός	5	meineke_page_081.jpg	81	8815	ocr	OCR from image meineke_page_081.jpg (id=1253)	80af4f1d6aa19d1b046cf04c1df5ad4d33b33d885300e77a8f12298fee4e14f0	61200	Ἄκανθος	151	Α151	1.000000	135363	Φάλανθος	0.750000	0.250000	ακανθοσ	ακανθοσ
135650	Ἀθαμανίας		meineke_page_082.jpg	82	8816	ocr	OCR from image meineke_page_082.jpg (id=1254)	934a63a7e2e9abebbeba6beda0942f4b798d86a01dea4d39860fdaba547b7adc	61128	Ἀθαμανία	78	Α78	0.888889	61199	Ἀκαμάντιον	0.600000	0.288889	αθαμανιασ	αθαμανια
135651	Ἄκανναί		meineke_page_082.jpg	82	8817	ocr	OCR from image meineke_page_082.jpg (id=1254)	c9ecd9603fd65ebaaba9fcaea7873f5eda3f17d57613e0e1b08b228e904f5fab	61201	Ἀκάνναι	152	Α152	1.000000	2346	Κάναι	0.714286	0.285714	ακανναι	ακανναι
135652	Ἀκαρανία		meineke_page_082.jpg	82	19080	ocr	OCR from image meineke_page_083.jpg (id=1255)	731013d60640ef32abbdf5142fe5976da2c432c47500b28023b3f7f0c08bf606	61202	Ἀκαρνανία	153	Α153	0.888889	2475	Κάρανα	0.750000	0.138889	ακαρανια	ακαρνανια
135654	Ἀκαρηα		meineke_page_083.jpg	83	19082	ocr	OCR from image meineke_page_083.jpg (id=1255)	60fa7bbde264002065b7dd67b6f068a6a42a38b1db6ddf8e38c1e5d889f2d475	61204	Ἄκαρρα	155	Α155	0.833333	2484	Καρία	0.666667	0.166667	ακαρηα	ακαρρα
135656	Ἀκεληη		meineke_page_083.jpg	83	8822	ocr	OCR from image meineke_page_083.jpg (id=1255)	b904a0e1fafa45c70da66dcb61bc248c712a8677d18c475eb45b7a9ee381e7a4	61205	Ἀκέλης	156	Α156	0.833333	61208	Ἀκέστη	0.666667	0.166667	ακεληη	ακελησ
135657	Ἀκεσαί	1	meineke_page_084.jpg	84	8823	ocr	OCR from image meineke_page_084.jpg (id=1256)	2cbb25965532503dbb0424812e77b0907be19f9216e3255c9fdeec65cc698e7a	61206	Ἀκεσαί	157	Α157	1.000000	61208	Ἀκέστη	0.666667	0.333333	ακεσαι	ακεσαι
135658	Ἀκεσαμενοί	2	meineke_page_084.jpg	84	8824	ocr	OCR from image meineke_page_084.jpg (id=1256)	f1aa932831df04d7b9211877ef81bd420bbc2172ec68ccae6c957e33e5f3507f	61207	Ἀκεσαμεναί	158	Α158	0.900000	13832	Δεξαμεναί	0.600000	0.300000	ακεσαμενοι	ακεσαμεναι
135659	Ἀκέστη	3	meineke_page_084.jpg	84	8825	ocr	OCR from image meineke_page_084.jpg (id=1256)	d8b87b03a4db6e107d14b8f620b5563b346c508069fc32441790c082678cfc47	61208	Ἀκέστη	159	Α159	1.000000	12862	Ὀρέστη	0.666667	0.333333	ακεστη	ακεστη
135661	Ἀκχαβικὸν τεῖχος / Ἀκμονία		meineke_page_085.jpg	85	8827	ocr	OCR from image meineke_page_085.jpg (id=1257)	52a23db66e53e13e2cd59400956bf87d4dad6af518ff9bb0f2c84be739f23078	61210	Ἀκκαβικὸν τεῖχος	161	Α161	0.636364	2486	Καρικὸν τεῖχος	0.545455	0.090909	ακχαβικοντειχοσακμονια	ακκαβικοντειχοσ
135662	Ἀκώναι		meineke_page_086.jpg	86	8828	ocr	OCR from image meineke_page_086.jpg (id=1258)	52b8d926b4cb963db3fff2036522d320061199baaaa50849bbcdfd81839a331c	61212	Ἀκόναι	163	Α163	0.833333	61201	Ἀκάνναι	0.714286	0.119048	ακωναι	ακοναι
135664	Ἀκούειτα		meineke_page_086.jpg	86	8830	ocr	OCR from image meineke_page_086.jpg (id=1258)	99b37b03eb5c4e9abc21fcc1fda44c9ac1fc660de98d7be228b1b67853e5fdd0	61214	Ἀκούτεια	165	Α165	0.750000	80205	Ἀκυλῖνα	0.625000	0.125000	ακουειτα	ακουτεια
135665	Ἀκουνιτανοί	1	meineke_page_087.jpg	87	8831	ocr	OCR from image meineke_page_087.jpg (id=1259)	412eb06f23134d23ad9086ba0b4c8a4de0cd79d8cb928659abe31098d8ef343d	102761	Ἀσπουργιανοί	487	Α487	0.583333	145224	Φρουρεντανοί	0.583333	0.000000	ακουνιτανοι	ασπουργιανοι
135667	Ἀκράγαντες	3	meineke_page_087.jpg	87	8833	ocr	OCR from image meineke_page_087.jpg (id=1259)	9ea8bafd9114e623fca2d0cff89c360220540d53dfa3a4113118ecdb655feea1	80193	Ἀκράγαντες	167	Α167	1.000000	121797	Γαράμαντες	0.700000	0.300000	ακραγαντεσ	ακραγαντεσ
135668	Ἀκαραιφία	1	meineke_page_088.jpg	88	8834	ocr	OCR from image meineke_page_088.jpg (id=1260)	04f98bc9ac749a059f85551198714ba48b0aa0dafb23358733bb17447e581143	80194	Ἀκραιφία	168	Α168	0.888889	61202	Ἀκαρνανία	0.666667	0.222222	ακαραιφια	ακραιφια
135669	Ἀκιλλα	2	meineke_page_088.jpg	88	8835	ocr	OCR from image meineke_page_088.jpg (id=1260)	f292e0c4d41a1c2a51a2ef7807f1b6d3f451b7ad1f1b768affdd2198e256673b	80195	Ἄκριλλα	169	Α169	0.857143	8963	Μάκαλλα	0.714286	0.142857	ακιλλα	ακριλλα
135670	Ἀκορθωοι	3	meineke_page_088.jpg	88	8836	ocr	OCR from image meineke_page_088.jpg (id=1260)	0599fa0552126929767ac5e63a83c4aa64c0bfcbf69f9b9e940f3db19984f3cf	80196	Ἀκρόθωοι	170	Α170	0.750000	3266	Κοραξοί	0.625000	0.125000	ακορθωοι	ακροθωοι
135671	Ἀκοροθιρνθος	4	meineke_page_088.jpg	88	8837	ocr	OCR from image meineke_page_088.jpg (id=1260)	38736f82fd99eab374763be3e3befc709fea1f37ff9c2b28cbb9be494ad367d4	3269	Κόρινθος	161	Κ161	0.666667	80197	Ἀκροκόρινθος	0.666667	0.000000	ακοροθιρνθοσ	κορινθοσ
135672	Ἀκρολιμνα	5	meineke_page_088.jpg	88	8838	ocr	OCR from image meineke_page_088.jpg (id=1260)	c64085f37eda818dd31077948a279ffa3c87037a8d0501799d2616ab5ec7eb51	80205	Ἀκυλῖνα	179	Α179	0.666667	2333	Κάλυμνα	0.555556	0.111111	ακρολιμνα	ακυλινα
135673	Ἀκρόπολις	6	meineke_page_088.jpg	88	8839	ocr	OCR from image meineke_page_088.jpg (id=1260)	f8a212e538f309d26b8949b0026be5be05cb5360d972a5acb6813d4c0e678e8b	80199	Ἀκρόπολις	173	Α173	1.000000	2495	Καρόπολις	0.777778	0.222222	ακροπολισ	ακροπολισ
135674	Ἀκρώρεια		meineke_page_089.jpg	89	8840	ocr	OCR from image meineke_page_089.jpg (id=1261)	c4a435753f4499b8a1675ffbe9dc704b31ab753956ed9662f4aac7415ac0887a	80200	Ἀκρώρεια	174	Α174	1.000000	80201	Ἀκρώρειοι	0.777778	0.222222	ακρωρεια	ακρωρεια
135675	Ἀκτίη		meineke_page_089.jpg	89	8841	ocr	OCR from image meineke_page_089.jpg (id=1261)	fbd260f2f9e0e9bfddd1871a4b6c16414859b0565d71be7f3d03dab13a8d8848	80202	Ἀκτή	176	Α176	0.800000	80203	Ἄκτιον	0.666667	0.133333	ακτιη	ακτη
135676	Ἀκτιον	3	meineke_page_090.jpg	90	8842	ocr	OCR from image meineke_page_090.jpg (id=1262)	aa4167b5865f3bd501b73ce07eff1a782ccd0d82b1446fbdb7b1370dc0152d27	80203	Ἄκτιον	177	Α177	1.000000	61213	Ἀκόντιον	0.750000	0.250000	ακτιον	ακτιον
135677	Ἀκυληία	4	meineke_page_090.jpg	90	8843	ocr	OCR from image meineke_page_090.jpg (id=1262)	dbbe79f2a7bb79580a660b12e0b8e08b65bdd32909f193dfa735f8c5cea1fdda	80204	Ἀκυληία	178	Α178	1.000000	80205	Ἀκυλῖνα	0.714286	0.285714	ακυληια	ακυληια
135679	Ἀκυνταναία	6	meineke_page_090.jpg	90	8845	ocr	OCR from image meineke_page_090.jpg (id=1262)	c44185636221fb24a579f8f56c7a6206a72d1eda6b13df031c2a0499794b266d	80206	Ἀκυτανία	180	Α180	0.800000	2619	Κασταναία	0.700000	0.100000	ακυνταναια	ακυτανια
135680	Ἄκυνθος		meineke_page_091.jpg	91	8846	ocr	OCR from image meineke_page_091.jpg (id=1263)	910fac28f43be4bcb3ce88f5370580bb360ab624cae842f9c5a2d7aa81b0115b	7222	Κύνθος	266	Κ266	0.857143	61200	Ἄκανθος	0.857143	0.000000	ακυνθοσ	κυνθοσ
135681	Ἀκίφας		meineke_page_091.jpg	91	8847	ocr	OCR from image meineke_page_091.jpg (id=1263)	3918c0244e0fbf643a429fc5035609cedff8fda5c319bcea27f46e79ba9c8d20	80208	Ἀκύφας	182	Α182	0.833333	39854	Σκιάς	0.666667	0.166667	ακιφασ	ακυφασ
135682	Ἀκηνοί		meineke_page_091.jpg	91	8848	ocr	OCR from image meineke_page_091.jpg (id=1263)	b317fbfe57f1b018180f587ffe4f94df0394202e2d04869ef51e637f5a91dcc8	80209	Ἀκχηνοί	183	Α183	0.857143	32008	Σακχηνοί	0.750000	0.107143	ακηνοι	ακχηνοι
135683	Ἀλαβάνδα		meineke_page_091.jpg	91	8849	ocr	OCR from image meineke_page_091.jpg (id=1263)	f8eede4184f4c74865d721450dabbf644471133ee33f29f04e024fb0a7d97ef7	80210	Ἀλάβανδα	184	Α184	1.000000	7637	Λάβρανδα	0.750000	0.250000	αλαβανδα	αλαβανδα
135684	Ἀλαβαστρά		meineke_page_091.jpg	91	8850	ocr	OCR from image meineke_page_091.jpg (id=1263)	63818090e977cd37decbe6617a788e0a708a33657135290f3afad8cdeaf4b618	80211	Ἀλάβαστρα	185	Α185	1.000000	7634	Λάβαρα	0.666667	0.333333	αλαβαστρα	αλαβαστρα
135685	Ἀλαβαστρία		meineke_page_092.jpg	92	8851	ocr	OCR from image meineke_page_092.jpg (id=1264)	b3b9dcea19b2456fb14d1a1139e469785185a21503c53101a36b27c605497921	80211	Ἀλάβαστρα	185	Α185	0.900000	2080	Καλαβρία	0.600000	0.300000	αλαβαστρια	αλαβαστρα
135686	Ἀλαβούριον		meineke_page_092.jpg	92	8852	ocr	OCR from image meineke_page_092.jpg (id=1264)	28cb974c52492d4e37889c73e5daed0e01ab283d94c564fabae29b937dab2533	80212	Ἀλαβούριον	186	Α186	1.000000	85721	Ἀπάτουρον	0.700000	0.300000	αλαβουριον	αλαβουριον
135688	Ἀλαζών		meineke_page_092.jpg	92	8854	ocr	OCR from image meineke_page_092.jpg (id=1264)	7de36b8d75856ecc57861e6e2e6340b92b80261a78840b7af1d4b1f9b02c83f1	80214	Ἀλαζών	188	Α188	1.000000	80213	Ἀλαβών	0.833333	0.166667	αλαζων	αλαζων
135690	Ἁλαί	1	meineke_page_093.jpg	93	8856	ocr	OCR from image meineke_page_093.jpg (id=1265)	592cb354dca1fb59dfb5c6dcb067299ba42875a62d6eb58e9cdecc3331874c79	80216	Ἀλαί	190	Α190	1.000000	102809	Αὐλαί	0.800000	0.200000	αλαι	αλαι
135691	Ἀλακομενίᾳ - Ἀλακομενίας		meineke_page_094.jpg	94	8857	ocr	OCR from image meineke_page_094.jpg (id=1266)	ad72c3c44541cad5d1a48664728cb9e113b44acbb71d61d9847da6fc095bb1b9	80217	Ἀλαλκομένιον	191	Α191	0.476190	80242	Ἀλκομεναί	0.428571	0.047619	αλακομενιααλακομενιασ	αλαλκομενιον
135692	Ἀλαμανοί		meineke_page_094.jpg	94	8858	ocr	OCR from image meineke_page_094.jpg (id=1266)	02a60fe3953e1921986cb838e3a1fe348fdf4a962377ae50bf622b01f80e252e	82918	Ἀμαραντοί	258	Α258	0.666667	96957	Ἀρβαξανοί	0.666667	0.000000	αλαμανοι	αμαραντοι
135693	Ἀλανός		meineke_page_094.jpg	94	8859	ocr	OCR from image meineke_page_094.jpg (id=1266)	29d32d69ec32c325c53bcfc48797bac6ab7f72b6fada51a7187d78e37b75a2ad	8977	Μαλάνιος	36	Μ36	0.750000	135363	Φάλανθος	0.750000	0.000000	αλανοσ	μαλανιοσ
135694	Ἀλαφῶδοι		meineke_page_094.jpg	94	8860	ocr	OCR from image meineke_page_094.jpg (id=1266)	30a51f367469414d3ace662553205feacc4a451dbc7852fa982d9dca756538fb	82919	Ἀμαρδοί	259	Α259	0.625000	96954	Ἀραχωτοί	0.625000	0.000000	αλαφωδοι	αμαρδοι
135695	Ἄλβα		meineke_page_094.jpg	94	8861	ocr	OCR from image meineke_page_094.jpg (id=1266)	583233efe9a6e0dfdb626d4cf0caeb0cf2002758308e9e0bd187b0336011bee3	80221	Ἄλβα	195	Α195	1.000000	80225	Ἀλέα	0.750000	0.250000	αλβα	αλβα
135696	Ἀλβαρία		meineke_page_094.jpg	94	8862	ocr	OCR from image meineke_page_094.jpg (id=1266)	79b051bf604d9e0afff5605251b8f13befd277231231b5a3b236f4917619882e	80222	Ἀλβανία	196	Α196	0.857143	80245	Ἀλλαρία	0.857143	0.000000	αλβαρια	αλβανια
135697	Ἀλβίων		meineke_page_094.jpg	94	8863	ocr	OCR from image meineke_page_094.jpg (id=1266)	56e1d3e8d2ed8b0a37c195187114f0dc5273eff0f65180625a645199d3444183	80223	Ἀλβίων	197	Α197	1.000000	80213	Ἀλαβών	0.666667	0.333333	αλβιων	αλβιων
135698	Ἀλγίδος		meineke_page_094.jpg	94	8864	ocr	OCR from image meineke_page_094.jpg (id=1266)	82128ed6c21c8f63fa94ce8144b4a40cb6267b75e1221fdcc5b9372964b40730	80224	Ἄλγιδος	198	Α198	1.000000	11064	Νάγιδος	0.714286	0.285714	αλγιδοσ	αλγιδοσ
135699	Ἄλκεα		meineke_page_094.jpg	94	8865	ocr	OCR from image meineke_page_094.jpg (id=1266)	233062fe7ee8bd42cd7d4caedf0f8db31b2622931b0a65a9b199577197ac6228	80225	Ἀλέα	199		0.800000	105845	Βάλκεια	0.714286	0.085714	αλκεα	αλεα
135700	ἐστι καὶ Θετταλίας. καὶ ἄλλη Καφητανῶν ἔθνος Κελτικὸν.	1	meineke_page_095.jpg	95	8866	ocr	OCR from image meineke_page_095.jpg (id=1267)	cfa8a6801ef1bb4f7e1f1d1c0b4f47d1acb144fcd8511df69e64b8b4bf1eedbc	39863	Σκορδίσκοι καὶ Σκίρτιοι	215	Σ215	0.288889	102796	Ἀτροπατία καὶ Ἀτροπάτιος	0.288889	0.000000	εστικαιθετταλιασκαιαλληκαφητανωνεθνοσκελτικον	σκορδισκοικαισκιρτιοι
135701	Ἀλεξάνδρειαι πόλεις ὀκτωκαίδεκα. πρώτη ἡ Αἰγυπτία	2	meineke_page_095.jpg	95	8867	ocr	OCR from image meineke_page_095.jpg (id=1267)	c8c8cd4796dde9baea671a5b707ef27956a8093de75679537d65cb61fd666185	2473	Κάραλλις ἢ Καράλλεια	71	Κ71	0.279070	7642	Λαδεψοί καὶ Τρανιψοί	0.279070	0.000000	αλεξανδρειαιπολεισοκτωκαιδεκαπρωτηηαιγυπτια	καραλλισηκαραλλεια
135702	ἀστικοί		meineke_page_096.jpg	96	8868	ocr	OCR from image meineke_page_096.jpg (id=1268)	6ddd8459b5d22bf8a6699f2f02a63d7e198ddd5b917c52079537ee5a65e525b2	99847	Ἀρτακοί	458	Α458	0.714286	102771	Ἀστακός	0.714286	0.000000	αστικοι	αρτακοι
135703	Ἀλεξανδρεύς		meineke_page_097.jpg	97	8869	ocr	OCR from image meineke_page_097.jpg (id=1269)	667ec3bae9526bb5f39de8a46c9be64a3b0ed4f3f3af20b6612d52f195044934	11086	Νεάνδρεια	25	Ν25	0.545455	32013	Σαλγανεύς	0.545455	0.000000	αλεξανδρευσ	νεανδρεια
135705	Ἀλδαία		meineke_page_098.jpg	98	8871	ocr	OCR from image meineke_page_098.jpg (id=1270)	8b31772f177b334efd0ec9f04a4f4080e72be5cfedb070b76f6e88233b4a1103	80228	Ἀλθαία	202		0.833333	80222	Ἀλβανία	0.714286	0.119048	αλδαια	αλθαια
135706	Ἀλιάρετος		meineke_page_098.jpg	98	8872	ocr	OCR from image meineke_page_098.jpg (id=1270)	04dfa3fa540f07a3900119fafc2199907405c73d2ab5a7d4bd6cf20dc1f3a242	80229	Ἁλίαρτος	203	Α203	0.888889	131923	Ὠλίαρος	0.666667	0.222222	αλιαρετοσ	αλιαρτοσ
135707	Ἀλείς		meineke_page_098.jpg	98	8873	ocr	OCR from image meineke_page_098.jpg (id=1270)	e33e89f8a3fcbe587c3a51fd6b47b151f4df71aaa92f989ee54e547cf661ae1f	80230	Ἁλιεῖς	204	Α204	0.833333	8982	Μαλόεις	0.714286	0.119048	αλεισ	αλιεισ
135708	Ἀλιζῶνες	1	meineke_page_099.jpg	99	8874	ocr	OCR from image meineke_page_099.jpg (id=1271)	efb231c43f74031cbc39ef9c79f39feec01578249be0f677419d5abc81b40b9e	80231	Ἁλιζῶνες	205	Α205	1.000000	12817	Ὀλιζών	0.625000	0.375000	αλιζωνεσ	αλιζωνεσ
135710	Ἀλίκνα	3	meineke_page_099.jpg	99	8876	ocr	OCR from image meineke_page_099.jpg (id=1271)	53ca5a7232d58530aa91c99e6c33e28af1fb4497ee9132e6a3c2d5a443d55a92	80236	Ἄλινα	210	Α210	0.833333	80234	Ἁλίκυρνα	0.750000	0.083333	αλικνα	αλινα
135711	Ἀλικύρνα	4	meineke_page_099.jpg	99	8877	ocr	OCR from image meineke_page_099.jpg (id=1271)	97ce7e351a7e28d7d4784c04db5154e32ae4f0ec4ad7cbf2373e1a9f3095aa38	80234	Ἁλίκυρνα	208	Α208	1.000000	80240	Ἁλίσαρνα	0.750000	0.250000	αλικυρνα	αλικυρνα
135712	Ἀλιμουῦς	5	meineke_page_099.jpg	99	8878	ocr	OCR from image meineke_page_099.jpg (id=1271)	4f0f466c08b751395270815051833e5ad4a1044c756da95ae5cd0be95e21f660	80235	Ἁλιμοῦς	209	Α209	0.875000	61180	Αἷμος	0.625000	0.250000	αλιμουυσ	αλιμουσ
135713	Ἀλιμούντιον		meineke_page_100.jpg	100	8879	ocr	OCR from image meineke_page_100.jpg (id=1272)	6f237b9f3750d3616d1411251a067976d6c5946a129f46192e90291bfa763b42	8423	Λαούντιον	39	Λ39	0.727273	30039	Πλούτιον	0.636364	0.090909	αλιμουντιον	λαουντιον
135715	Ἀλιμαλα		meineke_page_100.jpg	100	8881	ocr	OCR from image meineke_page_100.jpg (id=1272)	dfc04405e4ffbaac42466f18be008d836e9cf34ba83fb20fb9cc096e9de5762c	80238	Ἀλίμαλα	212	Α212	1.000000	80240	Ἁλίσαρνα	0.625000	0.375000	αλιμαλα	αλιμαλα
135716	Ἀλινδοτα		meineke_page_100.jpg	100	8882	ocr	OCR from image meineke_page_100.jpg (id=1272)	6c19c2982af9cce964259d78f241c4b619a9689b6500fec68ff9a97ad0572144	80239	Ἀλίνδοια	213	Α213	0.875000	80237	Ἄλινδα	0.750000	0.125000	αλινδοτα	αλινδοια
135717	Ἀλισαενα		meineke_page_100.jpg	100	8883	ocr	OCR from image meineke_page_100.jpg (id=1272)	d2451c3755facfbe716c598e3202f684dcaa989285fb0767503d20219de4ed8d	80240	Ἁλίσαρνα	214	Α214	0.875000	135367	Φαλάσαρνα	0.666667	0.208333	αλισαενα	αλισαρνα
135718	Ἀλιφρηνα		meineke_page_100.jpg	100	8884	ocr	OCR from image meineke_page_100.jpg (id=1272)	ae48b033c4c8dc46df3100a96aa41aba4bd9b2152df95a9adb26fd34e79eb406	80241	Ἀλίφηρα	215	Α215	0.750000	80234	Ἁλίκυρνα	0.625000	0.125000	αλιφρηνα	αλιφηρα
135719	Ἀλκομεναί		meineke_page_100.jpg	100	8885	ocr	OCR from image meineke_page_100.jpg (id=1272)	ad86f4d1b035fe3d17c35a711bab1586480cf054c240b74b11fd354a59e44424	80242	Ἀλκομεναί	216	Α216	1.000000	22196	Ἰδομεναί	0.666667	0.333333	αλκομεναι	αλκομεναι
135720	Ἀλλαλα		meineke_page_100.jpg	100	8886	ocr	OCR from image meineke_page_100.jpg (id=1272)	3cc6043b751a2ac52b979ffb6dab6bacde64991a918cd1d43f34c0d62b587f41	80243	Ἀλλαλία	217	Α217	0.857143	8980	Μαλλάδα	0.714286	0.142857	αλλαλα	αλλαλια
135721	Ἀλαντι		meineke_page_101.jpg	101	8887	ocr	OCR from image meineke_page_101.jpg (id=1273)	e9a4535bdcdeb65a1d653b065e896b5938f403b84f74f404a3d9d5aeb6ad9246	61053	Ἀβαντίς	3	Α3	0.714286	80244	Ἀλλάντη	0.714286	0.000000	αλαντι	αβαντισ
135722	Ἀλλαρεία		meineke_page_101.jpg	101	8888	ocr	OCR from image meineke_page_101.jpg (id=1273)	1edaddf07e62786079753b05e812a325e0920d314ad6b558eb269fd87a8e5ff6	80245	Ἀλλαρία	219	Α219	0.875000	80243	Ἀλλαλία	0.750000	0.125000	αλλαρεια	αλλαρια
135723	Ἀλλόβρυγες		meineke_page_101.jpg	101	8889	ocr	OCR from image meineke_page_101.jpg (id=1273)	ee7f462e6f352bce6ddd88ecf2040d0460127818cff81b61bddd4005e1fb29a9	32017	Σάλλυες	26	Σ26	0.500000	82935	Ἀμοργός	0.500000	0.000000	αλλοβρυγεσ	σαλλυεσ
135724	Ἁλμυρή		meineke_page_101.jpg	101	8890	ocr	OCR from image meineke_page_101.jpg (id=1273)	e8f90028e57d506939621128f2bffcbb71cca603a75a66370e4e6fc103b8934e	25138	Πάλμυρα	6	Π6	0.714286	80246	Ἀλμήνη	0.666667	0.047619	αλμυρη	παλμυρα
135726	Ἀλμωπία		meineke_page_101.jpg	101	8892	ocr	OCR from image meineke_page_101.jpg (id=1273)	b1988a08b1f775b60443d386883523aa5cb15f1471d9a21ea37770b2c4d86dac	80248	Ἀλμωπία	223	Α223	1.000000	82933	Ἀμμωνία	0.714286	0.285714	αλμωπια	αλμωπια
135727	Ἀλιμπος	1	meineke_page_102.jpg	102	8893	ocr	OCR from image meineke_page_102.jpg (id=1274)	824fec932ceddfcd9eeafc5e6370672213c3125c707556098fd4d83b5134849f	12834	Ὄλυμπος	60	Ο60	0.714286	61180	Αἷμος	0.714286	0.000000	αλιμποσ	ολυμποσ
135728	Ἀλοννησος	2	meineke_page_102.jpg	102	8894	ocr	OCR from image meineke_page_102.jpg (id=1274)	1f7a40b279bade05ba7095d31bbc04f44c04e5d1c7ede7ecc368ec02b2b0517e	11033	Μυόννησος	243	Μ243	0.777778	99802	Ἄρεος νῆσος	0.700000	0.077778	αλοννησοσ	μυοννησοσ
135729	Ἀλόπη (Θεσσαλίας)	3	meineke_page_102.jpg	102	8895	ocr	OCR from image meineke_page_102.jpg (id=1274)	f13733cdc65a7bb4f12a57e8d8e3b794a8b28a4800d5ef752d2dbcf6b8a23159	20802	Θεσσαλία	35	Θ35	0.571429	3292	Κοσσαία	0.428571	0.142857	αλοπηθεσσαλιασ	θεσσαλια
135732	Ἀλπειεῖς		meineke_page_103.jpg	103	8898	ocr	OCR from image meineke_page_103.jpg (id=1275)	6394b89bd8ea9f10b896ea85b11ed3360a4f8c75a07cf2f50d45829487614308	80230	Ἁλιεῖς	204	Α204	0.750000	26704	Πεδιεῖς	0.625000	0.125000	αλπειεισ	αλιεισ
135733	Ἀλπηννοί		meineke_page_103.jpg	103	8899	ocr	OCR from image meineke_page_103.jpg (id=1275)	18c01ea20ac6c3e26933cc1f6c816e763d698cc933c8555a604d93f61408fb0c	82888	Ἀλπηνοί	228	Α228	0.875000	32019	Σαλμηνοί	0.625000	0.250000	αλπηννοι	αλπηνοι
135735	Ἄλιτος		meineke_page_103.jpg	103	8901	ocr	OCR from image meineke_page_103.jpg (id=1275)	3db309bbb12a147a4787c625bec94af9b54db46b1581856d35afc2f556bb63e4	82890	Ἄλτὸς	230	Α230	0.833333	80229	Ἁλίαρτος	0.750000	0.083333	αλιτοσ	αλτοσ
135736	Ἀλιάττα		meineke_page_104.jpg	104	8902	ocr	OCR from image meineke_page_104.jpg (id=1276)	7281e3064f8b856a6393b5ebccdde20ab0f0c613fbd12d9a2bba5ab0b689231d	82891	Ἀλύαττα	231	Α231	0.857143	80229	Ἁλίαρτος	0.625000	0.232143	αλιαττα	αλυαττα
135737	Ἀλύβας		meineke_page_104.jpg	104	8903	ocr	OCR from image meineke_page_104.jpg (id=1276)	ae46b676f5a33fe27d060336cd4d1dcdd31fc46ca66d4f3708d2421e39adae4a	82892	Ἀλύβας	232	Α232	1.000000	128485	Χάλυβες	0.714286	0.285714	αλυβασ	αλυβασ
135738	Ἀλύβη		meineke_page_104.jpg	104	8904	ocr	OCR from image meineke_page_104.jpg (id=1276)	be4ae9ad81d7b12382462317ce4f73c2853cc3e21bfa4ffb632f2644d26dde03	82893	Ἀλύβη	233	Α233	1.000000	2330	Καλύβη	0.833333	0.166667	αλυβη	αλυβη
135739	Ἀλύξεία		meineke_page_104.jpg	104	8905	ocr	OCR from image meineke_page_104.jpg (id=1276)	fe026e4906b715654e2fba85cdd9613834fbaedf5f798180af71fcebaafad695	82894	Ἀλύζεια	234	Α234	0.857143	8452	Λύζεια	0.714286	0.142857	αλυξεια	αλυζεια
135740	Ἀλύκος		meineke_page_104.jpg	104	8906	ocr	OCR from image meineke_page_104.jpg (id=1276)	1434206f20524288d4684ee4fb42a2110258e0f68105256e27ffe2329b31322c	82895	Ἄλυκος	235	Α235	1.000000	20851	Ἰαλυσός	0.714286	0.285714	αλυκοσ	αλυκοσ
135741	Ἀλύκη		meineke_page_104.jpg	104	8907	ocr	OCR from image meineke_page_104.jpg (id=1276)	114094a7121997068046461436e199373df70563451ae57ce4e41c5be513ce8d	82893	Ἀλύβη	233	Α233	0.800000	2330	Καλύβη	0.666667	0.133333	αλυκη	αλυβη
135742	Ἀλίων		meineke_page_104.jpg	104	8908	ocr	OCR from image meineke_page_104.jpg (id=1276)	9f8938a5dedad3f63a16cfccc9bfceb87fde39ce83c00204178de3f909df7c68	80223	Ἀλβίων	197	Α197	0.833333	12817	Ὀλιζών	0.666667	0.166667	αλιων	αλβιων
135743	Ἀλωάδαι		meineke_page_105.jpg	105	8909	ocr	OCR from image meineke_page_105.jpg (id=1277)	e80170cff5c272bebecd6f20d5976b5d29f83d20a11e99a5f21d6e3e80fadb82	121784	Γαλάδραι	20	Γ20	0.625000	25140	Παμβωτάδαι	0.600000	0.025000	αλωαδαι	γαλαδραι
135744	Ἀλῶνη		meineke_page_105.jpg	105	8910	ocr	OCR from image meineke_page_105.jpg (id=1277)	a36082ca622e42ad5b66f962c64c1113598630531a2d56db8f61bc416c1f2ed6	82898	Ἁλώνη	238	Α238	1.000000	19520	Ἠλώνη	0.800000	0.200000	αλωνη	αλωνη
135745	Ἀλωνίς		meineke_page_105.jpg	105	8911	ocr	OCR from image meineke_page_105.jpg (id=1277)	34cd17c2e981e3c7c5a21f8f9b9bef25f651c63307dd386a6269effc5b149819	82899	Ἀλωνίς	239	Α239	1.000000	82889	Ἄλπωνος	0.714286	0.285714	αλωνισ	αλωνισ
135746	Ἀλωπεκεύς / Ἀλωπεκεία / Ἀλωπεκώννησος		meineke_page_105.jpg	105	8912	ocr	OCR from image meineke_page_105.jpg (id=1277)	32386223f34eec5f73da16731cc3bb58d7566de2959ce6f009d7623d316e20c5	82902	Ἀλωπεκόννησος	242	Α242	0.387097	26718	Πελοπόννησος	0.322581	0.064516	αλωπεκευσαλωπεκειααλωπεκωννησοσ	αλωπεκοννησοσ
135748	Ἀμαδόκοι		meineke_page_105.jpg	105	8914	ocr	OCR from image meineke_page_105.jpg (id=1277)	3647489cd1ced8295115b02a875bb7d677aa2dc7002cbc4d16dd55a6cc3e58c7	82904	Ἀμάδοκοι	244	Α244	1.000000	82952	Ἀμφίδολοι	0.666667	0.333333	αμαδοκοι	αμαδοκοι
135749	Ἀμαζώνιον		meineke_page_105.jpg	105	8915	ocr	OCR from image meineke_page_105.jpg (id=1277)	6a58864e41df9ffa272a7bc13eb48a9cc3286368ca51f1d7c049ffc6f7d1315f	82905	Ἀμαζόνειον	245	Α245	0.800000	82912	Ἄμανον	0.666667	0.133333	αμαζωνιον	αμαζονειον
135750	Βουσιτια.		meineke_page_106.jpg	106	8916	ocr	OCR from image meineke_page_106.jpg (id=1278)	aea9f36c12d9de11a871940355ea71cc9d05f776ef604e33910524e62a57d111	115318	Βούσιρις	154	Β154	0.750000	8447	Λουσιτανία	0.700000	0.050000	βουσιτια	βουσιρισ
135752	Ἀμαζώνιον – Ἀμάθεια – Ἀμαθούς – Ἀμαλκῖται – Ἀμαμασσός – Ἄμανον – Ἀμαντίς		meineke_page_107.jpg	107	8918	ocr	OCR from image meineke_page_107.jpg (id=1279)	83773da68912b7458297c4fcc230e132b7e0dbe5addc7afa370f680935996b1b	22188	Ἰάων καὶ Ἰήων. καὶ ῥῆμα ἰαονίζω, ἀφ᾽ οὗ τὸ ἰαονιστὶ ἐπίρρημα. ἐκ δὲ τοῦ Ἰάων τὸ Ἰάν. λέγεται καὶ θηλυκῶς Ἰάς καὶ Ἰαονίς.	17	Ι17	0.279570	8485	Μαδιηνοί καὶ Μαδιανῖται	0.259259	0.020311	αμαζωνιοναμαθειααμαθουσαμαλκιταιαμαμασσοσαμανοναμαντισ	ιαωνκαιιηωνκαιρημαιαονιζωαφ᾽ουτοιαονιστιεπιρρημαεκδετουιαωντοιανλεγεταικαιθηλυκωσιασκαιιαονισ
135753	Ἄμαντες	1	meineke_page_108.jpg	108	8919	ocr	OCR from image meineke_page_108.jpg (id=1280)	480fbdafc86420888c4e66b80cc0a091c279d62c22ac000497429e33e59b02e4	102790	Ἄτλαντες	520	Α520	0.750000	60998	Ὕαντες	0.714286	0.035714	αμαντεσ	ατλαντεσ
135755	Ἀμαξαντία	3	meineke_page_108.jpg	108	8921	ocr	OCR from image meineke_page_108.jpg (id=1280)	393df6b6b6e52bf2a18f8d9a807535f9f80437dbcb3bb7c35b56160ad4e4c308	82915	Ἁμαξάντεια	255	Α255	0.900000	82913	Ἀμαντία	0.777778	0.122222	αμαξαντια	αμαξαντεια
135756	Ἄμαξιλα	4	meineke_page_108.jpg	108	8922	ocr	OCR from image meineke_page_108.jpg (id=1280)	c5f51331db7000282c39f1cb0ece1f3d3168d1b07072f5cfc80ad4f720cf1850	82916	Ἀμαξία	256	Α256	0.857143	44228	Τάξιλα	0.714286	0.142857	αμαξιλα	αμαξια
135757	Ἀμαξιτός	5	meineke_page_108.jpg	108	8923	ocr	OCR from image meineke_page_108.jpg (id=1280)	5ce8de949cd0dfde81b24c458f1b25225a942a2f31ce38a8f5ba8d4786def084	82917	Ἀμαξιτός	257	Α257	1.000000	8486	Μαδυτός	0.625000	0.375000	αμαξιτοσ	αμαξιτοσ
135758	Ἀμασαντοί	6	meineke_page_108.jpg	108	8924	ocr	OCR from image meineke_page_108.jpg (id=1280)	26e748d5e414f30f88b15abc35403d1d95e82412270149c37335546d82732f32	82918	Ἀμαραντοί	258	Α258	0.888889	82915	Ἁμαξάντεια	0.700000	0.188889	αμασαντοι	αμαραντοι
135759	Ἀμαρδοί	7	meineke_page_108.jpg	108	8925	ocr	OCR from image meineke_page_108.jpg (id=1280)	4ce5826eed630254b6d382f7ac69d0ba398e2e9d915b1d57296f9175eb5f104d	82919	Ἀμαρδοί	259	Α259	1.000000	9006	Μάρδοι	0.857143	0.142857	αμαρδοι	αμαρδοι
135760	Ἀμαρυνθος	8	meineke_page_108.jpg	108	8926	ocr	OCR from image meineke_page_108.jpg (id=1280)	d94fe8f69b59c51b348629756cd0eb5adf8e4259b99e790bbbabc15437ad81f2	82920	Ἀμάρυνθος	260	Α260	1.000000	96945	Ἀράκυνθος	0.777778	0.222222	αμαρυνθοσ	αμαρυνθοσ
135761	Ἀμασείς	9	meineke_page_108.jpg	108	8927	ocr	OCR from image meineke_page_108.jpg (id=1280)	f79b9f734b770586e3c1009e07da773993808b5b4bb880d2cd9fff00122f11b2	82921	Ἀμάσεια	261	Α261	0.857143	82922	Ἄμαστρις	0.750000	0.107143	αμασεισ	αμασεια
135762	Ἀμαστρίς	1	meineke_page_109.jpg	109	8928	ocr	OCR from image meineke_page_109.jpg (id=1281)	b0b8914f07d878ee751c3deea0dd9466445470e5f02fb960499d24052fd5d552	82922	Ἄμαστρις	262	Α262	1.000000	2085	Καλασίρις	0.666667	0.333333	αμαστρισ	αμαστρισ
135763	Ἄμβασσον	2	meineke_page_109.jpg	109	8929	ocr	OCR from image meineke_page_109.jpg (id=1281)	9eeede492b85bff0d39ce593cea2189f143cf82ada9749a8ec0e89e4b7be8c3d	82923	Ἄμβασον	263	Α263	0.875000	82911	Ἀμαμασσός	0.666667	0.208333	αμβασσον	αμβασον
135765	Ἀμβραχία	4	meineke_page_109.jpg	109	8931	ocr	OCR from image meineke_page_109.jpg (id=1281)	559323511e3718257c5f42476b32db7ee59c6b24d3d3af3e7b3d3490f2b0718b	82925	Ἀμβρακία	265	Α265	0.875000	115327	Βραχία	0.750000	0.125000	αμβραχια	αμβρακια
135766	Αμβρακιεύς		meineke_page_110.jpg	110	8932	ocr	OCR from image meineke_page_110.jpg (id=1282)	88f5f05ade4ccfd30fe4cebe180c8f417ea4cb169cc565f979b475844643786c	82925	Ἀμβρακία	265	Α265	0.700000	82926	Ἄμβρακος	0.700000	0.000000	αμβρακιευσ	αμβρακια
135767	Ἀμήστρατος		meineke_page_110.jpg	110	8933	ocr	OCR from image meineke_page_110.jpg (id=1282)	cc3374f2d63f415fd80aea63ae761e7562be3763205fd860711ba4e93347659e	82928	Ἀμήστρατος	268	Α268	1.000000	41992	Στράτος	0.700000	0.300000	αμηστρατοσ	αμηστρατοσ
135768	Ἄμικον		meineke_page_110.jpg	110	8934	ocr	OCR from image meineke_page_110.jpg (id=1282)	9c26f5bd1bbe751bd0ad3253e7d376037ea5e25799dee26ff084921534631207	32029	Σαμικόν	38	Σ38	0.857143	2341	Καμικός	0.714286	0.142857	αμικον	σαμικον
135770	Ἄμις		meineke_page_110.jpg	110	8936	ocr	OCR from image meineke_page_110.jpg (id=1282)	b9c52a4ac09560fb6f267b48a7f82801339278370c37f8d27c2982868024957a	82931	Ἄμισα	271	Α271	0.800000	82938	Ἄμος	0.750000	0.050000	αμισ	αμισα
135771	Ἄμιδος		meineke_page_110.jpg	110	8937	ocr	OCR from image meineke_page_110.jpg (id=1282)	ab32849952bcbda1735caa6ef4b107e6dbddc3475e0ddb3f0554994d5b3202de	82930	Ἄμιλος	270	Α270	0.833333	82932	Ἀμισός	0.833333	0.000000	αμιδοσ	αμιλοσ
135772	Ἀμμωνία	1	meineke_page_111.jpg	111	8938	ocr	OCR from image meineke_page_111.jpg (id=1283)	83fa016d46a28005b8e1b52be7c3e152a382abfe06be81fe047f3f29fec137be	82933	Ἀμμωνία	273	Α273	1.000000	2343	Καμμανία	0.750000	0.250000	αμμωνια	αμμωνια
135773	Ἄμνισός	2	meineke_page_111.jpg	111	8939	ocr	OCR from image meineke_page_111.jpg (id=1283)	67186ec733dc7ecbb11748ca3db20c1587bca36dc303e952866ed3ee5b8968e7	82934	Ἀμνισός	274	Α274	1.000000	82932	Ἀμισός	0.857143	0.142857	αμνισοσ	αμνισοσ
135775	Ἄμοργος	4	meineke_page_111.jpg	111	8941	ocr	OCR from image meineke_page_111.jpg (id=1283)	c994edcfdd87a4e289232d6262c8423b684dd9880b51c0a80c5e82fce45c93c9	82935	Ἀμοργός	275	Α276	1.000000	82936	Ἄμολβος	0.714286	0.285714	αμοργοσ	αμοργοσ
135776	Ἄμφολον	5	meineke_page_111.jpg	111	8942	ocr	OCR from image meineke_page_111.jpg (id=1283)	a0f59525ee9910c36636263fa89600db26a35793c8cd8881fe0dc5d6d19b1c0c	82952	Ἀμφίδολοι	292	Α292	0.666667	12844	Ὀμφάλιον	0.625000	0.041667	αμφολον	αμφιδολοι
135780	Ἀμυνδών	4	meineke_page_112.jpg	112	8946	ocr	OCR from image meineke_page_112.jpg (id=1284)	670088a671b8a68895dd5980e7bd09acbd44330b97d8bc96ea16ed2dd7c00a05	82941	Ἀμυδών	281	Α281	0.857143	61067	Ἀβυδών	0.714286	0.142857	αμυνδων	αμυδων
135781	Ἀμυσαονία	5	meineke_page_112.jpg	112	8947	ocr	OCR from image meineke_page_112.jpg (id=1284)	12d06ad250c2b0c254c13d28636ef163670cab85e802bab7a0ad26b6b5933f44	82942	Ἀμυθαονία	282	Α282	0.888889	8454	Λυκαονία	0.666667	0.222222	αμυσαονια	αμυθαονια
135782	Ἀμύκλαι	6	meineke_page_112.jpg	112	8948	ocr	OCR from image meineke_page_112.jpg (id=1284)	c1bc8e67b49102fd3624eb20e476e1ec88119ec561cd77f591eaca6a43293063	82943	Ἀμύκλαι	283	Α283	1.000000	10336	Μυλαί	0.714286	0.285714	αμυκλαι	αμυκλαι
135783	Ἀμυν-		meineke_page_113.jpg	113	8949	ocr	OCR from image meineke_page_113.jpg (id=1285)	5caf144d46af3427545aff7ff5a9bf154299f7c4c8c250302491b9daa89c37ba	44219	Τάμυνα	14	Τ15	0.666667	82941	Ἀμυδών	0.666667	0.000000	αμυν	ταμυνα
135784	Ἀμφαρναί	1	meineke_page_114.jpg	114	8950	ocr	OCR from image meineke_page_114.jpg (id=1286)	8dae26977b0ea319c80871d10d2d3aaa00b2cc40400ee6fe7422a7733b4496d6	82948	Ἀμφαναί	288	Α288	0.875000	102820	Ἀφάναι	0.750000	0.125000	αμφαρναι	αμφαναι
135785	Ἀμφάξιον	2	meineke_page_114.jpg	114	8951	ocr	OCR from image meineke_page_114.jpg (id=1286)	d4cb5925949d462f2bf381c741e017f488077e50c220eb4a687b56bc66138682	82949	Ἀμφάξιον	289	Α289	1.000000	12844	Ὀμφάλιον	0.750000	0.250000	αμφαξιον	αμφαξιον
135786	Ἀμφεία	3	meineke_page_114.jpg	114	8952	ocr	OCR from image meineke_page_114.jpg (id=1286)	c629372d19e82ad02d05b63c32ac041464b78140852c16b38d9b89293b53cd7a	82950	Ἄμφεια	290	Α290	1.000000	82921	Ἀμάσεια	0.714286	0.285714	αμφεια	αμφεια
135787	Ἀμφιγένεια	4	meineke_page_114.jpg	114	8953	ocr	OCR from image meineke_page_114.jpg (id=1286)	2a1b46c99389086850ac0ec81695e12329bfc924af79c3d921de89de37f9b2be	82951	Ἀμφιγένεια	291	Α291	1.000000	61163	Αἰγάνεια	0.700000	0.300000	αμφιγενεια	αμφιγενεια
135788	Ἀμφιδόλοι	5	meineke_page_114.jpg	114	8954	ocr	OCR from image meineke_page_114.jpg (id=1286)	e9f44479eebae82bfc1e326f94e421c41496b7f5ef895c8e04dec14c50a86bfd	82952	Ἀμφίδολοι	292	Α292	1.000000	82954	Ἀμφίλοχοι	0.777778	0.222222	αμφιδολοι	αμφιδολοι
135789	Ἀμφικαια	1	meineke_page_115.jpg	115	8955	ocr	OCR from image meineke_page_115.jpg (id=1287)	97ff1f6accdcf0e49f4f4c98d979d16989baa52bdcd00e6b9e66faa682b05c8f	82953	Ἀμφίκαια	293	Α293	1.000000	11884	Νίκαια	0.625000	0.375000	αμφικαια	αμφικαια
135790	Ἀμφίλοχοι	2	meineke_page_115.jpg	115	8956	ocr	OCR from image meineke_page_115.jpg (id=1287)	451efb1178fa9ccbf602395044ee2117f988945d93fe430a2a75d87f746d7c29	82954	Ἀμφίλοχοι	294	Α294	1.000000	82952	Ἀμφίδολοι	0.777778	0.222222	αμφιλοχοι	αμφιλοχοι
135791	Ἀμφιμάλαον	3	meineke_page_115.jpg	115	8957	ocr	OCR from image meineke_page_115.jpg (id=1287)	bf63420ebe1e2b46b12c53bdaa45253a9bd1ba7aa06292eb4eee8bdc37bbb92f	82955	Ἀμφιμάλιον	295	Α295	0.900000	12844	Ὀμφάλιον	0.600000	0.300000	αμφιμαλαον	αμφιμαλιον
135792	Ἀμφίπολις	4	meineke_page_115.jpg	115	8958	ocr	OCR from image meineke_page_115.jpg (id=1287)	66f8be2d88e872594a10aa7b947d764c1abf8b18d32ef8f72169484f8b78b9d5	82956	Ἀμφίπολις	296	Α296	1.000000	2328	Καλλίπολις	0.700000	0.300000	αμφιπολισ	αμφιπολισ
135793	Ἀμφίσσα	5	meineke_page_115.jpg	115	8959	ocr	OCR from image meineke_page_115.jpg (id=1287)	851f1b7aafa9cb938f38d0bc33a6434b5ebc4fddb4144ccee19bdd1138224b8a	82957	Ἄμφισσα	297	Α297	1.000000	82931	Ἄμισα	0.714286	0.285714	αμφισσα	αμφισσα
135794	Ἀμφισσία	2	meineke_page_116.jpg	116	8960	ocr	OCR from image meineke_page_116.jpg (id=1288)	bc6f15125d58e677d92b3f19227afb9854cd0ae61d2b7df1cf449af5128d6691	82957	Ἄμφισσα	297	Α297	0.875000	82953	Ἀμφίκαια	0.750000	0.125000	αμφισσια	αμφισσα
135796	Ἀμφρεύς	4	meineke_page_116.jpg	116	8962	ocr	OCR from image meineke_page_116.jpg (id=1288)	a71c33ad574b5d7e9e47ded867cb9a7278de4ec7da18e5a51c87d3555c2f3fae	3086	Καφηρεύς	141	Κ141	0.625000	85667	Ἄμφρυσος	0.625000	0.000000	αμφρευσ	καφηρευσ
135797	Ἀναγυρούς	5	meineke_page_116.jpg	116	8963	ocr	OCR from image meineke_page_116.jpg (id=1288)	cfdd732083a5e484e9b5bb9efaf1466ef2e935f545c008589ee9cb2dee700d69	85668	Ἀναγυροῦς	300	Α300	1.000000	96976	Ἄργυρος	0.666667	0.333333	αναγυρουσ	αναγυρουσ
135798	Ἀναξάρβα	6	meineke_page_116.jpg	116	8964	ocr	OCR from image meineke_page_116.jpg (id=1288)	fe33d52f00e5d8d28b12e65f1b4166711370edcaee193f7fefd1b81c8e7afc76	85669	Ἀνάζαρβα	301	Α301	0.875000	11062	Νάαρδα	0.625000	0.250000	αναξαρβα	αναζαρβα
135799	Ἀναία		meineke_page_117.jpg	117	8965	ocr	OCR from image meineke_page_117.jpg (id=1289)	48c06f73413a96a8b7478e3721263efaff6907f20ba7aa58b7ce4089f571d47a	85670	Ἀναία	302	Α302	1.000000	85675	Ἄναυα	0.800000	0.200000	αναια	αναια
135800	Ἀνακαία		meineke_page_117.jpg	117	8966	ocr	OCR from image meineke_page_117.jpg (id=1289)	77ef316a299b187d6cc0bfd872a15ed299210456e183357dade0b6caff089e4d	85671	Ἀνακαία	303	Α303	1.000000	11884	Νίκαια	0.714286	0.285714	ανακαια	ανακαια
135801	Ἀνάκη		meineke_page_117.jpg	117	8967	ocr	OCR from image meineke_page_117.jpg (id=1289)	0d86d1f15f38219c8689d227e10c363ec336ad2b3e1871b2a6aa20ec1ff3c242	85672	Ἀνάκη	304	Α304	1.000000	85676	Ἀνάφη	0.800000	0.200000	ανακη	ανακη
135802	Ἀνακτόριον		meineke_page_117.jpg	117	8968	ocr	OCR from image meineke_page_117.jpg (id=1289)	3947f07ef1e69ea2833286abc1e55e00a571db56ef6cd2cba3f8b260bdb803f3	85673	Ἀνακτόριον	305	Α305	1.000000	8974	Μακτώριον	0.700000	0.300000	ανακτοριον	ανακτοριον
135803	Ἀναριακή		meineke_page_118.jpg	118	8969	ocr	OCR from image meineke_page_118.jpg (id=1290)	ba3cdba1f332b59199c5cf621a3c4822f4f182426435a1eeffd3d6bf436663d3	85674	Ἀναριάκη	306	Α306	1.000000	85670	Ἀναία	0.625000	0.375000	αναριακη	αναριακη
135805	Ἄναφη		meineke_page_118.jpg	118	8971	ocr	OCR from image meineke_page_118.jpg (id=1290)	0fc63a38ddb5fc1b79092a32a9d7e8b966586c8147ff7c8f600191b5e334115d	85676	Ἀνάφη	308	Α308	1.000000	85672	Ἀνάκη	0.800000	0.200000	αναφη	αναφη
135806	Ἀνάφλυστος		meineke_page_118.jpg	118	8972	ocr	OCR from image meineke_page_118.jpg (id=1290)	f55e5cad89c6dfadd54510d3c37d3e504969f9cf79a95477fcf53329d25d43b6	85677	Ἀνάφλυστος	309	Α309	1.000000	2603	Κάρυστος	0.600000	0.400000	αναφλυστοσ	αναφλυστοσ
135807	Ἀναυνία		meineke_page_118.jpg	118	8973	ocr	OCR from image meineke_page_118.jpg (id=1290)	1f9a0207f230868d6033b8bfa3a8e8892b7642c8ad47e28923cde2880e5d4c11	11078	Ναρνία	17	Ν17	0.714286	61121	Ἀζανία	0.714286	0.000000	αναυνια	ναρνια
135808	Ἀνθανιεύς / Ἀνθανία / Ἀνθανίανες	1	meineke_page_119.jpg	119	8974	ocr	OCR from image meineke_page_119.jpg (id=1291)	a7f8663708dbefa87764ca91734190219c894fbb4bef42ea96b31d4906e9da59	135357	Φαίαξ καὶ Φαιακία	5	Φ5	0.346154	80215	Ἁλαὶ Ἀραφηνίδες καὶ Ἁλαὶ Αἰξωνίδες	0.333333	0.012821	ανθανιευσανθανιαανθανιανεσ	φαιαξκαιφαιακια
135810	Ἀνθύλεια	3	meineke_page_119.jpg	119	8976	ocr	OCR from image meineke_page_119.jpg (id=1291)	f9c00c2505dca55f02cb35311afe763190f554ef87d518def9441eb86fd66c7d	85685	Ἄνθεια	317	Α317	0.750000	85690	Ἄνθυλλα	0.750000	0.000000	ανθυλεια	ανθεια
135812	Ἀνεμώρεια	1	meineke_page_120.jpg	120	8978	ocr	OCR from image meineke_page_120.jpg (id=1292)	574e9c1f2d1ee91b195a6a9e9c0466d44d89e1530fdc8f8e88bc05f35a837871	85682	Ἀνεμώρεια	314	Α314	1.000000	80200	Ἀκρώρεια	0.666667	0.333333	ανεμωρεια	ανεμωρεια
135813	Ἀγητοῦσσα	2	meineke_page_120.jpg	120	8979	ocr	OCR from image meineke_page_120.jpg (id=1292)	5a594ab095f06804afb29beae5e7a8f76f2f951bec0aea8aabec26887a5c0c89	85683	Ἀνητοῦσσα	315	Α315	0.888889	121835	Γηθοῦσσα	0.777778	0.111111	αγητουσσα	ανητουσσα
135815	Ἀνθεια	1	meineke_page_121.jpg	121	8981	ocr	OCR from image meineke_page_121.jpg (id=1293)	99b4a9246aeacd1b553f690d4353a6cfe74cad6a8c67a9d44ecf7bf7a8ce5cba	85685	Ἄνθεια	317	Α317	1.000000	85696	Ἄντεια	0.833333	0.166667	ανθεια	ανθεια
135817	Ἀνθηδών	3	meineke_page_121.jpg	121	8983	ocr	OCR from image meineke_page_121.jpg (id=1293)	ce2fc86d6dbd22be0c1e62ec0bd59a7270ee54075a2a38c8c3bc74bb4c8ea7be	85687	Ἀνθηδών	319	Α319	1.000000	2604	Καρχηδών	0.625000	0.375000	ανθηδων	ανθηδων
135818	Ἀνθηλη	4	meineke_page_121.jpg	121	8984	ocr	OCR from image meineke_page_121.jpg (id=1293)	02755e42e0900091ea4b96dbf2ed64e4d1dc20f81871b80aaa0e0dba2419d154	85688	Ἀνθήλη	320	Α320	1.000000	2460	Κανθήλη	0.857143	0.142857	ανθηλη	ανθηλη
135819	Ἀνθινή		meineke_page_122.jpg	122	8985	ocr	OCR from image meineke_page_122.jpg (id=1294)	b847f8cf337c9d81697cd1126cea4f4ec30e73318c0764e3a07a0d3f2f132de3	85684	Ἀνθάνα	316	Α316	0.666667	85688	Ἀνθήλη	0.666667	0.000000	ανθινη	ανθανα
135821	Ἀνθύλλα		meineke_page_122.jpg	122	8987	ocr	OCR from image meineke_page_122.jpg (id=1294)	a2b07022ec80d7f7486bf9ffe952b02ddc5392858374e091b6d9b45583392b50	85690	Ἄνθυλλα	322	Α322	1.000000	61101	Ἄγυλλα	0.714286	0.285714	ανθυλλα	ανθυλλα
135823	Ἀννίχουρον		meineke_page_122.jpg	122	8989	ocr	OCR from image meineke_page_122.jpg (id=1294)	b3d88e1e66339d914bd22240ba10107166e058cbfb82f64edc6b4d5849de1c6b	85692	Ἀννίχωρον	324	Α324	0.800000	85721	Ἀπάτουρον	0.600000	0.200000	αννιχουρον	αννιχωρον
135824	Ἀνταιούπολις		meineke_page_122.jpg	122	8990	ocr	OCR from image meineke_page_122.jpg (id=1294)	31701d93717547662d549ed19f180476cbb9028b57861ac9352a1280160e2ac4	85693	Ἀνταιούπολις	325	Α325	1.000000	28354	Πιτάου πόλις	0.750000	0.250000	ανταιουπολισ	ανταιουπολισ
135825	Ἀντανδρος		meineke_page_122.jpg	122	8991	ocr	OCR from image meineke_page_122.jpg (id=1294)	778dc37536997e5e168b8dfb633f44b0389171fd89ac0122fd88a5701792e1aa	85694	Ἄντανδρος	326	Α326	1.000000	2462	Κάντανος	0.666667	0.333333	αντανδροσ	αντανδροσ
135826	Ἀντέμμα		meineke_page_122.jpg	122	8992	ocr	OCR from image meineke_page_122.jpg (id=1294)	76b088f07c1b09590e91796ab9b6e6ccabf6f8d84421cbc481fd9d1d2ab628a9	85695	Ἄντεμνα	327	Α327	0.857143	85696	Ἄντεια	0.714286	0.142857	αντεμμα	αντεμνα
135827	Ἀντεία	1	meineke_page_123.jpg	123	8993	ocr	OCR from image meineke_page_123.jpg (id=1295)	a8da5ca991000f3ea5cc9a3c5744c47cb28bda0b4e98eaba17b53b677dadfe37	85696	Ἄντεια	328	Α328	1.000000	85685	Ἄνθεια	0.833333	0.166667	αντεια	αντεια
135831	Ἀντικύραι	1	meineke_page_124.jpg	124	8997	ocr	OCR from image meineke_page_124.jpg (id=1296)	187a43fc32ec513eef61643e9df4d1a5cf0b34c9d9ea6f46aa90dd00d1eb5b4d	85699	Ἀντικύραι	331	Α332	1.000000	80233	Ἁλικύαι	0.666667	0.333333	αντικυραι	αντικυραι
135832	Ἀντινόεια	2	meineke_page_124.jpg	124	8998	ocr	OCR from image meineke_page_124.jpg (id=1296)	ebd9b2832161e25e886e5eade521be4cead35aaf65658a5a6bd4af6c025a390d	85701	Ἀντινόεια	333	Α333	1.000000	85697	Ἀντιγόνεια	0.800000	0.200000	αντινοεια	αντινοεια
135834	Ἀντιόχεια		meineke_page_125.jpg	125	9000	ocr	OCR from image meineke_page_125.jpg (id=1297)	ff4efd01bd1128305454c58b7e38591dd2d2c995d6d065c785d20db0ea259717	85702	Ἀντιόχεια	334	Α334	1.000000	85697	Ἀντιγόνεια	0.800000	0.200000	αντιοχεια	αντιοχεια
135835	Ἀντιπατρίς		meineke_page_125.jpg	125	9001	ocr	OCR from image meineke_page_125.jpg (id=1297)	b074ba0087fe37472f2cb185de1166e781b3728e071038fee3fc908f63513a4d	85703	Ἀντιπατρίς	335	Α335	1.000000	11886	Νικατορίς	0.600000	0.400000	αντιπατρισ	αντιπατρισ
135836	Ἀντιπάεια		meineke_page_125.jpg	125	9002	ocr	OCR from image meineke_page_125.jpg (id=1297)	10e7ca2ddc9d6d991827455eb654d447251c8e2b9cb22ab34b9fa4f914aa3608	85701	Ἀντινόεια	333	Α333	0.777778	85702	Ἀντιόχεια	0.777778	0.000000	αντιπαεια	αντινοεια
135838	Ἀντιφελλος καὶ Φελλός		meineke_page_126.jpg	126	9004	ocr	OCR from image meineke_page_126.jpg (id=1298)	eecd2652eff12b161dde2641188e6e076b9ab12bfa473af7f5cb6c941bae5281	85706	Ἀντίφελλος	338		0.526316	22209	Ἱερὸς κόλπος	0.421053	0.105263	αντιφελλοσκαιφελλοσ	αντιφελλοσ
135839	Ἄντιφρα		meineke_page_126.jpg	126	9005	ocr	OCR from image meineke_page_126.jpg (id=1298)	9b05858fc567605ce39dc75fba5c0b0a14b0031e0b29239aed511a74d22a6858	85707	Ἀντίφρα	339	Α339	1.000000	85704	Ἀντισάρα	0.750000	0.250000	αντιφρα	αντιφρα
135840	Ἄντερον		meineke_page_126.jpg	126	9006	ocr	OCR from image meineke_page_126.jpg (id=1298)	6a19c106dc19be539f63fd1c97bfc07d107e6d3d4731969af27cc5352c0c6d17	85708	Ἄντρον	340	Α340	0.857143	105739	Ἀστέριον	0.750000	0.107143	αντερον	αντρον
135841	Ἄντρων		meineke_page_126.jpg	126	9007	ocr	OCR from image meineke_page_126.jpg (id=1298)	c66e0bb8fbbd8252c53b90eec67f5ae2abd0960d142b21d2f78a3fe2cd5a0426	85709	Ἀντρών	341	Α341	1.000000	85708	Ἄντρον	0.833333	0.166667	αντρων	αντρων
135842	Ἄννυσις		meineke_page_126.jpg	126	9008	ocr	OCR from image meineke_page_126.jpg (id=1298)	b3f587607aaee6d88d35753b75415f3ccecb1d738d64008c51ba1117e7a7843d	85710	Ἄνυσις	342	Α342	0.857143	2464	Κάνυτις	0.571429	0.285714	αννυσισ	ανυσισ
135843	Ἄννυλος		meineke_page_126.jpg	126	9009	ocr	OCR from image meineke_page_126.jpg (id=1298)	938a6964fc8c1b956c03685879ee00986346ed3796f979fefacebcb46b0e6c5b	85711	Ἄνωλος	343	Α343	0.714286	8958	Μαίναλος	0.625000	0.089286	αννυλοσ	ανωλοσ
135844	Ἄξια	1	meineke_page_127.jpg	127	9010	ocr	OCR from image meineke_page_127.jpg (id=1299)	6d3ba67ba6790f1d1457315d20cef67b39197e61d6d5bcc5e47c37fd87663c00	85712	Ἀξία	344	Α344	1.000000	11069	Ναξία	0.800000	0.200000	αξια	αξια
135846	Ἀξουμίς	3	meineke_page_127.jpg	127	9012	ocr	OCR from image meineke_page_127.jpg (id=1299)	987923ee11bc15c6d0f161e2bc7b6ef63a8073e7d9ead6e192cc6c2f36dfed90	85714	Ἀξουμίτης	346	Α346	0.777778	11928	Ξοῦχις	0.714286	0.063492	αξουμισ	αξουμιτησ
135850	Ἀπαίσος	7	meineke_page_127.jpg	127	9016	ocr	OCR from image meineke_page_127.jpg (id=1299)	ae88e8ce15a4bebbce57c515b775d40cebf96c5a42e7f1f46a0d4e489c9f7c56	85718	Ἀπαισός	350	Α350	1.000000	25163	Παραισός	0.750000	0.250000	απαισοσ	απαισοσ
135851	Ἀπάμεια		meineke_page_128.jpg	128	9017	ocr	OCR from image meineke_page_128.jpg (id=1300)	61b30a069d4cfc0292d6504990cd0091352a4ee8ef7382c860e923b023bbaa23	85719	Ἀπάμεια	351	Α351	1.000000	61076	Ἀγάμμεια	0.750000	0.250000	απαμεια	απαμεια
135852	Ἀπεννινον		meineke_page_129.jpg	129	9018	ocr	OCR from image meineke_page_129.jpg (id=1301)	bb5b79ad7973d9ccc6cfc3077f015e7a8ad760051431b79fc920ab5ff57f4ead	85722	Ἀπέννιον	354	Α354	0.888889	23643	Ἱππώνιον	0.555556	0.333333	απεννινον	απεννιον
135853	Ἀπεραντεία		meineke_page_129.jpg	129	9019	ocr	OCR from image meineke_page_129.jpg (id=1301)	59bd917a1cf3d0c8d4de529045004ac8ae77ba98be9cb56a4355289d6ac93c05	85723	Ἀπεράντεια	355	Α355	1.000000	26726	Περαντία	0.800000	0.200000	απεραντεια	απεραντεια
135854	Ἀπέσας		meineke_page_129.jpg	129	9020	ocr	OCR from image meineke_page_129.jpg (id=1301)	6509160ed68d18821fee3ad83a16be2de341c57d8c511607ddc444cf96b4df35	85724	Ἀπέσας	356	Α356	1.000000	61206	Ἀκεσαί	0.666667	0.333333	απεσασ	απεσασ
135855	Ἀπία		meineke_page_129.jpg	129	9021	ocr	OCR from image meineke_page_129.jpg (id=1301)	be41446e0c917cf3c1bbd7205d5e09386523400e1207a9645178f5f457699d63	96927	Ἀπία	357	Α357	1.000000	61136	Αἶα	0.750000	0.250000	απια	απια
135856	Ἄπις	1	meineke_page_130.jpg	130	9022	ocr	OCR from image meineke_page_130.jpg (id=1302)	2a33cdbf0db1f9cbb557db78ac69bc475de8598e895457239f77aa0b500b61a7	11073	Νάπις	12	Ν12	0.800000	22182	Ἰαπίς	0.800000	0.000000	απισ	ναπισ
135857	Ἀπιόλα	2	meineke_page_130.jpg	130	9023	ocr	OCR from image meineke_page_130.jpg (id=1302)	2b75c49b552a0e65f155339a348a34139f14582ad73a8f1865a987d90230a35b	96928	Ἀπίολα	358	Α358	1.000000	23635	Ἱππόλα	0.666667	0.333333	απιολα	απιολα
135858	Ἀποδωτοί	3	meineke_page_130.jpg	130	9024	ocr	OCR from image meineke_page_130.jpg (id=1302)	53e424b38f962e97d2e8afa2c3d93e4065521a0e1528f3eb475adbb0a0debb45	96929	Ἀποδωτοί	359	Α359	1.000000	96954	Ἀραχωτοί	0.625000	0.375000	αποδωτοι	αποδωτοι
135859	Ἀποκόπας	4	meineke_page_130.jpg	130	9025	ocr	OCR from image meineke_page_130.jpg (id=1302)	d23e895f6b20a412cc02fde93e1443ccbce79e729d78d556f3dfc75cd77bdcd4	96930	Ἀπόκοπα	360	Α360	0.875000	8441	Λόκοζος	0.500000	0.375000	αποκοπασ	αποκοπα
135860	Ἀπολλωνία	5	meineke_page_130.jpg	130	9026	ocr	OCR from image meineke_page_130.jpg (id=1302)	92dc4512c79772bf36dd54029ea5f8e31b41a2938d1f53e4a3ab892a15d68f06	96931	Ἀπολλωνία	361	Α361	1.000000	96932	Ἀπολλωνιεῖς	0.727273	0.272727	απολλωνια	απολλωνια
135861	Ἀπολλωνιάτης	1	meineke_page_131.jpg	131	9027	ocr	OCR from image meineke_page_131.jpg (id=1303)	29c8a8be59206fac46576bdac12bb74571491b796f80972613ebf5b3a42c8dc1	96931	Ἀπολλωνία	361	Α361	0.750000	96932	Ἀπολλωνιεῖς	0.750000	0.000000	απολλωνιατησ	απολλωνια
135866	Ἄπερσα	3	meineke_page_132.jpg	132	9032	ocr	OCR from image meineke_page_132.jpg (id=1304)	f5e6f299ae92d631602bfbf9d9a979f7beeb595ed5d1c01cb9d9bbd9c97a1027	8424	Λαπέρσα	40	Λ40	0.857143	26741	Πέρσα	0.833333	0.023810	απερσα	λαπερσα
135867	Ἀραβία	4	meineke_page_132.jpg	132	9033	ocr	OCR from image meineke_page_132.jpg (id=1304)	7a32c3e3b126f2655f1375726f78af25507bf1c00993d89ee39c10a7120bf1ce	96937	Ἀραβία	367	Α367	1.000000	96938	Ἄραβις	0.833333	0.166667	αραβια	αραβια
135868	Ἀραβ-		meineke_page_133.jpg	133	9034	ocr	OCR from image meineke_page_133.jpg (id=1305)	292fb4ec54aa988366a5bb8841e5988f750ffae7d1febd206f13c82f93ad3978	96944	Ἀραί	374	Α374	0.750000	96937	Ἀραβία	0.666667	0.083333	αραβ	αραι
135869	Ἀραιθυρέα		meineke_page_134.jpg	134	9035	ocr	OCR from image meineke_page_134.jpg (id=1306)	f9cc3a2e84a38a58df44cb490585e48b12328d9d3a3aae48d10350813594b24b	96943	Ἀραιθυρέα	373	Α373	1.000000	8991	Μανθυρέα	0.666667	0.333333	αραιθυρεα	αραιθυρεα
135870	Ἀραιά		meineke_page_134.jpg	134	9036	ocr	OCR from image meineke_page_134.jpg (id=1306)	d524daaf5adfec4cae39e41374bf9123da14ff250155fa7c9d99e32b2b67815a	96937	Ἀραβία	367	Α367	0.833333	99845	Ἀρταία	0.833333	0.000000	αραια	αραβια
135871	Ἀρακύνθος		meineke_page_134.jpg	134	9037	ocr	OCR from image meineke_page_134.jpg (id=1306)	d3b8ce67666d4597e7d6cb06f8077dfa96f01c6d706fcf344fc0a06e31126a27	96945	Ἀράκυνθος	375	Α375	1.000000	82920	Ἀμάρυνθος	0.777778	0.222222	αρακυνθοσ	αρακυνθοσ
135872	Ἀράντια		meineke_page_134.jpg	134	9038	ocr	OCR from image meineke_page_134.jpg (id=1306)	79462de3ce736892235f8007e37beea3d9ab996a13c0cdbafab27bf2e7400dc2	96946	Ἀραντία	376	Α376	1.000000	82913	Ἀμαντία	0.857143	0.142857	αραντια	αραντια
135873	Ἀραξα		meineke_page_134.jpg	134	9039	ocr	OCR from image meineke_page_134.jpg (id=1306)	2fb5d1e8efc6410157cd1a2993bdf3aa29f798730b0f829b00a8f808d3423ed6	96947	Ἄραξα	377	Α377	1.000000	82914	Ἄμαξα	0.800000	0.200000	αραξα	αραξα
135874	Ἀραξίται ἢ Ἀραξοί		meineke_page_134.jpg	134	9040	ocr	OCR from image meineke_page_134.jpg (id=1306)	6b0f3bfea4e3ec845e07921e2a6b529a6787a534ba3183cb154cb667f970efb0	96948	Ἀράξαι ἢ Ἄραξοι	378	Α378	0.866667	61093	Ἄγρα καὶ Ἄγραι	0.466667	0.400000	αραξιταιηαραξοι	αραξαιηαραξοι
135875	Ἀραξῆς		meineke_page_134.jpg	134	9041	ocr	OCR from image meineke_page_134.jpg (id=1306)	ed53ed0ba6450575189758f94e4547652b9238a7f56b679f3b9918084d7e7646	96949	Ἀράξης	379	Α379	1.000000	96938	Ἄραβις	0.666667	0.333333	αραξησ	αραξησ
135876	Ἀράφεια		meineke_page_134.jpg	134	9042	ocr	OCR from image meineke_page_134.jpg (id=1306)	d68c6424f4b2af30ffc3cc881f26eeb8f55d87b9400545be5a5f7cce2140df44	96950	Ἀράφεια	380	Α380	1.000000	30167	Ῥάφεια	0.857143	0.142857	αραφεια	αραφεια
135877	Ἀραφῆν		meineke_page_135.jpg	135	9043	ocr	OCR from image meineke_page_135.jpg (id=1307)	d580276d9498b1ba9c88a6f13a7518aa75e1b0a907cbd1271831670991b90c44	96951	Ἀραφήν	381	Α381	1.000000	96940	Ἀραδήν	0.833333	0.166667	αραφην	αραφην
135879	Ἀραχωσία		meineke_page_135.jpg	135	9045	ocr	OCR from image meineke_page_135.jpg (id=1307)	936f0741e5b46a5a21211fce5bbd845c0170886e677719efd4070bc6107cd3f5	96953	Ἀραχωσία	383	Α383	1.000000	9001	Μαραθωνία	0.666667	0.333333	αραχωσια	αραχωσια
135880	Ἀραχωτοί		meineke_page_135.jpg	135	9046	ocr	OCR from image meineke_page_135.jpg (id=1307)	d63c773c809e26d0823bc360a32752dc81c8121acdef9eed82bdeb73c64840eb	96954	Ἀραχωτοί	384	Α384	1.000000	30158	Ῥαιτοί	0.625000	0.375000	αραχωτοι	αραχωτοι
135881	Ἀράβακον		meineke_page_135.jpg	135	9047	ocr	OCR from image meineke_page_135.jpg (id=1307)	63b2dcdcb1ff6481a80e63fa2df143d54469a9d699135d6b99f614ff27ffb3b4	96952	Ἀραχναῖον	382	Α382	0.666667	82923	Ἄμβασον	0.625000	0.041667	αραβακον	αραχναιον
135882	Ἀράβανον		meineke_page_135.jpg	135	9048	ocr	OCR from image meineke_page_135.jpg (id=1307)	9d1ed40d364fd60a5bb941a52e463386694d2c145cbad12c17a6d8ce2304e096	96956	Ἀρβάνιον	386	Α386	0.750000	61052	Ἀβάκαινον	0.666667	0.083333	αραβανον	αρβανιον
135883	Ἀράβασσοι		meineke_page_135.jpg	135	9049	ocr	OCR from image meineke_page_135.jpg (id=1307)	7b5d188ba4e59c74ce730be9075efb208ea7208fe816f47fd5d8d193ececf438	2055	Καβασσός	2	Κ2	0.666667	61203	Ἀκαρασσός	0.666667	0.000000	αραβασσοι	καβασσοσ
135884	Ἀβελη		meineke_page_136.jpg	136	9050	ocr	OCR from image meineke_page_136.jpg (id=1308)	49ddddcb9880aa44c21be17cc085e9418297ca6bf2c133d6f7f0093dd778b331	96958	Ἀρβέλη	388	Α388	0.833333	61002	Ὑβέλη	0.800000	0.033333	αβελη	αρβελη
135885	Ἀβηλα		meineke_page_136.jpg	136	9051	ocr	OCR from image meineke_page_136.jpg (id=1308)	3a6d3e8731ce68b50ed010ccb1cf71fac34e58413d3079bb06f547cdd6e1e117	96959	Ἄρβηλα	389	Α389	0.833333	61056	Ἄβδηρα	0.666667	0.166667	αβηλα	αρβηλα
135886	Ἄβις		meineke_page_136.jpg	136	9052	ocr	OCR from image meineke_page_136.jpg (id=1308)	c79f4b6ce60e284037b82868a783139b8e0560394f2b3862ad0ab606c8254717	20845	Ἴαβις	1	Ι1	0.800000	44210	Τάβις	0.800000	0.000000	αβισ	ιαβισ
135887	Ἀβρουκάλη		meineke_page_136.jpg	136	9053	ocr	OCR from image meineke_page_136.jpg (id=1308)	5608c691716b0ffde73f2cd7a37e756753d8f2097c1a4dbc8c20089b3b79b9ae	96961	Ἀρβουκάλη	391	Α391	0.777778	10331	Μυκάλη	0.555556	0.222222	αβρουκαλη	αρβουκαλη
135888	Ἀβρων		meineke_page_136.jpg	136	9054	ocr	OCR from image meineke_page_136.jpg (id=1308)	ed0859f41a6a5708b1264cfcb73a1684f759fc50678071a45fdb1ff8879c2989	6659	Ἑβρών	4	Ἑ4	0.800000	61067	Ἀβυδών	0.666667	0.133333	αβρων	εβρων
135889	Ἀργαῖς		meineke_page_136.jpg	136	9055	ocr	OCR from image meineke_page_136.jpg (id=1308)	f4f808cd5bf3ea58d3def1f7dcdb7a9df8b3a383e1c82e6f232c56d3af1629fa	96963	Ἀργαΐς	393	Α393	1.000000	9004	Μάργαια	0.714286	0.285714	αργαισ	αργαισ
135890	Ἀργανθων		meineke_page_136.jpg	136	9056	ocr	OCR from image meineke_page_136.jpg (id=1308)	ee61dac35e55906367ec1cee2702c96a63ee031af051a71392248170ddbdceda	96964	Ἀργανθών	394	Α394	1.000000	3515	Κραννών	0.625000	0.375000	αργανθων	αργανθων
135891	Ἀργάτη		meineke_page_136.jpg	136	9057	ocr	OCR from image meineke_page_136.jpg (id=1308)	48b94bc4cc68375b9a60903a93f2e76a655544bcf37a66cc023620dd0a6f7c5e	96965	Ἀργάντη	395	Α395	0.857143	12857	Ὀργάμη	0.666667	0.190476	αργατη	αργαντη
135892	Ἀργανταῖος	1	meineke_page_137.jpg	137	9058	ocr	OCR from image meineke_page_137.jpg (id=1309)	41d0284ec5c8dee06b8363816d9716fbd54a1c18f2d6fc0d332db105979e276e	32057	Σάργαντις	66	Σ66	0.700000	2462	Κάντανος	0.600000	0.100000	αργανταιοσ	σαργαντισ
135893	Ἀργεννοῦσα	2	meineke_page_137.jpg	137	9059	ocr	OCR from image meineke_page_137.jpg (id=1309)	08b6ba0275d0728b29cde093e15b178d2903675ac5a5d0dbb4a7345aa74a6e8c	96966	Ἀργέννουσα	396	Α396	1.000000	99799	Ἀρέθουσα	0.700000	0.300000	αργεννουσα	αργεννουσα
135894	Ἀργέου νῆσος	3	meineke_page_137.jpg	137	9060	ocr	OCR from image meineke_page_137.jpg (id=1309)	bf5a783afab35d46364bd72254231db0ac5aad48286d43d6db6eb0d8ffa4ccf0	99802	Ἄρεος νῆσος	413	Α413	0.818182	82929	Ἀμίκου νῆσος	0.727273	0.090909	αργεουνησοσ	αρεοσνησοσ
135895	Ἀργίλα	4	meineke_page_137.jpg	137	9061	ocr	OCR from image meineke_page_137.jpg (id=1309)	6513d37293507a475a2742acf34baa79910190cc5c3b2e8f9663ffe759924b4b	96968	Ἄργιλα	398	Α398	1.000000	102806	Αὔγιλα	0.833333	0.166667	αργιλα	αργιλα
135896	Ἀργίλος	5	meineke_page_137.jpg	137	9062	ocr	OCR from image meineke_page_137.jpg (id=1309)	d1048285857a874b747a3a203470d88b49e046143335aa68eb627b99b8804e8a	96969	Ἄργιλος	399	Α399	1.000000	50999	Τράγιλος	0.750000	0.250000	αργιλοσ	αργιλοσ
135897	Ἀργος	6	meineke_page_137.jpg	137	9063	ocr	OCR from image meineke_page_137.jpg (id=1309)	ca0a891250ca9daa07ee385fb033bd74f231ff64d1927f685bfe3e94e6b4f6ad	96970	Ἄργος	400	Α400	1.000000	82935	Ἀμοργός	0.714286	0.285714	αργοσ	αργοσ
135898	Ἄργος		meineke_page_138.jpg	138	9064	ocr	OCR from image meineke_page_138.jpg (id=1310)	70e712749b5155e028da4d204262b2af05c28024bde0dbe18d17887ba36b0d9e	96970	Ἄργος	400	Α400	1.000000	82935	Ἀμοργός	0.714286	0.285714	αργοσ	αργοσ
135899	Ἀργονέα		meineke_page_139.jpg	139	9065	ocr	OCR from image meineke_page_139.jpg (id=1311)	d1b62b85ebb97ae5508a4713423245ca50fcb0bda6182c719c7471cb471d646a	96971	Ἄργουρα	401	Α401	0.714286	9007	Μαρδόνες	0.625000	0.089286	αργονεα	αργουρα
135900	Ἀργύννιον	1	meineke_page_139.jpg	139	9066	ocr	OCR from image meineke_page_139.jpg (id=1311)	e04d984328dae3a7d7ed94c903a345929582c74d548076ee75b7a41f1ab2c7e4	96972	<Ἀργύννιον	402	Α402	1.000000	96979	Ἀρδύνιον	0.777778	0.222222	αργυννιον	αργυννιον
135901	Ἀργυρά		meineke_page_140.jpg	140	9067	ocr	OCR from image meineke_page_140.jpg (id=1312)	5fe8dbea167f3fa7dd9fc8cdf4d24fd579cb12f1910dc715461ed38b03ecc162	96973	Ἀργυρᾶ	403	Α403	1.000000	96971	Ἄργουρα	0.857143	0.142857	αργυρα	αργυρα
135903	Ἀργύριππα		meineke_page_140.jpg	140	9068	ocr	OCR from image meineke_page_140.jpg (id=1312)	ba0a0d4e29f7859110717e9a69cf95e46811c6e172ca182b5253d83b0016b728	96975	Ἀργύριππα	405	Α405	1.000000	61102	Ἀγύρινα	0.666667	0.333333	αργυριππα	αργυριππα
135904	Ἀργύρος		meineke_page_140.jpg	140	9069	ocr	OCR from image meineke_page_140.jpg (id=1312)	14f3d1a8c9c66b6688dd32e7841c3091c34529053ad7600c71094ffceb893b5e	96976	Ἄργυρος	406	Α406	1.000000	61099	Ἀγρός	0.714286	0.285714	αργυροσ	αργυροσ
135905	Ἀφδαλίδες		meineke_page_140.jpg	140	9070	ocr	OCR from image meineke_page_140.jpg (id=1312)	1c1ba41ca4973998c92753c014c610ef4c3c604c7b6080090453e2661719649c	96977	Ἀρδαλίδες	407		0.888889	2786	Δαιδαλίδαι	0.600000	0.288889	αφδαλιδεσ	αρδαλιδεσ
135906	Ἀφδέα		meineke_page_140.jpg	140	9071	ocr	OCR from image meineke_page_140.jpg (id=1312)	9cfa4fdc98af4c5bd9676dd989a570e1d239092faffb74ec9815b79f4c20ef34	96978	Ἄρδεα	408		0.800000	102825	Ἄφιδνα	0.666667	0.133333	αφδεα	αρδεα
135907	Ἀφδόνιον	1	meineke_page_141.jpg	141	9072	ocr	OCR from image meineke_page_141.jpg (id=1313)	12337568f9992f52659017c683ca940fe813eb2074454e6f42353d5442743589	96979	Ἀρδύνιον	409	Α409	0.750000	8894	Λινδόνιον	0.666667	0.083333	αφδονιον	αρδυνιον
135908	Ἀφεδούσα	2	meineke_page_141.jpg	141	9073	ocr	OCR from image meineke_page_141.jpg (id=1313)	24d2ca989b9790304af784d6e90444ba8e749b4f7c22bdced8ca068d68678fed	99799	Ἀρέθουσα	410	Α410	0.750000	17047	Ἐλοῦσα	0.625000	0.125000	αφεδουσα	αρεθουσα
135909	Ἄρειος πάγος		meineke_page_142.jpg	142	9074	ocr	OCR from image meineke_page_142.jpg (id=1314)	73483a1069aa0bc9413ccd2ae6eeff5c6b2ab86deaf6b05acd74f39d86f04a3a	99801	Ἄρειος πάγος	412	Α412	1.000000	7260	Κυχρεῖος πάγος	0.769231	0.230769	αρειοσπαγοσ	αρειοσπαγοσ
135910	Ἄρειος νῆσος		meineke_page_142.jpg	142	9075	ocr	OCR from image meineke_page_142.jpg (id=1314)	72b1c630cdfa0e6a38b337615e1b95a72c4233e271a66ad29e5601ac2b7411a7	99802	Ἄρεος νῆσος	413	Α413	0.909091	99801	Ἄρειος πάγος	0.727273	0.181818	αρειοσνησοσ	αρεοσνησοσ
135911	Ἀρήνη		meineke_page_142.jpg	142	9076	ocr	OCR from image meineke_page_142.jpg (id=1314)	86b8efbf51c74714cb9ef1f7cbfae11a2c938a1d987b61ad69e41a2a667ad76f	2482	Καρήνη	80	Κ80	0.833333	102794	Ἀτρήνη	0.833333	0.000000	αρηνη	καρηνη
135912	Ἄρης Ἀργιος		meineke_page_142.jpg	142	9077	ocr	OCR from image meineke_page_142.jpg (id=1314)	e8598d0fcf598367f136bd96fd2485b36c2f6174700f3175f2320f710f0b79c1	82928	Ἀμήστρατος	268	Α268	0.600000	3507	Κράγος	0.500000	0.100000	αρησαργιοσ	αμηστρατοσ
135913	Ἄρια		meineke_page_142.jpg	142	9078	ocr	OCR from image meineke_page_142.jpg (id=1314)	95fa6236605f215901243936a572b2b538b201c162f94074fb56470391b71679	99805	Ἀρία	416		1.000000	2484	Καρία	0.800000	0.200000	αρια	αρια
135914	Ἀρειανή		meineke_page_143.jpg	143	9079	ocr	OCR from image meineke_page_143.jpg (id=1315)	cad66586079321f440ce5380126030455205960b9003a035ddbbcb8f3e26d250	14875	Δρεπάνη	127	Δ127	0.714286	61138	Αἰανή	0.714286	0.000000	αρειανη	δρεπανη
135915	Ἀρείμιον	1	meineke_page_144.jpg	144	9080	ocr	OCR from image meineke_page_144.jpg (id=1316)	0ee173de8c981244786f85fdb185ba18960d4dc8f4187aae6404ef083ed39ee3	99813	Ἀρίμινον	424	Α424	0.750000	99850	Ἀρτεμίσιον	0.700000	0.050000	αρειμιον	αριμινον
135916	Ἀρκάδες	2	meineke_page_144.jpg	144	19375	ocr	OCR from image meineke_page_463.jpg (id=1635)	6673e75cfcdba6baaebd281e858ab8c59e21e0648d1d1c6f04c2de8d01936f10	99816	Ἀρκάδες	427	Α427	1.000000	99822	Ἀρκτᾶνες	0.750000	0.250000	αρκαδεσ	αρκαδεσ
135918	Ἀρχεσινη		meineke_page_146.jpg	146	9083	ocr	OCR from image meineke_page_146.jpg (id=1318)	001a075f827ddc03e90090b0ca2b611e750ee199ca60b381e2e0e6e02d868990	99818	Ἀρκεσίνη	429		0.875000	30171	Ῥέσινα	0.625000	0.250000	αρχεσινη	αρκεσινη
135919	Ἄρχη		meineke_page_146.jpg	146	9084	ocr	OCR from image meineke_page_146.jpg (id=1318)	bca2ff1da5f0607a0b0dd0be6ef33615ba8187c3ef9d175f0a84f6fc6a04ac25	99819	Ἄρκη	430	Α430	0.750000	99829	Ἄρνη	0.750000	0.000000	αρχη	αρκη
135920	Ἀρκεοθέσσα		meineke_page_146.jpg	146	9085	ocr	OCR from image meineke_page_146.jpg (id=1318)	27a956fd29278ce213b296878d04eaf66f44f3d5f9b80602995164bfee7befdd	99820	Ἀρκιρόεσσα	431	Α431	0.700000	99799	Ἀρέθουσα	0.600000	0.100000	αρκεοθεσσα	αρκιροεσσα
135921	Ἀρχονήσος		meineke_page_146.jpg	146	9086	ocr	OCR from image meineke_page_146.jpg (id=1318)	e5f33a0121326ba04e19c37b03050f73f0de4f40b451a405c4b2e6c2b12b6912	99821	Ἀρκόνησος	432	Α432	0.888889	99802	Ἄρεος νῆσος	0.800000	0.088889	αρχονησοσ	αρκονησοσ
135923	Ἀρκτῶν νῆσος	2	meineke_page_147.jpg	147	9088	ocr	OCR from image meineke_page_147.jpg (id=1319)	7ae5c212ba9b3e811bddf762f79063a84300638ee911a92d419cf09327e3f17c	99823	Ἄρκτων νῆσος	434	Α434	1.000000	99821	Ἀρκόνησος	0.727273	0.272727	αρκτωννησοσ	αρκτωννησοσ
135925	Ἀρμένη	4	meineke_page_147.jpg	147	9090	ocr	OCR from image meineke_page_147.jpg (id=1319)	a1326df3b57dc127a3748bff45cd8c2852d712efed713afecd7b5868f3b73554	99825	Ἀρμένη	436	Α436	1.000000	2606	Κασμένη	0.714286	0.285714	αρμενη	αρμενη
135926	Ἀρμενία		meineke_page_148.jpg	148	9091	ocr	OCR from image meineke_page_148.jpg (id=1320)	c659a1b0dccdd6a5b7816a246a3e62afc497c41800d98c02d7c716fe03302b54	99826	Ἀρμενία	437	Α437	1.000000	2488	Καρμανία	0.750000	0.250000	αρμενια	αρμενια
135929	Ἄρηνη		meineke_page_148.jpg	148	9094	ocr	OCR from image meineke_page_148.jpg (id=1320)	7a019061d871bc46123a28cf377d6c00f80aa0e7ef5e6cef03abc120cecbbef2	2482	Καρήνη	80	Κ80	0.833333	102794	Ἀτρήνη	0.833333	0.000000	αρηνη	καρηνη
135932	Ἀρπάγια		meineke_page_149.jpg	149	9097	ocr	OCR from image meineke_page_149.jpg (id=1321)	58ba5f4383142aae4de02a33f93136a7ad4e8eb82aa4776e584ff852de246cb9	99832	Ἁρπάγια	443	Α443	1.000000	2597	Καρπασία	0.750000	0.250000	αρπαγια	αρπαγια
135933	Ἀρπαλυκεία		meineke_page_149.jpg	149	9098	ocr	OCR from image meineke_page_149.jpg (id=1321)	e9b9cb8e58a563ff37dd95a2b66d4820e9e7dd80d687a0a6b6fca41eb1bc035e	99833	Ἁρπαλύκεια	444	Α444	1.000000	102757	Ἀσπαλάθεια	0.700000	0.300000	αρπαλυκεια	αρπαλυκεια
135934	Ἀεπασα		meineke_page_150.jpg	150	9099	ocr	OCR from image meineke_page_150.jpg (id=1322)	7ac1426c1d00c6879745c3a2b9a275c5cf576a0467f5a700f0b18442fdf26fc5	99834	Ἅρπασα	445	Α445	0.833333	10210	Μέγασα	0.666667	0.166667	αεπασα	αρπασα
135935	Ἀετινα		meineke_page_150.jpg	150	9100	ocr	OCR from image meineke_page_150.jpg (id=1322)	b3b0d45ed03379dcb446d948af2095adeced336dee505411f11d70eb204b5990	7256	Κύτινα	300	Κ300	0.666667	9609	Μέλινα	0.666667	0.000000	αετινα	κυτινα
135936	Ἀερτινα		meineke_page_150.jpg	150	9101	ocr	OCR from image meineke_page_150.jpg (id=1322)	3e40426006bf951e60a2013b2b3c60a95b773d22919f8cf2bddae6df39e842a1	48661	Τέρινα	97	Τ97	0.714286	61120	Ἀερία	0.714286	0.000000	αερτινα	τερινα
135937	Ἀερα		meineke_page_150.jpg	150	9102	ocr	OCR from image meineke_page_150.jpg (id=1322)	300805470a7fab0aa4cb3a2b5a6274e9e54d4fd530c53af08b37c18afcfda17b	61120	Ἀερία	70	Α70	0.800000	13834	Δέρα	0.750000	0.050000	αερα	αερια
135938	Ἀερεντια		meineke_page_150.jpg	150	9103	ocr	OCR from image meineke_page_150.jpg (id=1322)	e9f87e11598d5dc8c7b7c2b793382954f9c1e44d07ea0c0673df91439087a59d	99838	Ἀρρεντία	449	Α449	0.875000	26726	Περαντία	0.750000	0.125000	αερεντια	αρρεντια
135939	Ἀερετήιον		meineke_page_150.jpg	150	9104	ocr	OCR from image meineke_page_150.jpg (id=1322)	af9016194f04938912c2495f2433d506e5718b8113f9ebe19debc1033fa4f7ad	17080	Ἐργέτιον	104	Ε104	0.666667	99839	Ἀρρήτιον	0.666667	0.000000	αερετηιον	εργετιον
135940	Ἀερχνοι		meineke_page_150.jpg	150	9105	ocr	OCR from image meineke_page_150.jpg (id=1322)	ff73f2094ed8963e2d5938ed20b3b79d5285075d5b132c330a4bcc56186be805	96974	Ἀγυρῖνοι	404	Α404	0.625000	99830	Ἀρόερνοι	0.625000	0.000000	αερχνοι	αγυρινοι
135941	Ἀερσα		meineke_page_150.jpg	150	9106	ocr	OCR from image meineke_page_150.jpg (id=1322)	c64cf58b2c016f0a193da675ac22ec12ed32f93f809acbcc37fb1da2ec7027b4	26741	Πέρσα	118	Π118	0.800000	61120	Ἀερία	0.800000	0.000000	αερσα	περσα
135942	Ἀερσακια		meineke_page_150.jpg	150	9107	ocr	OCR from image meineke_page_150.jpg (id=1322)	93f7d4868c923954bc2be8b91ca131b16e9667b62caa96ea4a635c97d9bcbee2	99842	Ἀρσακία	453	Α453	0.875000	9640	Μεσσαπία	0.625000	0.250000	αερσακια	αρσακια
135943	Ἀερισομη		meineke_page_150.jpg	150	9108	ocr	OCR from image meineke_page_150.jpg (id=1322)	4f157c8d5ef4072dddd4e7af060efcd91cf1a8acff48f83a9cc4843f10fcb4d9	61192	Αἰσύμη	143	Α143	0.625000	99815	Ἀρίσβη	0.625000	0.000000	αερισομη	αισυμη
135945	Ἀρσονία	2	meineke_page_151.jpg	151	9110	ocr	OCR from image meineke_page_151.jpg (id=1323)	9368a1a861c9c5e8c9e3ed6b0b7062ff35190c35dbb0024ea401dc373b88bc14	13807	Δαρσανία	23	Δ23	0.750000	61179	Αἱμονία	0.714286	0.035714	αρσονια	δαρσανια
135946	Ἀρταία	1	meineke_page_152.jpg	152	9111	ocr	OCR from image meineke_page_152.jpg (id=1324)	baed9af9358a6c084ce623de8fc69926be83fd7fc76d65b6215d5a5922cc408e	99845	Ἀρταία	456	Α456	1.000000	102781	Ἀταία	0.833333	0.166667	αρταια	αρταια
135947	Ἀρτακή	2	meineke_page_152.jpg	152	9112	ocr	OCR from image meineke_page_152.jpg (id=1324)	7df6582091b00769c05dd96a420c86de602b52e39e5c5ecf1af63db866e59531	99846	Ἀρτάκη	457	Α457	1.000000	96955	Ἀρβάκη	0.833333	0.166667	αρτακη	αρτακη
135948	Ἀρτακαοι	3	meineke_page_152.jpg	152	9113	ocr	OCR from image meineke_page_152.jpg (id=1324)	b9f2ee2698a402c757c0a2e18423c0426791af9d207243d9087adcfd306b5b51	99847	Ἀρτακοί	458	Α458	0.875000	96957	Ἀρβαξανοί	0.666667	0.208333	αρτακαοι	αρτακοι
135949	Ἀρταξάτα	1	meineke_page_153.jpg	153	9114	ocr	OCR from image meineke_page_153.jpg (id=1325)	0d8e287f7daa61211623b66534c20a9da6c69663c74d3ca836f2424b93aa4b67	99848	Ἀρτάξατα	459	Α459	1.000000	23683	Ἰωτάπατα	0.625000	0.375000	αρταξατα	αρταξατα
135952	Ἀρτεμίτα	4	meineke_page_153.jpg	153	9117	ocr	OCR from image meineke_page_153.jpg (id=1325)	2e1e39ea8be343c1762aba5b8a308186fa5c7cd1259be1b7732fe666b53412f3	99851	Ἀρτέμιτα	462		1.000000	85695	Ἄντεμνα	0.625000	0.375000	αρτεμιτα	αρτεμιτα
135961	Ἀσβυτός	3	meineke_page_155.jpg	155	9126	ocr	OCR from image meineke_page_155.jpg (id=1327)	5c25a43d60e21102bf27a892d66dd7794b5896f1cc5b4fb32a59de63df4155c4	99860	Ἄσβωτος	471	Α471	0.857143	80207	Ἄκυτος	0.714286	0.142857	ασβυτοσ	ασβωτοσ
135962	Ἀσδύνις	4	meineke_page_155.jpg	155	9127	ocr	OCR from image meineke_page_155.jpg (id=1327)	ed3e79051576fff9787294055091570881546a326272d6f1f86d3aaacba7900f	99861	Ἄσδυνις	472	Α472	1.000000	96979	Ἀρδύνιον	0.625000	0.375000	ασδυνισ	ασδυνισ
135964	Ἀσία	6	meineke_page_155.jpg	155	9129	ocr	OCR from image meineke_page_155.jpg (id=1327)	984d4d7293cbcfabfbd03b0c2427ddffc1ae7338d342a99b17f03fa10f079900	99863	Ἀσία	474	Α474	1.000000	61044	Ὑσία	0.750000	0.250000	ασια	ασια
135965	Ἀσίας		meineke_page_156.jpg	156	9130	ocr	OCR from image meineke_page_156.jpg (id=1328)	5377d0af1ce2b782f52c0647e9aff7c547bd38dc2ccee9357cc46f73138c3d86	99863	Ἀσία	474	Α474	0.800000	14822	Διάς	0.600000	0.200000	ασιασ	ασια
135966	Ἀσίνη		meineke_page_156.jpg	156	9131	ocr	OCR from image meineke_page_156.jpg (id=1328)	ab6f5a564861add036f1e29d28a285824bbbabd0bca6489bbf16c174296fd7f3	99864	Ἀσίνη	475	Α475	1.000000	99843	Ἀρσινόη	0.714286	0.285714	ασινη	ασινη
135967	Ἀσχάλων		meineke_page_156.jpg	156	9132	ocr	OCR from image meineke_page_156.jpg (id=1328)	1d5327f3e92ed106e6a73ea743d3070dbf0e301c52f8843fd0283f2d7d97cb23	99865	Ἀσκάλων	476	Α476	0.857143	2618	Κασταλών	0.750000	0.107143	ασχαλων	ασκαλων
135968	Ἀσκάλων		meineke_page_157.jpg	157	9133	ocr	OCR from image meineke_page_157.jpg (id=1329)	05b304bd9bc1fd5c68e98df1c11907e088684146cd40fdaf839d6d560861e315	99865	Ἀσκάλων	476	Α476	1.000000	2618	Κασταλών	0.750000	0.250000	ασκαλων	ασκαλων
135969	Ἀσκιται	1	meineke_page_158.jpg	158	9134	ocr	OCR from image meineke_page_158.jpg (id=1330)	a1c673c4f9c956540bf177d5b9824f550b464e84f5f4ca9b5a4f4d7f72e5179b	102753	Ἀσκῖται	478	Α478	1.000000	102815	Αὐσχῖται	0.750000	0.250000	ασκιται	ασκιται
135970	Ἀσκλης	2	meineke_page_158.jpg	158	9135	ocr	OCR from image meineke_page_158.jpg (id=1330)	3ea2e41fa12a016f6dcde9c0181d85ceba7e33b154d7772752d3516418f9b596	102754	Ἄσκλος	479	Α479	0.833333	61205	Ἀκέλης	0.666667	0.166667	ασκλησ	ασκλοσ
135971	Ἄσχρη	3	meineke_page_158.jpg	158	9136	ocr	OCR from image meineke_page_158.jpg (id=1330)	a3b448ded3429c98cb8922666ead4cbea0b3e6adc66323d94acf1029a7739543	102755	Ἄσκρη	480	Α480	0.800000	61096	Ἄγρη	0.600000	0.200000	ασχρη	ασκρη
135972	Κύρ?	1	meineke_page_159.jpg	159	9137	ocr	OCR from image meineke_page_159.jpg (id=1331)	d03e5342f05cff5d1611b54c75189f49b2f80dcd6bf43148172009afca3cc91c	7243	Κύρη	287	Κ287	0.750000	7242	Κύρβη	0.600000	0.150000	κυρ	κυρη
135973	Ἄσπαλαθεια	2	meineke_page_159.jpg	159	9138	ocr	OCR from image meineke_page_159.jpg (id=1331)	66579e4b184527bcc2dbf5c8e7ea6c72a14222fe7f004d4181a7eceae72f968d	102757	Ἀσπαλάθεια	482	Α482	1.000000	102758	Ἀσπαλαθίς	0.800000	0.200000	ασπαλαθεια	ασπαλαθεια
135976	Ἄσπις	5	meineke_page_159.jpg	159	15771	ocr	OCR from image meineke_page_159.jpg (id=1331)	ac5ef495c8a1818bb6d35e61a9c16c5b2ece87d0fe793a5a27d6fc363948a304	105722	Ἀσπίς	485	Α485	1.000000	102813	Αὐσεῖς	0.666667	0.333333	ασπισ	ασπισ
135977	Ἀσπιδοῦν		meineke_page_160.jpg	160	9142	ocr	OCR from image meineke_page_160.jpg (id=1332)	d9d83f9d23c360fd19669fe1b396a964f6edc6f603de5a6fba9f42a348499b66	37825	Σιδοῦς	146	Σ146	0.625000	2605	Κάσιον	0.500000	0.125000	ασπιδουν	σιδουσ
135979	Ἄσσημος		meineke_page_161.jpg	161	9144	ocr	OCR from image meineke_page_161.jpg (id=1333)	63f6e902aab0afd2d06794c9e754428a56f17338c7ba3ddfa360ee29989b9ae2	102765	Ἀσσησός	491	Α491	0.857143	102766	Ἀσσός	0.714286	0.142857	ασσημοσ	ασσησοσ
135980	Ἄσσος		meineke_page_161.jpg	161	9145	ocr	OCR from image meineke_page_161.jpg (id=1333)	277f17fec1047ee2f1bbeb3ce29d8c75806fb1c762c99c7d68b234c24ba402f1	102766	Ἀσσός	492	Α492	1.000000	19535	Ἠσσός	0.800000	0.200000	ασσοσ	ασσοσ
135981	Ἄσσυρις		meineke_page_162.jpg	162	9146	ocr	OCR from image meineke_page_162.jpg (id=1334)	1d50b1a64d1aeb9427c140162fa2dd1789dc7237b5dcd72f364db5c41e247da1	102767	Ἀσσυρία	493	Α493	0.857143	99861	Ἄσδυνις	0.714286	0.142857	ασσυρισ	ασσυρια
135982	Ἀσσυρία		meineke_page_162.jpg	162	9147	ocr	OCR from image meineke_page_162.jpg (id=1334)	377cba1a41bf286a77aa28d0a3e16cca22882405ee2888e45ba9754dc33bb8d2	102767	Ἀσσυρία	493	Α493	1.000000	23648	Ἰσαυρία	0.714286	0.285714	ασσυρια	ασσυρια
135983	Ἀσσώριον		meineke_page_162.jpg	162	9148	ocr	OCR from image meineke_page_162.jpg (id=1334)	1528b3fb490329e8beeb65fea36e4932ae59950c9fa622468969f1c217a62d1c	102769	Ἀσσώριον	495	Α494	1.000000	23661	Ἰσσώριον	0.875000	0.125000	ασσωριον	ασσωριον
135984	Ἀσσυφόν		meineke_page_162.jpg	162	9149	ocr	OCR from image meineke_page_162.jpg (id=1334)	2f05eda3b607aea6ce33cc0f3b18ac129a20dbed0ac605c3637110726e25275a	102768	Ἀσσωρόν	494	Α495	0.714286	9581	Μασσύλοι	0.625000	0.089286	ασσυφον	ασσωρον
135985	Ἀσταί		meineke_page_162.jpg	162	9150	ocr	OCR from image meineke_page_162.jpg (id=1334)	fe1f28cb698c22c577a95897fa52f88fe18774ff14f56de3f0e0eec2ada0674c	102770	Ἀσταί	496	Α496	1.000000	99858	Ἀσαί	0.800000	0.200000	ασται	ασται
135986	Ἄστακος		meineke_page_162.jpg	162	9151	ocr	OCR from image meineke_page_162.jpg (id=1334)	86c2a9786503cd0eaf42ad8571e1a02850b0ef4e299e41ebe8262864891f24df	102771	Ἀστακός	497	Α497	1.000000	32007	Σάκος	0.714286	0.285714	αστακοσ	αστακοσ
135988	Ἀσταρῆτη	2	meineke_page_163.jpg	163	9153	ocr	OCR from image meineke_page_163.jpg (id=1335)	127a56d51465d5ee8814253642f5b2fe729a76ca9ba449df8f1d51171979b91a	102773	Ἀστάρτη	499	Α499	0.875000	32067	Σάρτη	0.625000	0.250000	ασταρητη	ασταρτη
135989	Ἀστελεβή	3	meineke_page_163.jpg	163	9154	ocr	OCR from image meineke_page_163.jpg (id=1335)	221e0af47df33d4b7caae648557d0c068c8c4e5db6c3352b6ecd6e1883de72d7	102774	Ἀστελέβη	500	Α500	1.000000	9580	Μαστραμέλη	0.500000	0.500000	αστελεβη	αστελεβη
135990	Ἀστερεία	4	meineke_page_163.jpg	163	9155	ocr	OCR from image meineke_page_163.jpg (id=1335)	722d14d655735ee8ab527c51126b7f059561b0b3ebe10b8341aa7e07580bcc98	105738	Ἀστερία	501	Α501	0.875000	105741	Ἄστραια	0.750000	0.125000	αστερεια	αστερια
135991	Ἀστερείον	5	meineke_page_163.jpg	163	9156	ocr	OCR from image meineke_page_163.jpg (id=1335)	41cc9c626bd6c2144728fc5f48e259f8b98750cd06c97af0213934c65f6bc376	105739	Ἀστέριον	502	Α502	0.888889	102787	Ἀτέριον	0.777778	0.111111	αστερειον	αστεριον
135994	Ἀστρεία		meineke_page_164.jpg	164	9159	ocr	OCR from image meineke_page_164.jpg (id=1336)	91af8ad5065427ab2feaa3ac7208aec5453dd08f5f3cee5110a78825dd9002e9	105741	Ἄστραια	504	Α504	0.857143	23664	Ἰστρία	0.714286	0.142857	αστρεια	αστραια
135995	ἄστυ		meineke_page_164.jpg	164	9160	ocr	OCR from image meineke_page_164.jpg (id=1336)	c6b6433c3d98b8e7643ed810662f8db78c8e0748a2106134b897e50491671dbb	102775	Ἄστυ	505	Α505	1.000000	102777	Ἄστυρα	0.666667	0.333333	αστυ	αστυ
135996	Ἀστυπάλαια	1	meineke_page_165.jpg	165	15775	ocr	OCR from image meineke_page_165.jpg (id=1337)	74276186ce8bb3a05a33c2f95d63f9b8bad4c6dbc7d375fd2134af212202235f	102776	Ἀστυπάλαια	506	Α506	1.000000	2617	Κασταλία	0.600000	0.400000	αστυπαλαια	αστυπαλαια
135997	Ἀσχείον	1	meineke_page_166.jpg	166	9162	ocr	OCR from image meineke_page_166.jpg (id=1338)	43436e4880bbe7329143a9f22742be33dd5eb14c10d7c7bcf25e7c42f3e7385f	102779	Ἄσχειον	509	Α509	1.000000	105739	Ἀστέριον	0.750000	0.250000	ασχειον	ασχειον
135998	Ἄταβυρον	2	meineke_page_166.jpg	166	9163	ocr	OCR from image meineke_page_166.jpg (id=1338)	c7cc7782c9894124d88d981307cbb18c629457138fc3c142e496c5d1e3c99f1f	102780	Ἀτάβυρον	510	Α510	1.000000	80212	Ἀλαβούριον	0.700000	0.300000	αταβυρον	αταβυρον
135999	Ἀτασία	3	meineke_page_166.jpg	166	9164	ocr	OCR from image meineke_page_166.jpg (id=1338)	115370d97c744d1b4fdb25ae1d0ad3f381452407372222e167ce7b8f81383c27	102781	Ἀταία	511	Α511	0.833333	82921	Ἀμάσεια	0.714286	0.119048	ατασια	αταια
136000	Ἀταλάντη	4	meineke_page_166.jpg	166	9165	ocr	OCR from image meineke_page_166.jpg (id=1338)	184f310997fc49fd803d445ca8a874b785dfc63c28e0a82c4d1e5df8c0740402	102782	Ἀταλάντη	512	Α512	1.000000	80244	Ἀλλάντη	0.750000	0.250000	αταλαντη	αταλαντη
136001	Ἀταβρηνή	5	meineke_page_166.jpg	166	9166	ocr	OCR from image meineke_page_166.jpg (id=1338)	dcbd3410ffcb8ccc6cf0a09da81dd6dda30b7dbfafac42b950d570309312d6d6	102794	Ἀτρήνη	524	Α524	0.750000	2482	Καρήνη	0.625000	0.125000	αταβρηνη	ατρηνη
136002	Ἄταγρα	6	meineke_page_166.jpg	166	9167	ocr	OCR from image meineke_page_166.jpg (id=1338)	cb6b59ee354ea485711af8bf3195a3ed5266676e214e5d972cff7b7763c4b127	44222	Τάναγρα	17	Τ17	0.714286	26689	Πάταρα	0.666667	0.047619	αταγρα	ταναγρα
136003	Λέσβος		meineke_page_167.jpg	167	9168	ocr	OCR from image meineke_page_167.jpg (id=1339)	43aa23f990094bcc924717221e1b24a1961cb3450f02ba4b9d99c6074389afc8	8901	Λίσσος	79	Λ79	0.666667	11098	Νέστος	0.666667	0.000000	λεσβοσ	λισσοσ
136004	Λασαρηνοί		meineke_page_167.jpg	167	9169	ocr	OCR from image meineke_page_167.jpg (id=1339)	983d1ec9fab28d226bfad4691b7be3c724234d36dab6979788ccc5e214d616c3	2337	Καμαρηνοί	43	Κ43	0.777778	13818	Δαχαρηνοί	0.777778	0.000000	λασαρηνοι	καμαρηνοι
136005	Λατέλλα		meineke_page_167.jpg	167	9170	ocr	OCR from image meineke_page_167.jpg (id=1339)	9be728f3784e0f15d8058eb7248d81bdc66e13e5d4eaca19eeab81ebae0cc236	102786	Ἄτελλα	516	Α516	0.857143	17060	Ἔντελλα	0.714286	0.142857	λατελλα	ατελλα
136006	Λάτεριον		meineke_page_167.jpg	167	9171	ocr	OCR from image meineke_page_167.jpg (id=1339)	c2e4e157b47eb3f388d495f79ef387c7be47231f6f681f3a464ea7f5cbc60fb9	102787	Ἀτέριον	517	Α517	0.875000	7255	Κυτέριον	0.750000	0.125000	λατεριον	ατεριον
136007	Λατηγή		meineke_page_167.jpg	167	9172	ocr	OCR from image meineke_page_167.jpg (id=1339)	7da0189a047f52dc917f689cd1f9d4f83cb31a26f4ebaf2d5173486ae1e8124e	102788	Ἀτήνη	518	Α518	0.666667	28368	Πλατηίς	0.571429	0.095238	λατηγη	ατηνη
136008	Λαντανία		meineke_page_167.jpg	167	9173	ocr	OCR from image meineke_page_167.jpg (id=1339)	8e3e7710d8720741bd6b33ee6c2d00811660cfdf4151e4839620896ab24a7b82	85678	Ἀνδανία	310	Α310	0.750000	2461	Κανταβρία	0.666667	0.083333	λαντανια	ανδανια
136010	Ἄτρααι	1	meineke_page_168.jpg	168	9175	ocr	OCR from image meineke_page_168.jpg (id=1340)	2933366e37b83464ac53e96bdf082ea1f4b86f6cf5b713019139683dff28aa66	102791	Ἄτραι	521	Α521	0.833333	26692	Πάτραι	0.666667	0.166667	ατρααι	ατραι
136011	Ἀτρεμίπια	2	meineke_page_168.jpg	168	9176	ocr	OCR from image meineke_page_168.jpg (id=1340)	35ba4124c3e2ebe44112fc2c1a36b478832cabf4bc1470d9fb2a9a776a9e9a15	41979	Στειριά	268	Σ268	0.555556	51003	Τραμπύα	0.555556	0.000000	ατρεμιπια	στειρια
136012	Ἄτραξ καὶ Ἀτραχία	3	meineke_page_168.jpg	168	9177	ocr	OCR from image meineke_page_168.jpg (id=1340)	daee0a0723b6f352ada49849e7be4a7d098a6aaf15894331f1f12ef6a26323d8	102793	Ἄτραξ καὶ Ἀτρακία	523	Α523	0.933333	61093	Ἄγρα καὶ Ἄγραι	0.666667	0.266667	ατραξκαιατραχια	ατραξκαιατρακια
136013	Ἀτρηνή	4	meineke_page_168.jpg	168	9178	ocr	OCR from image meineke_page_168.jpg (id=1340)	d41c1293692b55f9de3b9a1e4e682e1413b5529999c3152faca17bb4d4a20918	102794	Ἀτρήνη	524	Α524	1.000000	102788	Ἀτήνη	0.833333	0.166667	ατρηνη	ατρηνη
136014	Ἄτρεια	5	meineke_page_168.jpg	168	9179	ocr	OCR from image meineke_page_168.jpg (id=1340)	23ff0099431a32de9b6ef6bc23aefbdae8412021db286b0f0b581449f9170953	102795	Ἀτρία	525	Α525	0.833333	105741	Ἄστραια	0.714286	0.119048	ατρεια	ατρια
136015	Ἀτρεωταία καὶ Ἀτρεωπάτιος	6	meineke_page_168.jpg	168	9180	ocr	OCR from image meineke_page_168.jpg (id=1340)	a53f265205177cd18a935db356e4e26d210ba46e2f9d7527937ffadd05f5c531	102796	Ἀτροπατία καὶ Ἀτροπάτιος	526	Α526	0.739130	102793	Ἄτραξ καὶ Ἀτρακία	0.521739	0.217391	ατρεωταιακαιατρεωπατιοσ	ατροπατιακαιατροπατιοσ
136016	Ἀτταλεία		meineke_page_169.jpg	169	9181	ocr	OCR from image meineke_page_169.jpg (id=1341)	029e57cc5fc307cb8de146ee5064b39fcfa21320dc17c09f8e82cf23a602acb5	102797	Ἀττάλεια	527	Α527	1.000000	131909	Ψυττάλεια	0.777778	0.222222	ατταλεια	ατταλεια
136018	Ἀτταλυδά		meineke_page_169.jpg	169	9183	ocr	OCR from image meineke_page_169.jpg (id=1341)	c346dada42e605f98ce0d9236435faebf8bcceaffae1293e3a3e2cedfd238d4b	102799	Ἀττάλυδα	529	Α529	1.000000	102797	Ἀττάλεια	0.750000	0.250000	ατταλυδα	ατταλυδα
136019	Αὖθα καὶ Αὖφα		meineke_page_169.jpg	169	9184	ocr	OCR from image meineke_page_169.jpg (id=1341)	fcd1cb89b9168ab67be4b2d021bc1304a19e87875faf8265f6547b138c6bdd1d	102800	Αὔαθα καὶ Αὔαρα	530	Α530	0.769231	61093	Ἄγρα καὶ Ἄγραι	0.583333	0.185897	αυθακαιαυφα	αυαθακαιαυαρα
136021	Αὖσα		meineke_page_169.jpg	169	9186	ocr	OCR from image meineke_page_169.jpg (id=1341)	25d2dd48ac6d1a98a99774a423da3ebb94d5df73c0a87db830fb84e13e6da85c	61191	Αἶσα	142	Α142	0.750000	99841	Ἄρσα	0.750000	0.000000	αυσα	αισα
136022	Αὐασις		meineke_page_170.jpg	170	9187	ocr	OCR from image meineke_page_170.jpg (id=1342)	12d9e0662354955080f316874097d5e09d28626b48573bea95f9ce09e4928b66	102803	Αὔασις	533	Α533	1.000000	61000	Ὕασις	0.833333	0.166667	αυασισ	αυασισ
136024	Αὐγεία		meineke_page_170.jpg	170	9189	ocr	OCR from image meineke_page_170.jpg (id=1342)	202a579b10e130e3174921cd57b1e446617f2f44f7f0062c214657196605214a	102805	Αὐγειαί	535	Α535	0.857143	18273	Εὔγεια	0.833333	0.023810	αυγεια	αυγειαι
136025	Αὐγίλαι		meineke_page_170.jpg	170	9190	ocr	OCR from image meineke_page_170.jpg (id=1342)	294dc419128e6b3cfb404699ee24fcfa20352c2ba02cdcb0db1254a2f8f6414b	102806	Αὔγιλα	536	Α536	0.857143	96968	Ἄργιλα	0.714286	0.142857	αυγιλαι	αυγιλα
136026	Αὐγουσταί		meineke_page_170.jpg	170	9191	ocr	OCR from image meineke_page_170.jpg (id=1342)	111fcf892339d284a83686187a9679d4ea7cb8dc8e6835e72c79bb6d819aab48	102807	Αὔγουσται	537	Α537	1.000000	61160	Αἴγουσα	0.666667	0.333333	αυγουσται	αυγουσται
136027	Αὐενίων		meineke_page_170.jpg	170	9192	ocr	OCR from image meineke_page_170.jpg (id=1342)	255d9366c7718f896a142ea815907a8da2332b1c10565d40cc0183db824875b2	102808	Αὐενιών	538	Α538	1.000000	85722	Ἀπέννιον	0.625000	0.375000	αυενιων	αυενιων
136028	Αὐλαί		meineke_page_170.jpg	170	9193	ocr	OCR from image meineke_page_170.jpg (id=1342)	b3c17046a9a9242b4392067748a0f3a9b60b4900ff614479bfaa2d5a2249b9c0	102809	Αὐλαί	539	Α539	1.000000	10336	Μυλαί	0.800000	0.200000	αυλαι	αυλαι
136029	οἰκιστής / Αὐλίς		meineke_page_171.jpg	171	9194	ocr	OCR from image meineke_page_171.jpg (id=1343)	4453448331e1d4bbeb34427a1c9823ad59858387d537792db94a0c23f7d92f08	2617	Κασταλία	117	Κ117	0.461538	12810	Οἴτυλος	0.461538	0.000000	οικιστησαυλισ	κασταλια
136030	Αὐλίς	1	meineke_page_172.jpg	172	9195	ocr	OCR from image meineke_page_172.jpg (id=1344)	a6baa56785f0f1d52deb643f2f7af465ec65e1b2f2ca601929d41f36e4cdf794	102811	Αὐλίς	541	Α541	1.000000	13816	Δαυλίς	0.833333	0.166667	αυλισ	αυλισ
136031	Αὐλών	2	meineke_page_172.jpg	172	9196	ocr	OCR from image meineke_page_172.jpg (id=1344)	401fba8d5b4bc147429e739fe13f823fb0a0a52065af558a96bb38849cb55424	102812	Αὐλών	542	Α542	1.000000	11029	Μύλων	0.800000	0.200000	αυλων	αυλων
136032	Αὐσέις	3	meineke_page_172.jpg	172	9197	ocr	OCR from image meineke_page_172.jpg (id=1344)	5c0e254a03ce1d6eae9f322c5dd5fdeeb10fdb6b03d216d7ffcb087683c5331e	102813	Αὐσεῖς	543	Α543	1.000000	11932	Ξύστις	0.666667	0.333333	αυσεισ	αυσεισ
136033	Αὐγάδα	4	meineke_page_172.jpg	172	9198	ocr	OCR from image meineke_page_172.jpg (id=1344)	13d8f5b84ed2b0cd352cef1af01786d7499b344190b47d89b057a50bfb2fc68f	6660	Ἐγγάδα	5	Ἐ5	0.666667	102802	Αὔαρα	0.666667	0.000000	αυγαδα	εγγαδα
136034	Αὐγάται	5	meineke_page_172.jpg	172	9199	ocr	OCR from image meineke_page_172.jpg (id=1344)	898738f1fb0ac713815810d219cf7061dab386d7b02946ac0890cb4c1919214c	102805	Αὐγειαί	535	Α535	0.714286	102807	Αὔγουσται	0.666667	0.047619	αυγαται	αυγειαι
136035	Ἄδων		meineke_page_173.jpg	173	9200	ocr	OCR from image meineke_page_173.jpg (id=1345)	a8dbe113fe40ec0a03f04d2b94b5f8ad1a8bb2282415704a7f96838f9f1129a8	32041	Σάνδων	50	Σ50	0.666667	61067	Ἀβυδών	0.666667	0.000000	αδων	σανδων
136036	Αὔταρέστατοι		meineke_page_173.jpg	173	9201	ocr	OCR from image meineke_page_173.jpg (id=1345)	6d3be52a13ea5037066fd7738289f9ed682cea74309440f9d6802d03008828c3	102817	Αὐταριᾶται	547	Α547	0.666667	61146	Αἰγεσταῖοι	0.583333	0.083333	αυταρεστατοι	αυταριαται
136038	Αὐτόμολαι		meineke_page_173.jpg	173	9203	ocr	OCR from image meineke_page_173.jpg (id=1345)	0d5a46510a928bf709d8c61141bbe5db2828c0896c2af5785a879fabd74876d9	102819	Αὐτόμολοι	549	Α549	0.888889	102818	Αὐτομάλακα	0.700000	0.188889	αυτομολαι	αυτομολοι
136040	Ἀφάναι		meineke_page_174.jpg	174	9205	ocr	OCR from image meineke_page_174.jpg (id=1346)	c74335c0d77c2c3cb5b1f293e42e2d9be8c61130d21b710f41856c7addaf76f3	102820	Ἀφάναι	550	Α551	1.000000	82948	Ἀμφαναί	0.857143	0.142857	αφαναι	αφαναι
136041	Ἀφειδάντες		meineke_page_174.jpg	174	9206	ocr	OCR from image meineke_page_174.jpg (id=1346)	7396f36e068fdb20f8342f662bae8f06daea0c93ab3136dccbd69edac89ee9a9	102822	Ἀφείδαντες	552	Α552	1.000000	28342	Πικίαντες	0.600000	0.400000	αφειδαντεσ	αφειδαντεσ
136042	Ἄφεται		meineke_page_174.jpg	174	9207	ocr	OCR from image meineke_page_174.jpg (id=1346)	46a02461c964ee62e4acd31d59c6463281d9890eb64fa1987387e4d3d473df22	102823	Ἀφεταί	553	Α553	1.000000	22211	Ἰεταί	0.666667	0.333333	αφεται	αφεται
136043	Ἀφύαια		meineke_page_174.jpg	174	9208	ocr	OCR from image meineke_page_174.jpg (id=1346)	b319abab18016469edaa092bc765d8bca17d18506087f79951393752028599ca	102824	Ἄφθαια	554	Α554	0.833333	3087	Καφύαι	0.666667	0.166667	αφυαια	αφθαια
136045	Ἀρνειον		meineke_page_175.jpg	175	9210	ocr	OCR from image meineke_page_175.jpg (id=1347)	c188bef46a936951245fc73827bee7d88bdd6d7b6815c79faff4242f8c5debb5	102826	Ἄφνειον	556	Α556	0.857143	13806	Δαρίειον	0.750000	0.107143	αρνειον	αφνειον
136046	Ἀφρονειον		meineke_page_175.jpg	175	9211	ocr	OCR from image meineke_page_175.jpg (id=1347)	9aee9f403bb63adcfa587deade9f947382bfdfd2a0b0b7923ac0ea8c6dbc36c9	102826	Ἄφνειον	556	Α556	0.777778	82905	Ἀμαζόνειον	0.700000	0.077778	αφρονειον	αφνειον
136047	Ἀφροδισίας		meineke_page_175.jpg	175	9212	ocr	OCR from image meineke_page_175.jpg (id=1347)	1c4665749adbe2b9152c6709349f54ccf2686e904ced60d2993900b7d32b1bbf	105795	Ἀφροδισιάς	558	Α558	1.000000	105797	Ἀφροδιτία	0.800000	0.200000	αφροδισιασ	αφροδισιασ
136048	Ἀφροδιστια		meineke_page_175.jpg	175	9213	ocr	OCR from image meineke_page_175.jpg (id=1347)	d6d98f95653f487f569eeb40e523a69eea6ab8715b69f763ecb19c38491c5e5a	105797	Ἀφροδιτία	560	Α560	0.900000	105795	Ἀφροδισιάς	0.800000	0.100000	αφροδιστια	αφροδιτια
136049	Ἄφυτη		meineke_page_176.jpg	176	9214	ocr	OCR from image meineke_page_176.jpg (id=1348)	63a6117d7b0550ea96777ee33a27cddb97236f5f1d850505c2f49201cf7ba291	80202	Ἀκτή	176	Α176	0.600000	82893	Ἀλύβη	0.600000	0.000000	αφυτη	ακτη
136050	Ἀχαιΐα		meineke_page_176.jpg	176	9215	ocr	OCR from image meineke_page_176.jpg (id=1348)	16e22f8aab20bdd861cb6bfb4723028f82325378432353d2c81b083d5795dc9a	105799	Ἀχαιία	562	Α562	1.000000	61121	Ἀζανία	0.666667	0.333333	αχαιια	αχαιια
136051	Ἀχαμενία		meineke_page_176.jpg	176	9216	ocr	OCR from image meineke_page_176.jpg (id=1348)	2c85fd4eff9453d64bc504ca31fce16b3e1a5f81a2950a7ed6e8352cc1792652	105800	Ἀχαιμενία	563	Α563	0.888889	61128	Ἀθαμανία	0.750000	0.138889	αχαμενια	αχαιμενια
136052	Ἀχανοι		meineke_page_176.jpg	176	9217	ocr	OCR from image meineke_page_176.jpg (id=1348)	c305d4060eca8f91fa0eb25afa4376381ddaa1e9f26354321e3846ad2855bb8c	61122	Ἀζανοί	72	Α72	0.833333	80209	Ἀκχηνοί	0.714286	0.119048	αχανοι	αζανοι
136053	Ἀχαινεῖς		meineke_page_176.jpg	176	9218	ocr	OCR from image meineke_page_176.jpg (id=1348)	e023976b9e8d5d6e8784f72ad5faabdb3298e7374d7d3a47d576d0acaa3199bf	9601	Μελαινεῖς	121	Μ121	0.666667	105800	Ἀχαιμενία	0.666667	0.000000	αχαινεισ	μελαινεισ
136054	Ἀχεδούνις		meineke_page_176.jpg	176	9219	ocr	OCR from image meineke_page_176.jpg (id=1348)	b7d522a0f97aaf2e3ef8ea3c58011280eba5ad6996034afc21a135f87afbae20	61109	Ἄδουλις	59	Α59	0.666667	99861	Ἄσδυνις	0.666667	0.000000	αχεδουνισ	αδουλισ
136056	Ἀχελῷος		meineke_page_177.jpg	177	9221	ocr	OCR from image meineke_page_177.jpg (id=1349)	74ee76397e0651e46f4525a7d185e6bfadddbdf08d0230904c8addb7b85ae0a9	105804	Ἀχελῷος	567	Α567	1.000000	105803	Ἀχερδοῦς	0.625000	0.375000	αχελωοσ	αχελωοσ
136058	Ἀχειανή	2	meineke_page_178.jpg	178	9223	ocr	OCR from image meineke_page_178.jpg (id=1350)	63ca11d2bd3c7c0bb95a384bdbac73713a1e73e24355b76d9d2b0feea7e68144	105813	Ἀχριάνη	576	Α576	0.857143	61138	Αἰανή	0.714286	0.142857	αχειανη	αχριανη
136059	Ἀχιλαι	3	meineke_page_178.jpg	178	9224	ocr	OCR from image meineke_page_178.jpg (id=1350)	f18f10fb4e4cf1764e8be69d1e3ca0a1e4f3402586479b0161269e86538de1aa	105814	Ἀψίλαι	577	Α577	0.833333	14877	Δρῖλαι	0.666667	0.166667	αχιλαι	αψιλαι
136061	Ἀμυρίτιδες	5	meineke_page_178.jpg	178	9226	ocr	OCR from image meineke_page_178.jpg (id=1350)	503ecfb0169d75ad865fa0988150d821b8ab3039883bb6fd0c87187ecd4cb41f	105816	Ἀψυρτίδες	579	Α579	0.800000	30139	Πυραμίδες	0.600000	0.200000	αμυριτιδεσ	αψυρτιδεσ
136063	Βάρβα		meineke_page_179.jpg	179	9228	ocr	OCR from image meineke_page_179.jpg (id=1351)	594d68545d46f10cc6e592538b625362b941c1a534b3acab541f8cc88bc53bd6	105831	Βαῖβαι	13	Β13	0.666667	105855	Βάρβαρος	0.625000	0.041667	βαρβα	βαιβαι
136064	Βαβύλη		meineke_page_179.jpg	179	9229	ocr	OCR from image meineke_page_179.jpg (id=1351)	98eb1204234c90e209a6af6c5d0eee1ab25fab09a30daba42b889013332b3f90	105820	Βαβύλη	2	Β2	1.000000	2058	Καβύλη	0.833333	0.166667	βαβυλη	βαβυλη
136065	Βαρβααντιον		meineke_page_179.jpg	179	9230	ocr	OCR from image meineke_page_179.jpg (id=1351)	499f6242b135b68a320d7d5cba87b5039200f15f59188275e2b57230c026a7b1	105821	Βαβράντιον	3	Β3	0.818182	96956	Ἀρβάνιον	0.727273	0.090909	βαρβααντιον	βαβραντιον
136066	Βάρβας		meineke_page_179.jpg	179	9231	ocr	OCR from image meineke_page_179.jpg (id=1351)	fa8a90142e70b0b537b826740ce7fd8a229b8a46d2b17124ba0235537d77dc39	105855	Βάρβαρος	37	Β37	0.750000	105856	Βάργασα	0.714286	0.035714	βαρβασ	βαρβαροσ
136067	Βαβυλών		meineke_page_179.jpg	179	19162	ocr	OCR from image meineke_page_180.jpg (id=1352)	3327157b1502663bd911c0fd02d894dcb8e2b08c8580bc5bc57c55362e7d0976	105823	Βαβυλών	5	Β5	1.000000	61067	Ἀβυδών	0.714286	0.285714	βαβυλων	βαβυλων
136069	Βαβύακη		meineke_page_180.jpg	180	9234	ocr	OCR from image meineke_page_180.jpg (id=1352)	606fe51bd7c0349fc23a9e3ecdcc18966e3a0c2ab532cdff341e601087d48920	105824	Βαβυτάκη	6	Β6	0.875000	105820	Βαβύλη	0.714286	0.160714	βαβυακη	βαβυτακη
136070	Βαγαδοσία		meineke_page_180.jpg	180	9235	ocr	OCR from image meineke_page_180.jpg (id=1352)	3ad5adfe3f21de0f83cf87a23bc09f8d04b84c8bed75de2915dbe531466906a7	105825	Βαγαδαονία	7	Β7	0.800000	25147	Πανδοσία	0.666667	0.133333	βαγαδοσια	βαγαδαονια
136071	Βαγιστανά		meineke_page_180.jpg	180	9236	ocr	OCR from image meineke_page_180.jpg (id=1352)	0c4eb679713924811f399de4d852773cba571b755adb26c8d86ddea9667f0531	105826	Βαγίστανα	8	Β8	1.000000	13805	Δαριστάνη	0.666667	0.333333	βαγιστανα	βαγιστανα
136072	Βάδω		meineke_page_180.jpg	180	9237	ocr	OCR from image meineke_page_180.jpg (id=1352)	2dc20b785d0a5081f70fc5a83dc076b7dd6a2138c430597e6f1a6d9c30f12513	105827	Βάδεως	9	Β9	0.666667	32062	Σαρδώ	0.600000	0.066667	βαδω	βαδεωσ
136073	Βαδίτα		meineke_page_180.jpg	180	9238	ocr	OCR from image meineke_page_180.jpg (id=1352)	38e484e194e907a80a0e4e16bdc1e5a7408d542f98cfc414eccde9bd291e5ab6	105828	Βάδιζα	10	Β10	0.833333	105829	Βαία	0.666667	0.166667	βαδιτα	βαδιζα
136074	Βαῖον		meineke_page_180.jpg	180	9239	ocr	OCR from image meineke_page_180.jpg (id=1352)	be6abecccfc74824c0dc3b5b23a415f82c230e4117b91ec8c246e73e45996e0f	108981	Βοιόν	115	Β115	0.800000	105834	Βαίτιον	0.714286	0.085714	βαιον	βοιον
136075	Βαιάκη		meineke_page_180.jpg	180	9240	ocr	OCR from image meineke_page_180.jpg (id=1352)	4f799503830ea0798c16f28d1e96201a559af77f973749c45d3d85eba04e5c7e	105830	Βαιάκη	12	Β12	1.000000	105853	Βαράκη	0.833333	0.166667	βαιακη	βαιακη
136076	Βαῖβει		meineke_page_180.jpg	180	9241	ocr	OCR from image meineke_page_180.jpg (id=1352)	d9e23bf17deaba19125d91e9d416cc90ad891c26d06cc99e3b47a41ccc670547	105831	Βαῖβαι	13	Β13	0.833333	105819	Βάβαι	0.666667	0.166667	βαιβει	βαιβαι
136077	Βαίτυλα		meineke_page_180.jpg	180	9242	ocr	OCR from image meineke_page_180.jpg (id=1352)	9b6be5b4bb5e097a3d841bce03ff549e4424ac58d2df1abd388795bcf56caf50	105832	Βαίκυλα	14	Β14	0.857143	105858	Βαργύλια	0.625000	0.232143	βαιτυλα	βαικυλα
136078	Βαίτωμα		meineke_page_180.jpg	180	9243	ocr	OCR from image meineke_page_180.jpg (id=1352)	2bf67b1a4820041c522b3c8c8b072499288dc84a85d95568c3a58e27b7a163c5	105836	Βαίσαμψα	18	Β15	0.625000	20850	Ἰαιτία	0.571429	0.053571	βαιτωμα	βαισαμψα
136079	Ἐρυθρὰ θάλασσα		meineke_page_181.jpg	181	9244	ocr	OCR from image meineke_page_181.jpg (id=1353)	42145856e39c1fcd2ffcfe2f07ea8481560d7210b15ea31a94e61ccd961b7bce	2610	Κασπία θάλασσα	110	Κ110	0.615385	17106	Ἐρυθρὰ βῶλος	0.615385	0.000000	ερυθραθαλασσα	κασπιαθαλασσα
136080	Βαιταρρωῦς		meineke_page_181.jpg	181	9245	ocr	OCR from image meineke_page_181.jpg (id=1353)	89596970388e668526596ba6cfd78e66a715777fbf988c79fce00eededc927af	105833	Βαιταρροῦς	15	Β16	0.900000	9583	Μάταυρος	0.500000	0.400000	βαιταρρωυσ	βαιταρρουσ
136081	Βάϊτιον		meineke_page_181.jpg	181	9246	ocr	OCR from image meineke_page_181.jpg (id=1353)	9625b6bb45a7bd5518e1c6c0dcd41ce1313eb5ec193493e3705facd12912cf3a	105834	Βαίτιον	16	Β17	1.000000	25159	Παπίτιον	0.750000	0.250000	βαιτιον	βαιτιον
136082	Βαίτις		meineke_page_181.jpg	181	9247	ocr	OCR from image meineke_page_181.jpg (id=1353)	d21850da26a3615241e4d312b49571ee115f41850c9eef671aae6df21373b8f6	105835	Βαῖτις	17	Β18	1.000000	61053	Ἀβαντίς	0.714286	0.285714	βαιτισ	βαιτισ
136083	Βακχαῖοι		meineke_page_181.jpg	181	9248	ocr	OCR from image meineke_page_181.jpg (id=1353)	8e13a31397840c6d42a20662decb6b9fd8c57ad5e990f2323f31116abc0ba13a	105837	Βακκαῖοι	19	Β19	0.875000	39898	Σουκχαῖοι	0.666667	0.208333	βακχαιοι	βακκαιοι
136084	Βάκτρα		meineke_page_181.jpg	181	9249	ocr	OCR from image meineke_page_181.jpg (id=1353)	afc326c25929ed0591c1aa2c73055c5f2964dd4baa5a73d9ec7dd633b417e2be	105838	Βάκτρα	20	Β20	1.000000	8969	Μάκρα	0.666667	0.333333	βακτρα	βακτρα
136085	Βάκχουροι καὶ Βακχουριανοί		meineke_page_181.jpg	181	9250	ocr	OCR from image meineke_page_181.jpg (id=1353)	49282d509ab1937b399900f0ee71610b14c4e4af3968ed4b7e4f5574d6fd7c2a	105839	Βάκυροι καὶ Βακυριανοί	21	Β21	0.833333	105810	Ἄχομαι καὶ Ἀχομηνοί	0.541667	0.291667	βακχουροικαιβακχουριανοι	βακυροικαιβακυριανοι
136086	Βάχχου νῆσος		meineke_page_181.jpg	181	9251	ocr	OCR from image meineke_page_181.jpg (id=1353)	e22c737e28a9c48601d93fdf51eb6a7ba22ee9016620a5b6970777507d2f65a2	105840	Βάκχου νῆσος	22	Β22	0.909091	82929	Ἀμίκου νῆσος	0.636364	0.272727	βαχχουνησοσ	βακχουνησοσ
136087	Βάλα		meineke_page_181.jpg	181	9252	ocr	OCR from image meineke_page_181.jpg (id=1353)	74f8c04f45e7a33b76e6388eff45612316426ffabb1a2aa804879ff605f3f379	105841	Βάλα	23	Β23	1.000000	105847	Βάλλα	0.800000	0.200000	βαλα	βαλα
136088	Βαλανεύς		meineke_page_181.jpg	181	9253	ocr	OCR from image meineke_page_181.jpg (id=1353)	334b8eef457543ca62d27ae780fdf9b289953d2272175932f57d31e1e80ccbc3	32013	Σαλγανεύς	22	Σ22	0.777778	105842	Βαλανέαι	0.750000	0.027778	βαλανευσ	σαλγανευσ
136089	Βάλβωνα		meineke_page_182.jpg	182	9254	ocr	OCR from image meineke_page_182.jpg (id=1354)	a8851bc7a406154433ca96661246d4bec866d1e29ba0debe25a3039c4ac40fc2	32024	Σάλωνα	33	Σ33	0.714286	105876	Βέλβινα	0.714286	0.000000	βαλβωνα	σαλωνα
136090	Βαλδός		meineke_page_182.jpg	182	9255	ocr	OCR from image meineke_page_182.jpg (id=1354)	6f3d6f865181b4faf4039cbaef23de51b22eee9b43f41f0a6021955a23b82e66	105844	Βάλδος	26	Β26	1.000000	108974	Βλαῦδος	0.714286	0.285714	βαλδοσ	βαλδοσ
136091	Βάλις		meineke_page_182.jpg	182	9256	ocr	OCR from image meineke_page_182.jpg (id=1354)	ce55481555bae68827018c0a2bfdc4d31c390c4684dbd28cf3ad6125cf025747	105846	Βᾶλις	28	Β27	1.000000	105861	Βάρις	0.800000	0.200000	βαλισ	βαλισ
136092	Βάλκευα		meineke_page_182.jpg	182	9257	ocr	OCR from image meineke_page_182.jpg (id=1354)	2e70ceceb5f34bf24472916a7620e8efad3b40d68ccb76bcad032c4054574c21	105845	Βάλκεια	27	Β28	0.857143	128479	Χάλκεια	0.714286	0.142857	βαλκευα	βαλκεια
136093	Βάλλα		meineke_page_182.jpg	182	9258	ocr	OCR from image meineke_page_182.jpg (id=1354)	27cce563e3aad4189aca2027b41659206eca2c12f3d1554e314323527411ba94	105847	Βάλλα	29	Β29	1.000000	105841	Βάλα	0.800000	0.200000	βαλλα	βαλλα
136094	Βάλουον		meineke_page_182.jpg	182	9259	ocr	OCR from image meineke_page_182.jpg (id=1354)	bc1eab56b8041a370aa31953374fd0a89c831987e0126f77097a2d6eeb3501e8	105848	Βάλοιον	30	Β30	0.857143	105843	Βάλβουρα	0.625000	0.232143	βαλουον	βαλοιον
136095	Βαναυίδες		meineke_page_182.jpg	182	9260	ocr	OCR from image meineke_page_182.jpg (id=1354)	d535692a23f932885454a6c6cfb4a7be3f6ea531bfa863d0b5efd5ab499434b9	105849	Βαναυρίδες	31	Β31	0.900000	3513	Κρανίδες	0.555556	0.344444	βαναυιδεσ	βαναυριδεσ
136096	Βαντία		meineke_page_182.jpg	182	9261	ocr	OCR from image meineke_page_182.jpg (id=1354)	dac0fdee5cfabc6bc869d55ff333fc14e438b0916f5fb828419e2f7a56befbff	105850	Βαντία	32	Β32	1.000000	61053	Ἀβαντίς	0.714286	0.285714	βαντια	βαντια
136097	Βάντιοι		meineke_page_183.jpg	183	9262	ocr	OCR from image meineke_page_183.jpg (id=1355)	f76c87cca2d5d73ab116e64c57f297bf64a81dc8a0f37e399278ac6a2f50fc3a	105851	Βάντιοι	33	Β33	1.000000	25142	Παναῖοι	0.714286	0.285714	βαντιοι	βαντιοι
136098	Βάβαθρον		meineke_page_183.jpg	183	9263	ocr	OCR from image meineke_page_183.jpg (id=1355)	d50df70012321783fe9aec7cd23151dfde02d393e52f447f756ced6a5211ec7d	105852	Βάραθρον	34	Β34	0.875000	105855	Βάρβαρος	0.625000	0.250000	βαβαθρον	βαραθρον
136099	Βαράκη		meineke_page_183.jpg	183	9264	ocr	OCR from image meineke_page_183.jpg (id=1355)	069e5b9d47f1af799e1637beaf48c21e7a3fef7d1df9d0aca2f8e59859d7d0b8	105853	Βαράκη	35	Β35	1.000000	105830	Βαιάκη	0.833333	0.166667	βαρακη	βαρακη
136100	Βαββαλισσός		meineke_page_183.jpg	183	9265	ocr	OCR from image meineke_page_183.jpg (id=1355)	1707b2033c872f50b9f22f87353c4d6e5dae8f39ff1a15708f35c5df23b7f413	105854	Βαρβαλισσός	36	Β36	0.909091	2055	Καβασσός	0.636364	0.272727	βαββαλισσοσ	βαρβαλισσοσ
136101	Βάββαρος		meineke_page_183.jpg	183	9266	ocr	OCR from image meineke_page_183.jpg (id=1355)	f328fb14f2bb2d19f1843ca0921e6043cc6ae2448a458da44083263a3c0eef08	105855	Βάρβαρος	37	Β37	0.875000	44212	Ταίναρος	0.625000	0.250000	βαββαροσ	βαρβαροσ
136102	Βάγαρασα		meineke_page_183.jpg	183	9267	ocr	OCR from image meineke_page_183.jpg (id=1355)	70974e532efe9b748150181249d1c043fa1a02dea218fa854a2625c47b946f6d	7638	Λαγαρία	7	Λ7	0.625000	28364	Πλάρασα	0.625000	0.000000	βαγαρασα	λαγαρια
136103	Βαγγούσιοι		meineke_page_183.jpg	183	9268	ocr	OCR from image meineke_page_183.jpg (id=1355)	f7a8927be883e0cc092225cc85d00e05a6ef2fdfc3153d21fd73f123227f23b8	105857	Βαργούσιοι	39	Β39	0.900000	2061	Καδούσιοι	0.700000	0.200000	βαγγουσιοι	βαργουσιοι
136104	Βαγγύλια		meineke_page_183.jpg	183	9269	ocr	OCR from image meineke_page_183.jpg (id=1355)	bba6e033e5f4553d0cf0ea5f76aa0469b5992278e8b000144b55511286553e02	105858	Βαργύλια	40	Β40	0.875000	25141	Παμφυλία	0.625000	0.250000	βαγγυλια	βαργυλια
136105	Βαϙυλιακός, Βαϙυλιακός κόλπος		meineke_page_184.jpg	184	9270	ocr	OCR from image meineke_page_184.jpg (id=1356)	d5cf0c65ffcc3841a3c2b9001f2b7bcae435417bf956b47dec94b4360c9ccaba	7644	Λαδισακίτης κόλπος	13	Λ13	0.461538	9605	Μελήτειος κόλπος	0.384615	0.076923	βαϙυλιακοσβαϙυλιακοσκολποσ	λαδισακιτησκολποσ
136106	Βαϙύνη		meineke_page_184.jpg	184	9271	ocr	OCR from image meineke_page_184.jpg (id=1356)	0c49376f02793aeebf39ac83046714bcf93cdf59eaf052f47b806239bc406a5b	105820	Βαβύλη	2	Β2	0.666667	105859	Βαρήνη	0.666667	0.000000	βαϙυνη	βαβυλη
136107	Βαϙήλιον		meineke_page_184.jpg	184	9272	ocr	OCR from image meineke_page_184.jpg (id=1356)	bd6c3384f49e4a52e212db9839894bae9e6452f3ef944f6d05e7bc027ac27553	105860	Βαρήτιον	42	Β42	0.750000	8990	Μανήσιον	0.625000	0.125000	βαϙηλιον	βαρητιον
136108	Βάρις		meineke_page_184.jpg	184	9273	ocr	OCR from image meineke_page_184.jpg (id=1356)	8de3df6972b9f8a07af0efcdd9cc02c242d51144839cb6323b02d55991a7df21	105861	Βάρις	43	Β43	1.000000	105846	Βᾶλις	0.800000	0.200000	βαρισ	βαρισ
136109	Βαϙάνιοι		meineke_page_184.jpg	184	9274	ocr	OCR from image meineke_page_184.jpg (id=1356)	c61f82b2176f3a40a84d473632a7c907c6760eb99860b36718bec41c17665f1f	105862	Βαρκάνιοι	44	Β44	0.777778	22093	Θαμαναῖοι	0.666667	0.111111	βαϙανιοι	βαρκανιοι
136110	Βάϙκη		meineke_page_184.jpg	184	9275	ocr	OCR from image meineke_page_184.jpg (id=1356)	5f9257718433befcc8bb0ac8d7a1197b1f417a4f43510ab5c5e0b0a78e64e860	105863	Βάρκη	45	Β45	0.800000	105830	Βαιάκη	0.666667	0.133333	βαϙκη	βαρκη
136111	Βαϙύαστα		meineke_page_184.jpg	184	9276	ocr	OCR from image meineke_page_184.jpg (id=1356)	cf06d504e648da48a1c60b8be748cb2cb7859097037c64102a633b8dbe29c5b6	82891	Ἀλύαττα	231	Α231	0.625000	105856	Βάργασα	0.625000	0.000000	βαϙυαστα	αλυαττα
136112	Βασανῖδαι		meineke_page_184.jpg	184	9277	ocr	OCR from image meineke_page_184.jpg (id=1356)	7f5b45efb6c70b054f626a7e25db67b4c21b9bc81d311e98e1ed20d6f65dd465	105865	Βασανίσαι	47	Β47	0.888889	2612	Κασσανῖται	0.700000	0.188889	βασανιδαι	βασανισαι
136113	Βάσηρα		meineke_page_185.jpg	185	9278	ocr	OCR from image meineke_page_185.jpg (id=1357)	f8eaefd9641f2e71caaf147ad33e993954bfb5c5d3e986f080ba4e80f08f8529	105866	Βάσηρα	48	Β48	1.000000	102764	Ἄσσηρα	0.666667	0.333333	βασηρα	βασηρα
136115	Βεβρύκαι	4	meineke_page_186.jpg	186	9280	ocr	OCR from image meineke_page_186.jpg (id=1358)	7de72c22b87ce42a16b2d0226e4f122ef7b5f1d8a8bc0be001acacadea49deb3	13836	Δερβίκκαι	55	Δ55	0.555556	108937	Βερενῖκαι	0.555556	0.000000	βεβρυκαι	δερβικκαι
136117	Βελγική	6	meineke_page_186.jpg	186	9282	ocr	OCR from image meineke_page_186.jpg (id=1358)	ade2de918fda8d3fee94cee9f63f498b82f434cbcfd25887a34781a34a916ca0	108926	Βελγίκη	60	Β60	1.000000	18179	Ἑλίκη	0.714286	0.285714	βελγικη	βελγικη
136118	Βελιδόνιοι	7	meineke_page_186.jpg	186	9283	ocr	OCR from image meineke_page_186.jpg (id=1358)	a2bec968877be170fc9ff958efcd6deec510503638636c2137fd470d21355a7c	108927	Βεληδόνιοι	61	Β61	0.900000	128503	Χελιδόνιοι	0.900000	0.000000	βελιδονιοι	βεληδονιοι
136119	Βελεστανοί	8	meineke_page_186.jpg	186	9284	ocr	OCR from image meineke_page_186.jpg (id=1358)	9c28869d35a405729f6a457d0d87d6712a9fc2b76101d90292bfdb8606d98751	108928	Βελιτανοί	62	Β62	0.800000	135397	Φελεσσαῖοι	0.700000	0.100000	βελεστανοι	βελιτανοι
136120	Βέλιτρα		meineke_page_187.jpg	187	9285	ocr	OCR from image meineke_page_187.jpg (id=1359)	6a43b2f4338b042c8c3e4056d6c3e0fd8ca32b8acaa2c65c8b42fe44186c3257	108929	Βέλιτρα	63	Β63	1.000000	3261	Κελαίθρα	0.625000	0.375000	βελιτρα	βελιτρα
136125	Βενναῖος		meineke_page_188.jpg	188	9290	ocr	OCR from image meineke_page_188.jpg (id=1360)	f3787a8dad3bbad2b86d3827fbf397135b61bbdd765cdb5a09855b0fd980da24	26708	Πειραιός	85	Π85	0.625000	108933	Βέννα	0.625000	0.000000	βενναιοσ	πειραιοσ
136126	Βέννα		meineke_page_188.jpg	188	9291	ocr	OCR from image meineke_page_188.jpg (id=1360)	56456b037ee2a4913c143d4c11fbe1941073e16e1009b8eec27d8a01c681b1fe	108933	Βέννα	67	Β67	1.000000	108934	Βέννα	1.000000	0.000000	βεννα	βεννα
136127	Βεργέπολις		meineke_page_188.jpg	188	9292	ocr	OCR from image meineke_page_188.jpg (id=1360)	f57710c254e150556a3619040ecec0759ecbe2028f24c86bd05b9c3652eda355	108935	Βεργέπολις	69	Β69	1.000000	28309	Περσέπολις	0.800000	0.200000	βεργεπολισ	βεργεπολισ
136128	Βέργη		meineke_page_188.jpg	188	9293	ocr	OCR from image meineke_page_188.jpg (id=1360)	3e3de62d0f1ff7fae4c247968e4acc39ce8690fb92843af1f9ccbcf5098cd863	108936	Βέργη	70	Β70	1.000000	26730	Πέργη	0.800000	0.200000	βεργη	βεργη
136129	Βερεκυντός		meineke_page_188.jpg	188	9294	ocr	OCR from image meineke_page_188.jpg (id=1360)	d3fb38f25dd9305a4274cc0624e3d86329c956711be020b2897136b382ddc1e3	108938	Βερέκυντος	72	Β71	1.000000	108932	Βενεβεντός	0.700000	0.300000	βερεκυντοσ	βερεκυντοσ
136130	Βερεκιντια	1	meineke_page_189.jpg	189	9295	ocr	OCR from image meineke_page_189.jpg (id=1361)	bcfd3e909f5668d37982db3a16852ddd1713b4fd0f71a57dac1a1570cb4e2458	108938	Βερέκυντος	72	Β71	0.700000	17092	Ἐρινία	0.600000	0.100000	βερεκιντια	βερεκυντοσ
136133	Βέρνις		meineke_page_190.jpg	190	9298	ocr	OCR from image meineke_page_190.jpg (id=1362)	cc54d91ed392bb1fef8f8ee7f663c94f8538fd0dfe15f002b1c90289b71401f5	108944	Βέρυτις	78	Β78	0.714286	48659	Τέργις	0.666667	0.047619	βερνισ	βερυτισ
136134	Βέορβιχος		meineke_page_190.jpg	190	9299	ocr	OCR from image meineke_page_190.jpg (id=1362)	2542c68f7738a17de3adf9198b89dec383344e99a6421f1d4b1ceb6827c522b9	108945	Βέσβικος	79	Β79	0.666667	11095	Νέον τεῖχος	0.600000	0.066667	βεορβιχοσ	βεσβικοσ
136135	Βεσαρία		meineke_page_191.jpg	191	9300	ocr	OCR from image meineke_page_191.jpg (id=1363)	b5382ec676f62404ec57d8dc0ff5066da9f907f241bd55a3e87138607a877103	108946	Βεσκία	80	Β80	0.714286	9640	Μεσσαπία	0.625000	0.089286	βεσαρια	βεσκια
136136	Βῆγαι		meineke_page_192.jpg	192	9301	ocr	OCR from image meineke_page_192.jpg (id=1364)	53ecf6020d4247b73246351a0fa0c07d72add77bc6b351a55cdce72c1b96a526	28322	Πηγαί	133	Π133	0.800000	108978	Βόγχαι	0.666667	0.133333	βηγαι	πηγαι
136137	Βῆμιβρος		meineke_page_192.jpg	192	9302	ocr	OCR from image meineke_page_192.jpg (id=1364)	5fbea74405ebb816f49c27a8ff05a5e3e04e94d9657dbe509e7d687a2db5c004	108953	Βήριθρος	87	Β87	0.750000	2342	Κάμιρος	0.625000	0.125000	βημιβροσ	βηριθροσ
136138	Βηρυτὸς		meineke_page_192.jpg	192	9303	ocr	OCR from image meineke_page_192.jpg (id=1364)	a1a05ceb7cdc9ed9dd93bd3ae3a845dc880ae43db99d59ed42c56282e0cc67ce	108954	Βηρυτός	88	Β88	1.000000	19532	Ἠρητός	0.714286	0.285714	βηρυτοσ	βηρυτοσ
136140	ΒΗΣΣΑΙΟΣ / ΒΗΣΣΥΓΑ κτλ.		meineke_page_193.jpg	193	9305	ocr	OCR from image meineke_page_193.jpg (id=1365)	ffd0db632e12b1637317870f866a5094ef1229770d1f7d7be1fbc1373b7c0509	108956	Βήσσυγα	90	Β90	0.388889	32034	Σαμόσατα	0.333333	0.055556	βησσαιοσβησσυγακτλ	βησσυγα
136141	Βίβατος		meineke_page_193.jpg	193	9306	ocr	OCR from image meineke_page_193.jpg (id=1365)	15467bef92bc7910029c6ae1ee8260dfe31e6ca110b89751ad5828a245b509e2	108957	Βίβαστος	91	Β91	0.875000	115298	Βούβαστος	0.666667	0.208333	βιβατοσ	βιβαστοσ
136142	Βιέννος		meineke_page_193.jpg	193	9307	ocr	OCR from image meineke_page_193.jpg (id=1365)	3774bdc5a4c00741868722ba754628f032a8d2c30edebb8831fb7b413ca281bc	108960	Βίεννος	94	Β94	1.000000	115312	Βοῦννος	0.714286	0.285714	βιεννοσ	βιεννοσ
136143	Βιέννα		meineke_page_194.jpg	194	9308	ocr	OCR from image meineke_page_194.jpg (id=1366)	e82ec9dd86fea4123194a198cb715f70b77ff33afcd0f34bb773b256d9f81158	108933	Βέννα	67	Β67	0.833333	108934	Βέννα	0.833333	0.000000	βιεννα	βεννα
136144	Βιζύη		meineke_page_194.jpg	194	9309	ocr	OCR from image meineke_page_194.jpg (id=1366)	42ea50b23bd62367f9a64782fa676be45fef116d6c86bbfe6ca79f21de346e91	108961	Βιζύη	95	Β95	1.000000	108962	Βιζώνη	0.666667	0.333333	βιζυη	βιζυη
136145	Βιζώνη		meineke_page_194.jpg	194	9310	ocr	OCR from image meineke_page_194.jpg (id=1366)	78c80b15251fe48f313fa976e12600de24979912301c3df47186e4b0a52d2f21	108962	Βιζώνη	96	Β96	1.000000	12804	Οἰνώνη	0.666667	0.333333	βιζωνη	βιζωνη
136146	Βιζύται		meineke_page_194.jpg	194	9311	ocr	OCR from image meineke_page_194.jpg (id=1366)	586e4c861523bb382270e7b7d8c8ce924796c248f2326730f1e60a1707ed2f51	108963	Βιθύαι	97	Β97	0.714286	8473	Λυταί	0.571429	0.142857	βιζυται	βιθυαι
136147	Βιθυνία		meineke_page_194.jpg	194	9312	ocr	OCR from image meineke_page_194.jpg (id=1366)	f89693db0f9438825eab4cb7e0d29a06b856b54bacb62ec914d17a356f235126	108964	Βιθυνία	98	Β98	1.000000	30181	Ῥιθυμνία	0.750000	0.250000	βιθυνια	βιθυνια
136148	Βιθυνή		meineke_page_195.jpg	195	9313	ocr	OCR from image meineke_page_195.jpg (id=1367)	16c48672773e9c01b8e7128ddf3b4ed948da34e7281a16f382364b3c00836b3d	108964	Βιθυνία	98	Β98	0.714286	20836	Θύνη	0.666667	0.047619	βιθυνη	βιθυνια
136149	Βιθυνίον		meineke_page_195.jpg	195	9314	ocr	OCR from image meineke_page_195.jpg (id=1367)	d61d67ad6a1170d5f3f69a8906dfc08da357ab53e403e194cc9c2950b91519e1	108965	Βιθύνιον	99	Β99	1.000000	108964	Βιθυνία	0.750000	0.250000	βιθυνιον	βιθυνιον
136150	Βιθυνόπολις		meineke_page_195.jpg	195	9315	ocr	OCR from image meineke_page_195.jpg (id=1367)	45d4f424e800c0996b4a509afa5cbe9985428f33ed1265ec84170c835166cbf0	108966	Βιθυόπολις	100	Β100	0.909091	135426	Φινόπολις	0.727273	0.181818	βιθυνοπολισ	βιθυοπολισ
136151	Βίσαι		meineke_page_195.jpg	195	9316	ocr	OCR from image meineke_page_195.jpg (id=1367)	bf051173a0e05a31737f8b59cb718ee2f4013f5edef590ddaf7c6199a2812ad7	108967	Βῖσα	101	Β101	0.800000	11896	Νίσαια	0.666667	0.133333	βισαι	βισα
136152	Βίλβινα		meineke_page_195.jpg	195	9317	ocr	OCR from image meineke_page_195.jpg (id=1367)	223019799e41d6553f5f8433b61ba4e1522c08f36ad40120adb3d2186f7f4909	108968	Βίλβινα	102	Β102	1.000000	105876	Βέλβινα	0.857143	0.142857	βιλβινα	βιλβινα
136153	Βασαλίτις		meineke_page_195.jpg	195	9318	ocr	OCR from image meineke_page_195.jpg (id=1367)	4d592970848e0a25fbdadf20779a2fbbd627c61d66ca0f6a9d81954a9c979e53	61139	Αἰανῖτις	89	Α89	0.666667	102801	Αὐαλίτης	0.666667	0.000000	βασαλιτισ	αιανιτισ
136154	ταμὸς. τὸ ἐθνικὸν Βιασάλιος		meineke_page_196.jpg	196	9319	ocr	OCR from image meineke_page_196.jpg (id=1368)	fd5ac637e7b0245a42594e05b11e3ce05f912d30878c60ac0173e264f46968da	3274	Κορνίκολος	166	Κ166	0.347826	9637	Μεσοπόντιος	0.347826	0.000000	ταμοστοεθνικονβιασαλιοσ	κορνικολοσ
136155	Βιάτειρος		meineke_page_196.jpg	196	9320	ocr	OCR from image meineke_page_196.jpg (id=1368)	e1de6a9c75461524d52cb50ad1ef46b742a4ca2efe311f8a2d7fed4fad0efb0f	108971	Βίστιρος	105	Β105	0.777778	28351	Πίστιρος	0.666667	0.111111	βιατειροσ	βιστιροσ
136156	Βιστονία		meineke_page_196.jpg	196	9321	ocr	OCR from image meineke_page_196.jpg (id=1368)	0ead39d0fa6a0e0226db61e73e7aae7abec0bab491ac05da859b1684d18d2532	108972	Βιστονία	106	Β106	1.000000	19534	Ἠσιονία	0.625000	0.375000	βιστονια	βιστονια
136157	Βιτέλλα		meineke_page_196.jpg	196	9322	ocr	OCR from image meineke_page_196.jpg (id=1368)	7784f2b8681cca9356009ea4c5176608545a8d41a4cd224884b39c9c7b8e25fa	108973	Βίτελλα	107	Β107	1.000000	17060	Ἔντελλα	0.714286	0.285714	βιτελλα	βιτελλα
136158	Βλαύδος		meineke_page_196.jpg	196	9323	ocr	OCR from image meineke_page_196.jpg (id=1368)	6ed2484f9afe11346645a908b2d50d00e829c62e9233c58ef606ab876bb9a674	108974	Βλαῦδος	108	Β108	1.000000	105844	Βάλδος	0.714286	0.285714	βλαυδοσ	βλαυδοσ
136159	Βλέμυες	1	meineke_page_197.jpg	197	9324	ocr	OCR from image meineke_page_197.jpg (id=1369)	81f3bcec27e5c6eb0f491a9881367f10a5372e6a8614a80254c44db67c5916c7	108975	Βλέμυες	109	Β109	1.000000	17030	Ἐλευθερίς	0.444444	0.555556	βλεμυεσ	βλεμυεσ
136160	Βοαύλεια	2	meineke_page_197.jpg	197	9325	ocr	OCR from image meineke_page_197.jpg (id=1369)	55407f6050968ec0301c72f898f947f05a391ac04bd67aab9123220ae4482313	108976	Βοαύλεια	110	Β110	1.000000	115300	Βούδεια	0.750000	0.250000	βοαυλεια	βοαυλεια
136161	Βοβωνία	3	meineke_page_197.jpg	197	9326	ocr	OCR from image meineke_page_197.jpg (id=1369)	04ce1ef33c3ece1f7d6b5a23c1bf3b074dba701196199745e4d3b18b533ee8c6	108977	Βοβωνία	111	Β111	1.000000	108982	Βοιωτία	0.714286	0.285714	βοβωνια	βοβωνια
136162	Βόγγαι	4	meineke_page_197.jpg	197	9327	ocr	OCR from image meineke_page_197.jpg (id=1369)	1ca6db02d11b04f8c6b09ec295e3f293d358ddbf43858cd93e9951de2aa6b062	108978	Βόγχαι	112	Β112	0.833333	108983	Βόλβαι	0.666667	0.166667	βογγαι	βογχαι
136163	Βοῖβη	5	meineke_page_197.jpg	197	9328	ocr	OCR from image meineke_page_197.jpg (id=1369)	a69fdb4c02680a10ee74e6ffb3d1c0aab379fc23a39eb4f729094c06c33cd294	108979	Βοίβη	113	Β113	1.000000	108985	Βολίνη	0.666667	0.333333	βοιβη	βοιβη
136164	Βοτέλλαι	6	meineke_page_197.jpg	197	9329	ocr	OCR from image meineke_page_197.jpg (id=1369)	fd87a97e88dd6d08a98766aee64c6eedfe2d76ff17ae693abcf9812687436389	108973	Βίτελλα	107	Β107	0.750000	108980	Βοΐλλαι	0.750000	0.000000	βοτελλαι	βιτελλα
136165	Βοιῶν	7	meineke_page_197.jpg	197	9330	ocr	OCR from image meineke_page_197.jpg (id=1369)	b41ef9486fd5e28dbe0257120129c8784fc95afe687abca67503c3cce0846dfc	108981	Βοιόν	115	Β115	0.800000	115299	Βουβών	0.666667	0.133333	βοιων	βοιον
136166	Βοιωτία / Βοιωτοί		meineke_page_198.jpg	198	9331	ocr	OCR from image meineke_page_198.jpg (id=1370)	810f4ed8879054e7e0db3aec4f22915440690d59ab791e112f7cdf7a494dde0c	108982	Βοιωτία	116	Β116	0.500000	3496	Κοτιάειον	0.428571	0.071429	βοιωτιαβοιωτοι	βοιωτια
136167	Βοιωτία		meineke_page_199.jpg	199	9332	ocr	OCR from image meineke_page_199.jpg (id=1371)	c943b7e8092bad9f314f22aaeb96343eb7d9c2ed406bf8b42c7e8f1ca2765655	108982	Βοιωτία	116	Β116	1.000000	31975	Ῥοιτία	0.714286	0.285714	βοιωτια	βοιωτια
136168	Βόλβαι		meineke_page_199.jpg	199	9333	ocr	OCR from image meineke_page_199.jpg (id=1371)	f2e7ca623e8ca4ed209d7816fee8a74ce6dc8589ef615da42a5fa47416d94e6c	108983	Βόλβαι	117	Β117	1.000000	108980	Βοΐλλαι	0.714286	0.285714	βολβαι	βολβαι
136169	Βολβιτίνη		meineke_page_199.jpg	199	9334	ocr	OCR from image meineke_page_199.jpg (id=1371)	ac61b7329c67d91794cc2843cc751cf13367190864afc97ccdc993786399d100	108984	Βολβιτίνη	118	Β118	1.000000	108985	Βολίνη	0.666667	0.333333	βολβιτινη	βολβιτινη
136170	Βολίνη		meineke_page_199.jpg	199	9335	ocr	OCR from image meineke_page_199.jpg (id=1371)	f1c0bb81ad17567c4483ab844b09ad5060c276d84ad5dd0925776bf8d05fb219	108985	Βολίνη	119	Β119	1.000000	108958	Βιβλίνη	0.714286	0.285714	βολινη	βολινη
136171	Βολισσός		meineke_page_199.jpg	199	9336	ocr	OCR from image meineke_page_199.jpg (id=1371)	e23da386abeda1ca5bd70df6a5a9c625c40303dde722bae094d939c39afff4d9	108986	Βολισσός	120	Β120	1.000000	8901	Λίσσος	0.750000	0.250000	βολισσοσ	βολισσοσ
136175	Βοῦς Κεφαλαί		meineke_page_200.jpg	200	9340	ocr	OCR from image meineke_page_200.jpg (id=1372)	9cb0547eaef872d2b04c42fab8933fa8b30ebbdb67e201a00e637c795268cfe8	108990	Βοὸς Κεφαλαί	124	Β124	0.909091	115306	Βουκεφάλεια	0.727273	0.181818	βουσκεφαλαι	βοοσκεφαλαι
136176	Βοθμιάκος		meineke_page_201.jpg	201	9341	ocr	OCR from image meineke_page_201.jpg (id=1373)	7e5c3484557377ec9ad7cab09ef69eb8eed154d303a5d5a63d68e82dc4c0d963	108991	Βορμίσκος	125	Β125	0.777778	2341	Καμικός	0.555556	0.222222	βοθμιακοσ	βορμισκοσ
136177	Βόθριππα		meineke_page_201.jpg	201	9342	ocr	OCR from image meineke_page_201.jpg (id=1373)	c7f729f545d072b843f309f119a307176fdd23dd06ab0ef6c924e5ca8ad4a2f0	20849	Ἰάθριππα	5	Ι5	0.750000	108992	Βόρσιππα	0.750000	0.000000	βοθριππα	ιαθριππα
136178	Βόθυστα		meineke_page_201.jpg	201	9343	ocr	OCR from image meineke_page_201.jpg (id=1373)	306f8b8e3a107f6d2cb0c538a0a39dc8c1a7305a43d684ac025bac6f23bf59fc	3499	Κοτύρτα	191	Κ191	0.571429	8446	Λουσιά	0.571429	0.000000	βοθυστα	κοτυρτα
136179	Βορυσθένης		meineke_page_201.jpg	201	9344	ocr	OCR from image meineke_page_201.jpg (id=1373)	d7bdf1f189c25d9b9d39ca56359f7018c12a5ee4c54294c7c15a4ab33cfd2298	108994	Βορυσθένης	128	Β128	1.000000	8462	Λυκοσθένη	0.500000	0.500000	βορυσθενησ	βορυσθενησ
136180	Βοσιραφα		meineke_page_202.jpg	202	9345	ocr	OCR from image meineke_page_202.jpg (id=1374)	d46b4932e76dfdd8747abcfe2035e581541140083359aff72e7ec691be9fc372	108995	Βοσίραρα	129	Β129	0.875000	3290	Κοσίανα	0.625000	0.250000	βοσιραφα	βοσιραρα
136183	Βόστρα		meineke_page_204.jpg	204	9347	ocr	OCR from image meineke_page_204.jpg (id=1376)	4df8a8b32c7e07331cd3efef595e948a243126b35ddb6b0aaa1da770ea7c4f51	115295	Βόστρα	131	Β131	1.000000	12742	Νόσορα	0.666667	0.333333	βοστρα	βοστρα
136184	Βοτάειον		meineke_page_204.jpg	204	9348	ocr	OCR from image meineke_page_204.jpg (id=1376)	22aea52acec9f26b1c705257aca30caf7bd90dc1c0c6b9208015687e0d6b7cde	115297	Βοτίειον	133		0.875000	3496	Κοτιάειον	0.777778	0.097222	βοταειον	βοτιειον
136185	Βότρις		meineke_page_204.jpg	204	9349	ocr	OCR from image meineke_page_204.jpg (id=1376)	92e0dfd897cc3acbc29c7be8e1fa3c5676c95b0c52feff65cee9c7c0a10e1717	115296	Βότρυς	132	Β133	0.833333	26695	Πατρίς	0.666667	0.166667	βοτρισ	βοτρυσ
136186	Βούβαστος		meineke_page_204.jpg	204	9350	ocr	OCR from image meineke_page_204.jpg (id=1376)	510555a3f036302e64298624ef4a55d0ce56a35292a6d95ebce959d6eb1d9d2a	115298	Βούβαστος	134	Β134	1.000000	10321	Μούμαστος	0.777778	0.222222	βουβαστοσ	βουβαστοσ
136187	Βούβων		meineke_page_204.jpg	204	9351	ocr	OCR from image meineke_page_204.jpg (id=1376)	56bf9cd1c9b3b3322688f1ed3a622d6ccf3e8057e38e379a7b14d2a78c5cff18	115299	Βουβών	135	Β135	1.000000	11937	Ὀβόλκων	0.571429	0.428571	βουβων	βουβων
136188	Βούδεια	1	meineke_page_205.jpg	205	9352	ocr	OCR from image meineke_page_205.jpg (id=1377)	db7f0a3eab158d19c2baae46e8b1ace0a5ba734c0dc6de4bd6719631b74a2acc	115300	Βούδεια	136	Β136	1.000000	108976	Βοαύλεια	0.750000	0.250000	βουδεια	βουδεια
136189	Βούδιοι	2	meineke_page_205.jpg	205	9353	ocr	OCR from image meineke_page_205.jpg (id=1377)	f5da0cbc841e5632bac7a0ab7eac9372e7b974acf7450aa0a8386eb9468abc47	115301	Βουδῖνοι	137	Β137	0.875000	115308	Βουλῖνοι	0.750000	0.125000	βουδιοι	βουδινοι
136190	Βούδωρον	3	meineke_page_205.jpg	205	9354	ocr	OCR from image meineke_page_205.jpg (id=1377)	18989b7d822e58516cfd7a99ac653238a67b2084287097c95543922240f51ee7	115302	Βούδορον	138	Β138	0.875000	115299	Βουβών	0.625000	0.250000	βουδωρον	βουδορον
136191	Βουδίλα	4	meineke_page_205.jpg	205	9355	ocr	OCR from image meineke_page_205.jpg (id=1377)	089903338d3e2e982b5143d38596d0857009d8c29d3083232e28bbdcff812953	115300	Βούδεια	136	Β136	0.714286	115303	Βουθία	0.714286	0.000000	βουδιλα	βουδεια
136192	Βουδόπη	5	meineke_page_205.jpg	205	9356	ocr	OCR from image meineke_page_205.jpg (id=1377)	8e9094c4eb35383468fef626b7f82fa8ed0c240dd6e42947bdc5d84d46000a3b	31969	Ῥοδόπη	43	Ρ43	0.714286	115304	Βουθόη	0.714286	0.000000	βουδοπη	ροδοπη
136193	Βουθυπός		meineke_page_206.jpg	206	9357	ocr	OCR from image meineke_page_206.jpg (id=1378)	3eb9b6dc3d9c4c99c065a47ac5b99f90d35746015cabf3a7c1c65ff27fbf1c78	115305	Βουθρωτός	141	Β141	0.666667	108989	Βόλουρος	0.625000	0.041667	βουθυποσ	βουθρωτοσ
136194	Βουθυτός		meineke_page_206.jpg	206	9358	ocr	OCR from image meineke_page_206.jpg (id=1378)	315b4d0390cea2e684bfdeb77cd7a66388ddadda422281e8e18a76251b528866	115305	Βουθρωτός	141	Β141	0.777778	115321	Βοῦτος	0.750000	0.027778	βουθυτοσ	βουθρωτοσ
136195	Βουκεφάλεια		meineke_page_206.jpg	206	9359	ocr	OCR from image meineke_page_206.jpg (id=1378)	189694e80ba77ebf74caf29552436b27be1734c2e11b45f907ede7494c075844	115306	Βουκεφάλεια	142	Β142	1.000000	108990	Βοὸς Κεφαλαί	0.636364	0.363636	βουκεφαλεια	βουκεφαλεια
136196	Βουκιννα		meineke_page_207.jpg	207	9360	ocr	OCR from image meineke_page_207.jpg (id=1379)	09ab4b2738769a5bf5f16174b1f647a526c5801a7acf7daf508c96d42a3e13f1	115307	Βούκιννα	143	Β143	1.000000	115301	Βουδῖνοι	0.625000	0.375000	βουκιννα	βουκιννα
136197	Βουλινοι		meineke_page_207.jpg	207	9361	ocr	OCR from image meineke_page_207.jpg (id=1379)	6aa2c02ce7a932510808f3029713f9e2592398f806f8d1538d0ed6b3f71eb7f1	115308	Βουλῖνοι	144	Β144	1.000000	115301	Βουδῖνοι	0.875000	0.125000	βουλινοι	βουλινοι
136198	Βουλις		meineke_page_207.jpg	207	9362	ocr	OCR from image meineke_page_207.jpg (id=1379)	fc562bf5ae6e70fb682afd3247dd3dbc0ff1ee3c33a6c883ad0634e310f73b0f	115309	Βοῦλις	145	Β145	1.000000	23631	Ἰουλίς	0.833333	0.166667	βουλισ	βουλισ
136199	Βουνναρις		meineke_page_207.jpg	207	9363	ocr	OCR from image meineke_page_207.jpg (id=1379)	bc31fa5d291370bc855f9752c6cbac269cd6c8d90fbab8ed89a7b5d88cced420	115310	Βούναρτις	146	Β146	0.777778	115312	Βοῦννος	0.666667	0.111111	βουνναρισ	βουναρτισ
136200	Βουνυμα		meineke_page_207.jpg	207	9364	ocr	OCR from image meineke_page_207.jpg (id=1379)	4c3d9b302b18c18bcc9175ef2f5fff1056619424598b48d72778ea931d88bfcf	115311	Βούνιμα	147		0.857143	10322	Μουνυχία	0.625000	0.232143	βουνυμα	βουνιμα
136201	Βουννος		meineke_page_207.jpg	207	9365	ocr	OCR from image meineke_page_207.jpg (id=1379)	133725204495070871f14ddf7ca31695c4e3e2b4852b5d4087edabc0779a1e43	115312	Βοῦννος	148	Β148	1.000000	108960	Βίεννος	0.714286	0.285714	βουννοσ	βουννοσ
136202	Βουνπρασιον		meineke_page_207.jpg	207	9366	ocr	OCR from image meineke_page_207.jpg (id=1379)	c0bd08ea4a170ba237504192cfe4efc4384c58c45b602e4ee56cafdf2c301fdd	115313	Βουπράσιον	149	Β149	0.909091	115322	Βούτριον	0.636364	0.272727	βουνπρασιον	βουπρασιον
136203	Βουφα		meineke_page_207.jpg	207	9367	ocr	OCR from image meineke_page_207.jpg (id=1379)	585ddc1868bb8992b6c0da32c8bf8981b7ddae814ff993392ffb8a1cf5dd43ad	115323	Βουφία	159	Β159	0.833333	115314	Βοῦρα	0.800000	0.033333	βουφα	βουφια
136204	Πυθέας	1	meineke_page_208.jpg	208	9368	ocr	OCR from image meineke_page_208.jpg (id=1380)	8dd188308d4e5f7fd8e176babf09c57f5717a5d616d26936b99bee42f4f09666	25148	Πανεάς	16	Π16	0.666667	30040	Πλυνέαι	0.571429	0.095238	πυθεασ	πανεασ
136205	Βούτιος	1	meineke_page_209.jpg	209	9369	ocr	OCR from image meineke_page_209.jpg (id=1381)	d2bda3fc94862b9b6c701ae5e9faef31aad33f4c466568a46cfe134cd20ed23c	115321	Βοῦτος	157	Β157	0.857143	115322	Βούτριον	0.750000	0.107143	βουτιοσ	βουτοσ
136206	Βούφια	2	meineke_page_209.jpg	209	9370	ocr	OCR from image meineke_page_209.jpg (id=1381)	cca7f68a7eddb536cda2142945b122d029c5c8b5c539f119779bb33d14ff052c	115323	Βουφία	159	Β159	1.000000	115303	Βουθία	0.833333	0.166667	βουφια	βουφια
136207	Βρεασοί	3	meineke_page_209.jpg	209	9371	ocr	OCR from image meineke_page_209.jpg (id=1381)	1ee519ba5cc4e5a57c0d14e8229863bbd94a207a1ff754dccb7cfa479d0abe8e	115324	Βραισοί	160	Β160	0.714286	135451	Φρέαροι	0.714286	0.000000	βρεασοι	βραισοι
136208	Βρεασαί	4	meineke_page_209.jpg	209	9372	ocr	OCR from image meineke_page_209.jpg (id=1381)	40def85d8b38779a861e1c9271f868c812febadbc20066b4544008ba0040eac8	115325	Βρασιαί	161	Β161	0.714286	50997	Τραγασαί	0.625000	0.089286	βρεασαι	βρασιαι
136209	Βραυνέων	5	meineke_page_209.jpg	209	9373	ocr	OCR from image meineke_page_209.jpg (id=1381)	a785042c19620682074b028970975b248635a09b45e8ed5acac4dd24fa46ee23	115326	Βραυρών	162	Β162	0.750000	3515	Κραννών	0.625000	0.125000	βραυνεων	βραυρων
136210	Βραχία	6	meineke_page_209.jpg	209	9374	ocr	OCR from image meineke_page_209.jpg (id=1381)	3fad779a0a8b92ca0653721a5cb815da169946a32c6234812206f664a5868f25	115327	Βραχία	163	Β163	1.000000	51012	Τραχεῖα	0.714286	0.285714	βραχια	βραχια
136212	Βραχυλη		meineke_page_210.jpg	210	9376	ocr	OCR from image meineke_page_210.jpg (id=1382)	f1aca80fda5aec7dd6fc85266e9bc887687511680e9c691ec4b7e59739f7aaae	115329	Βραχύλη	165	Β165	1.000000	105820	Βαβύλη	0.714286	0.285714	βραχυλη	βραχυλη
136213	Βρεα		meineke_page_210.jpg	210	9377	ocr	OCR from image meineke_page_210.jpg (id=1382)	326e3b4e034b07d802f73acfd96ab7fc82b6abd7a82a3f7f4854bce6479cccc7	115330	Βρέα	166	Β166	1.000000	20840	Θυρέα	0.600000	0.400000	βρεα	βρεα
136214	Βρευνθη		meineke_page_210.jpg	210	9378	ocr	OCR from image meineke_page_210.jpg (id=1382)	24743994be01cddcb6871aa214bacc1d81bd3ae260b3af9bd652292745ffeaba	115331	Βρένθη	167	Β167	0.857143	99808	Ἀριάνθη	0.571429	0.285714	βρευνθη	βρενθη
136215	Βρεντειον		meineke_page_210.jpg	210	9379	ocr	OCR from image meineke_page_210.jpg (id=1382)	4b138df9ba9e6c1b60693c4c855135e03934df00634d2e37016ee5b71a6970bc	115332	Βρεντέσιον	168	Β168	0.900000	26664	Παρέντιον	0.666667	0.233333	βρεντειον	βρεντεσιον
136216	Βρεττιον		meineke_page_210.jpg	210	9380	ocr	OCR from image meineke_page_210.jpg (id=1382)	0c03367c8cfdf8ec7e4be6765fc7d820f252a8b5eb212c2b2a8392057d0188ac	30168	Ῥεάτιον	18	Ρ18	0.750000	115333	Βρεττία	0.750000	0.000000	βρεττιον	ρεατιον
136217	Βεττιανοί		meineke_page_211.jpg	211	9381	ocr	OCR from image meineke_page_211.jpg (id=1383)	ef1964f21198efc9f21acc89f71d8b088dec86d06ba0322e3b542fed96cfcbd3	9034	Μαστιανοί	93	Μ93	0.666667	108928	Βελιτανοί	0.666667	0.000000	βεττιανοι	μαστιανοι
136218	Βέττος		meineke_page_211.jpg	211	9382	ocr	OCR from image meineke_page_211.jpg (id=1383)	acb402670703acd461f9cc7341934c7832df864ea46dcc433be6e99100869a9c	115334	Βρέττος	170	Β170	0.857143	11098	Νέστος	0.666667	0.190476	βεττοσ	βρεττοσ
136219	Βείγες		meineke_page_211.jpg	211	9383	ocr	OCR from image meineke_page_211.jpg (id=1383)	c8dc98e4275799494b2bc7039c691e4255525d78612d15f685297cf68bf1771b	115335	Βρίγες	171	Β171	0.833333	108975	Βλέμυες	0.571429	0.261905	βειγεσ	βριγεσ
136220	Βερικυνία		meineke_page_211.jpg	211	9384	ocr	OCR from image meineke_page_211.jpg (id=1383)	a7086a908b24fb8336285500cbf8ea47dcf1c589b71e10b52aafe0c27c6e8ec1	17088	Ἐρίκεια	112	Ε112	0.666667	17092	Ἐρινία	0.666667	0.000000	βερικυνια	ερικεια
136221	Βέρισα		meineke_page_211.jpg	211	9385	ocr	OCR from image meineke_page_211.jpg (id=1383)	bce09202cc581a7a32280bf534ba7fdbe50860eb20fbfa065389e62c981d4011	115337	Βρῖσα	173	Β173	0.833333	3529	Κρῖσα	0.666667	0.166667	βερισα	βρισα
136222	Βερονία		meineke_page_211.jpg	211	9386	ocr	OCR from image meineke_page_211.jpg (id=1383)	72aef2a423e7ff4e8ddfcf9ea292b33aa35c37e6545b0750a7d97b03c32bf866	108942	Βέροια	76	Β76	0.857143	17092	Ἐρινία	0.714286	0.142857	βερονια	βεροια
136223	Βροντοβρία	1	meineke_page_212.jpg	212	9387	ocr	OCR from image meineke_page_212.jpg (id=1384)	c08a9310707b96339eafb7429c22931c7937f4aa3be5cc0e5ec19bc27f66c68c	115339	Βρουτοβρία	175	Β175	0.900000	2461	Κανταβρία	0.600000	0.300000	βροντοβρια	βρουτοβρια
136224	Βρονυτία	2	meineke_page_212.jpg	212	9388	ocr	OCR from image meineke_page_212.jpg (id=1384)	39175d6199746552a4211662e1e00d132c86783cd763f52934a8ffcad4e2795b	115340	Βρουττία	176	Β176	0.750000	14837	Διονυσία	0.625000	0.125000	βρονυτια	βρουττια
136225	Βρυνάτιον	3	meineke_page_212.jpg	212	9389	ocr	OCR from image meineke_page_212.jpg (id=1384)	a375e57a10c8403f5d0e3d8585fd38364acecade9ae72fc23b76bddb339dab8e	115341	Βρυάνιον	177	Β177	0.777778	115347	Βρυσάκιον	0.777778	0.000000	βρυνατιον	βρυανιον
136226	Βρυγίας	4	meineke_page_212.jpg	212	9390	ocr	OCR from image meineke_page_212.jpg (id=1384)	8de1d4c80bab1a8c941572815daba4c70b1a2f1064007f2dc5b8afbd92d65973	115342	Βρυγίας	178	Β178	1.000000	115343	Βρύγιον	0.714286	0.285714	βρυγιασ	βρυγιασ
136227	Βρύγιον	5	meineke_page_212.jpg	212	9391	ocr	OCR from image meineke_page_212.jpg (id=1384)	051ea2969c745080d0c5c8a531fc74e5f7f78022598cd161252dee9657c1d91e	115343	Βρύγιον	179	Β179	1.000000	115341	Βρυάνιον	0.750000	0.250000	βρυγιον	βρυγιον
136228	Βρύξης καὶ Βρύκαι	6	meineke_page_212.jpg	212	9392	ocr	OCR from image meineke_page_212.jpg (id=1384)	a50335822bb49285740eedbe61c91fec150993bfa7c1f71b162cceffa9fd82b5	115344	Βρύκης καὶ Βρύκαι	180	Β180	0.933333	26698	Παυσάρκαι	0.466667	0.466667	βρυξησκαιβρυκαι	βρυκησκαιβρυκαι
136229	Βρύλλιον	7	meineke_page_212.jpg	212	9393	ocr	OCR from image meineke_page_212.jpg (id=1384)	b578a7a23eb43d89f1b27e9a01819a0f732c5fd74973a7e43c54a68ec99b8299	115345	Βρύλλιον	181	Β181	1.000000	39876	Σκύλλιον	0.750000	0.250000	βρυλλιον	βρυλλιον
136230	Βρύξ	8	meineke_page_212.jpg	212	9394	ocr	OCR from image meineke_page_212.jpg (id=1384)	cc55050a830d91db6743fc02d92a0ca6c6d9ce2b0d2927734947fa33c613d820	115346	Βρύξ	182	Β182	1.000000	17111	Ἔρυξ	0.750000	0.250000	βρυξ	βρυξ
136231	Βρυσάκιον		meineke_page_213.jpg	213	9395	ocr	OCR from image meineke_page_213.jpg (id=1385)	47bb3ec26c02f920181df218062a041daf98c8f239b42fc2f94cd7359973df5e	115347	Βρυσάκιον	183	Β183	1.000000	115341	Βρυάνιον	0.777778	0.222222	βρυσακιον	βρυσακιον
136232	Βύβλος	2	meineke_page_214.jpg	214	9396	ocr	OCR from image meineke_page_214.jpg (id=1386)	286908ff5fefc1632c482c386712e617bf29e2b4b3015f522b3fae39b0ca8ee0	115352	Βύβλος	188	Β188	1.000000	118552	Βύβλος	1.000000	0.000000	βυβλοσ	βυβλοσ
136233	Βύζαντες	3	meineke_page_214.jpg	214	9397	ocr	OCR from image meineke_page_214.jpg (id=1386)	f1efe9fd4d8334e0d5be6e46b5aa85927988a6b6c0a3a2e49f9b3b60d9eb3ef1	115354	Βύζαντες	189	Β189	1.000000	125133	Γύζαντες	0.875000	0.125000	βυζαντεσ	βυζαντεσ
136234	Βυζακίς	5	meineke_page_214.jpg	214	9398	ocr	OCR from image meineke_page_214.jpg (id=1386)	b414a95936eef6e3bc839806f55c251081309e7226e5cf1d581373dd8c6cdfec	115354	Βύζαντες	189	Β189	0.625000	7210	Κύζικος	0.571429	0.053571	βυζακισ	βυζαντεσ
136235	Βυζάντιον	12	meineke_page_214.jpg	214	9399	ocr	OCR from image meineke_page_214.jpg (id=1386)	8519cf573f6df17ebf5d3aa554cd20dd4f24aa114e6d9cbe9665460223db96c6	115355	Βυζάντιον	190	Β190	1.000000	105821	Βαβράντιον	0.700000	0.300000	βυζαντιον	βυζαντιον
136236	Βυζάντιον	1	meineke_page_215.jpg	215	9400	ocr	OCR from image meineke_page_215.jpg (id=1387)	c320be6de9dc4496a9aa5afdfb34731e5acdf4de1e3e9fa35435e934b0a11190	115355	Βυζάντιον	190	Β190	1.000000	105821	Βαβράντιον	0.700000	0.300000	βυζαντιον	βυζαντιον
136238	Βωμοί	2	meineke_page_216.jpg	216	9402	ocr	OCR from image meineke_page_216.jpg (id=1388)	0501adaf3ec53bebf3d64e4b4f9c81cd7af795ed05de4a386438382e1e259e3b	115364	Βωμοί	199	Β199	1.000000	31987	Ῥωγμοί	0.666667	0.333333	βωμοι	βωμοι
136240	Βωταχίδαι	4	meineke_page_216.jpg	216	9404	ocr	OCR from image meineke_page_216.jpg (id=1388)	31af1e590bb9e78d7b831e75d56fada315dfc1a0390d85bd44fbff349a7c47c1	115366	Βωταχίδαι	201	Β201	1.000000	37797	Σημαχίδαι	0.666667	0.333333	βωταχιδαι	βωταχιδαι
136241	Γάβα	5	meineke_page_216.jpg	216	9405	ocr	OCR from image meineke_page_216.jpg (id=1388)	2d55020b7dbff7c7460e9704faba39ea167d67f6d32bdb53813686723a472e0f	115367	Γάβα	1	Γ1	1.000000	115371	Γάββα	0.800000	0.200000	γαβα	γαβα
136242	Γαβαθά	6	meineke_page_216.jpg	216	9406	ocr	OCR from image meineke_page_216.jpg (id=1388)	de3b06757bc93ed61fc2e6d709010035c946e270c2666ebb801ab896d8dfaa7f	115368	Γαβάθη	2	Γ2	0.833333	115369	Γάβαλα	0.833333	0.000000	γαβαθα	γαβαθη
136243	Γάβαλα	7	meineke_page_216.jpg	216	9407	ocr	OCR from image meineke_page_216.jpg (id=1388)	4d6eebf808e5f351aa43765597152b0e840417d8ab388739c75b29ae5b1be292	115369	Γάβαλα	3	Γ3	1.000000	121793	Γάμαλα	0.833333	0.166667	γαβαλα	γαβαλα
136244	Γαβαούπολις		meineke_page_217.jpg	217	9408	ocr	OCR from image meineke_page_217.jpg (id=1389)	8a6c70ea543303480ebeb3a5fdab0ba910cd03bd728e2b99a8c7baa9058d233f	115370	Γαβαούπολις	4	Γ4	1.000000	28354	Πιτάου πόλις	0.727273	0.272727	γαβαουπολισ	γαβαουπολισ
136245	Γάββα		meineke_page_217.jpg	217	9409	ocr	OCR from image meineke_page_217.jpg (id=1389)	c6f0e1a68acb4be0ad9273338bcfd2e99a62ae0889d15b9c14fc12ca879c4d71	115371	Γάββα	5	Γ5	1.000000	115367	Γάβα	0.800000	0.200000	γαββα	γαββα
136246	Γάββιοι		meineke_page_217.jpg	217	9410	ocr	OCR from image meineke_page_217.jpg (id=1389)	edafc3ed9bc0041ff7716202fccb218bc6d7a40422d301b18ba6f3ccf5366fb6	115372	Γάβιοι	6	Γ6	0.857143	44209	Τάβιοι	0.714286	0.142857	γαββιοι	γαβιοι
136247	Γάγαυ		meineke_page_217.jpg	217	9411	ocr	OCR from image meineke_page_217.jpg (id=1389)	c15c238ab4fe2efd56a6c2cf6ca1ad8de8b081ae68802a72c152e9e44e353b8c	115373	Γάγαι	7	Γ7	0.800000	30155	Ῥάγα	0.600000	0.200000	γαγαυ	γαγαι
136248	Γάγγρα		meineke_page_217.jpg	217	9412	ocr	OCR from image meineke_page_217.jpg (id=1389)	d7278616e4d4bc7088ce9e965a040bbe9ec91f74b265a31f25c88cfdf838e3b8	121772	Γάγγρα	8	Γ8	1.000000	121798	Γάργαρα	0.714286	0.285714	γαγγρα	γαγγρα
136250	Γάζαι		meineke_page_219.jpg	219	9414	ocr	OCR from image meineke_page_219.jpg (id=1391)	23b073a39f0d7a31b58b6da0e767121182eda2ab6811ca956da144889f6122fa	115373	Γάγαι	7	Γ7	0.800000	121777	Γάζα	0.800000	0.000000	γαζαι	γαγαι
136251	Γάζιος		meineke_page_220.jpg	220	9415	ocr	OCR from image meineke_page_220.jpg (id=1392)	e10715b92d4f29ae4acc6fea8705db0d70c4869542a432cec7fa37064f6d5d7d	121779	Γάζος	15	Γ15	0.833333	121780	Γάζωρος	0.714286	0.119048	γαζιοσ	γαζοσ
136252	Γαθέαι		meineke_page_220.jpg	220	9416	ocr	OCR from image meineke_page_220.jpg (id=1392)	cfd4d05bf8ae9102cdb5ce18a072323dce0c686bea67f633677ff633ce7f3129	121781	Γαθεαί	17	Γ17	1.000000	13809	Δασέαι	0.666667	0.333333	γαθεαι	γαθεαι
136254	Γαλάδα	1	meineke_page_221.jpg	221	9418	ocr	OCR from image meineke_page_221.jpg (id=1393)	2a60c6b7dd7d67ff900c5d194b312562c19d71768f7fe7038602bd224d7ade50	121783	Γάλαδα	19	Γ19	1.000000	121784	Γαλάδραι	0.750000	0.250000	γαλαδα	γαλαδα
136255	Γαλάθρα	2	meineke_page_221.jpg	221	9419	ocr	OCR from image meineke_page_221.jpg (id=1393)	f84b916bdaf05dd5b36f417f0a94126dac71e3ee5e7ed32aaae0a1c094cbfcba	121784	Γαλάδραι	20	Γ20	0.750000	121773	Γάδαρα	0.714286	0.035714	γαλαθρα	γαλαδραι
136257	Γαλάται	4	meineke_page_221.jpg	221	9421	ocr	OCR from image meineke_page_221.jpg (id=1393)	8a164b7950dd75e2f7bbb7820d621da11877e1a197aaaf8b7a816f59ef3ed6b1	121786	Γαλάται	22	Γ22	1.000000	2086	Καλατίαι	0.750000	0.250000	γαλαται	γαλαται
136259	Γαλεῶν	1	meineke_page_222.jpg	222	9423	ocr	OCR from image meineke_page_222.jpg (id=1394)	6bcd31ad8c5dc2b8b4b50d9850fc8f7d0760c4964f2734c7e4019dd23063d045	17036	Ἐλεών	54	Ε54	0.666667	121787	Γαλεῶται	0.625000	0.041667	γαλεων	ελεων
136260	Γαληψός	2	meineke_page_222.jpg	222	9424	ocr	OCR from image meineke_page_222.jpg (id=1394)	c1ad99384eae993c5b6a250bc2a30eee9cb50676183f7108ac4deb90b17d0886	121788	Γαληψός	24	Γ24	1.000000	2116	Κάληρος	0.714286	0.285714	γαληψοσ	γαληψοσ
136261	Γαλαλαῖος	3	meineke_page_222.jpg	222	9425	ocr	OCR from image meineke_page_222.jpg (id=1394)	fb08f7113a160e413a8966fe266bd5526d0aadfa363164acf034562b827c4d7f	121791	Γαλιλαῖοι	27		0.777778	8977	Μαλάνιος	0.666667	0.111111	γαλαλαιοσ	γαλιλαιοι
136262	Γαλληίων	4	meineke_page_222.jpg	222	9426	ocr	OCR from image meineke_page_222.jpg (id=1394)	45a191861d570da3c393f4959aa22b02ffbbc8b532f404d43b116383d9368eb3	121790	Γαλλήσιον	26	Γ26	0.777778	80223	Ἀλβίων	0.625000	0.152778	γαλληιων	γαλλησιον
136263	Γαλλία		meineke_page_223.jpg	223	9427	ocr	OCR from image meineke_page_223.jpg (id=1395)	1692abcee4aa3026bf4e3b7dca56d8af1a34149e42417d6d470be6c16933bd7e	121789	Γαλλία	25		1.000000	2325	Καλλίαι	0.714286	0.285714	γαλλια	γαλλια
136264	Γάμαλα		meineke_page_223.jpg	223	9428	ocr	OCR from image meineke_page_223.jpg (id=1395)	ba9ab9f78f2f0e3180ad08410880baa9b1243fd0ab3a81fb22c2b1cc603ca996	121793	Γάμαλα	29	Γ29	1.000000	115369	Γάβαλα	0.833333	0.166667	γαμαλα	γαμαλα
136265	Γάμβρειον		meineke_page_223.jpg	223	9429	ocr	OCR from image meineke_page_223.jpg (id=1395)	3bcd3fac784c3167530190881ef39a6f5f7bc1175de24b053bfb4767c497ff2c	121794	Γάμβρειον	30	Γ30	1.000000	8986	Μαμέρτιον	0.666667	0.333333	γαμβρειον	γαμβρειον
136266	Γανδάρα		meineke_page_223.jpg	223	9430	ocr	OCR from image meineke_page_223.jpg (id=1395)	bab2279cccc2e5122c797428f963184828f3ff970ee96d4fbfac08243724b9e8	121795	Γανδάραι	31	Γ31	0.875000	2457	Κάνδαρα	0.857143	0.017857	γανδαρα	γανδαραι
136267	Γάνδραι		meineke_page_223.jpg	223	9431	ocr	OCR from image meineke_page_223.jpg (id=1395)	71add7c6839dcd1a20ec53e1718bb5daa5b0cea3d3e2b45406da9dd41a824f31	121795	Γανδάραι	31	Γ31	0.875000	121796	Γάνδροι	0.857143	0.017857	γανδραι	γανδαραι
136268	Γαράμαντες		meineke_page_223.jpg	223	9432	ocr	OCR from image meineke_page_223.jpg (id=1395)	6dc641ccfe1c6286778f9482bcb587da2ad35ff44faecd4cad07b85c9c070242	121797	Γαράμαντες	33	Γ33	1.000000	80193	Ἀκράγαντες	0.700000	0.300000	γαραμαντεσ	γαραμαντεσ
136269	Γάργαρα		meineke_page_223.jpg	223	9433	ocr	OCR from image meineke_page_223.jpg (id=1395)	fbeff1069bce0dc9f66f9b07a6e7ec6b788a236fad45f9578ccd77ab2839bed7	121798	Γάργαρα	34	Γ34	1.000000	9004	Μάργαια	0.714286	0.285714	γαργαρα	γαργαρα
136270	Γάγαρα	1	meineke_page_224.jpg	224	9434	ocr	OCR from image meineke_page_224.jpg (id=1396)	e9c28d1a287ffef71d5bb20dc61e1cafd2ce1676b847a217cfbe6d7e389ca364	121798	Γάργαρα	34	Γ34	0.857143	121772	Γάγγρα	0.833333	0.023810	γαγαρα	γαργαρα
136271	Γάργη – Γαργητίς – Γαστρωνία	2	meineke_page_224.jpg	224	9435	ocr	OCR from image meineke_page_224.jpg (id=1396)	f9e94073bddf85b8c252e4c09a2f2501f5f9cb55d1238eae042c4125b807fb29	121802	Γαστρωνία	38	Γ38	0.409091	125129	Γρηστωνία	0.409091	0.000000	γαργηγαργητισγαστρωνια	γαστρωνια
136272	Γαγγάμηλα		meineke_page_225.jpg	225	9436	ocr	OCR from image meineke_page_225.jpg (id=1397)	6276a58da4e85eca7c21cf27ec239909319948629e0b7cee87db40c8a4ddee4a	121803	Γαυγάμηλα	39	Γ39	0.888889	61075	Ἀγαμήδη	0.555556	0.333333	γαγγαμηλα	γαυγαμηλα
136274	Γέα		meineke_page_225.jpg	225	9438	ocr	OCR from image meineke_page_225.jpg (id=1397)	1ee695058178da9a847d82049cfd6d961c57d2edd1046230ddb05ba597ddcba3	121805	Γέα	41	Γ41	1.000000	121809	Γέλα	0.750000	0.250000	γεα	γεα
136275	Γέβαλα		meineke_page_225.jpg	225	9439	ocr	OCR from image meineke_page_225.jpg (id=1397)	38907de4ac3f79ac717ba1333ec80d64a2af38e9381901111c8f2af059419790	121806	Γέβαλα	42	Γ42	1.000000	115369	Γάβαλα	0.833333	0.166667	γεβαλα	γεβαλα
136276	Γεββωνῖται		meineke_page_225.jpg	225	9440	ocr	OCR from image meineke_page_225.jpg (id=1397)	87b1cd5cc491caea05b85cf64602ff1a45005ba0eaa4f34d97c19a07884a119b	121807	Γεβεωνῖται	43	Γ43	0.900000	3089	Κεβρανῖται	0.700000	0.200000	γεββωνιται	γεβεωνιται
136277	Γεθρωσία		meineke_page_225.jpg	225	9441	ocr	OCR from image meineke_page_225.jpg (id=1397)	e7a8e810093e1700397fd8ac4e030e84dcbb975c33d2a5ebf3a7e8cf800f6658	121808	Γεδρωσία	44	Γ44	0.875000	26709	Πειρασία	0.625000	0.250000	γεθρωσια	γεδρωσια
136278	Γέλα		meineke_page_225.jpg	225	9442	ocr	OCR from image meineke_page_225.jpg (id=1397)	91895b97b641c60169c653876283a3ca3f790fe89a1b662a72252c746827f90e	121809	Γέλα	45	Γ45	1.000000	121805	Γέα	0.750000	0.250000	γελα	γελα
136279	Γέλων		meineke_page_226.jpg	226	9443	ocr	OCR from image meineke_page_226.jpg (id=1398)	580352676ada2a35477a39270b0e7eccd96d51a3920ce9e403ffb2d50afd7ea0	108930	Βελών	64	Β64	0.800000	121810	Γελωνοί	0.714286	0.085714	γελων	βελων
136280	Γέλωνός		meineke_page_226.jpg	226	9444	ocr	OCR from image meineke_page_226.jpg (id=1398)	25a0ee1a23edd5a21f450f0d8b6ee3c176e66971949980439f3dbe7ba852ab4e	121810	Γελωνοί	46		0.857143	17052	Ἔλωρος	0.714286	0.142857	γελωνοσ	γελωνοι
136281	Γενέα	1	meineke_page_227.jpg	227	9445	ocr	OCR from image meineke_page_227.jpg (id=1399)	811a5a0b066c240a6e3833e0f33399308e4f9995831a39f40dde884cbf0d6b67	121811	Γενέα	47		1.000000	48653	Τενέα	0.800000	0.200000	γενεα	γενεα
136282	Γενέα, κώμη Κορινθοῦ	2	meineke_page_227.jpg	227	9446	ocr	OCR from image meineke_page_227.jpg (id=1399)	d6cbd9ef55d21e9bbcc0d8302bbebbf15b55a7b1a3982816d708c890f347129a	80197	Ἀκροκόρινθος	171	Α171	0.529412	3269	Κόρινθος	0.411765	0.117647	γενεακωμηκορινθου	ακροκορινθοσ
136283	Γένεσις, πόλις Λακωνικῆς	3	meineke_page_227.jpg	227	9447	ocr	OCR from image meineke_page_227.jpg (id=1399)	51dcc65e12c416cdc15bdd892d2164812bf46766b5618b5322831f85b193e910	48664	Τετράπολις τῆς Ἀττικῆς	100	Τ100	0.428571	20803	Θεσσαλονίκη	0.380952	0.047619	γενεσισπολισλακωνικησ	τετραπολιστησαττικησ
136284	Γενήτης, λίμην καὶ ποταμός	4	meineke_page_227.jpg	227	9448	ocr	OCR from image meineke_page_227.jpg (id=1399)	8122f08c4f9e46de5d2b057ed3f062ca45b904df6e02d71395c18d9a08dc0b91	9634	Μέση τῶν ποταμῶν	154	Μ154	0.409091	9605	Μελήτειος κόλπος	0.363636	0.045455	γενητησλιμηνκαιποταμοσ	μεσητωνποταμων
136285	Γένουα, πόλις τῶν Λιγύων Ἰταλίας	5	meineke_page_227.jpg	227	9449	ocr	OCR from image meineke_page_227.jpg (id=1399)	b75d4ea3f2be7412916fc46ebe8e329dc3daf0c024e084cbe2d2eb7633099b49	48664	Τετράπολις τῆς Ἀττικῆς	100	Τ100	0.370370	96932	Ἀπολλωνιεῖς	0.370370	0.000000	γενουαπολιστωνλιγυωνιταλιασ	τετραπολιστησαττικησ
136286	Γενουαῖοι	6	meineke_page_227.jpg	227	9450	ocr	OCR from image meineke_page_227.jpg (id=1399)	1eb3a86d60c8e676e8db162235f62b8ee490c3a1317fd6a840b80e694d91a70d	121815	Γενοαῖοι	51	Γ51	0.888889	121828	Γερούνιον	0.666667	0.222222	γενουαιοι	γενοαιοι
136287	Γέντα		meineke_page_228.jpg	228	9451	ocr	OCR from image meineke_page_228.jpg (id=1400)	6b750d39e41f4156bfbab448e3bfc014696c01bbb87867893e5881aa44c04e6f	121816	Γέντα	52	Γ52	1.000000	121811	Γενέα	0.800000	0.200000	γεντα	γεντα
136289	Γεραεστός		meineke_page_228.jpg	228	9453	ocr	OCR from image meineke_page_228.jpg (id=1400)	567b13d23c55c252aa97cfc77bd1159f476f87a531f9d859812b5b5e4a013864	121818	Γεραιστός	54	Γ54	0.888889	3517	Κραστός	0.666667	0.222222	γεραεστοσ	γεραιστοσ
136290	Γεράνεια		meineke_page_228.jpg	228	9454	ocr	OCR from image meineke_page_228.jpg (id=1400)	a32ac14504f6004bf11fdb04764e5b28b83a76898412c43cc4deaff339257438	121819	Γεράνεια	55	Γ55	1.000000	3512	Κράνεια	0.750000	0.250000	γερανεια	γερανεια
136291	Γεράνθραι		meineke_page_228.jpg	228	9455	ocr	OCR from image meineke_page_228.jpg (id=1400)	76325f301217eab05fe0a6e6d15a02e9648e2abfc4239689b14d518e658900ee	121820	Γεράνθραι	56	Γ56	1.000000	17107	Ἐρυθραί	0.666667	0.333333	γερανθραι	γερανθραι
136292	Γέρρασα		meineke_page_228.jpg	228	9456	ocr	OCR from image meineke_page_228.jpg (id=1400)	c918d1d5e81f64b186afaa044bded199a55dddb19fc8b20180b05c00d0b909a6	121821	Γέρασα	57	Γ57	0.857143	22204	Ἰέρασα	0.714286	0.142857	γερρασα	γερασα
136293	Γέργις		meineke_page_228.jpg	228	9457	ocr	OCR from image meineke_page_228.jpg (id=1400)	5dde8cb81291a55502f45c5a1c43457c1067706e5691c7c2bddef47d2ca8467b	121822	Γέργις	58	Γ58	1.000000	48659	Τέργις	0.833333	0.166667	γεργισ	γεργισ
136294	Γεργῖνοι		meineke_page_229.jpg	229	9458	ocr	OCR from image meineke_page_229.jpg (id=1401)	5021c133bdf5949dfcaba278fee49b9fc19428c18ba8b2a90e2895e087837ce5	17104	Ἐρυθῖνοι	128	Ε128	0.625000	18181	Ἔλινοι	0.625000	0.000000	γεργινοι	ερυθινοι
136295	Γέρην		meineke_page_230.jpg	230	9459	ocr	OCR from image meineke_page_230.jpg (id=1402)	8a2a0a9148450c1dcfd31a0214e7fe88ab43b885d4b81cc42f6f97a5e44fe00b	121823	Γέρην	59	Γ59	1.000000	121824	Γερηνία	0.714286	0.285714	γερην	γερην
136296	Γέραρα		meineke_page_231.jpg	231	9460	ocr	OCR from image meineke_page_231.jpg (id=1403)	bdcbc3243261052098941ad8c918e93f999d2c5e260b4f221ffe97e22e812362	121821	Γέρασα	57	Γ57	0.833333	121829	Γέρρα	0.833333	0.000000	γεραρα	γερασα
136297	Γέρος		meineke_page_231.jpg	231	9461	ocr	OCR from image meineke_page_231.jpg (id=1403)	03e919bf6ad1d09db0d7700e8f17bc7765a8a6bde23bd554615f27e0500278f4	121830	Γέρρος	66	Γ66	0.833333	20796	Θέρμος	0.666667	0.166667	γεροσ	γερροσ
136298	Γέττα		meineke_page_231.jpg	231	9462	ocr	OCR from image meineke_page_231.jpg (id=1403)	b24ae59bc1c07b07f514c7fed10e7a0f49008e5b5c4c36241da6a48bbe793525	121816	Γέντα	52	Γ52	0.800000	121831	Γετία	0.800000	0.000000	γεττα	γεντα
136299	Γέφυρα		meineke_page_231.jpg	231	9463	ocr	OCR from image meineke_page_231.jpg (id=1403)	71e67852ab8c95b68aa86975cfbf32c746eb6fb10171887cbca1dd155011c863	121832	Γέφυρα	68	Γ68	1.000000	121829	Γέρρα	0.666667	0.333333	γεφυρα	γεφυρα
136300	Γεφυρώτης		meineke_page_231.jpg	231	9464	ocr	OCR from image meineke_page_231.jpg (id=1403)	2c363144727dbaffa7ca77d2c48a91f20a4cbf95571216b4df0f0b9cc5e10a83	121833	Γεφυρώτη	69	Γ69	0.888889	18293	Εὔρωμος	0.555556	0.333333	γεφυρωτησ	γεφυρωτη
136304	Γήλυς		meineke_page_232.jpg	232	9468	ocr	OCR from image meineke_page_232.jpg (id=1404)	ddb4ed8ed6441019d7a629cab1a7f2e9a5a22b305128450c9b9754bf7659d1db	128414	Γηλύς	72	Γ72	1.000000	28329	Πηλοῦς	0.666667	0.333333	γηλυσ	γηλυσ
136305	Γίγεσσα		meineke_page_232.jpg	232	9469	ocr	OCR from image meineke_page_232.jpg (id=1404)	fea9317164a21d612549b0d3c4b3188baf05160a7d43d78afa53ef176eccc232	28372	Ποιήεσσα	190	Π190	0.625000	37852	Σινόεσσα	0.625000	0.000000	γιγεσσα	ποιηεσσα
136306	Γιγγλιμώτη		meineke_page_232.jpg	232	9470	ocr	OCR from image meineke_page_232.jpg (id=1404)	0c0684201070bf902962ae978f28aab11458e57d2afb13a049d6e1ca5e4c7d20	128416	Γιγγλυμώτη	74	Γ74	0.900000	3527	Κριθώτη	0.400000	0.500000	γιγγλιμωτη	γιγγλυμωτη
136307	Γίγνος		meineke_page_232.jpg	232	9471	ocr	OCR from image meineke_page_232.jpg (id=1404)	16b28451686c9b5b5c36d96e924150591cd8fa5747b9a46c41f56b2c05db08e9	128417	Γίγωνος	75	Γ75	0.857143	11895	Νῖνος	0.666667	0.190476	γιγνοσ	γιγωνοσ
136308	Γίγωνιος		meineke_page_233.jpg	233	9472	ocr	OCR from image meineke_page_233.jpg (id=1405)	70bf69532efd18cc133791e1755886ff19a689e244b66d62cc0d6ba2904b5d3b	128417	Γίγωνος	75	Γ75	0.875000	20808	Θηγώνιον	0.625000	0.250000	γιγωνιοσ	γιγωνοσ
136309	Γίλδα		meineke_page_233.jpg	233	9473	ocr	OCR from image meineke_page_233.jpg (id=1405)	eb71e20d7867d08619886e43f06f1c17854299e278a66a780d9e7c1d6d40d48f	128418	Γίλδα	76	Γ76	1.000000	121783	Γάλαδα	0.666667	0.333333	γιλδα	γιλδα
136310	Γιλιγάμαι		meineke_page_233.jpg	233	9474	ocr	OCR from image meineke_page_233.jpg (id=1405)	4cb62192e200f4f61036890e090f717987db9c0a402cd95fe3b77ddd7562393f	128419	Γιλιγάμαι	77	Γ77	1.000000	2082	Καλάμαι	0.555556	0.444444	γιλιγαμαι	γιλιγαμαι
136312	Γινδάρα		meineke_page_233.jpg	233	9476	ocr	OCR from image meineke_page_233.jpg (id=1405)	1a5216b558c48ed2d2404e4cc9ec0f6fbac9b31d876440ed5a1bc8d65f922070	128421	Γίνδαρα	79	Γ79	1.000000	22232	Ἰνδάρα	0.857143	0.142857	γινδαρα	γινδαρα
136313	Γίττα		meineke_page_233.jpg	233	9477	ocr	OCR from image meineke_page_233.jpg (id=1405)	5426d40fcd51672ef5e37964f0dea54e541a0ce7769636aa78fd0a3a222e8102	128422	Γίττα	80	Γ80	1.000000	23671	Ἰτέα	0.600000	0.400000	γιττα	γιττα
136314	Γλᾶνις		meineke_page_233.jpg	233	9478	ocr	OCR from image meineke_page_233.jpg (id=1405)	1fa057d03b44f22dabc94277599132d1880b8697a078b22f99d46ed760b6285d	125099	Γλάνις	81	Γ81	1.000000	22219	Ἴλαρις	0.666667	0.333333	γλανισ	γλανισ
136315	Γλαυκία		meineke_page_233.jpg	233	9479	ocr	OCR from image meineke_page_233.jpg (id=1405)	9d41112611c407982270b24b5aacc3293fdf9798e565da2ea36eb84f939ccfa3	125100	Γλαυκία	82	Γ82	1.000000	8458	Λυκία	0.714286	0.285714	γλαυκια	γλαυκια
136317	Γλαφῦραι		meineke_page_234.jpg	234	9481	ocr	OCR from image meineke_page_234.jpg (id=1406)	76eab639ffad0fdfc5d240febbfb54044ff8c35ec19e2312b9dcdd08468ffa76	125102	Γλαφύραι	84	Γ84	1.000000	3087	Καφύαι	0.625000	0.375000	γλαφυραι	γλαφυραι
136319	Γλάσας		meineke_page_234.jpg	234	9483	ocr	OCR from image meineke_page_234.jpg (id=1406)	307e71e5071a5bd3f6b6b37764312628fb16330211218b9d364455ae9d6683a3	125104	Γλίσσας	86		0.714286	125099	Γλάνις	0.666667	0.047619	γλασασ	γλισσασ
136320	Γνῆς		meineke_page_234.jpg	234	9484	ocr	OCR from image meineke_page_234.jpg (id=1406)	d596d84d4e51a3d7e62a8f5516431ac30685a7fee454d14a58d63bf4d41fb8e9	125105	Γνής	87	Γ87	1.000000	60979	Τύνης	0.600000	0.400000	γνησ	γνησ
136321	Γοαρηνή		meineke_page_235.jpg	235	9485	ocr	OCR from image meineke_page_235.jpg (id=1407)	1fc7f8d961dbc74abe423ef1ef1a76854cc452394e7051ca77ab615ec82dd8f4	125106	Γοαρηνή	88	Γ88	1.000000	125140	Γωγαρηνή	0.750000	0.250000	γοαρηνη	γοαρηνη
136322	Γόλογοι		meineke_page_235.jpg	235	9486	ocr	OCR from image meineke_page_235.jpg (id=1407)	186316f3d5b7bcdd5c16113e6665a009c45fa51500a10e1d7858f9e50228bcf7	125107	Γόλγοι	89		0.857143	14856	Δόλογκοι	0.750000	0.107143	γολογοι	γολγοι
136323	Γομολίται		meineke_page_235.jpg	235	9487	ocr	OCR from image meineke_page_235.jpg (id=1407)	6333ff17927fab6086f8116713c839bebcea25ba0e779bdeb966721d4544d9fd	125108	Γομολῖται	90	Γ90	1.000000	12840	Ὁμηρῖται	0.666667	0.333333	γομολιται	γομολιται
136324	Γόμορροι		meineke_page_235.jpg	235	9488	ocr	OCR from image meineke_page_235.jpg (id=1407)	905412348dd9c749b44cea39aba160fa10889771b0cac0c265ca8e791f541c2e	125109	Γόμφοι	91	Γ91	0.625000	125108	Γομολῖται	0.555556	0.069444	γομορροι	γομφοι
136325	Γόνδυαι		meineke_page_235.jpg	235	9489	ocr	OCR from image meineke_page_235.jpg (id=1407)	f2ccf2393835b9a4ad1f6709181c04f6a1639f09acc5d22b7a0188c6050f858f	125110	Γόνδραι	92	Γ92	0.857143	125119	Γορδυαία	0.750000	0.107143	γονδυαι	γονδραι
136327	Γόνυοι		meineke_page_235.jpg	235	9491	ocr	OCR from image meineke_page_235.jpg (id=1407)	d12aab46fb3d5a23d758af22758271e83f3e806e8574ef7db8c59899a805b058	125112	Γόννοι	94	Γ94	0.833333	125107	Γόλγοι	0.666667	0.166667	γονυοι	γοννοι
136330	Γοργιττηπεία		meineke_page_236.jpg	236	9494	ocr	OCR from image meineke_page_236.jpg (id=1408)	5e0b377c592bfbde77e1f5a6532ee6923d3cfcc605b5fafea7bd687b3e6f6fcd	125115	Γοργιππία	97		0.666667	28382	Πολιτεία	0.500000	0.166667	γοργιττηπεια	γοργιππια
136331	Γόεργυρα		meineke_page_236.jpg	236	9495	ocr	OCR from image meineke_page_236.jpg (id=1408)	e151d415781af7e158d7a91d549a96784691872284de09b485eb8f8d492b386c	125116	Γόργυρα	98	Γ98	0.875000	10313	Μόργυνα	0.625000	0.250000	γοεργυρα	γοργυρα
136335	Γορθυνία	1	meineke_page_237.jpg	237	9499	ocr	OCR from image meineke_page_237.jpg (id=1409)	e59684ba7c5a0f1498b8a8c4b89e183bce0fbc3e7d356b440a971430b5005a1e	125120	Γορδυνία	102	Γ102	0.875000	125119	Γορδυαία	0.750000	0.125000	γορθυνια	γορδυνια
136336	Γόρτυν	2	meineke_page_237.jpg	237	9500	ocr	OCR from image meineke_page_237.jpg (id=1409)	0cbeefba543dbbd183d51d080cb7306945f57918ebfa3a8e324e49159a46e145	125121	Γόρτυν	103	Γ103	1.000000	125138	Γυρτών	0.666667	0.333333	γορτυν	γορτυν
136337	Γότθοι	3	meineke_page_237.jpg	237	9501	ocr	OCR from image meineke_page_237.jpg (id=1409)	fd4f9a9a77b50a889c0f0180f760edb9ed726e15d6121da9d1dc2756896f1c40	125122	Γότθοι	104	Γ104	1.000000	125107	Γόλγοι	0.666667	0.333333	γοτθοι	γοτθοι
136338	Γοῦνας	4	meineke_page_237.jpg	237	9502	ocr	OCR from image meineke_page_237.jpg (id=1409)	462d9e4bc54ffecfcee53db45f169685a9547d28b09ad8430b3f29b77ba85110	125123	Γοῦναι	105		0.833333	115312	Βοῦννος	0.571429	0.261905	γουνασ	γουναι
136340	Γραϊκός	6	meineke_page_237.jpg	237	9504	ocr	OCR from image meineke_page_237.jpg (id=1409)	033249c0d6bd0f41c4f3811ca4105f5ad8b7b21d5050bef8e2a6c7372bc9afdd	125125	Γραικός	107	Γ107	1.000000	28407	Πραισός	0.714286	0.285714	γραικοσ	γραικοσ
136341	Γέαμμιον	1	meineke_page_238.jpg	238	9505	ocr	OCR from image meineke_page_238.jpg (id=1410)	5e7eab9f15c33df415cf8aa2a6188604c6022f61838a31a433458fdb7ebf1abc	125126	Γράμμιον	108	Γ108	0.875000	2788	Δάλμιον	0.625000	0.250000	γεαμμιον	γραμμιον
136342	Γεάστιλλος	2	meineke_page_238.jpg	238	9506	ocr	OCR from image meineke_page_238.jpg (id=1410)	f20dec49e884feeaee11c316125254bb6116766bb404fcbd7ad5e94508185961	125127	Γράστιλλος	109	Γ109	0.900000	121792	Γάλλος	0.600000	0.300000	γεαστιλλοσ	γραστιλλοσ
136343	Γερσῖνος	3	meineke_page_238.jpg	238	9507	ocr	OCR from image meineke_page_238.jpg (id=1410)	8562a88fa7896a7be39597975494a48fe3296ea55f54a6fcb057dc914c6347e4	11047	Μύρσινος	257	Μ257	0.750000	121817	Γεντῖνος	0.750000	0.000000	γερσινοσ	μυρσινοσ
136344	Γερσταωνία	4	meineke_page_238.jpg	238	9508	ocr	OCR from image meineke_page_238.jpg (id=1410)	9cdf6b239266b7d41e8149322f085862e5c967440d8c27ab4f34495d2effb4e5	121802	Γαστρωνία	38	Γ38	0.700000	125129	Γρηστωνία	0.700000	0.000000	γερσταωνια	γαστρωνια
136345	Γέυναι	5	meineke_page_238.jpg	238	9509	ocr	OCR from image meineke_page_238.jpg (id=1410)	5aa00519c278877c249aed240ae95545a75498fafbce2dc192f27f58d8c39a37	18283	Εὐναί	160	Ε160	0.833333	125123	Γοῦναι	0.833333	0.000000	γευναι	ευναι
136346	Γεύνεια	6	meineke_page_238.jpg	238	9510	ocr	OCR from image meineke_page_238.jpg (id=1410)	2444e07a16afe08ee938735a6e8f6a065e908afcc3b47ca13b3e32e7959dbbd2	121819	Γεράνεια	55	Γ55	0.750000	18273	Εὔγεια	0.714286	0.035714	γευνεια	γερανεια
136347	Γέυσαρος	7	meineke_page_238.jpg	238	9511	ocr	OCR from image meineke_page_238.jpg (id=1410)	921f5d2cc95e6754f8d7e8341be48c197ac3187910e9dde7734ae888039d92c0	125132	Γύαρος	114	Γ114	0.750000	121830	Γέρρος	0.625000	0.125000	γευσαροσ	γυαροσ
136348	Γύγαπες	1	meineke_page_239.jpg	239	9512	ocr	OCR from image meineke_page_239.jpg (id=1411)	59f26e40ddff8c98e3cd8b4106e9a0c90eb5bb7cea2353d73f68442e5bef9fbf	125133	Γύζαντες	115	Γ115	0.625000	10337	Μύλακες	0.571429	0.053571	γυγαπεσ	γυζαντεσ
136349	Γύθειον	2	meineke_page_239.jpg	239	9513	ocr	OCR from image meineke_page_239.jpg (id=1411)	698bbc6d343ca8e1c009bbf0cbb3bf8525dc8943c1100bc76115e218b25cc76c	125134	Γύθειον	116	Γ116	1.000000	8457	Λύκειον	0.714286	0.285714	γυθειον	γυθειον
136350	Γυλάχεια	3	meineke_page_239.jpg	239	9514	ocr	OCR from image meineke_page_239.jpg (id=1411)	538a8946df73b5a173852b2ce08a70e66927d9438bc243901923557536a51454	125135	Γυλάκεια	117	Γ117	0.875000	7645	Λάεια	0.625000	0.250000	γυλαχεια	γυλακεια
136351	Γυμνησία	4	meineke_page_239.jpg	239	9515	ocr	OCR from image meineke_page_239.jpg (id=1411)	0e596c650498ea351301da1c0a62c7284543e658cee089e2c13d149306314244	125136	Γυμνησίαι	118	Γ118	0.888889	30117	Πρυμνησία	0.777778	0.111111	γυμνησια	γυμνησιαι
136352	Γυναικόπολις	1	meineke_page_240.jpg	240	9516	ocr	OCR from image meineke_page_240.jpg (id=1412)	e9c0ce5e2042e5beddc3a1481dd54393b766ceae7751d8d583364d4570fc82e0	125137	Γυναικόσπολις	119	Γ119	0.923077	11891	Νικόπολις	0.750000	0.173077	γυναικοπολισ	γυναικοσπολισ
136353	Γυρετών	2	meineke_page_240.jpg	240	9517	ocr	OCR from image meineke_page_240.jpg (id=1412)	bb18603c83f35dc5baf8eb8cc647acc0b6d0b4a6826d04669107afe6cff9f4f0	125138	Γυρτών	120	Γ120	0.857143	3539	Κρότων	0.571429	0.285714	γυρετων	γυρτων
136354	Γυπήης	3	meineke_page_240.jpg	240	9518	ocr	OCR from image meineke_page_240.jpg (id=1412)	d38c812f40d58c2aedd97b455b3c646c7959131c2881ace7d47054ad0eb1380c	125139	Γυψηίς	121	Γ121	0.666667	121813	Γενήτης	0.571429	0.095238	γυπηησ	γυψηισ
136355	Γωγαρηνή		meineke_page_241.jpg	241	9519	ocr	OCR from image meineke_page_241.jpg (id=1413)	29db771e10896597f8626cc3114ce717b265f4b9631e613124a6a5fa6a2aa45d	125140	Γωγαρηνή	122	Γ122	1.000000	125106	Γοαρηνή	0.750000	0.250000	γωγαρηνη	γωγαρηνη
136356	Δᾶαι		meineke_page_241.jpg	241	9520	ocr	OCR from image meineke_page_241.jpg (id=1413)	812e3e5fa9775d80b4c45eefba74702333f01664fd6cb024609381ef3399125e	2781	Δάαι	1	Δ1	1.000000	13804	Δαραί	0.800000	0.200000	δααι	δααι
136357	Δάδικαι		meineke_page_241.jpg	241	9521	ocr	OCR from image meineke_page_241.jpg (id=1413)	e8918d309acb7d1aa12a357a7f50051213242327d734f5175670b27720882668	2782	Δαδίκαι	2	Δ2	1.000000	2786	Δαιδαλίδαι	0.600000	0.400000	δαδικαι	δαδικαι
136358	Δαδόκερτα		meineke_page_241.jpg	241	9522	ocr	OCR from image meineke_page_241.jpg (id=1413)	c130dc5fea317f4fa4102eb3aa3aa34f0ca233fdaf836d29b60dd80656bd9376	2783	Δαδόκερτα	3	Δ3	1.000000	48686	Τιγρανόκερτα	0.583333	0.416667	δαδοκερτα	δαδοκερτα
136359	Δαίδαλα		meineke_page_241.jpg	241	9523	ocr	OCR from image meineke_page_241.jpg (id=1413)	60cd8616f4dc960e11ba8eaab9e98ce24e1654afbda775fd599c33023bd2c329	2784	Δαίδαλα	4	Δ4	1.000000	2785	Δαιδάλεια	0.777778	0.222222	δαιδαλα	δαιδαλα
136360	Δαιδάλλεια		meineke_page_241.jpg	241	9524	ocr	OCR from image meineke_page_241.jpg (id=1413)	f426353d8db35faedb4281d2bcd24f3d893e6b40dcf44a95a839923277e63b49	2785	Δαιδάλεια	5	Δ5	0.900000	2784	Δαίδαλα	0.700000	0.200000	δαιδαλλεια	δαιδαλεια
136361	Δαιδαλίδαι		meineke_page_241.jpg	241	9525	ocr	OCR from image meineke_page_241.jpg (id=1413)	c6fe2a6d2c85951bc28fcb1997f6cb1bc1699d2ee854f1c594b27a9f0f68bc3a	2786	Δαιδαλίδαι	6	Δ6	1.000000	61170	Αἰθαλίδαι	0.800000	0.200000	δαιδαλιδαι	δαιδαλιδαι
136362	Δακία		meineke_page_241.jpg	241	9526	ocr	OCR from image meineke_page_241.jpg (id=1413)	0635879e882205713cd1b3260f0ced619e52afc2bb25a09acc5407b00b975b09	2787	Δακία	7	Δ7	1.000000	14820	Διακρία	0.714286	0.285714	δακια	δακια
136363	Δάλμιον		meineke_page_241.jpg	241	9527	ocr	OCR from image meineke_page_241.jpg (id=1413)	a33611bbf4f7967c2ab263b5407d83ca055844fdd3d94721514e395d2b9703bd	2788	Δάλμιον	8	Δ8	1.000000	12820	Ὄλμιον	0.714286	0.285714	δαλμιον	δαλμιον
136364	Δαμααίοι	1	meineke_page_242.jpg	242	9528	ocr	OCR from image meineke_page_242.jpg (id=1414)	f636f1c34cfcee0415ba3f2ae6b31cfd277711e6b783910d841bfebe3c5bbfff	2789	Δαμαῖοι	9	Δ9	0.875000	22093	Θαμαναῖοι	0.777778	0.097222	δαμααιοι	δαμαιοι
136366	Δαναάριοι	3	meineke_page_242.jpg	242	9530	ocr	OCR from image meineke_page_242.jpg (id=1414)	523e3dd8a22ca83fe0096960eb0f76dd135005d6474c9a533582c9400924c6c4	2791	Δανδάριοι	11	Δ11	0.888889	2789	Δαμαῖοι	0.666667	0.222222	δανααριοι	δανδαριοι
136367	Δαναλῆται	4	meineke_page_242.jpg	242	9531	ocr	OCR from image meineke_page_242.jpg (id=1414)	bcdb2f855b5e0e8ba426dbce7999f20b74798690f9e1a63b35fde9ee7fe744ef	2792	Δανθαλῆται	12	Δ12	0.900000	13812	Δασσαρῆται	0.700000	0.200000	δαναληται	δανθαληται
136368	Δανουβίον	5	meineke_page_242.jpg	242	9532	ocr	OCR from image meineke_page_242.jpg (id=1414)	d5dc7214fd847b57ef3b02936848e9972133a94804191ad2fb1c078786b5ec5d	2793	Δανούβιον	13	Δ13	1.000000	2463	Κανύσιον	0.666667	0.333333	δανουβιον	δανουβιον
136369	Ματώας	1	meineke_page_243.jpg	243	9533	ocr	OCR from image meineke_page_243.jpg (id=1415)	6e62ea3c1bdcf6581105cabdb53eebdf5a9c117b905a7ba3eaa420608a52d007	8961	Μαιῶται	20	Μ20	0.571429	9584	Ματιανή	0.571429	0.000000	ματωασ	μαιωται
136370	Δάνους	2	meineke_page_243.jpg	243	9534	ocr	OCR from image meineke_page_243.jpg (id=1415)	a8d261d168615ed16a3ac92c3b1257ac6c9e2853b0bb41dffbc200548a6c6cfb	13817	Δαφνοῦς	36	Δ36	0.857143	30161	Ῥαμνοῦς	0.714286	0.142857	δανουσ	δαφνουσ
136371	Δάραψα	3	meineke_page_243.jpg	243	9535	ocr	OCR from image meineke_page_243.jpg (id=1415)	e034254726d35506b4f4c035236b64edef0e7385fa152f1612488e5632a86292	12879	Δάραψα	16	Δ16	1.000000	2475	Κάρανα	0.666667	0.333333	δαραψα	δαραψα
136372	Δάρασα	4	meineke_page_243.jpg	243	9536	ocr	OCR from image meineke_page_243.jpg (id=1415)	44186f1dca421b9a8ca580efc80eca06745c324ca0f1e2e32a1b4e7574bc3879	12879	Δάραψα	16	Δ16	0.833333	28364	Πλάρασα	0.714286	0.119048	δαρασα	δαραψα
136373	Δάρασον	5	meineke_page_243.jpg	243	9537	ocr	OCR from image meineke_page_243.jpg (id=1415)	0f3c69448da2489ece1130281611cd3e6953b969cac6f25afdfe47e33c7ed591	30088	Πράσον	233	Π233	0.714286	2790	Δαμασκός	0.625000	0.089286	δαρασον	πρασον
136374	Δάφασανος / Δαφασανία κτλ.		meineke_page_244.jpg	244	9538	ocr	OCR from image meineke_page_244.jpg (id=1416)	82e5145183aff849c7f7092fdf0ae74d238531c6244764b3fd7797a36c04c4f9	135357	Φαίαξ καὶ Φαιακία	5	Φ5	0.380952	2611	Κασάνδρεια	0.333333	0.047619	δαφασανοσδαφασανιακτλ	φαιαξκαιφαιακια
136375	Δασαφῖται	1	meineke_page_245.jpg	245	9539	ocr	OCR from image meineke_page_245.jpg (id=1417)	5e24c64e689a5328bb8c49f472cd07d3c8750b768bbc7130dc7548fe5b15a0af	2612	Κασσανῖται	112	Κ112	0.700000	13812	Δασσαρῆται	0.700000	0.000000	δασαφιται	κασσανιται
136376	Δάσιοι	2	meineke_page_245.jpg	245	9540	ocr	OCR from image meineke_page_245.jpg (id=1417)	276f6f2f3596831a239cfb295903844c21eebead76638a7d602d9594e77adbe1	13808	Δάρσιοι	24	Δ24	0.857143	13820	Δασιλοί	0.857143	0.000000	δασιοι	δαρσιοι
136377	Δασκύλιον	3	meineke_page_245.jpg	245	9541	ocr	OCR from image meineke_page_245.jpg (id=1417)	470bf33133c731a2e3d3a4884d5e2ee8f2a9934f2c290989c1a77a63a0ce7d46	13810	Δασκύλιον	26	Δ26	1.000000	2793	Δανούβιον	0.666667	0.333333	δασκυλιον	δασκυλιον
136378	Δάσων	4	meineke_page_245.jpg	245	9542	ocr	OCR from image meineke_page_245.jpg (id=1417)	af92aac6b9e94acf4226fe49af08dd1570a6301cad0061953ecec2f512cd1b2c	13811	Δάσκων	27	Δ27	0.833333	13813	Δᾶτον	0.600000	0.233333	δασων	δασκων
136379	Δασσαφῖται	5	meineke_page_245.jpg	245	9543	ocr	OCR from image meineke_page_245.jpg (id=1417)	5c364f0036a714276a3a78a37e6f0e941817ef498122facf0ea83d35524cfeb1	2612	Κασσανῖται	112	Κ112	0.800000	13812	Δασσαρῆται	0.800000	0.000000	δασσαφιται	κασσανιται
136380	Δασσαφῖτις	1	meineke_page_246.jpg	246	9544	ocr	OCR from image meineke_page_246.jpg (id=1418)	833c3a03a9dbb78e5cc1c4105efc4f3ed0a6e3aa75a52683948d22b4c540cbc8	2612	Κασσανῖται	112	Κ112	0.600000	13812	Δασσαρῆται	0.600000	0.000000	δασσαφιτισ	κασσανιται
136382	Δατύληπτοι	3	meineke_page_246.jpg	246	9546	ocr	OCR from image meineke_page_246.jpg (id=1418)	ce7d6ee8ccf7e7be4a3184514d9d8ab690fdbb502124e0a25cc4ae74d28c3f2e	13814	Δατύλεπτοι	30	Δ30	0.900000	2637	Καυλίκοι	0.500000	0.400000	δατυληπτοι	δατυλεπτοι
136383	Δανύ	4	meineke_page_246.jpg	246	9547	ocr	OCR from image meineke_page_246.jpg (id=1418)	ec8c2c268b1cbf9f29dfc6cd93e844f6cad94bcbf34ce7b6542c24012a687a1a	15824	Δάφνη	35	Δ35	0.600000	61105	Ἄδανα	0.600000	0.000000	δανυ	δαφνη
136384	Δανυλίς	5	meineke_page_246.jpg	246	9548	ocr	OCR from image meineke_page_246.jpg (id=1418)	aa04b34331d31d0d897712bb53f2557417f55526c3b077de1cf8d040b0d1bba9	13816	Δαυλίς	32	Δ32	0.857143	2464	Κάνυτις	0.714286	0.142857	δανυλισ	δαυλισ
136385	Δανύνιον	6	meineke_page_246.jpg	246	9549	ocr	OCR from image meineke_page_246.jpg (id=1418)	c6d101d9ada2658feffbe9a5e9a0a206388303e480ca7ee75c88875049463717	15822	Δαύνιον	33	Δ33	0.875000	2793	Δανούβιον	0.777778	0.097222	δανυνιον	δαυνιον
136386	Δαννικόν		meineke_page_247.jpg	247	9550	ocr	OCR from image meineke_page_247.jpg (id=1419)	ef1fe4a0a220976447fa445e735b38aecd285a7dee2d10691e31d4aeb45a88f8	15822	Δαύνιον	33	Δ33	0.750000	2485	Καρικόν	0.625000	0.125000	δαννικον	δαυνιον
136387	Δάϋσαρα		meineke_page_247.jpg	247	9551	ocr	OCR from image meineke_page_247.jpg (id=1419)	6827f17c16acfb14042a182ad369adbb4281138b4d202c586d0af9cef1f95ac7	15823	Δαύσαρα	34	Δ34	1.000000	14869	Δουσαρή	0.714286	0.285714	δαυσαρα	δαυσαρα
136388	Δάφνη		meineke_page_247.jpg	247	9552	ocr	OCR from image meineke_page_247.jpg (id=1419)	3eb49ccb45eac946aca35e740528390f73b1430674ea6ba2211dcaebbf479bd4	15824	Δάφνη	35	Δ35	1.000000	2492	Κάρνη	0.600000	0.400000	δαφνη	δαφνη
136390	Δαφνουσία		meineke_page_248.jpg	248	9554	ocr	OCR from image meineke_page_248.jpg (id=1420)	76de452733e86a27075ecae4db396a0508f028f6af8782ff0729d2992d09383d	13817	Δαφνοῦς	36	Δ36	0.777778	14859	Δονουσία	0.777778	0.000000	δαφνουσια	δαφνουσ
136391	Δαχαρηνοί		meineke_page_248.jpg	248	9555	ocr	OCR from image meineke_page_248.jpg (id=1420)	6f48fda21abd90cec789b7a899364c78a5711ed8dfb9dd01bbaee889e0ec7c66	13818	Δαχαρηνοί	37	Δ37	1.000000	2337	Καμαρηνοί	0.777778	0.222222	δαχαρηνοι	δαχαρηνοι
136392	Δέυμασα		meineke_page_248.jpg	248	9556	ocr	OCR from image meineke_page_248.jpg (id=1420)	4a15ecc5c2db65104d4dfbceb3dcccb26850bb6322bc14ada3465c943202f1be	13819	Δέδμασα	38	Δ38	0.857143	10215	Μέδμασα	0.714286	0.142857	δευμασα	δεδμασα
136393	Δεσιλοί		meineke_page_248.jpg	248	9557	ocr	OCR from image meineke_page_248.jpg (id=1420)	dfca914c746de5b8898a0796c00f56f24a721d421ec9665917d957e5f681a8fb	13820	Δασιλοί	39	Δ39	0.857143	11091	Νεῖλος	0.571429	0.285714	δεσιλοι	δασιλοι
136394	Δειπνίας		meineke_page_248.jpg	248	9558	ocr	OCR from image meineke_page_248.jpg (id=1420)	443eb18a3a21555b0c938c8f46415ba7252dd66e18ad03f63b02d7e3618b37a9	13821	Δειπνιάς	40	Δ40	1.000000	14845	Δίπαια	0.625000	0.375000	δειπνιασ	δειπνιασ
136395	Δειριάδες		meineke_page_248.jpg	248	9559	ocr	OCR from image meineke_page_248.jpg (id=1420)	3a5e8dfba9c67a9b9eca5e925cc853335765cf7af41beb95c5a2e83fb2cb8465	13822	Δειράδες	41	Δ41	0.888889	3256	Κειριάδαι	0.666667	0.222222	δειριαδεσ	δειραδεσ
136396	Δειρή		meineke_page_248.jpg	248	9560	ocr	OCR from image meineke_page_248.jpg (id=1420)	fbbdae35fe2c274957ad0e8507978ff35c546c3b52d728b82b08225c7ce32409	13823	Δείρη	42	Δ42	1.000000	2077	Καιρή	0.600000	0.400000	δειρη	δειρη
136397	Στεφάνου ι΄.	1	meineke_page_249.jpg	249	9561	ocr	OCR from image meineke_page_249.jpg (id=1421)	e4ed04e6cdfd3965a2ffd68964f66733a4b2e3cfd5a85767a8f72be9ecd04cb3	41982	Στεφανίς	271	Σ271	0.700000	41981	Στεφάνη	0.600000	0.100000	στεφανουι΄	στεφανισ
136398	Δελφιον		meineke_page_250.jpg	250	9562	ocr	OCR from image meineke_page_250.jpg (id=1422)	c5e629bbe1b2824167bbaf7eb66457a6cf8f35a9f37907c3864d39cb6872500d	13830	Δελφίνιον	49	Δ49	0.777778	2788	Δάλμιον	0.714286	0.063492	δελφιον	δελφινιον
136399	Δευθαλιοι		meineke_page_250.jpg	250	9563	ocr	OCR from image meineke_page_250.jpg (id=1422)	578a9be6cc12fb6bb27b85f23dcb5c1c8e79f471a63969512e0d6792064d2b04	13831	Δενθάλιοι	50	Δ50	0.888889	13838	Δερραῖοι	0.666667	0.222222	δευθαλιοι	δενθαλιοι
136400	Δεξαμεναι		meineke_page_250.jpg	250	9564	ocr	OCR from image meineke_page_250.jpg (id=1422)	4370be730c927f2a093f7f56127e7a960b1445aab0627294c3160b5c5d659e80	13832	Δεξαμεναί	51	Δ51	1.000000	61207	Ἀκεσαμεναί	0.700000	0.300000	δεξαμεναι	δεξαμεναι
136401	Δεξαροι		meineke_page_250.jpg	250	9565	ocr	OCR from image meineke_page_250.jpg (id=1422)	e767165412f3c0ce3f9fcc64c1e34fd6df4ae1766cd0e813be65493885a9f5dd	13833	Δεξάροι	52	Δ52	1.000000	13838	Δερραῖοι	0.625000	0.375000	δεξαροι	δεξαροι
136402	Δεφα		meineke_page_250.jpg	250	9566	ocr	OCR from image meineke_page_250.jpg (id=1422)	6a451cd41115431f4fd60ddd8217eb75d214ce13cb87af674dc966bbdd3304fb	13834	Δέρα	53	Δ53	0.750000	13828	Δέλτα	0.600000	0.150000	δεφα	δερα
136403	Δερβη		meineke_page_250.jpg	250	9567	ocr	OCR from image meineke_page_250.jpg (id=1422)	8f54d42a8993cc9651cd7af75583cbab2ecabb6c7bd802fc88b65e4580cb9442	13835	Δέρβη	54	Δ54	1.000000	7242	Κύρβη	0.600000	0.400000	δερβη	δερβη
136404	Δεϝβίκκαι		meineke_page_251.jpg	251	9568	ocr	OCR from image meineke_page_251.jpg (id=1423)	e104167f4b8449a3545b0bfaffe4a2577a7ea4f4a38a91ba89bb8f023fd3b71c	13836	Δερβίκκαι	55	Δ55	0.888889	2782	Δαδίκαι	0.555556	0.333333	δεϝβικκαι	δερβικκαι
136406	Δερϕαῖοι		meineke_page_251.jpg	251	9570	ocr	OCR from image meineke_page_251.jpg (id=1423)	5be0ff92246b8896405cb267299389e1c5bdd33029f1a09225761a6e88c641ec	13838	Δερραῖοι	57	Δ57	0.875000	4384	Δυρβαῖοι	0.750000	0.125000	δερφαιοι	δερραιοι
136407	Δερτῶν		meineke_page_251.jpg	251	9571	ocr	OCR from image meineke_page_251.jpg (id=1423)	05589ede560fa0fef36f123a9246d4f06ff44a81ecb9e7b903873375d2212622	13839	Δερτών	58	Δ58	1.000000	61107	Ἀδέρκων	0.714286	0.285714	δερτων	δερτων
136408	Δηλία		meineke_page_251.jpg	251	9572	ocr	OCR from image meineke_page_251.jpg (id=1423)	9b92ace65048484f0919aceb37f644e3a170ee5936434eb93a72edceaf303acd	13840	Δηλία	59	Δ59	1.000000	13841	Δήλιον	0.666667	0.333333	δηλια	δηλια
136409	Δήλιον		meineke_page_251.jpg	251	9573	ocr	OCR from image meineke_page_251.jpg (id=1423)	dfa5857cedfea8396b764ecceffa40d6beae65830a99bf9d77f325e29d24c781	13841	Δήλιον	60	Δ60	1.000000	28328	Πήλιον	0.833333	0.166667	δηλιον	δηλιον
136411	Ἀπόλλων Κύνθιος		meineke_page_252.jpg	252	9575	ocr	OCR from image meineke_page_252.jpg (id=1424)	811aa3090b628e788e6937b82900d17e062d4214761f197e854789f04631dd27	96933	Ἀπόλλωνος νῆσος	363	Α363	0.714286	96932	Ἀπολλωνιεῖς	0.642857	0.071429	απολλωνκυνθιοσ	απολλωνοσνησοσ
136412	Δημητριάς		meineke_page_252.jpg	252	9576	ocr	OCR from image meineke_page_252.jpg (id=1424)	39ec9036c562f9730b206f675bbda7176b0db495f1ad11ac6927e27adac536c7	13843	Δημητριάς	62	Δ62	1.000000	13844	Δημήτριον	0.777778	0.222222	δημητριασ	δημητριασ
136413	Δημώνησος		meineke_page_252.jpg	252	9577	ocr	OCR from image meineke_page_252.jpg (id=1424)	1ceff7ce5bf65fc2f23c2c0ca5bfe41d2d66e8e1638c99dda56070fa310ccbd3	13845	Δημόνησος	64	Δ64	0.888889	7230	Κυνῶν νῆσος	0.600000	0.288889	δημωνησοσ	δημονησοσ
136416	Διαβήτη	2	meineke_page_254.jpg	254	9580	ocr	OCR from image meineke_page_254.jpg (id=1426)	a6487248a69618feff726d5f2c5e78874b9598657eb349219d1baa457dc9318d	14818	Διαβήτη	70	Δ70	1.000000	14817	Διαβῆται	0.750000	0.250000	διαβητη	διαβητη
136417	Διαδόχου	3	meineke_page_254.jpg	254	9581	ocr	OCR from image meineke_page_254.jpg (id=1426)	d2cb62523d3c24f13b53d28dc3ad6e62c939012e1a33f792ad5e9fdc0c0e348c	14819	Διαδόχου	71	Δ71	1.000000	14873	Δράκονον	0.500000	0.500000	διαδοχου	διαδοχου
136418	Διακρία	4	meineke_page_254.jpg	254	9582	ocr	OCR from image meineke_page_254.jpg (id=1426)	0ae8800d1f588bcc03cb11f0449afc366b08addd37d35a5d5967de76f001f4b0	14820	Διακρία	72	Δ72	1.000000	2787	Δακία	0.714286	0.285714	διακρια	διακρια
136419	Διανείς	5	meineke_page_254.jpg	254	9583	ocr	OCR from image meineke_page_254.jpg (id=1426)	a78485378934f4835a418c37a67890abed6546dac70afc36e8fae9cc2a616635	14821	Διανεῖς	73	Δ73	1.000000	61139	Αἰανῖτις	0.625000	0.375000	διανεισ	διανεισ
136420	Διάς (πόλις Λυκίας)	6	meineke_page_254.jpg	254	9584	ocr	OCR from image meineke_page_254.jpg (id=1426)	77d10271c6be2b4c3fae109917f1ef6f2cc021a5361ec2982e3e562b60dba28b	14841	Διοσκουριάς	93	Δ93	0.533333	14843	Διὸς πόλις	0.533333	0.000000	διασπολισλυκιασ	διοσκουριασ
136422	Δίδυμον	8	meineke_page_254.jpg	254	9586	ocr	OCR from image meineke_page_254.jpg (id=1426)	b72c2272c0b45296c1b78eca6b93c7bf3b9ae410a86b030b75ed00ec2e49d8d4	14824	Δίδυμα	76	Δ76	0.714286	14825	Διδύμη	0.714286	0.000000	διδυμον	διδυμα
136423	Δίδυμαι / Διδύμη / Διδυμίον / Διδυμοντείχιον		meineke_page_255.jpg	255	9587	ocr	OCR from image meineke_page_255.jpg (id=1427)	be7ee97b24fd15070cb58daa9ccac619fb434916d120577de0a73ecc265e80f2	14826	Δίδυμον τεῖχος	78	Δ78	0.342857	8485	Μαδιηνοί καὶ Μαδιανῖται	0.285714	0.057143	διδυμαιδιδυμηδιδυμιονδιδυμοντειχιον	διδυμοντειχοσ
136424	Δικτή	1	meineke_page_256.jpg	256	9588	ocr	OCR from image meineke_page_256.jpg (id=1428)	47a45b68ee1423a2892fc3f751646054483eac8cdefbc3d93e1512ca0f2ece21	14830	Δίκτη	82	Δ82	1.000000	12809	Οἴτη	0.600000	0.400000	δικτη	δικτη
136425	Δινδυμή	2	meineke_page_256.jpg	256	9589	ocr	OCR from image meineke_page_256.jpg (id=1428)	0e896937cf20269282a5203810888b3b636805bbcbd18b4671bfab3163d572d0	14831	Δινδρύμη	83	Δ83	0.875000	14825	Διδύμη	0.857143	0.017857	δινδυμη	δινδρυμη
136429	Διομηδέια		meineke_page_257.jpg	257	9593	ocr	OCR from image meineke_page_257.jpg (id=1429)	1ffd8305a7efd53a60d1667bf35e0e3417d9978ec5252c647ddc4cf0ae3c19d2	14835	Διομήδεια	87	Δ87	1.000000	11889	Νικομήδεια	0.800000	0.200000	διομηδεια	διομηδεια
136430	Δίον		meineke_page_257.jpg	257	9594	ocr	OCR from image meineke_page_257.jpg (id=1429)	50b9e9b0adaf78eb1d0cce9eb1b5699f01ff109d49c26275e59599b27a344ad2	14836	Δῖον	88	Δ88	1.000000	12806	Οἶον	0.750000	0.250000	διον	διον
136431	Διονυσία		meineke_page_257.jpg	257	9595	ocr	OCR from image meineke_page_257.jpg (id=1429)	f4d19116e570fdbc807a9431764e1d908699356a59e16df6e0f2565a10ab1a99	14837	Διονυσία	89	Δ89	1.000000	14859	Δονουσία	0.750000	0.250000	διονυσια	διονυσια
136432	Διονύσου πόλις	1	meineke_page_258.jpg	258	9596	ocr	OCR from image meineke_page_258.jpg (id=1430)	9472c4104ce8deef8ed23f70f7861627d62e0e52c028dfd4e106dc30bdd0207d	14838	Διονύσου πόλις	90	Δ90	1.000000	14843	Διὸς πόλις	0.692308	0.307692	διονυσουπολισ	διονυσουπολισ
136433	Διόστη	2	meineke_page_258.jpg	258	9597	ocr	OCR from image meineke_page_258.jpg (id=1430)	8d4a658c06ce300d16ae189627660118727f412e58046a63bad0eb261c9ac295	14830	Δίκτη	82	Δ82	0.666667	14839	Διόπη	0.666667	0.000000	διοστη	δικτη
136434	Διὸς ἱερόν	3	meineke_page_258.jpg	258	9598	ocr	OCR from image meineke_page_258.jpg (id=1430)	15f45280c8f31a7e90257d39c1eb15b0444c7e399efd4d4bb69732c27afc1b34	14840	Διὸς ἱερόν	92	Δ92	1.000000	14860	Δορίειον	0.666667	0.333333	διοσιερον	διοσιερον
136435	Διοσκουριάς	4	meineke_page_258.jpg	258	9599	ocr	OCR from image meineke_page_258.jpg (id=1430)	53b686c069ba100e257c87c79e36d5b2d599db4b3db3139a735ccc42806dac75	14841	Διοσκουριάς	93	Δ93	1.000000	14843	Διὸς πόλις	0.636364	0.363636	διοσκουριασ	διοσκουριασ
136436	Διοσκουριών κώμη	5	meineke_page_258.jpg	258	9600	ocr	OCR from image meineke_page_258.jpg (id=1430)	0ec3bccc13d6793cb56b180e1efbc90f3f47fdf6ab155237922a86af7de586d8	14842	Διοσκούρων κώμη	94	Δ94	0.933333	14841	Διοσκουριάς	0.600000	0.333333	διοσκουριωνκωμη	διοσκουρωνκωμη
136439	Δῖπαια	3	meineke_page_259.jpg	259	9603	ocr	OCR from image meineke_page_259.jpg (id=1431)	1d684e2f60893d8b47ba9956429ebcada79ce76a16443d75917bdeaa30ac429c	14845	Δίπαια	97	Δ97	1.000000	14828	Δίκαια	0.833333	0.166667	διπαια	διπαια
136445	Δοιᾶντος	1	meineke_page_260.jpg	260	9609	ocr	OCR from image meineke_page_260.jpg (id=1432)	705ea9eef99e7e33e7ae878897678c59b0ecdeb0c8af94acbafa09dc39622021	11945	Ὀδόμαντοι	13	Ο13	0.666667	11934	Ὄανος	0.625000	0.041667	δοιαντοσ	οδομαντοι
136446	Δοκίμιον	2	meineke_page_260.jpg	260	9610	ocr	OCR from image meineke_page_260.jpg (id=1432)	9c8191dba08d2d00681fc5fda966a607174c6d733fd409be27d6b3b6c50d7ab6	14852	Δοκίμειον	104	Δ104	0.888889	14860	Δορίειον	0.750000	0.138889	δοκιμιον	δοκιμειον
136447	Δόλιβα	3	meineke_page_260.jpg	260	9611	ocr	OCR from image meineke_page_260.jpg (id=1432)	fc4941c74ddfad3a42ac5106f306ace863d9606e05e474d4f1b862a074789c4b	14853	Δόλβα	105	Δ105	0.833333	13840	Δηλία	0.666667	0.166667	δολιβα	δολβα
136448	Δόλιονες	4	meineke_page_260.jpg	260	9612	ocr	OCR from image meineke_page_260.jpg (id=1432)	68f12a39db5d487f0871b9c40d7195586b4567989228b9448b32047c44b812eb	14854	Δολίονες	106	Δ106	1.000000	14857	Δόλοπες	0.750000	0.250000	δολιονεσ	δολιονεσ
136449	Δολίκη	5	meineke_page_260.jpg	260	9613	ocr	OCR from image meineke_page_260.jpg (id=1432)	6b7b255f06a203e2799042bccc5831054f0a82def5d2273d503948d68c393713	14855	Δολίχη	107	Δ107	0.833333	18179	Ἑλίκη	0.666667	0.166667	δολικη	δολιχη
136450	Δόλογγοι	6	meineke_page_260.jpg	260	9614	ocr	OCR from image meineke_page_260.jpg (id=1432)	62f2ec6d4b182132625910059d99ef0418ea8b633427835190b7cd7f2cdd4d6b	14856	Δόλογκοι	108	Δ108	0.875000	125107	Γόλγοι	0.625000	0.250000	δολογγοι	δολογκοι
136451	Δόλοπες	7	meineke_page_260.jpg	260	9615	ocr	OCR from image meineke_page_260.jpg (id=1432)	eb5c073c6a4a231742d2e1a4731a8e83b6d1a5d705cd54626b1cf2c12931b275	14857	Δόλοπες	109	Δ109	1.000000	14854	Δολίονες	0.750000	0.250000	δολοπεσ	δολοπεσ
136452	Δομετιούπολις	8	meineke_page_260.jpg	260	9616	ocr	OCR from image meineke_page_260.jpg (id=1432)	0803dd48f316a5dcb2452ad4eb68931e3a345b7833bf03b322757113088c94bf	14858	Δομετιούπολις	110	Δ110	1.000000	28390	Πομπηιούπολις	0.769231	0.230769	δομετιουπολισ	δομετιουπολισ
136453	Δονουσία	9	meineke_page_260.jpg	260	9617	ocr	OCR from image meineke_page_260.jpg (id=1432)	68313827501436e0eaa673c91d9b6e4d646fce0c8284ed138963fd238ee922d9	14859	Δονουσία	111	Δ111	1.000000	14837	Διονυσία	0.750000	0.250000	δονουσια	δονουσια
136455	Δονουσιανός		meineke_page_261.jpg	261	9619	ocr	OCR from image meineke_page_261.jpg (id=1433)	e9e77d816711ecc9a26dd2d341cda31e0d4d91e29136c1cef34d3b4c70b8b684	14859	Δονουσία	111	Δ111	0.727273	14815	Δηρουσιαῖοι	0.636364	0.090909	δονουσιανοσ	δονουσια
136456	Δοφείσιον		meineke_page_261.jpg	261	9620	ocr	OCR from image meineke_page_261.jpg (id=1433)	02f1f4a06743ec41c6bfe7b99caa1a91f807bddef27980417d60509753943a4f	14860	Δορίειον	112	Δ112	0.666667	14864	Δουλίχιον	0.666667	0.000000	δοφεισιον	δοριειον
136457	Δοφίσκος		meineke_page_261.jpg	261	9621	ocr	OCR from image meineke_page_261.jpg (id=1433)	1cb27bf209045f5f06a5a9823008b24242562de0ca1bf1df9e6204d5f71cc713	14861	Δορίσκος	113	Δ113	0.875000	108991	Βορμίσκος	0.666667	0.208333	δοφισκοσ	δορισκοσ
136458	Δοροκόστωρος		meineke_page_261.jpg	261	9622	ocr	OCR from image meineke_page_261.jpg (id=1433)	5deed46731ef9670e44e9d9e9d2b615848e2546d0e9301fc30fed2c31ec1457f	14862	Δοροκόττορος	114	Δ114	0.833333	3294	Κόσσυρος	0.500000	0.333333	δοροκοστωροσ	δοροκοττοροσ
136459	Δορυλαῖον		meineke_page_261.jpg	261	9623	ocr	OCR from image meineke_page_261.jpg (id=1433)	0d0e4324b7dc1875a10a9cb70c1d7ce2cbec3d6a172d9647c6c5cd15336860bc	14863	Δορυλάειον	115	Δ115	0.900000	3285	Κορύλειον	0.777778	0.122222	δορυλαιον	δορυλαειον
136460	Δουλίχιον		meineke_page_261.jpg	261	9624	ocr	OCR from image meineke_page_261.jpg (id=1433)	e2d9baebcc530794fcb0410ce01ece46115dedd5fb5723755a38d7c94108c715	14864	Δουλίχιον	116	Δ116	1.000000	14863	Δορυλάειον	0.700000	0.300000	δουλιχιον	δουλιχιον
136461	Δούλων πόλις		meineke_page_262.jpg	262	9625	ocr	OCR from image meineke_page_262.jpg (id=1434)	2d57d07209d14f0eb6943661221e6ed3acf7c1cb0f8235234dcf9549b36f5b57	14865	Δούλων πόλις	117	Δ117	1.000000	7231	Κυνῶν πόλις	0.727273	0.272727	δουλωνπολισ	δουλωνπολισ
136462	Δούμασα		meineke_page_262.jpg	262	9626	ocr	OCR from image meineke_page_262.jpg (id=1434)	2bfec9812367484cb4d128ce24085dfb241955d15cd56490ffb7a2e147afe619	14866	Δούμαθα	118	Δ118	0.857143	13819	Δέδμασα	0.714286	0.142857	δουμασα	δουμαθα
136463	Δούρηα		meineke_page_262.jpg	262	9627	ocr	OCR from image meineke_page_262.jpg (id=1434)	f3e22062bbf4a28716d337d08aabd8a3a6e8e16a0675fe9acbc5063d19b1d65c	14867	Δοῦρα	119	Δ119	0.833333	3501	Κουρής	0.666667	0.166667	δουρηα	δουρα
136464	Δουρίοπος		meineke_page_262.jpg	262	9628	ocr	OCR from image meineke_page_262.jpg (id=1434)	e8707c55a2521e5266d9152ddc95ab47234f23d65b0362af182f37006f4e1d54	14868	Δουρίοπος	120	Δ120	1.000000	14861	Δορίσκος	0.666667	0.333333	δουριοποσ	δουριοποσ
136465	Δουσαγή		meineke_page_262.jpg	262	9629	ocr	OCR from image meineke_page_262.jpg (id=1434)	35cb69ed4aa712ab75182a9df4e15e198ebe47401e1a2222ac5f147fcad942ae	14869	Δουσαρή	121	Δ121	0.857143	14866	Δούμαθα	0.571429	0.285714	δουσαγη	δουσαρη
136466	Δεαβήσοκος	1	meineke_page_263.jpg	263	9630	ocr	OCR from image meineke_page_263.jpg (id=1435)	916dea3da3c6536ba19fb1bf522f3392699c42b0cf7f9e769803103985c89b81	14870	Δραβῆσκος	122	Δ122	0.800000	2790	Δαμασκός	0.600000	0.200000	δεαβησοκοσ	δραβησκοσ
136467	Δεάγγαι	2	meineke_page_263.jpg	263	9631	ocr	OCR from image meineke_page_263.jpg (id=1435)	8473deb1f3a44397109e0555e1b708762c5d06bd2eb9c9cef875964849489eda	14871	Δράγγαι	123	Δ123	0.857143	2781	Δάαι	0.571429	0.285714	δεαγγαι	δραγγαι
136468	Δεαγμός	3	meineke_page_263.jpg	263	9632	ocr	OCR from image meineke_page_263.jpg (id=1435)	dde78541c6664eebe35f7f94c94cd890dced281d6009d9f0776cc38acbb48cb8	14872	Δραγμός	124	Δ124	0.857143	26727	Πέργαμος	0.625000	0.232143	δεαγμοσ	δραγμοσ
136469	Δεάχοντον	4	meineke_page_263.jpg	263	9633	ocr	OCR from image meineke_page_263.jpg (id=1435)	6b0468c5b4ce0f9f60708fb1a5b711345ef8e0c5fa6308c6c5b064494878a776	14873	Δράκονον	125	Δ125	0.666667	9648	Μεταπόντιον	0.636364	0.030303	δεαχοντον	δρακονον
136470	Δεάκοντος νῆσος	5	meineke_page_263.jpg	263	9634	ocr	OCR from image meineke_page_263.jpg (id=1435)	94185386a06c6e14148db09cbd330c2c8201f6326f90c72ef146ddc457809b4d	14874	Δράκοντος νῆσος	126	Δ126	0.928571	26718	Πελοπόννησος	0.571429	0.357143	δεακοντοσνησοσ	δρακοντοσνησοσ
136471	Δεεπάνη	6	meineke_page_263.jpg	263	9635	ocr	OCR from image meineke_page_263.jpg (id=1435)	0b117309c1da2f839ed968fd2ed41ce1627ef0f28d28bdd1b33aac944ebfbc24	14875	Δρεπάνη	127	Δ127	0.857143	41981	Στεφάνη	0.571429	0.285714	δεεπανη	δρεπανη
136472	Δεσεία		meineke_page_264.jpg	264	9636	ocr	OCR from image meineke_page_264.jpg (id=1436)	72ce035a6c90a6c14333d80368dc42de8e59adc3a8065e416b692c1d1cd9a214	20800	Θέσπεια	33	Θ33	0.714286	13837	Δέραια	0.666667	0.047619	δεσεια	θεσπεια
136473	Δείλαι		meineke_page_264.jpg	264	9637	ocr	OCR from image meineke_page_264.jpg (id=1436)	b80a7582db16dd8cde7eadf39176fbb27e7c7276b7d2635162d1be91ff3d7a7e	14877	Δρῖλαι	129	Δ129	0.833333	105814	Ἀψίλαι	0.666667	0.166667	δειλαι	δριλαι
136474	Δελιώνιος		meineke_page_264.jpg	264	9638	ocr	OCR from image meineke_page_264.jpg (id=1436)	207da4477129a737db00ca229b0fcce4d08dcd973d0ef69bd55635e42de496b3	13821	Δειπνιάς	40	Δ40	0.666667	13830	Δελφίνιον	0.666667	0.000000	δελιωνιοσ	δειπνιασ
136475	Δερόγγυλον		meineke_page_264.jpg	264	9639	ocr	OCR from image meineke_page_264.jpg (id=1436)	e2849e1c5713793eeec58aea29feb4186a1a9bc679e6d21bc9b38a7ee4aae972	14879	Δρόγγιλον	131	Δ131	0.800000	15960	Ἔγγυον	0.600000	0.200000	δερογγυλον	δρογγιλον
136476	Δεύαινα		meineke_page_264.jpg	264	9640	ocr	OCR from image meineke_page_264.jpg (id=1436)	600bb776a3b4108f54f191e1a21f40dd865251762bbd7bc5611b7688643558fa	14880	Δρύαινα	132	Δ132	0.857143	13837	Δέραια	0.714286	0.142857	δευαινα	δρυαινα
136477	Δευῖδαι		meineke_page_264.jpg	264	9641	ocr	OCR from image meineke_page_264.jpg (id=1436)	36486a35787321a1729544979d85d687d2b86a4fc77dbf01dc1d38a9f190499c	14881	Δρυίδαι	133	Δ133	0.857143	17081	Ἐρεβίδαι	0.625000	0.232143	δευιδαι	δρυιδαι
136478	Δεῦμη		meineke_page_264.jpg	264	9642	ocr	OCR from image meineke_page_264.jpg (id=1436)	07d4ea47f0c9b048f7cb9ec6e5d85abd6154e00c7542284247309e1535951af9	3842	Δύμη	140	Δ140	0.800000	14882	Δρύμη	0.800000	0.000000	δευμη	δυμη
136479	Δερμνία		meineke_page_264.jpg	264	9643	ocr	OCR from image meineke_page_264.jpg (id=1436)	a91475ab155bc12dd095b1cd470ab5fd63e3a31a9713ec4063b4f92b15db0318	13837	Δέραια	56	Δ56	0.714286	17092	Ἐρινία	0.714286	0.000000	δερμνια	δεραια
136480	Δερμνούσσα		meineke_page_264.jpg	264	9644	ocr	OCR from image meineke_page_264.jpg (id=1436)	0c87893bb3af0a11a9ccb783b1de1546b70380dd8d31cc0668b284955384658f	14884	Δρυμοῦσσα	136	Δ136	0.700000	17089	Ἐρικοῦσσα	0.700000	0.000000	δερμνουσσα	δρυμουσσα
136481	Δρόντη		meineke_page_264.jpg	264	9645	ocr	OCR from image meineke_page_264.jpg (id=1436)	a994209505d00517fc1599c279b93606874b76fa50305bb532f88241d1e88cf2	3278	Κόροντα	170	Κ169	0.571429	30116	Προχύτη	0.571429	0.000000	δροντη	κοροντα
136483	Δυμαίος	1	meineke_page_266.jpg	266	9647	ocr	OCR from image meineke_page_266.jpg (id=1438)	3095728987480469995118a0ba892b63ee1c00a0401464fad185cd4b31b33bd7	2789	Δαμαῖοι	9	Δ9	0.714286	15928	Δυμᾶνες	0.714286	0.000000	δυμαιοσ	δαμαιοι
136484	Λαφισος		meineke_page_267.jpg	267	9648	ocr	OCR from image meineke_page_267.jpg (id=1439)	749ab64b5201f1fc711ed55eb950fed08a75c9c65e2cb155fddd341e5d7e414d	82932	Ἀμισός	272	Α272	0.714286	8967	Μάκιστος	0.625000	0.089286	λαφισοσ	αμισοσ
136485	Ανδυασον		meineke_page_267.jpg	267	9649	ocr	OCR from image meineke_page_267.jpg (id=1439)	1a62db2b53773e556d95419cd47d61a477900edc85197694e023625ddac4b8bf	8989	Μανδύριον	48	Μ48	0.666667	4112	Δύνδασον	0.625000	0.041667	ανδυασον	μανδυριον
136486	Ανδραιοι		meineke_page_267.jpg	267	9650	ocr	OCR from image meineke_page_267.jpg (id=1439)	fe8a0cbf0fadbc645e68174bf166ea659a7a36e07bab724b8a47f489d9a3a406	61094	Ἀγραῖοι	44	Α44	0.750000	2791	Δανδάριοι	0.666667	0.083333	ανδραιοι	αγραιοι
136487	Δυρεάριον	1	meineke_page_268.jpg	268	9651	ocr	OCR from image meineke_page_268.jpg (id=1440)	4148ad61ceeb35379fb4bb7e9f1557552ca25cbb65b6f44a5d4b86f322971cf0	4932	Δυρράχιον	143	Δ143	0.777778	4384	Δυρβαῖοι	0.666667	0.111111	δυρεαριον	δυρραχιον
136488	Δυρράχιον		meineke_page_269.jpg	269	9652	ocr	OCR from image meineke_page_269.jpg (id=1441)	6b525f47c4c7a1aa70107df28fd1c6f680a556e656fd8b9a66cc8f5f787c0790	4932	Δυρράχιον	143	Δ143	1.000000	4384	Δυρβαῖοι	0.666667	0.333333	δυρραχιον	δυρραχιον
136489	Ανερραηνός & Δυσπόντιον	1	meineke_page_270.jpg	270	9653	ocr	OCR from image meineke_page_270.jpg (id=1442)	312b0dca7dfc4b7b90f3413ced9c5020d05116bb61e84f2b09efa4db6217c125	4934	Δυσπόντιον	144	Δ144	0.500000	9648	Μεταπόντιον	0.450000	0.050000	ανερραηνοσδυσποντιον	δυσποντιον
136490	Δύσπονοιτείς		meineke_page_271.jpg	271	9654	ocr	OCR from image meineke_page_271.jpg (id=1443)	b513844cd65a55af65cc873d02de3a8c789e87af884c86984f5bbdd722cbfa57	4934	Δυσπόντιον	144	Δ144	0.583333	7214	Κυκνῖτις	0.500000	0.083333	δυσπονοιτεισ	δυσποντιον
136495	Δωδωναιοι		meineke_page_274.jpg	274	9659	ocr	OCR from image meineke_page_274.jpg (id=1446)	780b1e5e4bce44419bbff946f1627ecefe5d16f35df765ca2ebd089576a01c21	37849	Σινδοναῖοι	170	Σ170	0.600000	131889	Χωραμναῖοι	0.600000	0.000000	δωδωναιοι	σινδοναιοι
136496	Δωδώνιον		meineke_page_275.jpg	275	9660	ocr	OCR from image meineke_page_275.jpg (id=1447)	40892e7a86ea11f3ee62572d13594dce23970943327909b8744aa3792ae3bf12	5216	Δωδώνη	146	Δ146	0.625000	5786	Δώριον	0.625000	0.000000	δωδωνιον	δωδωνη
136497	Δῶριον	2	meineke_page_276.jpg	276	9661	ocr	OCR from image meineke_page_276.jpg (id=1448)	dc65d7b07d48c06156b87d0e223dfcbed28bafa811db0c72b056f701233ceaa6	5786	Δώριον	149	Δ149	1.000000	59669	Δώριον	1.000000	0.000000	δωριον	δωριον
136499	Δωριεῖς		meineke_page_278.jpg	278	9663	ocr	OCR from image meineke_page_278.jpg (id=1450)	e64ad2a87660c49e4ef30472349af3eaab59b9a00b403bed79cc98599001b1f2	11061	Μωριεῖς	271	Μ271	0.857143	135351	'Ωτιεῖς	0.714286	0.142857	δωριεισ	μωριεισ
136500	Δευκαλιωνος	1	meineke_page_279.jpg	279	9664	ocr	OCR from image meineke_page_279.jpg (id=1451)	ae08a3430fe1220d27dafe9f4f95ebb14f672727ff0c6c3a54c42b367353b3cb	10332	Μυκαλησσός	230	Μ230	0.545455	13831	Δενθάλιοι	0.545455	0.000000	δευκαλιωνοσ	μυκαλησσοσ
136502	Δῶρα / Δώτιον		meineke_page_281.jpg	281	9666	ocr	OCR from image meineke_page_281.jpg (id=1453)	01e1e3351f5425665567b9aa6afc92d55eff6fd4213024c1c7c26b524c23d516	5786	Δώριον	149	Δ149	0.600000	6364	Δώτιον	0.600000	0.000000	δωραδωτιον	δωριον
136503	Νέωνον	1	meineke_page_282.jpg	282	9667	ocr	OCR from image meineke_page_282.jpg (id=1454)	05e490d7bec42cf89f22aa5ca024b6d9d89a3deaabbacb4bea7c01e785b4b10b	11102	Νεών	41	Ν41	0.666667	28321	Πέφνον	0.666667	0.000000	νεωνον	νεων
136504	τοίνυν Ὧρος		meineke_page_283.jpg	283	9668	ocr	OCR from image meineke_page_283.jpg (id=1455)	848577e389466e29852f065d05cdc193944d8feae6db4b60e3171004ad516289	44212	Ταίναρος	7	Τ7	0.600000	2613	Κασσάνωρος	0.500000	0.100000	τοινυνωροσ	ταιναροσ
136506	Ἔβροα	2	meineke_page_284.jpg	284	9670	ocr	OCR from image meineke_page_284.jpg (id=1456)	c6c01936b78df03a183263104c483e12dce4525dd2d5f60d299a0e07fa54d359	6657	Ἔβορα	2	Ε2	0.600000	6659	Ἑβρών	0.600000	0.000000	εβροα	εβορα
136507	Ἐβραῖοι	3	meineke_page_284.jpg	284	20137	csv_fallback	Backfilled from meineke_headwords.greek_paragraph	a5bf72b14a12833b31985c8614b7b14a49f785aa39fd3dcebcea2fbc3d2c05be	6658	Ἑβραῖοι	3	Ἑ3	1.000000	13838	Δερραῖοι	0.750000	0.250000	εβραιοι	εβραιοι
136508	Ἐβᾶτα	4	meineke_page_284.jpg	284	9672	ocr	OCR from image meineke_page_284.jpg (id=1456)	110b7f338cf224de061b44b7a0347776813df057cdcb93d409eb5c2f91e66255	17079	Ἕρβιτα	103	Ε103	0.666667	121806	Γέβαλα	0.666667	0.000000	εβατα	ερβιτα
136509	Ἐβρών		meineke_page_285.jpg	285	20138	csv_fallback	Backfilled from meineke_headwords.greek_paragraph	a4c2c3cfed2630a7ec74209557607e9ac92a2266dc52137414288ef0c08783e3	6659	Ἑβρών	4	Ἑ4	1.000000	17036	Ἐλεών	0.600000	0.400000	εβρων	εβρων
136510	Ἐγγαδά		meineke_page_285.jpg	285	9674	ocr	OCR from image meineke_page_285.jpg (id=1457)	c7871de7d26c463a1c72bca13148c8f2e8439f332e3290ace43af2a10fb58654	6660	Ἐγγάδα	5	Ἐ5	1.000000	37812	Σίγγαρα	0.571429	0.428571	εγγαδα	εγγαδα
136515	Ἐγκελεῖς		meineke_page_285.jpg	285	9679	ocr	OCR from image meineke_page_285.jpg (id=1457)	e321d69814d3583a16d399af663fbe1520b3b02a126edec7912f1fb4705b1876	15963	Ἐγχελεῖς	10	Ε10	0.875000	13824	Δεκέλεια	0.625000	0.250000	εγκελεισ	εγχελεισ
136516	Ἐδδάνα		meineke_page_285.jpg	285	9680	ocr	OCR from image meineke_page_285.jpg (id=1457)	9004557b9ca685ebd6031a3599a22c0575c840a7b615dfd7b85d3ef769615586	15964	Ἔδδανα	11	Ε11	1.000000	61105	Ἄδανα	0.666667	0.333333	εδδανα	εδδανα
136517	Ἐδεβησώρος		meineke_page_285.jpg	285	9681	ocr	OCR from image meineke_page_285.jpg (id=1457)	43dbd024a881b476526156fc0060dea841a017ad15915ef958a4ebed630bee49	15965	Ἐδεβησσός	12	Ε12	0.800000	14850	Δόβηρος	0.600000	0.200000	εδεβησωροσ	εδεβησσοσ
136519	Ἔδεσσαῖοι	1	meineke_page_286.jpg	286	9683	ocr	OCR from image meineke_page_286.jpg (id=1458)	c23beae67c87b84faafc3a8bf5892e2a2484f1a69a56711021ff69f934081504	135397	Φελεσσαῖοι	46	Φ46	0.800000	13838	Δερραῖοι	0.666667	0.133333	εδεσσαιοι	φελεσσαιοι
136520	Ἐδουμαῖοι	2	meineke_page_286.jpg	286	9684	ocr	OCR from image meineke_page_286.jpg (id=1458)	467ea3f380f5b2343fdf12788e420dccd67d99d319ad65ddabe7ff797c5e997e	22197	Ἰδουμαῖοι	26	Ι26	0.888889	2789	Δαμαῖοι	0.666667	0.222222	εδουμαιοι	ιδουμαιοι
136521	Ἔδρα	3	meineke_page_286.jpg	286	9685	ocr	OCR from image meineke_page_286.jpg (id=1458)	6e5947364d8a330e9e32dda37f8feb8abfd6cd79afef41029996381470bbd15a	15962	Ἔγρα	9	Ε9	0.750000	61008	Ὕδρα	0.750000	0.000000	εδρα	εγρα
136522	Ἐννέσταί	4	meineke_page_286.jpg	286	9686	ocr	OCR from image meineke_page_286.jpg (id=1458)	5bf18c5f39e45436b74b8695b9f5bf5eb3be6d02c39093c1b7dba1cc6278e1f9	26721	Πενέσται	98	Π98	0.750000	12861	Ὀρέσται	0.625000	0.125000	εννεσται	πενεσται
136523	Εἰδομένη	5	meineke_page_286.jpg	286	9687	ocr	OCR from image meineke_page_286.jpg (id=1458)	87b2c792b12810d4a0ed8755c31e652bc18c5437ec658bbe38cd83ca972e8bc3	22196	Ἰδομεναί	25	Ι25	0.625000	2606	Κασμένη	0.500000	0.125000	ειδομενη	ιδομεναι
136524	Εἴζηλος	6	meineke_page_286.jpg	286	9688	ocr	OCR from image meineke_page_286.jpg (id=1458)	c93c7e76d910008120acd0f33b9e44d05809f2d7562be8709dd7a84a139eb300	14827	Δίζηρος	79	Δ79	0.714286	19495	Ζῆλος	0.714286	0.000000	ειζηλοσ	διζηροσ
136525	Εἰλείσιον	7	meineke_page_286.jpg	286	9689	ocr	OCR from image meineke_page_286.jpg (id=1458)	b86573da017e7ee1d64d63716170eb94156703eff7c81da8a0d4d10437bc458e	26739	Περραίσιον	116	Π116	0.600000	99850	Ἀρτεμίσιον	0.600000	0.000000	ειλεισιον	περραισιον
136526	Εἰληθυίας	8	meineke_page_286.jpg	286	9690	ocr	OCR from image meineke_page_286.jpg (id=1458)	670be76cd33b4f6b0da3c75034e1f74478195c885ae4982315580ac360f1ed32	14841	Διοσκουριάς	93	Δ93	0.454545	2117	Καλησία	0.444444	0.010101	ειληθυιασ	διοσκουριασ
136527	Εἴνατος	9	meineke_page_286.jpg	286	9691	ocr	OCR from image meineke_page_286.jpg (id=1458)	a7a99677d48d4682467f78f1898eb2225774525b359a20f734bf3f176f350833	8958	Μαίναλος	17	Μ17	0.625000	26708	Πειραιός	0.625000	0.000000	εινατοσ	μαιναλοσ
136528	Εἰλεφσίοι	10	meineke_page_286.jpg	286	9692	ocr	OCR from image meineke_page_286.jpg (id=1458)	acc44aae145b6ef437b5181b9f154b574b0b6adb475561d967ba2dd3377bd934	17034	Ἐλεύτιοι	52	Ε52	0.666667	135397	Φελεσσαῖοι	0.600000	0.066667	ειλεφσιοι	ελευτιοι
136529	Ἐκαδήμεια ἢ Ἀκαδήμεια	11	meineke_page_286.jpg	286	9693	ocr	OCR from image meineke_page_286.jpg (id=1458)	cd67eb1a64380afcb1394f140ab50779a71fa169980a62983524e5a5a7c97619	61196	Ἀκαδήμεια	147	Α147	0.473684	2473	Κάραλλις ἢ Καράλλεια	0.421053	0.052632	εκαδημειαηακαδημεια	ακαδημεια
136530	Ἐχαλή	1	meineke_page_287.jpg	287	9694	ocr	OCR from image meineke_page_287.jpg (id=1459)	6d9f7da2a71bb85d174792839638d442ffae8438de8250cf3f18de0c830d2d67	128480	Χάλκη	14	Χ14	0.600000	61103	Ἀγχιάλη	0.571429	0.028571	εχαλη	χαλκη
136531	Ἑκατοννησος		meineke_page_288.jpg	288	9695	ocr	OCR from image meineke_page_288.jpg (id=1460)	aa233f73b7f04899ce999132674b2de7e2ee1dbb7c78e91b1d2904d5ea87d8ad	26718	Πελοπόννησος	95	Π95	0.666667	7230	Κυνῶν νῆσος	0.636364	0.030303	εκατοννησοσ	πελοποννησοσ
136532	Ἑκατόμπυλος		meineke_page_288.jpg	288	9696	ocr	OCR from image meineke_page_288.jpg (id=1460)	924c66d29b574eab54fb67a95e6033615c2c64bc77087df7e6453360879a50b0	2344	Κάμπος	50	Κ50	0.545455	2489	Κάρμηλος	0.545455	0.000000	εκατομπυλοσ	καμποσ
136533	Ἐκβατάνα		meineke_page_288.jpg	288	9697	ocr	OCR from image meineke_page_288.jpg (id=1460)	3c150b0e4542168a45b8221f20e0829d3027f4c4aa980f2ef66984df40caba59	61078	Ἀγβάτανα	28	Α28	0.750000	2475	Κάρανα	0.625000	0.125000	εκβατανα	αγβατανα
136534	Ἐλαία		meineke_page_288.jpg	288	9698	ocr	OCR from image meineke_page_288.jpg (id=1460)	e0cbf20f070c5c2d24d5b957421bb8b89d80c552f5b22d74c2530a6fb5f0c80d	17048	Ἐλπία	72	Ε72	0.800000	61016	Ὑλαία	0.800000	0.000000	ελαια	ελπια
136535	Ἑλαεύς		meineke_page_288.jpg	288	9699	ocr	OCR from image meineke_page_288.jpg (id=1460)	bd17eb238b3cce284c410b40dbf483d7161b386e370a8197a2da765af0d7b4ae	135398	Φελλεύς	47	Φ47	0.714286	8979	Μαλιεύς	0.571429	0.142857	ελαευσ	φελλευσ
136536	Ἑλαίον		meineke_page_288.jpg	288	9700	ocr	OCR from image meineke_page_288.jpg (id=1460)	4d968070f8648934af38ec98bbde157f90662b6238e8611f1e4b54f751b33144	125148	Χάλαιον	7	Χ7	0.714286	12819	Ὄλκιον	0.666667	0.047619	ελαιον	χαλαιον
136537	Ἑλαοῦς		meineke_page_288.jpg	288	9701	ocr	OCR from image meineke_page_288.jpg (id=1460)	e4f44d25c0c65795b71126bc421ee82a0e98a7877a237e83b5b6110034482ecc	2466	Καοῦς	64	Κ64	0.666667	8422	Λᾶος	0.666667	0.000000	ελαουσ	καουσ
136538	Ἑλαιούσσα		meineke_page_288.jpg	288	9702	ocr	OCR from image meineke_page_288.jpg (id=1460)	d37bf279d0bd0b2a0e6fb31ff4accc9eef2cc40d02f830e7e138a6076709f701	7640	Λαγοῦσσα	9	Λ9	0.777778	17047	Ἐλοῦσα	0.666667	0.111111	ελαιουσσα	λαγουσσα
136539	Σεβαστή		meineke_page_289.jpg	289	19498	ocr	OCR from image meineke_page_583.jpg (id=1755)	26b0cc245ec096e259fef541a8ba2c1de983e28a56a0c04519b49e08899c8105	37770	Σεβαστή	91	Σ91	1.000000	10211	Μεγίστη	0.571429	0.428571	σεβαστη	σεβαστη
136540	Ἐλάτεια		meineke_page_289.jpg	289	9704	ocr	OCR from image meineke_page_289.jpg (id=1461)	cb9ab455d6df41900c92586fe50f4d4e5750b8adc90b26fedd75bb68cb225766	28367	Πλατεῖα	178	Π178	0.857143	7645	Λάεια	0.714286	0.142857	ελατεια	πλατεια
136541	Ἐλᾶνια		meineke_page_289.jpg	289	9705	ocr	OCR from image meineke_page_289.jpg (id=1461)	0785cc8ccd736d8f65305edb3fb299f8cdf974c431b9d65664e27118a6a0a965	9603	Μελανδία	123	Μ123	0.750000	37777	Σελασία	0.714286	0.035714	ελανια	μελανδια
136542	Ἐλαφόννησος		meineke_page_289.jpg	289	9706	ocr	OCR from image meineke_page_289.jpg (id=1461)	595e7cfc5eaf018bc57643d69be8d401f8115488e0d189ee7173990e3535de1c	26718	Πελοπόννησος	95	Π95	0.750000	11033	Μυόννησος	0.636364	0.113636	ελαφοννησοσ	πελοποννησοσ
136543	Ἐλβεσταί		meineke_page_289.jpg	289	9707	ocr	OCR from image meineke_page_289.jpg (id=1461)	a3ef1a685846bf2bc4b145c57c569bea9697ef28cc7f299f4e4bf754f4dd7a51	12861	Ὀρέσται	87	Ο87	0.625000	15961	Ἔγεστα	0.625000	0.000000	ελβεσται	ορεσται
136544	Ἐλβονθις		meineke_page_289.jpg	289	9708	ocr	OCR from image meineke_page_289.jpg (id=1461)	b9485121a28cb946b57ac8e9d43d54842e9fe4b4c3eeb20f01240753f5b0ad9a	17100	Ἕρμωνθις	124	Ε124	0.625000	9601	Μελαινεῖς	0.555556	0.069444	ελβονθισ	ερμωνθισ
136545	Ἐλβώ		meineke_page_289.jpg	289	9709	ocr	OCR from image meineke_page_289.jpg (id=1461)	34860407919dc24ed6cce6bba088f85fab6d2ca4519190ffd0bd0478c9a48b81	17036	Ἐλεών	54	Ε54	0.600000	15966	Ἐλέα	0.500000	0.100000	ελβω	ελεων
136546	Ἔλγος		meineke_page_289.jpg	289	20139	csv_fallback	Backfilled from meineke_headwords.greek_paragraph	4fe0f1f19aaefada7b0066c350bcb858f5aa555682598e47a5f0d8db52719485	17045	Ἕλος	69	Ε69	0.800000	17051	Ἔλυρος	0.666667	0.133333	ελγοσ	ελοσ
136547	Ἐλέα		meineke_page_289.jpg	289	9711	ocr	OCR from image meineke_page_289.jpg (id=1461)	3f71c1776c0cf336de1ed929a21f949cf047f128945f8ceeb711984501009d70	15966	Ἐλέα	41	Ε41	1.000000	18184	Ἕλλα	0.750000	0.250000	ελεα	ελεα
136548	Ἐλέγεια		meineke_page_289.jpg	289	9712	ocr	OCR from image meineke_page_289.jpg (id=1461)	3fe83945d92a420a83a1361ff5c45ab28b027fe5fc242cdfbaed49db83733432	15967	Ἐλέγεια	42	Ε42	1.000000	18275	Εὐέλγεια	0.750000	0.250000	ελεγεια	ελεγεια
136549	Ελένειος		meineke_page_290.jpg	290	9713	ocr	OCR from image meineke_page_290.jpg (id=1462)	1e696b9803bfd1cb7b807937d5e385fed950620ec1744b3201d1c6bdb6aa20b7	15968	Ἐλένειος	43	Ἐ43	1.000000	15967	Ἐλέγεια	0.625000	0.375000	ελενειοσ	ελενειοσ
136550	Ἑλένη		meineke_page_290.jpg	290	9714	ocr	OCR from image meineke_page_290.jpg (id=1462)	b39815cf3e95611378c2a0666e377a7395d7c66ccb0559f41d0143237fd123c9	15969	Ἑλένη	44	Ε44	1.000000	46441	Τελάνη	0.666667	0.333333	ελενη	ελενη
136551	Ἐλευθέρα		meineke_page_290.jpg	290	9715	ocr	OCR from image meineke_page_290.jpg (id=1462)	2fd9cbb74176cb2051d6645909188a656fee77ac27c44e42ec66b62d17d0b347	15971	Ἐλευθεραί	46	Ε46	0.888889	17032	Ἐλεύθερνα	0.888889	0.000000	ελευθερα	ελευθεραι
136552	Ἐλευθέραί		meineke_page_290.jpg	290	9716	ocr	OCR from image meineke_page_290.jpg (id=1462)	8db55ecd45df5edf9c449f648e027e1456517f884e1b2013836e669078bbd6ef	15971	Ἐλευθεραί	46	Ε46	1.000000	17030	Ἐλευθερίς	0.777778	0.222222	ελευθεραι	ελευθεραι
136553	Ἐλευθέριον		meineke_page_290.jpg	290	9717	ocr	OCR from image meineke_page_290.jpg (id=1462)	c73c30279153629b55a760e642d40f222048ac6f8001f4708c1dcac6b61f1c9c	15972	Ἐλευθέριον	47	Ε47	1.000000	17030	Ἐλευθερίς	0.800000	0.200000	ελευθεριον	ελευθεριον
136554	Ἐλευθερίς - Ἕλικη		meineke_page_291.jpg	291	9718	ocr	OCR from image meineke_page_291.jpg (id=1463)	537bbffb9faa5cbf88650e8de0ea1f0577a577a916546f7f19a2ed0831ba139a	15970	Ἐλευθέρα Κιλικία	45	Ε45	0.666667	17030	Ἐλευθερίς	0.642857	0.023810	ελευθερισελικη	ελευθερακιλικια
136555	Ἑλικώνιος	1	meineke_page_292.jpg	292	9719	ocr	OCR from image meineke_page_292.jpg (id=1464)	8e75e19a7eb88fce93d405919eeedf08771781ff602c13f0deb43e81907e405f	20789	Θεμισώνιον	22	Θ22	0.600000	128503	Χελιδόνιοι	0.600000	0.000000	ελικωνιοσ	θεμισωνιον
136557	Ἐλίνοι	3	meineke_page_292.jpg	292	9721	ocr	OCR from image meineke_page_292.jpg (id=1464)	8dace8d87c4384f5add863c12ac081196e7ff1dab74b7ad325d917d0ae6c44ea	18181	Ἔλινοι	58	Ε58	1.000000	18182	Ἐλίξοια	0.714286	0.285714	ελινοι	ελινοι
136558	Ἐλίζοια	4	meineke_page_292.jpg	292	9722	ocr	OCR from image meineke_page_292.jpg (id=1464)	7960c3ad1f36baee1b635f61a66683a7302f24a7d4c9c6454061effacabf8d83	18182	Ἐλίξοια	59	Ε59	0.857143	9607	Μελίβοια	0.750000	0.107143	ελιζοια	ελιξοια
136560	Ἔλλα		meineke_page_293.jpg	293	9724	ocr	OCR from image meineke_page_293.jpg (id=1465)	a5ffc871aea4a755c7d57be8e6a4c3f0dccfcbef2db790a9cfe889a5ab2cea0d	18184	Ἕλλα	61	Ε61	1.000000	17038	Ἑλλάς	0.800000	0.200000	ελλα	ελλα
136561	Ἑλλάς		meineke_page_293.jpg	293	9725	ocr	OCR from image meineke_page_293.jpg (id=1465)	546179b8578ac39bb0a0c78867025018f83def55160a3a7612f6ae3a6121a5e8	17038	Ἑλλάς	62	Ε62	1.000000	18184	Ἕλλα	0.800000	0.200000	ελλασ	ελλασ
136562	Ἑλληνικόν		meineke_page_293.jpg	293	9726	ocr	OCR from image meineke_page_293.jpg (id=1465)	5d9de1d9a154097367bbc9a14276278318f280b8d4208aefc54b99d1d0e7a35e	17043	Ἐλλόπιον	67	Ε67	0.666667	17050	Ἐλύμνιον	0.666667	0.000000	ελληνικον	ελλοπιον
136563	Ἑλληνόπολις		meineke_page_293.jpg	293	9727	ocr	OCR from image meineke_page_293.jpg (id=1465)	f25bb7b8f541d42e594e361bfe04cc8160b1e45a16abd91074d6fe839cc01273	17039	Ἑλληνόπολις	63	Ε64	1.000000	10287	Μιλητούπολις	0.666667	0.333333	ελληνοπολισ	ελληνοπολισ
136564	Ἑλλήσποντος		meineke_page_293.jpg	293	9728	ocr	OCR from image meineke_page_293.jpg (id=1465)	8d7e1c8d4f59bde4520c93ee461ae23b727dd214dd59e7b5a3cd1f7988e18801	17041	Ἑλλήσποντος	65	Ε65	1.000000	17039	Ἑλληνόπολις	0.545455	0.454545	ελλησποντοσ	ελλησποντοσ
136565	Ἑλλοπία		meineke_page_293.jpg	293	9729	ocr	OCR from image meineke_page_293.jpg (id=1465)	c4f6a4f777feab6d09f86e84db1a22e19f4caea0e780ecfd81d9f173eeee9e8f	17042	Ἐλλοπία	66	Ε66	1.000000	17043	Ἐλλόπιον	0.750000	0.250000	ελλοπια	ελλοπια
136567	Ἑλμαντική	2	meineke_page_294.jpg	294	9731	ocr	OCR from image meineke_page_294.jpg (id=1466)	a624e4668b0fc41eb93b02a6f3bc6f1bb696fb58aa1660c225982d2440310373	17044	Ἐλμαντική	68	Ε68	1.000000	17035	Ἐλεφαντίνη	0.700000	0.300000	ελμαντικη	ελμαντικη
136569	Ἑλουροι	4	meineke_page_294.jpg	294	9733	ocr	OCR from image meineke_page_294.jpg (id=1466)	0b5dd5479838dc3572f398eee2420eca0dd5199827684646b5530fe0a8197c69	17046	Ἕλουροι	70	Ε70	1.000000	8448	Λουσοί	0.714286	0.285714	ελουροι	ελουροι
136571	Ἑλπία	6	meineke_page_294.jpg	294	9735	ocr	OCR from image meineke_page_294.jpg (id=1466)	606fd6e3d6daeabf91173ed00ee7b8c86bec2ba327f38f8745720fbec14a6f98	17048	Ἐλπία	72	Ε72	1.000000	17042	Ἐλλοπία	0.714286	0.285714	ελπια	ελπια
136572	Ἑλυμαία	7	meineke_page_294.jpg	294	9736	ocr	OCR from image meineke_page_294.jpg (id=1466)	24f617bf5869e96fac8f8285605c9dd79bf47cd4c7e8b6b6ff480eecc8218d98	17049	Ἐλυμαία	73	Ε73	1.000000	8453	Λύκαια	0.714286	0.285714	ελυμαια	ελυμαια
136573	Ἑλύμιον	8	meineke_page_294.jpg	294	9737	ocr	OCR from image meineke_page_294.jpg (id=1466)	c04cf47f84159806e9c41e476ff54b35d958db25d49f6afdac681a237e76e382	17050	Ἐλύμνιον	74	Ε74	0.875000	12820	Ὄλμιον	0.714286	0.160714	ελυμιον	ελυμνιον
136574	πόλις	9	meineke_page_294.jpg	294	9738	ocr	OCR from image meineke_page_294.jpg (id=1466)	3272540f1ee55c8586fd5dbe712219bbbf33db876ae55b2c7a3dd26381fa3d39	28381	Πόλις	199	Π199	1.000000	12854	Ὀπόεις	0.666667	0.333333	πολισ	πολισ
136575	Ἕλυρος		meineke_page_295.jpg	295	9739	ocr	OCR from image meineke_page_295.jpg (id=1467)	a80251787f4de85afe87a40e9cd3a4c4479fba0a3734b96a01d2a13b78aa984e	17051	Ἔλυρος	75	Ε75	1.000000	17052	Ἔλωρος	0.833333	0.166667	ελυροσ	ελυροσ
136576	Ἕλυσος		meineke_page_295.jpg	295	9740	ocr	OCR from image meineke_page_295.jpg (id=1467)	f5839455ca5349dff7010f6377e1abeee67d57bdf2632ffa57cf02830d71520b	17051	Ἔλυρος	75	Ε75	0.833333	17033	Ἐλευσίς	0.714286	0.119048	ελυσοσ	ελυροσ
136577	Ἐμβατον		meineke_page_295.jpg	295	9741	ocr	OCR from image meineke_page_295.jpg (id=1467)	62a30b1e867120f2477da5074f6008840f6d49388c0904ecc3349eeabe5004be	17053	Ἔμβατον	77	Ε77	1.000000	82923	Ἄμβασον	0.714286	0.285714	εμβατον	εμβατον
136578	Ἔμπασα		meineke_page_295.jpg	295	9742	ocr	OCR from image meineke_page_295.jpg (id=1467)	0a126a65108b0c5bc63251c47cdbfc61442a422028cbf3d26a2004b01948acc2	99834	Ἅρπασα	445	Α445	0.666667	10215	Μέδμασα	0.571429	0.095238	εμπασα	αρπασα
136579	Ἔμποριον		meineke_page_295.jpg	295	9743	ocr	OCR from image meineke_page_295.jpg (id=1467)	3e1fb417e04a47093c2867129f3240780915b0d70027f254b63fdf6a5fea5518	17055	Ἐμπόριον	79	Ε79	1.000000	82937	Ἀμόριον	0.750000	0.250000	εμποριον	εμποριον
136580	Ἐνετοί		meineke_page_295.jpg	295	9744	ocr	OCR from image meineke_page_295.jpg (id=1467)	c546ba5737832f13b5052b7b7e0e9c5d90472b100407c7000312f6d50ad645f6	17056	Ἐνετοί	80	Ε80	1.000000	17066	Ἐπειοί	0.666667	0.333333	ενετοι	ενετοι
136581	Ἐνίση		meineke_page_296.jpg	296	9745	ocr	OCR from image meineke_page_296.jpg (id=1468)	1495e621eac46344db7bf800553593e3bf7d8210e820f62ad7561fa32ecf3f7c	17057	Ἐνίσπη	81	Ε81	0.833333	121812	Γενέση	0.666667	0.166667	ενιση	ενισπη
136584	Ἐντελλα		meineke_page_296.jpg	296	9748	ocr	OCR from image meineke_page_296.jpg (id=1468)	95e934543a72f0718da0a67e4149595a5b5e7e7638e0740b24f26ac1dd78ea80	17060	Ἔντελλα	84	Ε84	1.000000	102786	Ἄτελλα	0.714286	0.285714	εντελλα	εντελλα
136585	Ἐντεριβαί		meineke_page_296.jpg	296	9749	ocr	OCR from image meineke_page_296.jpg (id=1468)	0a4d20cb276f77d60aede213272f4ec53a9050a783cebea6b273abf773dc79e3	17061	Ἐντριβαί	85	Ε85	0.888889	11899	Νιτρίαι	0.555556	0.333333	εντεριβαι	εντριβαι
136586	Ἔξυνον		meineke_page_296.jpg	296	9750	ocr	OCR from image meineke_page_296.jpg (id=1468)	dff2740253f1e8ad884b7f00635d181e2bc563a72f9f488d56f069f746d25d4e	17062	Ἕξγυον	86	Ε86	0.666667	17050	Ἐλύμνιον	0.625000	0.041667	εξυνον	εξγυον
136587	Ἐρφόδαια		meineke_page_296.jpg	296	9751	ocr	OCR from image meineke_page_296.jpg (id=1468)	4209a6341de035f13d83bb375a1d3b8e1480477337e5dfb1a675f1117b0afa05	12859	Ὀρδαία	85	Ο85	0.625000	31965	Ῥοδαί	0.625000	0.000000	ερφοδαια	ορδαια
136588	Ἐπάκρα		meineke_page_297.jpg	297	9752	ocr	OCR from image meineke_page_297.jpg (id=1469)	969b164206d881f52e5af31831e0efa0a1a9e32f22392a6a05bdb6d3dba197ae	17064	Ἐπάκρια	88	Ε88	0.857143	8969	Μάκρα	0.666667	0.190476	επακρα	επακρια
136589	Ἐπαρίται		meineke_page_297.jpg	297	9753	ocr	OCR from image meineke_page_297.jpg (id=1469)	04eda9f735d914386330852561616fadd7814c338ef603fe158828929b08d6c0	17065	Ἐπαρῖται	89	Ε89	1.000000	18287	Εὐπυρίδαι	0.666667	0.333333	επαριται	επαριται
136590	Ἐπειοί		meineke_page_297.jpg	297	9754	ocr	OCR from image meineke_page_297.jpg (id=1469)	df7af66d47fdc5d7dc65e92cd4979de0f241e51c54721b16689a6ce69a09ac89	17066	Ἐπειοί	90	Ε90	1.000000	17056	Ἐνετοί	0.666667	0.333333	επειοι	επειοι
136591	Ἐπειάς καὶ Ἐπειίς		meineke_page_298.jpg	298	9755	ocr	OCR from image meineke_page_298.jpg (id=1470)	840ba043c4d8e0e03bdf70458cc8efca9df37cf8574cb11f1e0a76b6c7458dda	28309	Περσέπολις	120	Π120	0.466667	9601	Μελαινεῖς	0.400000	0.066667	επειασκαιεπειισ	περσεπολισ
136592	Ἐπίδαμνος		meineke_page_298.jpg	298	9756	ocr	OCR from image meineke_page_298.jpg (id=1470)	97f7214302aedc4d84ac2f12d88efa356cc215f09790905d71a74164601e4d3f	17067	Ἐπίδαμνος	91	Ε91	1.000000	17068	Ἐπίδαυρος	0.777778	0.222222	επιδαμνοσ	επιδαμνοσ
136593	Ἐπίδαυρος		meineke_page_298.jpg	298	9757	ocr	OCR from image meineke_page_298.jpg (id=1470)	b02c73a0be6616a6795c1464a19ebf52969b1604c5f2275ffca76a02c9d638c4	17068	Ἐπίδαυρος	92	Ε92	1.000000	17067	Ἐπίδαμνος	0.777778	0.222222	επιδαυροσ	επιδαυροσ
136594	Επιδαυροσ – Επιλευκαδιοι		meineke_page_299.jpg	299	9758	ocr	OCR from image meineke_page_299.jpg (id=1471)	e0281eab6b835ed29279d7b7f9706c230da005fd36ee05a9001108c625839356	17071	Ἐπιλευκάδιοι	95	Ε95	0.571429	8442	Λοκροὶ Ἐπιζεφύριοι	0.428571	0.142857	επιδαυροσεπιλευκαδιοι	επιλευκαδιοι
136595	Ἐπισκοπήται		meineke_page_300.jpg	300	9759	ocr	OCR from image meineke_page_300.jpg (id=1472)	b2643a071761196b1c99a3db9b5338a0d4365e4e6cf4266dd4749cb9d433409c	17076	Ἑπτακωμῆται	100	Ε100	0.636364	17072	Ἐπιπολαί	0.545455	0.090909	επισκοπηται	επτακωμηται
136596	Ἐπωπή		meineke_page_300.jpg	300	9760	ocr	OCR from image meineke_page_300.jpg (id=1472)	4a2cf3506c91ca1a85ba278141d6092a42be2df2c50878f830fb8a056fe8920d	17077	Ἐπώπη	101	Ε101	1.000000	18294	Εὐρώπη	0.666667	0.333333	επωπη	επωπη
136597	Ἔρβησος		meineke_page_300.jpg	300	9761	ocr	OCR from image meineke_page_300.jpg (id=1472)	d861b001399eaecef01005fa6a037835056796f092adb083db9e4340823c9af8	17078	Ἐρβησσός	102	Ε102	0.875000	17083	Ἔρεσος	0.714286	0.160714	ερβησοσ	ερβησσοσ
136598	Ἔρβιτα		meineke_page_300.jpg	300	9762	ocr	OCR from image meineke_page_300.jpg (id=1472)	4818b487ab2423888cc02bfa699a433a457bfb3566da55a19d16d6c88a3c31c9	17079	Ἕρβιτα	103	Ε103	1.000000	12855	Ὀρβῖται	0.714286	0.285714	ερβιτα	ερβιτα
136599	Ἐργετίον		meineke_page_300.jpg	300	9763	ocr	OCR from image meineke_page_300.jpg (id=1472)	ae11ccfddc45ebbc2c17ef0bc0725f20821379df9320076152942d342df96956	17080	Ἐργέτιον	104	Ε104	1.000000	10312	Μοργέντιον	0.700000	0.300000	εργετιον	εργετιον
136600	Ἐρεβίαι		meineke_page_300.jpg	300	9764	ocr	OCR from image meineke_page_300.jpg (id=1472)	d796e48eeac5537f375086667ee53f572beda8693458d91101658acc8aecca13	17081	Ἐρεβίδαι	105	Ε105	0.875000	108937	Βερενῖκαι	0.666667	0.208333	ερεβιαι	ερεβιδαι
136601	Ἐρεμβοι		meineke_page_300.jpg	300	9765	ocr	OCR from image meineke_page_300.jpg (id=1472)	4c8a13f7e3f83cc7a9b0daacd27ab2df9b15ab5cd809c07dc3236fd164e55bf2	17082	Ἐρεμβοί	106	Ε106	1.000000	12838	Ὄμβοι	0.571429	0.428571	ερεμβοι	ερεμβοι
136602	Ἔρεσσος		meineke_page_300.jpg	300	9766	ocr	OCR from image meineke_page_300.jpg (id=1472)	9bebb4560d2983ae0a9fbc7e580ba27a406ccc7cad60d2238e28686a5a3a709b	17083	Ἔρεσος	107	Ε107	0.857143	17078	Ἐρβησσός	0.750000	0.107143	ερεσσοσ	ερεσοσ
136603	Ἐφέσιος		meineke_page_301.jpg	301	9767	ocr	OCR from image meineke_page_301.jpg (id=1473)	b824c411dcac47b419e8e8ef6031cff287a804c6dee36c7ed169dce6576098e8	18302	Ἔφεσος	179	Ε179	0.857143	17083	Ἔρεσος	0.714286	0.142857	εφεσιοσ	εφεσοσ
136604	Ἐφετρια		meineke_page_301.jpg	301	9768	ocr	OCR from image meineke_page_301.jpg (id=1473)	9b6765df8a03efdd5802528237d232bdcddc8984db2c95ff79adeb6c305ed274	17084	Ἐρέτρια	108	Ε108	0.857143	18285	Εὐπατρία	0.625000	0.232143	εφετρια	ερετρια
136605	Ἐρενάτης		meineke_page_301.jpg	301	9769	ocr	OCR from image meineke_page_301.jpg (id=1473)	96954b353e2f652e02177caec8b3267e66979d2e0a5d9382695ca0a4c1032085	17085	Ἐρευάτης	109	Ε109	0.875000	121813	Γενήτης	0.625000	0.250000	ερενατησ	ερευατησ
136607	Ἐρθα		meineke_page_301.jpg	301	9771	ocr	OCR from image meineke_page_301.jpg (id=1473)	8cd4db4398dbfa4ed2a65cea5821b0c6ca46ccf8035f15e86d2d756665b47904	17087	Ἔρθα	111	Ε111	1.000000	17105	Ἐρυθρά	0.666667	0.333333	ερθα	ερθα
136608	Ἐρεικεια		meineke_page_301.jpg	301	9772	ocr	OCR from image meineke_page_301.jpg (id=1473)	bebc680ef0a508e670cd770c90cd39b75192f78ff6c04ccd1cab8584955339ad	17088	Ἐρίκεια	112	Ε112	0.875000	99810	Ἀρίκεια	0.750000	0.125000	ερεικεια	ερικεια
136609	Ἐρεικούσσα		meineke_page_301.jpg	301	9773	ocr	OCR from image meineke_page_301.jpg (id=1473)	2cd97bf7abddcd14c5316caa0e27b664df4402078958990bb992ce51cf8e6c63	17089	Ἐρικοῦσσα	113	Ε113	0.900000	61145	Αἰγειροῦσσα	0.636364	0.263636	ερεικουσσα	ερικουσσα
136610	Ἑμινόης - Ἑρμος		meineke_page_302.jpg	302	9774	ocr	OCR from image meineke_page_302.jpg (id=1474)	b2a3d817bb1428f42c63bb7eb26cb33506ae8288717ffc077a0de05eee979f1e	17091	Ἐρινεός	115	Ε115	0.500000	25154	Πάνορμος	0.500000	0.000000	εμινοησερμοσ	ερινεοσ
136611	Ἑρμοτυμβίς	1	meineke_page_303.jpg	303	9775	ocr	OCR from image meineke_page_303.jpg (id=1475)	007046bd0321c435ad5f66a6ba78d0e53cb339182a919743ebeae088984e369e	17096	Ἑρμοτυμβιεῖς	120	Ε120	0.833333	17098	Ἑρμούπολις	0.600000	0.233333	ερμοτυμβισ	ερμοτυμβιεισ
136612	Ἑρμοῦπολις	2	meineke_page_303.jpg	303	15864	ocr	OCR from image meineke_page_303.jpg (id=1475)	955f8f974cba89423318434925c3350b08990d91f67244f95cf8d0248e13af77	17098	Ἑρμούπολις	122	Ε122	1.000000	7248	Κύρου πόλις	0.700000	0.300000	ερμουπολισ	ερμουπολισ
136613	Ἑρμωνάσση	3	meineke_page_303.jpg	303	9777	ocr	OCR from image meineke_page_303.jpg (id=1475)	2c542d82a378131c9687e7f424c9d17d32f1ef0ac13981abbe61be34a14b2d40	17099	Ἑρμώνασσα	123	Ε123	0.888889	17100	Ἕρμωνθις	0.666667	0.222222	ερμωνασση	ερμωνασσα
136614	Ἑρμωνθίς	4	meineke_page_303.jpg	303	9778	ocr	OCR from image meineke_page_303.jpg (id=1475)	c97a61b32fa3a1150d255d5f04adb11885f64c0ca0fcfa8e3ea8ecca64a88ecb	17100	Ἕρμωνθις	124	Ε124	1.000000	17099	Ἑρμώνασσα	0.666667	0.333333	ερμωνθισ	ερμωνθισ
136616	Ἐρυθρᾶ-Ἐρυθραῖος		meineke_page_305.jpg	305	9780	ocr	OCR from image meineke_page_305.jpg (id=1477)	bed86ecadfa1671818722c1667bcc7ae88e750c2123c62edc6e0449aaccfd464	17106	Ἐρυθρὰ βῶλος	130	Ε130	0.533333	17107	Ἐρυθραί	0.466667	0.066667	ερυθραερυθραιοσ	ερυθραβωλοσ
136617	Ἐρύκη		meineke_page_305.jpg	305	9781	ocr	OCR from image meineke_page_305.jpg (id=1477)	52e41e17faf8f2b8f51f81e303640f111f979fc022d0ad08f75167ed74558ef1	17108	Ἐρύκη	132	Ε132	1.000000	14882	Δρύμη	0.600000	0.400000	ερυκη	ερυκη
136618	Ἐρυμασσης-Ἐρυμανθός		meineke_page_305.jpg	305	9782	ocr	OCR from image meineke_page_305.jpg (id=1477)	e06a4435bfdbea3cd0a3d33c96912704b6b4fe36aa103002f341766a2f38fd9f	17109	Ἐρύμανθος	133	Ε133	0.500000	61117	Ἀδρύμης, Ἀδρύμητος	0.444444	0.055556	ερυμασσησερυμανθοσ	ερυμανθοσ
136619	Ἑρυμαί		meineke_page_306.jpg	306	9783	ocr	OCR from image meineke_page_306.jpg (id=1478)	c98fd50023d1fac3e2597f63013544497b0286a76ec1105f451ebc3d6581bf36	17110	Ἐρυμναί	134	Ε134	0.857143	17049	Ἐλυμαία	0.714286	0.142857	ερυμαι	ερυμναι
136620	Θεσσαλός / Ἐχαιά		meineke_page_307.jpg	307	9784	ocr	OCR from image meineke_page_307.jpg (id=1479)	d6aefeb2e4cfccb241d1effe9dd21927ad732585b83301fa7fceb2a3f8970cd7	20802	Θεσσαλία	35	Θ35	0.615385	9639	Μεσσαπέαι	0.538462	0.076923	θεσσαλοσεχαια	θεσσαλια
136621	Ἐχαιά		meineke_page_307.jpg	307	9785	ocr	OCR from image meineke_page_307.jpg (id=1479)	f44ff9569d371e650f6b105cd59a9b054d48f1ab1e1e3db523a4b462e110b8a3	13837	Δέραια	56	Δ56	0.666667	18296	Εὔταια	0.666667	0.000000	εχαια	δεραια
136622	Ἐσδήνες		meineke_page_307.jpg	307	9786	ocr	OCR from image meineke_page_307.jpg (id=1479)	48e4c8c837aef6c1b3829eb3527898c5c7197e39db5d5e290ada43041b04b152	18262	Ἕσδητες	139	Ε139	0.857143	37799	Σῆνος	0.571429	0.285714	εσδηνεσ	εσδητεσ
136623	Ἐσπερία		meineke_page_307.jpg	307	9787	ocr	OCR from image meineke_page_307.jpg (id=1479)	31e78c886d7f100e6946f0e7e1b1f2206f99193aee0e0262e799524d4bbd241c	18263	Ἑσπερία	140	Ε140	1.000000	18264	Ἑσπερίς	0.857143	0.142857	εσπερια	εσπερια
136624	Ἐσπερίς		meineke_page_307.jpg	307	9788	ocr	OCR from image meineke_page_307.jpg (id=1479)	d304d8b13b157c044a98b53c5710ff5f17773a8e2e92cb1cb97d85a760e88cd8	18264	Ἑσπερίς	141	Ε141	1.000000	18263	Ἑσπερία	0.857143	0.142857	εσπερισ	εσπερισ
136625	Ἑστιαῖα	1	meineke_page_308.jpg	308	9789	ocr	OCR from image meineke_page_308.jpg (id=1480)	a73315eba885544bd4349046f590f1a28f5ff06f3d36b2333f77295ecae1aa6a	18265	Ἑστίαια	142	Ε142	1.000000	23662	Ἰστίαια	0.857143	0.142857	εστιαια	εστιαια
136626	Ἑσταῖς	2	meineke_page_308.jpg	308	9790	ocr	OCR from image meineke_page_308.jpg (id=1480)	b18c8b9778bf684878f7f4ba5d34a5a29db7caa3c92133a5cb90e68530f26c1f	18265	Ἑστίαια	142	Ε142	0.714286	18296	Εὔταια	0.666667	0.047619	εσταισ	εστιαια
136627	Ἑτεωνός	3	meineke_page_308.jpg	308	9791	ocr	OCR from image meineke_page_308.jpg (id=1480)	14c1a97e76c1d8cf8981c70718000b52fe26aafcc3c5dad199a05fe2d521a62e	18267	Ἐτεωνός	144	Ε144	1.000000	11049	Μύρωνος	0.571429	0.428571	ετεωνοσ	ετεωνοσ
136628	Εὔα	4	meineke_page_308.jpg	308	9792	ocr	OCR from image meineke_page_308.jpg (id=1480)	23a9ed9afaa647fa3a82679ca4b0497d7dc58e8e08d62aaa465ad63631801eb7	18268	Εὖα	145	Ε145	1.000000	18283	Εὐναί	0.600000	0.400000	ευα	ευα
136629	Εὐαίμων	5	meineke_page_308.jpg	308	9793	ocr	OCR from image meineke_page_308.jpg (id=1480)	f63f13677e464d34b33f6f686c3ae6e33be1d2d734aecc484a16bc04347119db	18269	Εὐαίμων	146	Ε146	1.000000	8028	Λακεδαίμων	0.600000	0.400000	ευαιμων	ευαιμων
136630	Εὐάλγηνοι	6	meineke_page_308.jpg	308	9794	ocr	OCR from image meineke_page_308.jpg (id=1480)	3994f6842f7ee819fa7c20bb6faf2c608368686ffe60ce33590478c9a39c7809	18270	Εὐαληνοί	147	Ε147	0.888889	32019	Σαλμηνοί	0.666667	0.222222	ευαλγηνοι	ευαληνοι
136631	Εὔβοιοι	7	meineke_page_308.jpg	308	9795	ocr	OCR from image meineke_page_308.jpg (id=1480)	6a5c6d9baa7b2c083550771a86328f3abf5b2dbe9552ce86dfd1d0594f12e7d4	18271	Εὔβιοι	148	Ε148	0.857143	18272	Εὔβοια	0.714286	0.142857	ευβοιοι	ευβιοι
136633	Εὔβοια		meineke_page_309.jpg	309	9797	ocr	OCR from image meineke_page_309.jpg (id=1481)	601e0922825150d183357726056423c0161e5a966acfe762751a0768178d6d60	18272	Εὔβοια	149	Ε149	1.000000	18286	Εὐπορία	0.714286	0.285714	ευβοια	ευβοια
136635	Εὐδείνη		meineke_page_309.jpg	309	9799	ocr	OCR from image meineke_page_309.jpg (id=1481)	4833dd3ccaf0ec2683e75d8e3fe8d743489a9233af8d37f9aec0d163d37019dd	18274	Εὐδείπνη	151	Ε151	0.875000	3560	Κυδρήνη	0.571429	0.303571	ευδεινη	ευδειπνη
136636	Εὐέλγεια		meineke_page_309.jpg	309	9800	ocr	OCR from image meineke_page_309.jpg (id=1481)	dff0387a6ab65314cbc30c1e0f530d7a98ed51795861f2693b3b4531c224d186	18275	Εὐέλγεια	152	Ε152	1.000000	15967	Ἐλέγεια	0.750000	0.250000	ευελγεια	ευελγεια
136637	Εὐεργέται		meineke_page_309.jpg	309	9801	ocr	OCR from image meineke_page_309.jpg (id=1481)	32596124ae5e293e8f80294932a7c887a6dd4d35922eedf9ec3a5ef28d1b38a3	18276	Εὐεργέται	153	Ε153	1.000000	11036	Μυργέται	0.777778	0.222222	ευεργεται	ευεργεται
136638	Εὐησπερίδες		meineke_page_309.jpg	309	9802	ocr	OCR from image meineke_page_309.jpg (id=1481)	b5eb47840da5f20091085b96350084de80e15e8e024103058fc0f9958e0bdffa	18277	Εὐεσπερίδες	154	Ε154	0.909091	18264	Ἑσπερίς	0.636364	0.272727	ευησπεριδεσ	ευεσπεριδεσ
136639	Εὐθηναί		meineke_page_309.jpg	309	9803	ocr	OCR from image meineke_page_309.jpg (id=1481)	aa27a3f0c53341923487783fab2c238a9d88ba43165cee541c7cafd0b8a59324	18278	Εὐθηναί	155	Ε155	1.000000	10333	Μυκῆναι	0.714286	0.285714	ευθηναι	ευθηναι
136640	Εὐίππη		meineke_page_310.jpg	310	9804	ocr	OCR from image meineke_page_310.jpg (id=1482)	1c21be1f3607ee4ab2c93aa1f8c31e556c5823a617e0b66855a2e32e55f9fbfe	18279	Εὐίππη	156	Ε156	1.000000	17057	Ἐνίσπη	0.666667	0.333333	ευιππη	ευιππη
136641	Εὐμένεια		meineke_page_311.jpg	311	9805	ocr	OCR from image meineke_page_311.jpg (id=1483)	ebc2ad839c53aad350366342b21dbc4b1228786abbd9de853dfa2f66d96149b8	18282	Εὐμένεια	159	Ε159	1.000000	48648	Τεμένεια	0.750000	0.250000	ευμενεια	ευμενεια
136642	Εὐρυμεναί		meineke_page_312.jpg	312	9806	ocr	OCR from image meineke_page_312.jpg (id=1484)	cdd48474fa041dd823cd6feb007d306a36d160c7387fa691acffc27aab6d4b63	18291	Εὐρυμεναί	168	Ε168	1.000000	17110	Ἐρυμναί	0.777778	0.222222	ευρυμεναι	ευρυμεναι
136643	Εὐρυτάνες		meineke_page_312.jpg	312	9807	ocr	OCR from image meineke_page_312.jpg (id=1484)	a8947ec1588bbdb4d060cc25cde5b3eabb73e5c88b06a02cbee567dccc34369e	18292	Εὐρυτᾶνες	169	Ε169	1.000000	7252	Κύρτωνες	0.666667	0.333333	ευρυτανεσ	ευρυτανεσ
136645	Εὐρώπη		meineke_page_312.jpg	312	9809	ocr	OCR from image meineke_page_312.jpg (id=1484)	73edeb9897f2560e69979accec7a38e0cf44a1bfd0bdcd02f06c54890e7ccd0e	18294	Εὐρώπη	171	Ε171	1.000000	18295	Εὐρωπός	0.714286	0.285714	ευρωπη	ευρωπη
136646	Εὐρωπός		meineke_page_312.jpg	312	9810	ocr	OCR from image meineke_page_312.jpg (id=1484)	487f7397a6e26e19d3bd9763ab25ea4b061eed192cda90781ab935653c32388f	18295	Εὐρωπός	172	Ε172	1.000000	18293	Εὔρωμος	0.857143	0.142857	ευρωποσ	ευρωποσ
136647	Εὔστατα		meineke_page_312.jpg	312	9811	ocr	OCR from image meineke_page_312.jpg (id=1484)	7abb3ab11d7112afcb2219c6fcfddc0fe53133432051fbc0c5ca3f5e5b4a2015	18296	Εὔταια	173	Ε173	0.714286	18298	Εὔφραντα	0.625000	0.089286	ευστατα	ευταια
136648	Εὔτηρησις		meineke_page_312.jpg	312	9812	ocr	OCR from image meineke_page_312.jpg (id=1484)	4f0677d8586ad9fd278e026767b7b246d48a2f1752ab58759dc6f9496488eb8f	18297	Εὔτρησις	174	Ε174	0.888889	18299	Εὐφρατίς	0.555556	0.333333	ευτηρησισ	ευτρησισ
136649	Εὐφραντα		meineke_page_313.jpg	313	9813	ocr	OCR from image meineke_page_313.jpg (id=1485)	2129fb25e26f337a612f0ef3dc3cc6db9e8b36c0f67f1bc8b1999b2a6f8a633c	18298	Εὔφραντα	175	Ε175	1.000000	48667	Τευθρανία	0.666667	0.333333	ευφραντα	ευφραντα
136650	Εὐφρατις		meineke_page_313.jpg	313	9814	ocr	OCR from image meineke_page_313.jpg (id=1485)	322e07b44dba7d55e9846802076a8a60624648fa7db6d344f92bdbb3de4fab28	18299	Εὐφρατίς	176	Ε176	1.000000	11082	Ναύκρατις	0.666667	0.333333	ευφρατισ	ευφρατισ
136651	Εὐνωνυμια		meineke_page_313.jpg	313	9815	ocr	OCR from image meineke_page_313.jpg (id=1485)	aa3e77c33bd40e6be0ca74b4c5391438ba8efa1b2a2790570b73d0e322374069	18300	Εὐωνυμία	177	Ε177	0.888889	18301	Εὐωνυμῖται	0.700000	0.188889	ευνωνυμια	ευωνυμια
136652	Εὐνωνυμιται		meineke_page_313.jpg	313	9816	ocr	OCR from image meineke_page_313.jpg (id=1485)	02b2576a3387d04337be618b38aed75b33afd7c27ad49c821736f55aff6571ca	18301	Εὐωνυμῖται	178	Ε178	0.909091	18300	Εὐωνυμία	0.727273	0.181818	ευνωνυμιται	ευωνυμιται
136654	Ἀμαζών	1	meineke_page_314.jpg	314	9818	ocr	OCR from image meineke_page_314.jpg (id=1486)	65b11149f50486eb2ab58888fd02e61a8ef6a8bf011ba6b5b676e67e510883fa	80214	Ἀλαζών	188	Α188	0.833333	135374	Φαμιζών	0.714286	0.119048	αμαζων	αλαζων
136655	Ἔφυρα	1	meineke_page_315.jpg	315	9819	ocr	OCR from image meineke_page_315.jpg (id=1487)	d49e9e3b20bff9c9653d2dc70f07914dc398db75996d71df0c74d8f3bc6c21eb	121832	Γέφυρα	68	Γ68	0.833333	17105	Ἐρυθρά	0.666667	0.166667	εφυρα	γεφυρα
136656	Ἐχελῖδαι		meineke_page_316.jpg	316	9820	ocr	OCR from image meineke_page_316.jpg (id=1488)	fd852044aca6542f1155ca2d95efee53ea4c94251d88a9ea265a0fe8275484c3	17081	Ἐρεβίδαι	105	Ε105	0.750000	17069	Ἐπιεικίδαι	0.600000	0.150000	εχελιδαι	ερεβιδαι
136657	Ἐλεῖος		meineke_page_317.jpg	317	9821	ocr	OCR from image meineke_page_317.jpg (id=1489)	3c4eaafa4c48c72f6ec652856b375cbf35c1eeaea56acf05df0c4a4761552ef3	15968	Ἐλένειος	43	Ἐ43	0.750000	17045	Ἕλος	0.666667	0.083333	ελειοσ	ελενειοσ
136658	Ἐχετία		meineke_page_317.jpg	317	9822	ocr	OCR from image meineke_page_317.jpg (id=1489)	2bbab89ee8b579916e56dfba687b19e700896b480097ea22a26b0658d2662cd8	17084	Ἐρέτρια	108	Ε108	0.714286	42048	Σχερία	0.666667	0.047619	εχετια	ερετρια
136659	Ἐχέτιλα		meineke_page_317.jpg	317	9823	ocr	OCR from image meineke_page_317.jpg (id=1489)	c3f508f09f6b92e9173fe7fb1560d02fbebebe6e283b31ff6c9a2f4b19f52254	17084	Ἐρέτρια	108	Ε108	0.571429	42048	Σχερία	0.571429	0.000000	εχετιλα	ερετρια
136660	Ἐχέτερα		meineke_page_317.jpg	317	9824	ocr	OCR from image meineke_page_317.jpg (id=1489)	b48deafda89124853feec7adce1ad057319e93ed998eb4887611739d0d26cf33	15967	Ἐλέγεια	42	Ε42	0.571429	17084	Ἐρέτρια	0.571429	0.000000	εχετερα	ελεγεια
136661	Ἐχῖται		meineke_page_317.jpg	317	9825	ocr	OCR from image meineke_page_317.jpg (id=1489)	b45b7ffdb3626a98877d027f09e363a27e86758374df18524932f2bafc2d165e	8902	Λιταί	80	Λ80	0.666667	135348	Ὠρῖται	0.666667	0.000000	εχιται	λιται
136662	Ἐχῖνος		meineke_page_317.jpg	317	20140	csv_fallback	Backfilled from meineke_headwords.greek_paragraph	3eaebdfb912c328def0cab42fae37ae86fd44ff76d02866bfe1bfb93b9b1fe15	17091	Ἐρινεός	115	Ε115	0.714286	11895	Νῖνος	0.666667	0.047619	εχινοσ	ερινεοσ
136663	Ζαβίδα	1	meineke_page_318.jpg	318	9827	ocr	OCR from image meineke_page_318.jpg (id=1490)	737de27fabb3dd9d8ca920ccc42c9ad3f6cb12d7621b387411111ed07a07f157	19507	Ζωβίδαι	32	Ζ32	0.714286	135353	Φαβία	0.666667	0.047619	ζαβιδα	ζωβιδαι
136664	Ζάβιοι	2	meineke_page_318.jpg	318	9828	ocr	OCR from image meineke_page_318.jpg (id=1490)	6209bc60241d09012f400b7feecc454a247ce51aa61674d7af3e4492b22e417e	44209	Τάβιοι	3	Τ3	0.833333	61058	Ἄβιοι	0.833333	0.000000	ζαβιοι	ταβιοι
136665	Ζάγκλη	3	meineke_page_318.jpg	318	9829	ocr	OCR from image meineke_page_318.jpg (id=1490)	4bb67bb9e84a728821acd652a5840fc4f4588417761154b734b032a55c2853b5	2058	Καβύλη	5	Κ5	0.500000	10303	Μόκλη	0.500000	0.000000	ζαγκλη	καβυλη
136666	Ζάγυστις	4	meineke_page_318.jpg	318	9830	ocr	OCR from image meineke_page_318.jpg (id=1490)	b563570d838bb85cb35caa13f2b535b21fb5a57725057df2e0999a296cd84ed7	2335	Κάλυτις	41	Κ41	0.625000	2464	Κάνυτις	0.625000	0.000000	ζαγυστισ	καλυτισ
136667	Ζαφεάμη	5	meineke_page_318.jpg	318	9831	ocr	OCR from image meineke_page_318.jpg (id=1490)	3407eb6fc41c4d8274cfd57562b8b16bcef1987b062d948a9586bb464c07612c	102821	Ἀφάκη	551	Α550	0.571429	2477	Καρδαμύλη	0.444444	0.126984	ζαφεαμη	αφακη
136668	Ζάτα	6	meineke_page_318.jpg	318	9832	ocr	OCR from image meineke_page_318.jpg (id=1490)	a652e88de727d9f10e11fcad05d5d28edab09e8d0b07a9b42ddc139e6da27d8e	19500	Ζόαρα	25	Ζ25	0.600000	26691	Πάτρα	0.600000	0.000000	ζατα	ζοαρα
136669	Ζάκανθα		meineke_page_319.jpg	319	9833	ocr	OCR from image meineke_page_319.jpg (id=1491)	9b3a3c4a034388534485e038bfcf65015b38457163394cd4da47af50ebebb7bd	32056	Σάργανθα	65	Σ65	0.625000	2345	Κάναθα	0.571429	0.053571	ζακανθα	σαργανθα
136670	Ζάκυνθος		meineke_page_319.jpg	319	9834	ocr	OCR from image meineke_page_319.jpg (id=1491)	d8ccf89490aae4852fce4c50a029b62102107397d3b7a5b854da879693f86b3a	96945	Ἀράκυνθος	375	Α375	0.777778	7222	Κύνθος	0.750000	0.027778	ζακυνθοσ	αρακυνθοσ
136671	Ζάρηξ		meineke_page_319.jpg	319	9835	ocr	OCR from image meineke_page_319.jpg (id=1491)	704e4e1a94cc041fa743667748b109ca3d95547b7fa899e7b89b00e48a4d79ea	11079	Νᾶρυξ	18	Ν18	0.600000	99804	Ἄρης	0.600000	0.000000	ζαρηξ	ναρυξ
136672	Ζάρητα		meineke_page_319.jpg	319	9836	ocr	OCR from image meineke_page_319.jpg (id=1491)	84f2cf3fdec2a5eb4a17e4878c8edcb091a72deca38fbe8741bbcffe74303e2c	2598	Καρπηία	98	Κ98	0.571429	32055	Σάραπτα	0.571429	0.000000	ζαρητα	καρπηια
136673	Ζαρίασπα		meineke_page_319.jpg	319	9837	ocr	OCR from image meineke_page_319.jpg (id=1491)	7eae03a15baf2b4dd894ada180dcce9308f42d689c8676a721eb4f00f684bc27	2597	Καρπασία	97	Κ97	0.625000	8037	Λάρισσα	0.625000	0.000000	ζαριασπα	καρπασια
136674	Ζάυνξες		meineke_page_319.jpg	319	9838	ocr	OCR from image meineke_page_319.jpg (id=1491)	9e689bafb460b979a58d60af05347f60635ddfa2a7eaf1380db332d9115f5dbb	3084	Καῦνος	139	Κ139	0.571429	12878	Δάονες	0.571429	0.000000	ζαυνξεσ	καυνοσ
136675	Ζέβεκη		meineke_page_319.jpg	319	9839	ocr	OCR from image meineke_page_319.jpg (id=1491)	159494e6d7cec819faf3db33dd80844cbe687368ab65b49293afc67d72d10dc2	9623	Μενεκίνη	143	Μ143	0.500000	15969	Ἑλένη	0.500000	0.000000	ζεβεκη	μενεκινη
136676	Ζειρηνία	1	meineke_page_320.jpg	320	9840	ocr	OCR from image meineke_page_320.jpg (id=1492)	60dd38e8191c7bad47670567664357b8517fc70980d9f73176fa606a76842544	3090	Κεβρηνία	145	Κ145	0.750000	121824	Γερηνία	0.750000	0.000000	ζειρηνια	κεβρηνια
136677	Ζηβυττις		meineke_page_321.jpg	321	9841	ocr	OCR from image meineke_page_321.jpg (id=1493)	82ad4ea2bc112e2dd34fbb943c9739b5086cdb0ba9fe8be0a24a96198848ddff	19493	Ζήβυττις	18	Ζ18	1.000000	2335	Κάλυτις	0.500000	0.500000	ζηβυττισ	ζηβυττισ
136678	Ζήλα		meineke_page_321.jpg	321	15871	ocr	OCR from image meineke_page_321.jpg (id=1493)	cdf40f92c18abd4c3a4d74c54657c607b6e2e7ac7d775f30602385d7329edece	19494	Ζῆλα	19	Ζ19	1.000000	13840	Δηλία	0.600000	0.400000	ζηλα	ζηλα
136680	Ζηνοδότιον		meineke_page_321.jpg	321	9844	ocr	OCR from image meineke_page_321.jpg (id=1493)	9efcc75f0d794fa023a6687a31c9e9408c34f26bb914ade3601b17effb7291f1	19496	Ζηνοδότιον	21	Ζ21	1.000000	8894	Λινδόνιον	0.600000	0.400000	ζηνοδοτιον	ζηνοδοτιον
136681	Ζηφάνιοι		meineke_page_321.jpg	321	9845	ocr	OCR from image meineke_page_321.jpg (id=1493)	2a0d4d88990ab893da475d63d263208a46f494bfc68b2022246cc6195f76bd75	19497	Ζηράνιοι	22	Ζ22	0.875000	3514	Κράνιοι	0.625000	0.250000	ζηφανιοι	ζηρανιοι
136682	Ζήφυνος		meineke_page_321.jpg	321	9846	ocr	OCR from image meineke_page_321.jpg (id=1493)	bd9e795bc07d33fdbb844154f1d28adb82211ae3e46bd03706573821870cef7d	19498	Ζήρυνθος	23	Ζ23	0.750000	3084	Καῦνος	0.571429	0.178571	ζηφυνοσ	ζηρυνθοσ
136683	Ζεφυρίτις		meineke_page_321.jpg	321	9847	ocr	OCR from image meineke_page_321.jpg (id=1493)	82ad426f5d055b3cfa2f6225551d57e969326675e76e3c493cd891c5438a6fca	28397	Πορφυρῖτις	215	Π215	0.700000	19492	Ζεφύριον	0.666667	0.033333	ζεφυριτισ	πορφυριτισ
136684	Ζιποίτιον	19	meineke_page_322.jpg	322	9848	ocr	OCR from image meineke_page_322.jpg (id=1494)	ca17908c32a3a7edcca550b43deb7b568152cae8d11f62a3f493204cf572f2cf	19499	Ζιποίτιον	24	Ζ24	1.000000	19501	Ζοίτειον	0.666667	0.333333	ζιποιτιον	ζιποιτιον
136685	Ζόαρα	20	meineke_page_322.jpg	322	9849	ocr	OCR from image meineke_page_322.jpg (id=1494)	af7f00c184fcb1b4831e178e3b4b45d478a5f964c3b9cc4a1706d5f9b2c660de	19500	Ζόαρα	25	Ζ25	1.000000	14867	Δοῦρα	0.600000	0.400000	ζοαρα	ζοαρα
136686	Ζοιτεῖον	21	meineke_page_322.jpg	322	9850	ocr	OCR from image meineke_page_322.jpg (id=1494)	5d37e4fbbd001aa903d165f404fb8a5bfe240464a99976eb5fe3cd7b06752f7d	19501	Ζοίτειον	26	Ζ26	1.000000	31974	Ῥοίτειον	0.875000	0.125000	ζοιτειον	ζοιτειον
136687	Ζομβίς	22	meineke_page_322.jpg	322	9851	ocr	OCR from image meineke_page_322.jpg (id=1494)	f384ccea9e6b85c403ab8127b90185909634e23f4c3d3a6c9d3d60cfc0a7649a	19502	Ζομβίς	27	Ζ27	1.000000	19503	Ζοῦχις	0.666667	0.333333	ζομβισ	ζομβισ
136688	Ζοὺνις	23	meineke_page_322.jpg	322	9852	ocr	OCR from image meineke_page_322.jpg (id=1494)	d4938a598564177814f08736b5b9d5ecda57b964a6316c34db7b732637a2ff68	19503	Ζοῦχις	28	Ζ28	0.833333	11928	Ξοῦχις	0.666667	0.166667	ζουνισ	ζουχισ
136689	Ζύγανα	24	meineke_page_322.jpg	322	9853	ocr	OCR from image meineke_page_322.jpg (id=1494)	b5d78bc58887b22a5dbb61a1364b6f5d04c6ddf93e1fbfc5679c000265aa90d8	19504	Ζύγαινα	29	Ζ29	0.857143	51049	Τύανα	0.666667	0.190476	ζυγανα	ζυγαινα
136690	Ζυγαρτίς	25	meineke_page_322.jpg	322	9854	ocr	OCR from image meineke_page_322.jpg (id=1494)	13bdc8482c15ffebec428ff944d7270ee5307b51a9617d222ebe5672cb65bfe1	19505	Ζυγαντίς	30	Ζ30	0.875000	115310	Βούναρτις	0.666667	0.208333	ζυγαρτισ	ζυγαντισ
136691	Ζυγοί	1	meineke_page_323.jpg	323	9855	ocr	OCR from image meineke_page_323.jpg (id=1495)	7e7b3663e56ec40c5080a681dd60ee5d447a38c7a365e00cadf4eb6367a2b6dc	19506	Ζυγοί	31	Ζ31	1.000000	30144	Πύργοι	0.666667	0.333333	ζυγοι	ζυγοι
136692	Ζωβῖδαι	2	meineke_page_323.jpg	323	9856	ocr	OCR from image meineke_page_323.jpg (id=1495)	aca111e8d222f749ca440b7e7e470d44fa5f6c56a12cb36fc3941fc38a54ca61	19507	Ζωβίδαι	32	Ζ32	1.000000	23681	Ἰωνίδαι	0.714286	0.285714	ζωβιδαι	ζωβιδαι
136693	Ζώνη	3	meineke_page_323.jpg	323	9857	ocr	OCR from image meineke_page_323.jpg (id=1495)	656a2968d89ad133fb5517a22d12556beff2eaa1b0ff84f4d7b63c0191d67e39	19508	Ζώνη	33	Ζ33	1.000000	23679	Ἰώνη	0.750000	0.250000	ζωνη	ζωνη
136694	Ζωστήρ	4	meineke_page_323.jpg	323	9858	ocr	OCR from image meineke_page_323.jpg (id=1495)	3ae614fe7146573e07c0184db0fa07bd2b2d2c4b379354349477917987a16595	19509	Ζωστήρ	34	Ζ34	1.000000	19508	Ζώνη	0.500000	0.500000	ζωστηρ	ζωστηρ
136695	Ἤδοι	5	meineke_page_323.jpg	323	9859	ocr	OCR from image meineke_page_323.jpg (id=1495)	ee3655cb244d59b38068d6a5a324ba33cf82ebd11f3c93a919d2cb63016965a6	19510	Ἠδοί	1	Η1	1.000000	19512	Ἠδωνοί	0.666667	0.333333	ηδοι	ηδοι
136696	Ἤδυμη	6	meineke_page_323.jpg	323	9860	ocr	OCR from image meineke_page_323.jpg (id=1495)	4ef895ea69eebf826f38a02190b414ceb22a896df1b059c89d5ce03c190d527d	19511	Ἠδύμη	2	Η2	1.000000	3842	Δύμη	0.800000	0.200000	ηδυμη	ηδυμη
136697	Ἤδωνοι	7	meineke_page_323.jpg	323	9861	ocr	OCR from image meineke_page_323.jpg (id=1495)	ee7f8eb1fb9500de24ec29300e5b84adde1eb8063ca30f768b9ade38f547b6e2	19512	Ἠδωνοί	3	Η3	1.000000	19510	Ἠδοί	0.666667	0.333333	ηδωνοι	ηδωνοι
136698	Ἡετιουνεῖα	8	meineke_page_323.jpg	323	9862	ocr	OCR from image meineke_page_323.jpg (id=1495)	e264b347ff69fa3a251f1fcab2a593306457e50f781144fdf68f4ecfee4736f9	19513	Ἠετιώνεια	4	Η4	0.800000	17074	Ἐπιφάνεια	0.600000	0.200000	ηετιουνεια	ηετιωνεια
136699	Ἡίων	9	meineke_page_323.jpg	323	9863	ocr	OCR from image meineke_page_323.jpg (id=1495)	1f47ed4d3c36deef46b036ff04d70c81be4101dfc97bf09b8a4cb46281a8c80a	19514	Ἠιών	5	Η5	1.000000	11103	Νήιον	0.600000	0.400000	ηιων	ηιων
136701	Ἡιονεύς		meineke_page_324.jpg	324	9865	ocr	OCR from image meineke_page_324.jpg (id=1496)	bf81d0f5a0fed36be33aa226d812e7e595afab5ae64ec7e8378bbef727cbba27	12802	Οἰνοῦς	28	Ο28	0.571429	12878	Δάονες	0.571429	0.000000	ηιονευσ	οινουσ
136702	Ἡλακαταῖον		meineke_page_324.jpg	324	9866	ocr	OCR from image meineke_page_324.jpg (id=1496)	cacb06277ab49f81eaa6f51aeeb66fc71df8672799465e0c24f3f261a24bc936	19515	Ἠλακαταῖον	6	Η6	1.000000	11063	Ναβαταῖοι	0.600000	0.400000	ηλακαταιον	ηλακαταιον
136704	Ἡλιαία		meineke_page_325.jpg	325	9868	ocr	OCR from image meineke_page_325.jpg (id=1497)	cca90a39bf10f25286447200d51bc2d260f7e80548c3e5ef09b8a44ec1eece72	19517	Ἡλιαία	8	Η8	1.000000	8435	Λίλαια	0.666667	0.333333	ηλιαια	ηλιαια
136705	Ἡλιούπολις		meineke_page_325.jpg	325	9869	ocr	OCR from image meineke_page_325.jpg (id=1497)	6146dcf9167e6e2e7c9587cf72301543276a27d8deffe28c6f259feba227b73f	19518	Ἡλίου πόλις	9	Η9	1.000000	11943	Ὁδιούπολις	0.800000	0.200000	ηλιουπολισ	ηλιουπολισ
136706	Ἥλις	1	meineke_page_326.jpg	326	9870	ocr	OCR from image meineke_page_326.jpg (id=1498)	f90a13c41700e64433fb9972f87e539884c3a10e700e5ded9beb1cc75f76435a	19519	Ἦλις	10	Η10	1.000000	19536	Ἦτις	0.750000	0.250000	ηλισ	ηλισ
136707	Ἡλώνη	2	meineke_page_326.jpg	326	9871	ocr	OCR from image meineke_page_326.jpg (id=1498)	c70e9b1b36af6fb4d070949935dbf98b8e676e6902805e9dc2308757668e356d	19520	Ἠλώνη	11	Η11	1.000000	82898	Ἁλώνη	0.800000	0.200000	ηλωνη	ηλωνη
136708	Ἡμαθία	3	meineke_page_326.jpg	326	15875	ocr	OCR from image meineke_page_326.jpg (id=1498)	c57429f481d2236c4ed75f2cb15cac18fa3d4283631d2310900876b62d9222f4	19521	Ἠμαθία	12	Η12	1.000000	8481	Μαγία	0.666667	0.333333	ημαθια	ημαθια
136710	Ἡμίκυνες	2	meineke_page_327.jpg	327	9874	ocr	OCR from image meineke_page_327.jpg (id=1499)	acd1eaf24c40dcd02a6aa52a32e9fdab3edd3cd00f708a7ada5ca5ecc497cf98	19523	Ἡμίκυνες	14	Η14	1.000000	82929	Ἀμίκου νῆσος	0.545455	0.454545	ημικυνεσ	ημικυνεσ
136711	Ἡνιοχεῖα	3	meineke_page_327.jpg	327	9875	ocr	OCR from image meineke_page_327.jpg (id=1499)	47d6afa26960ca3972df8f5c9af36d2664694b6f3e3d858fd47237f1168527e8	19524	Ἡνιοχεία	15	Η15	1.000000	85702	Ἀντιόχεια	0.777778	0.222222	ηνιοχεια	ηνιοχεια
136713	Ἥλιος	5	meineke_page_327.jpg	327	9877	ocr	OCR from image meineke_page_327.jpg (id=1499)	222a35ff153e165cd9995f84d3e9679d4a6a63edb5a2c152534257e403a7b0dd	19519	Ἦλις	10	Η10	0.800000	13841	Δήλιον	0.666667	0.133333	ηλιοσ	ηλισ
136715	Ἡραῖα	1	meineke_page_328.jpg	328	9879	ocr	OCR from image meineke_page_328.jpg (id=1500)	6813ed2ea7dfe612019f7ae13819d101f8815b782af3fa6218d8e1ccdcdcaf1a	19527	Ἥραια	18	Η18	1.000000	30157	Ῥαία	0.800000	0.200000	ηραια	ηραια
136716	Ἡραῖον		meineke_page_328.jpg	328	9880	ocr	OCR from image meineke_page_328.jpg (id=1500)	c3b14ee0b84ebc97b29c44c8463cf1079790d5e7a76ad4a84f132bdee1566510	19528	Ἥραιον	19	Η19	1.000000	20839	Θυραῖον	0.714286	0.285714	ηραιον	ηραιον
136718	Ἀλβάκιος	1	meineke_page_329.jpg	329	9882	ocr	OCR from image meineke_page_329.jpg (id=1501)	7bfc4fbd4d383726f68bd5897b926e2f2a26fa2b0833fd6c39e7d38e135672ea	2114	Κάλβιος	25	Κ25	0.625000	8977	Μαλάνιος	0.625000	0.000000	αλβακιοσ	καλβιοσ
136719	Ἡρακλεοβοσκῆλοι	2	meineke_page_329.jpg	329	9883	ocr	OCR from image meineke_page_329.jpg (id=1501)	0b3ace56bb4476d90e6db2f2a4b8a2afd393828103a0d5efa1c04581932c14f6	19530	Ἡρακλεοβουκόλοι	21	Η21	0.866667	19531	Ἡρακλεούπολις	0.533333	0.333333	ηρακλεοβοσκηλοι	ηρακλεοβουκολοι
136720	Ἡρακλεόπολις	3	meineke_page_329.jpg	329	9884	ocr	OCR from image meineke_page_329.jpg (id=1501)	b6a53d4690eb235d3083ee0554cf4524bda3f88d59c66ebd776545407430369c	19531	Ἡρακλεούπολις	22	Η22	0.923077	80199	Ἀκρόπολις	0.666667	0.256410	ηρακλεοπολισ	ηρακλεουπολισ
136721	Ἥρῑτος	4	meineke_page_329.jpg	329	9885	ocr	OCR from image meineke_page_329.jpg (id=1501)	d01267b7dc481841b8728a418d684a21e02e6bef7559f51bc07a9609711df6c1	19532	Ἠρητός	23	Η23	0.833333	11106	Νήρικος	0.714286	0.119048	ηριτοσ	ηρητοσ
136722	Ἡρῶ	5	meineke_page_329.jpg	329	9886	ocr	OCR from image meineke_page_329.jpg (id=1501)	106c301ebb456f001706c9f10bf8e535aca721e49089049853fe823180d0666c	19533	Ἡρώ	24	Η24	1.000000	3547	Κρῶς	0.500000	0.500000	ηρω	ηρω
136723	Ἡσιονία	6	meineke_page_329.jpg	329	9887	ocr	OCR from image meineke_page_329.jpg (id=1501)	ca84231299232cf99dc0887999d38d7842d4beee1c2393b77e652cae10c9a901	19534	Ἠσιονία	25	Η25	1.000000	8960	Μαιονία	0.714286	0.285714	ησιονια	ησιονια
136724	Ἡσαῖος	7	meineke_page_329.jpg	329	9888	ocr	OCR from image meineke_page_329.jpg (id=1501)	821a3991fb841aaa2586abcea1c0659ba32c6c9bd65d58a1a544a02d5cd0b4b2	19528	Ἥραιον	19	Η19	0.666667	19535	Ἠσσός	0.666667	0.000000	ησαιοσ	ηραιον
136726	Ἡφαιστίδαι	2	meineke_page_330.jpg	330	9890	ocr	OCR from image meineke_page_330.jpg (id=1502)	c0d5f61eea3fbcc8dd3ac1725bf85a8a121d99d84421e84d58da4d4394458d14	19537	Ἡφαιστιάδαι	28	Η28	0.909091	20773	Ἡφαιστία	0.800000	0.109091	ηφαιστιδαι	ηφαιστιαδαι
136727	Ἡφαιστίαις	3	meineke_page_330.jpg	330	9891	ocr	OCR from image meineke_page_330.jpg (id=1502)	69bf2f8f3b7d3e9a6d4878a6d841f0e7a6237fca48d673c9bbbbcba3502da5bb	20773	Ἡφαιστία	29	Η29	0.800000	19537	Ἡφαιστιάδαι	0.727273	0.072727	ηφαιστιαισ	ηφαιστια
136728	Ἡφαιστοῦ νῆσοι	4	meineke_page_330.jpg	330	9892	ocr	OCR from image meineke_page_330.jpg (id=1502)	9563bf0b95618c5dd22a790cb740ad22a4f1ed7ccad913242e7730e6de875dfb	20774	Ἡφαίστου νῆσοι	30	Η30	1.000000	19537	Ἡφαιστιάδαι	0.538462	0.461538	ηφαιστουνησοι	ηφαιστουνησοι
136729	Θαλάμαι	1	meineke_page_331.jpg	331	9893	ocr	OCR from image meineke_page_331.jpg (id=1503)	8d00ec0622a1328312275efc4d38cb5ddeee1957e18506600c3b83ae1a9acee4	22090	Θαλάμαι	1	Θ1	1.000000	2082	Καλάμαι	0.857143	0.142857	θαλαμαι	θαλαμαι
136730	Θαυμακία		meineke_page_332.jpg	332	9894	ocr	OCR from image meineke_page_332.jpg (id=1504)	d6402231c3d77f5e62a5bf72176875f4c514e7b2ef85648a6dcceea79ccb80b7	20776	Θαυμακία	9	Θ9	1.000000	20777	Θαυμάσιον	0.666667	0.333333	θαυμακια	θαυμακια
136731	Θαυμασίον		meineke_page_332.jpg	332	9895	ocr	OCR from image meineke_page_332.jpg (id=1504)	1f7cf3f8b90e8145944f3bc19332b6d629c38a96f29fe14e55a1e7b6c3f6df5f	20777	Θαυμάσιον	10	Θ10	1.000000	9016	Μαρμάριον	0.666667	0.333333	θαυμασιον	θαυμασιον
136732	Θάψακος		meineke_page_332.jpg	332	9896	ocr	OCR from image meineke_page_332.jpg (id=1504)	850573666a179cf323c88b65e278e7fd9ce0b3decdb0bbc12004efa20e762902	20778	Θάψακος	11	Θ11	1.000000	8030	Λάμψακος	0.750000	0.250000	θαψακοσ	θαψακοσ
136733	Θαψῖπολις		meineke_page_332.jpg	332	9897	ocr	OCR from image meineke_page_332.jpg (id=1504)	eead810d75a4cabb634e9f4252e742294e3f3a9b06248a61d7c345e987852a69	20779	Θαψίπολις	12	Θ12	1.000000	2328	Καλλίπολις	0.700000	0.300000	θαψιπολισ	θαψιπολισ
136734	Θάψος		meineke_page_333.jpg	333	9898	ocr	OCR from image meineke_page_333.jpg (id=1505)	225e018f58b4ecdd59cb02bd224b62e506d150c1fbba0ce98baa9a5db633cbd0	20780	Θάψος	13	Θ13	1.000000	20775	Θάσος	0.800000	0.200000	θαψοσ	θαψοσ
136735	Θέα		meineke_page_333.jpg	333	9899	ocr	OCR from image meineke_page_333.jpg (id=1505)	07512b3a9b9aafe4a6968a24d7dd9a577679ee5e80ae3321c87087aec38e838d	20781	Θέα	14	Θ14	1.000000	121805	Γέα	0.666667	0.333333	θεα	θεα
136736	Θεάγγελα		meineke_page_333.jpg	333	9900	ocr	OCR from image meineke_page_333.jpg (id=1505)	19e6c1a24cd5ca26f404b14559aa6774aeac2597bcc1ac156cd6a76bd3827560	20782	Θεάγγελα	15	Θ15	1.000000	39897	Σουάγγελα	0.666667	0.333333	θεαγγελα	θεαγγελα
136737	Θεβηγά		meineke_page_333.jpg	333	9901	ocr	OCR from image meineke_page_333.jpg (id=1505)	6d53859cfc72c5cfb6d422663653ffa8c1f172afc9f213eb143dcb8a4552c852	20783	Θεβηθά	16	Θ16	0.833333	3090	Κεβρηνία	0.500000	0.333333	θεβηγα	θεβηθα
136738	Θεισόα		meineke_page_333.jpg	333	9902	ocr	OCR from image meineke_page_333.jpg (id=1505)	fe2e6ec53b253abf8e5b7097ad09df6f7079a373825db1ba94fc7106d3cf0549	20784	Θεισόα	17	Θ17	1.000000	9643	Μεσσόα	0.666667	0.333333	θεισοα	θεισοα
136740	Θεμβρεύμος		meineke_page_333.jpg	333	9904	ocr	OCR from image meineke_page_333.jpg (id=1505)	85d8de257d6e54f1cc99340e703463832bedc09e06af830fa817dbc6567cffab	20786	Θεμβρίμος	19	Θ19	0.800000	20796	Θέρμος	0.600000	0.200000	θεμβρευμοσ	θεμβριμοσ
136741	Θεμισχῦρα		meineke_page_333.jpg	333	9905	ocr	OCR from image meineke_page_333.jpg (id=1505)	ce3a49b8a6fcbb71fb86c7547cd628103703d3f227dc249f6142b5d9d6c7082e	20787	Θεμίσκυρα	20	Θ20	0.888889	10299	Μίσκερα	0.555556	0.333333	θεμισχυρα	θεμισκυρα
136742	Θεμισσός	1	meineke_page_334.jpg	334	9906	ocr	OCR from image meineke_page_334.jpg (id=1506)	1a7fc5d80b9cafe43f1388c6ed27539b8dbb280d54703fac37c4e8e7fec64bb2	20788	Θεμισσός	21	Θ21	1.000000	46444	Τελμισσός	0.777778	0.222222	θεμισσοσ	θεμισσοσ
136743	Θεμισσύνιον	2	meineke_page_334.jpg	334	9907	ocr	OCR from image meineke_page_334.jpg (id=1506)	2d56ed4bd15a15aa020e83da9c2307218f56efffffa72148b3882b3e7aab36a1	20789	Θεμισώνιον	22	Θ22	0.818182	20788	Θεμισσός	0.636364	0.181818	θεμισσυνιον	θεμισωνιον
136744	Θεναι	3	meineke_page_334.jpg	334	9908	ocr	OCR from image meineke_page_334.jpg (id=1506)	27aa699b436c96f4b157d4d7fbec6ced19ec115357d243cb4c0bd7c4a774a8b5	20790	Θεναί	23	Θ23	1.000000	9619	Μεναί	0.800000	0.200000	θεναι	θεναι
136745	Θευδοσία	4	meineke_page_334.jpg	334	9909	ocr	OCR from image meineke_page_334.jpg (id=1506)	3482f0280d9d1d1e8ccea239dccc2cc09286c6f378eecf6873ce9e84edfa6937	20791	Θευδοσία	24	Θ24	1.000000	18272	Εὔβοια	0.625000	0.375000	θευδοσια	θευδοσια
136746	Θευπόλις	5	meineke_page_334.jpg	334	9910	ocr	OCR from image meineke_page_334.jpg (id=1506)	c4077a1bfe63ada361c9f10b68c92287b61de6018bee87bb6af3844f4d8a6ae9	20792	Θεούπολις	25	Θ25	0.888889	11087	Νεάπολις	0.750000	0.138889	θευπολισ	θεουπολισ
136747	Θεράπναι	6	meineke_page_334.jpg	334	9911	ocr	OCR from image meineke_page_334.jpg (id=1506)	c216d50dbb0ea1b4b9300c63e211a926eb66c3b3d12273e8bee7819b45a67e91	20793	Θεράπναι	26	Θ26	1.000000	9600	Μελαιναί	0.625000	0.375000	θεραπναι	θεραπναι
136748	Θέφανα	7	meineke_page_334.jpg	334	9912	ocr	OCR from image meineke_page_334.jpg (id=1506)	a5246b5b111036c0c2e0035d5f3335dfbb3d6c9c5b435d01ff003712dd4f7178	20793	Θεράπναι	26	Θ26	0.625000	20825	Θρύανδα	0.571429	0.053571	θεφανα	θεραπναι
136749	Θέφηνη	8	meineke_page_334.jpg	334	9913	ocr	OCR from image meineke_page_334.jpg (id=1506)	0e7037cc1bdd5060fe482534509d43ecc0de36f9654ea9165456021e4da3fd52	11924	Ξιφήνη	8	Ξ8	0.666667	20798	Θέρνη	0.666667	0.000000	θεφηνη	ξιφηνη
136750	Θέμος		meineke_page_335.jpg	335	9914	ocr	OCR from image meineke_page_335.jpg (id=1507)	bc52fd07abebb2a97a2e04153e1405f7f93458af8cedf36d7a1172edb1a3889b	20796	Θέρμος	29	Θ29	0.833333	20788	Θεμισσός	0.625000	0.208333	θεμοσ	θερμοσ
136751	Θέρμυθα		meineke_page_335.jpg	335	9915	ocr	OCR from image meineke_page_335.jpg (id=1507)	b29ee4dc679bcf3ae92db9da9fb962712df4b527af434aa008befb2fccbfe3b1	20797	Θέρμυδρα	30	Θ30	0.750000	20794	Θέρμα	0.714286	0.035714	θερμυθα	θερμυδρα
136752	Θέρνη		meineke_page_335.jpg	335	9916	ocr	OCR from image meineke_page_335.jpg (id=1507)	90859f941e73a3825d8b1987aee03a4b6358b3584b0c3f71907a959c2851c3bc	20798	Θέρνη	31	Θ31	1.000000	20795	Θέρμη	0.800000	0.200000	θερνη	θερνη
136753	Θεράπται		meineke_page_335.jpg	335	9917	ocr	OCR from image meineke_page_335.jpg (id=1507)	79972723872a9ba2bb3cbd441f11e64eb0c5e9e95bc118c6097d74540575649b	20793	Θεράπναι	26	Θ26	0.875000	20799	Θερσῖται	0.750000	0.125000	θεραπται	θεραπναι
136754	Θέσπεια		meineke_page_335.jpg	335	9918	ocr	OCR from image meineke_page_335.jpg (id=1507)	2e4c2122d33f8a9fb2e83a778885a153b2d16d6f6885fd65b561e045dd0bde40	20800	Θέσπεια	33	Θ33	1.000000	18263	Ἑσπερία	0.714286	0.285714	θεσπεια	θεσπεια
136755	Θεσπρωτία		meineke_page_335.jpg	335	9919	ocr	OCR from image meineke_page_335.jpg (id=1507)	e1d717b5ef2cad339a266d7a1f0db11a888b83b437a2af950cee0930cfa7b76c	20801	Θεσπρωτία	34	Θ34	1.000000	20800	Θέσπεια	0.666667	0.333333	θεσπρωτια	θεσπρωτια
136757	Θετταλικόν πέπλον		meineke_page_336.jpg	336	9921	ocr	OCR from image meineke_page_336.jpg (id=1508)	83363d21e15de9f018edd1a0b2e159641bed81faa17b0d13a18f2c1a53ef0754	11108	Νησαῖον πεδίον	47	Ν47	0.500000	30164	Ῥάριον πεδίον	0.500000	0.000000	θετταλικονπεπλον	νησαιονπεδιον
136758	λιππος Θεσσαλίµενος κόρην εὐπρεπῆ καὶ εὐγενῆ (Ἰάσονος γὰρ		meineke_page_337.jpg	337	9922	ocr	OCR from image meineke_page_337.jpg (id=1509)	70dd4037c2f4c74992f879fe029978d1f831dcc68fb6daaf31bc8cf977f003e8	17040	Ἑλληνικόν καὶ Καρικόν	64	Ε63	0.244898	26735	Περκώτη καὶ Παλαιπερκώτη, πόλις Τρῳάδος. ὁ πολίτης Περκώσιος καὶ τοῦ Παλαιπερκώτη τὸ ἐθνικὸν Παλαιπερκώσιος.	0.228261	0.016637	λιπποσθεσσαλιμενοσκορηνευπρεπηκαιευγενηιασονοσγαρ	ελληνικονκαικαρικον
136759	Θεστίδιον		meineke_page_337.jpg	337	9923	ocr	OCR from image meineke_page_337.jpg (id=1509)	aa1f7b6db8745c6f0fed9394d955b8f2ad1966d5f3944ea48ef588cf78507934	20805	Θεστίδειον	38	Θ37	0.900000	37793	Σεσίνδιον	0.666667	0.233333	θεστιδιον	θεστιδειον
136760	Θέστις		meineke_page_337.jpg	337	9924	ocr	OCR from image meineke_page_337.jpg (id=1509)	0737979c29b71c45dba0b529ea1a398b4765e9a21232827885e9e726958f18de	20806	Θέστις	39	Θ38	1.000000	11098	Νέστος	0.666667	0.333333	θεστισ	θεστισ
136761	Θέστωρος		meineke_page_337.jpg	337	9925	ocr	OCR from image meineke_page_337.jpg (id=1509)	88709802bed76fe8bcb0436c574ca249a69f93bc5eacc8920d4a8ae5f3e10f35	20804	Θέστωρος	37	Θ39	1.000000	7258	Κύτωρος	0.625000	0.375000	θεστωροσ	θεστωροσ
136762	Θήβη		meineke_page_337.jpg	337	9926	ocr	OCR from image meineke_page_337.jpg (id=1509)	03c2143cd3a6379ae93954480e3a4a590c7d9178adf2fe5ec8a8209052cfee3b	20807	Θήβη	40	Θ40	1.000000	20811	Θίσβη	0.600000	0.400000	θηβη	θηβη
136763	Θηβαῖος		meineke_page_338.jpg	338	9927	ocr	OCR from image meineke_page_338.jpg (id=1510)	391634b24bd99ac3a5ed5dcd096bf6a894fe6ec6390b2c53b66ddecc40fda438	22131	Θημακός	42	Θ42	0.714286	22134	Θιβαΐς	0.714286	0.000000	θηβαιοσ	θημακοσ
136766	Θῆρα		meineke_page_338.jpg	338	9930	ocr	OCR from image meineke_page_338.jpg (id=1510)	9bf04a5471432201a6c3f3346d968f528dbc1ec8eb9dc124dd846d997096b51e	22132	Θήρα	43	Θ43	1.000000	11922	Ξήρα	0.750000	0.250000	θηρα	θηρα
136767	Θιβαΐς	1	meineke_page_339.jpg	339	9931	ocr	OCR from image meineke_page_339.jpg (id=1511)	74cec4e29aee4291d6442257ed6c46ed7f78dda86a00eca48529f61f79c1c642	22134	Θιβαΐς	45	Θ45	1.000000	11882	Νίβις	0.666667	0.333333	θιβαισ	θιβαισ
136768	Θίβρος	2	meineke_page_339.jpg	339	9932	ocr	OCR from image meineke_page_339.jpg (id=1511)	a5d61d448d1cfa175b3a13165a2fa7ccebf017df7b0e272db59d024d25ae1340	22135	Θίβρος	46	Θ46	1.000000	22134	Θιβαΐς	0.666667	0.333333	θιβροσ	θιβροσ
136769	Θίγγη	3	meineke_page_339.jpg	339	9933	ocr	OCR from image meineke_page_339.jpg (id=1511)	2e7825dbe601d8103dceaf0872a4595271826c1185e76457dc2c803833e8867c	20809	Θίγγη	47	Θ47	1.000000	20822	Θρίγκη	0.666667	0.333333	θιγγη	θιγγη
136770	Θίς	4	meineke_page_339.jpg	339	9934	ocr	OCR from image meineke_page_339.jpg (id=1511)	77dbb8e6cd0acb32e84f8327c1a1a6328b20ec3996c05985c9c60930835de8d4	20810	Θίς	48	Θ48	1.000000	23647	Ἴς	0.666667	0.333333	θισ	θισ
136771	Θίβαρη	5	meineke_page_339.jpg	339	9935	ocr	OCR from image meineke_page_339.jpg (id=1511)	bd826205aa74a2ea2998293405f1d6d1998c8830518cd41f3f25bc1a574b9546	22134	Θιβαΐς	45	Θ45	0.666667	48681	Τιβαρηνία	0.555556	0.111111	θιβαρη	θιβαισ
136772	Ἰσημνίας		meineke_page_340.jpg	340	9936	ocr	OCR from image meineke_page_340.jpg (id=1512)	c89bd3d8566b8991faacd665402d151f24e07d48b59c498f0c2b6eb6d1e23ea4	22180	Ἰάμνια	9	Ι9	0.625000	23657	Ἱσπανίαι	0.625000	0.000000	ισημνιασ	ιαμνια
136773	Αθωμιδησ	1	meineke_page_341.jpg	341	9937	ocr	OCR from image meineke_page_341.jpg (id=1513)	76e32cbe0fb563b28bcf5c3dd381a1defec3dcfc714a2edf6f4aa7afc316a991	85714	Ἀξουμίτης	346	Α346	0.555556	20843	Θῶνις	0.500000	0.055556	αθωμιδησ	αξουμιτησ
136774	Θρεκεισ- / Θρεκηισ-		meineke_page_342.jpg	342	9938	ocr	OCR from image meineke_page_342.jpg (id=1514)	6b38d34c3f245e2ba715cd7cb396b5532884acbbe2e72b1f816ab725d75f398d	2079	Καισάρεια	16	Κ16	0.428571	11094	Νεοκαισάρεια	0.428571	0.000000	θρεκεισθρεκηισ	καισαρεια
136775	Θριων		meineke_page_343.jpg	343	9939	ocr	OCR from image meineke_page_343.jpg (id=1515)	f14cc45b7b4842ff00fdd99eaa6b969e4ffed6e88c830d01e79e604c9ace56f1	14878	Δριλών	130	Δ130	0.666667	3530	Κριώα	0.600000	0.066667	θριων	δριλων
136776	Θυάτειρα	1	meineke_page_344.jpg	344	9940	ocr	OCR from image meineke_page_344.jpg (id=1516)	9280e8d354d3ac9dbf4b4a466a764a13cac467c290b6cb17c6b2ca8c8885ef64	20828	Θυάτειρα	66	Θ66	1.000000	28367	Πλατεῖα	0.625000	0.375000	θυατειρα	θυατειρα
136777	Θυέλα	2	meineke_page_344.jpg	344	9941	ocr	OCR from image meineke_page_344.jpg (id=1516)	c66df3f1bd2ed2d11be0c8dbe05e1b463f0e8e04f6d5a4b77f3366ea294363f7	20829	Θυέλα	67	Θ67	1.000000	7261	Κύψελα	0.666667	0.333333	θυελα	θυελα
136778	Θυεσσός	3	meineke_page_344.jpg	344	9942	ocr	OCR from image meineke_page_344.jpg (id=1516)	b1b1ad9221b164792c992489c1c3ce237c9c9c81c24bc0adc1c31a3f08bb0d60	20830	Θυεσσός	68	Θ68	1.000000	42012	Συασσός	0.714286	0.285714	θυεσσοσ	θυεσσοσ
136779	Θυμαϊτάδαι	4	meineke_page_344.jpg	344	9943	ocr	OCR from image meineke_page_344.jpg (id=1516)	57c461bb6fc4851ac7812e3fa38b1f4d00ab731077c4f89fa9e87dab19e4f814	20831	Θυμαιτάδαι	69	Θ69	1.000000	3556	Κυδαντίδαι	0.600000	0.400000	θυμαιταδαι	θυμαιταδαι
136780	Θύμβρα	5	meineke_page_344.jpg	344	9944	ocr	OCR from image meineke_page_344.jpg (id=1516)	fe5304d5967c8e1f9cbcc95ac9a9b6199338e28981bb02996adb78cb43280f24	20832	Θύμβρα	70	Θ70	1.000000	61133	Ἄθυμβρα	0.857143	0.142857	θυμβρα	θυμβρα
136781	Θύμβραρα	6	meineke_page_344.jpg	344	9945	ocr	OCR from image meineke_page_344.jpg (id=1516)	7b68b9e4d6a3313fbac5f98af8294ca25cd3baa76276b5e87f128a2de1e877a9	20833	Θύμβραρα	71	Θ71	1.000000	20832	Θύμβρα	0.750000	0.250000	θυμβραρα	θυμβραρα
136782	Ξενοφῶν	1	meineke_page_345.jpg	345	9946	ocr	OCR from image meineke_page_345.jpg (id=1517)	9f9c6126d7b381bcc1982f52ba890ff5e5d42f99cc06b4088b7c774bf24785fc	48713	Τολοφών	149	Τ149	0.571429	11920	Ξενέφυρις	0.444444	0.126984	ξενοφων	τολοφων
136783	Θώας		meineke_page_346.jpg	346	9947	ocr	OCR from image meineke_page_346.jpg (id=1518)	46c517c6b3f7018db60e68baa812edc9c0cae1a654ae71b62f4985762809a9c4	20843	Θῶνις	81	Θ81	0.600000	20844	Θώραξ	0.600000	0.000000	θωασ	θωνισ
136785	Ἰαγβούατις		meineke_page_346.jpg	346	9949	ocr	OCR from image meineke_page_346.jpg (id=1518)	2d49265d36c2396fabb02787b0bfafd73bcb2ae83c9c0fb221e99b24dd23ea42	20846	Ἰαγξούατις	2	Ι2	0.900000	3510	Κράμβουτις	0.600000	0.300000	ιαγβουατισ	ιαγξουατισ
136786	Ἰαζαβᾶται		meineke_page_346.jpg	346	9950	ocr	OCR from image meineke_page_346.jpg (id=1518)	51c508bad25d0c0eda3d78890495384f2f183884c3a1d891902b35e6c9910346	20847	Ἰαζαβάται	3	Ι3	1.000000	23623	Ἰξιβάται	0.666667	0.333333	ιαζαβαται	ιαζαβαται
136787	Ἰάγυρες		meineke_page_346.jpg	346	9951	ocr	OCR from image meineke_page_346.jpg (id=1518)	48b7d0473a1193b74105a5e04df2192f7a2b6310a37a5f3a7b39871fc6c8e9b8	8431	Λίγυρες	61	Λ61	0.714286	20848	Ἰάζυγες	0.714286	0.000000	ιαγυρεσ	λιγυρεσ
136789	Ἰατία		meineke_page_346.jpg	346	9953	ocr	OCR from image meineke_page_346.jpg (id=1518)	bf80d37aa7109809e6549454fac1a5babdc58389365272239faca6ce5373912a	20850	Ἰαιτία	6	Ι6	0.833333	22220	Ἰλαττία	0.714286	0.119048	ιατια	ιαιτια
136790	Ἰαλινούς		meineke_page_346.jpg	346	9954	ocr	OCR from image meineke_page_346.jpg (id=1518)	466ffa0d906c0de6cb5f1108d4353744ff3ac486f8d6788d4ea43f78ccf21e0f	37783	Σελινοῦς	104	Σ104	0.750000	80235	Ἁλιμοῦς	0.750000	0.000000	ιαλινουσ	σελινουσ
136791	Ἰάμαμ		meineke_page_346.jpg	346	9955	ocr	OCR from image meineke_page_346.jpg (id=1518)	45262201ad2e61c93ed6c84019ef27e93356bbe71521ea34742e8343543a609d	20852	Ἰάμαι	8	Ι8	0.800000	22181	Ἴαμοι	0.600000	0.200000	ιαμαμ	ιαμαι
136793	Ἴαμνος (Ἴαμναι)	1	meineke_page_347.jpg	347	9957	ocr	OCR from image meineke_page_347.jpg (id=1519)	3e3d5eacc055a19019654b168441bd706c98bb3154fa15768c11cd6ee709f4b2	3290	Κοσίανα	182	Κ182	0.500000	22180	Ἰάμνια	0.500000	0.000000	ιαμνοσιαμναι	κοσιανα
136794	Ἴαμις	2	meineke_page_347.jpg	347	9958	ocr	OCR from image meineke_page_347.jpg (id=1519)	ef864829cf9be60021917cab841c5c58ad6994a70b94dd43c969a500e71a1761	20845	Ἴαβις	1	Ι1	0.800000	22182	Ἰαπίς	0.800000	0.000000	ιαμισ	ιαβισ
136795	Ἰάποδες	3	meineke_page_347.jpg	347	9959	ocr	OCR from image meineke_page_347.jpg (id=1519)	475609b770f99cee07bdfd76344c2b0c4b0c618963293b8466f25926e1cb6e8a	22183	Ἰάποδες	12	Ι12	1.000000	39853	Σκιάποδες	0.777778	0.222222	ιαποδεσ	ιαποδεσ
136796	Ἰαπυγία	4	meineke_page_347.jpg	347	9960	ocr	OCR from image meineke_page_347.jpg (id=1519)	473967830b2ee20633a35da154cf6b9a7427b35fefec6a407cfea9fc97d3501b	22184	Ἰαπυγία	13	Ι13	1.000000	2472	Καπύα	0.571429	0.428571	ιαπυγια	ιαπυγια
136797	Ἰαφθάνος	5	meineke_page_347.jpg	347	9961	ocr	OCR from image meineke_page_347.jpg (id=1519)	bb015297514531a41b23e72aa655e7dc19a2e7e852ef8f2653b0436ff04d7421	22185	Ἰάρδανος	14	Ι14	0.750000	2462	Κάντανος	0.625000	0.125000	ιαφθανοσ	ιαρδανοσ
136798	Ἴας	6	meineke_page_347.jpg	347	9962	ocr	OCR from image meineke_page_347.jpg (id=1519)	dcb2c8c3eb5c349e3adfe745e847bc127de469dd925d482fb3480c5a4fd52866	22186	Ἰάς	15	Ι15	1.000000	14822	Διάς	0.750000	0.250000	ιασ	ιασ
136799	Ἴασος (πόλις Καρίας)	7	meineke_page_347.jpg	347	9963	ocr	OCR from image meineke_page_347.jpg (id=1519)	e508394191315f6b21aa7988f536851f5838b095ccb6cf96916d9283973539e6	2495	Καρόπολις	93	Κ93	0.437500	14841	Διοσκουριάς	0.437500	0.000000	ιασοσπολισκαριασ	καροπολισ
136800	Ἴασον	1	meineke_page_348.jpg	348	9964	ocr	OCR from image meineke_page_348.jpg (id=1520)	54f08f28541ffa80a39b8aca2879fa2ade62424402058dfff4a296659111fa03	22187	Ἴασος	16	Ι16	0.800000	2605	Κάσιον	0.666667	0.133333	ιασον	ιασοσ
136802	Ἰβηρία	3	meineke_page_348.jpg	348	19268	ocr	OCR from image meineke_page_349.jpg (id=1521)	992d2f979b7f49f3ea15d5df7bcddabcb6ab71fc1dfcd4b4b2c4269029d5a261	22214	Ἰκαρία	44	Ι44	0.666667	23664	Ἰστρία	0.666667	0.000000	ιβηρια	ικαρια
136804	εὐθεία		meineke_page_350.jpg	350	9968	ocr	OCR from image meineke_page_350.jpg (id=1522)	403aef044e5e3d2f45533a83c264748cf8a51be158bdf0f5552048a2d63bc2aa	17103	Ἐρύθεια	127	Ε127	0.857143	18273	Εὔγεια	0.833333	0.023810	ευθεια	ερυθεια
136805	Ἰβύλλα	1	meineke_page_351.jpg	351	9969	ocr	OCR from image meineke_page_351.jpg (id=1523)	df8ad0491fbbd875a01ec1efba6533887a7da26b0a77cbc3e232182029054376	22191	Ἴβυλλα	20	Ι20	1.000000	61059	Ἄβολλα	0.666667	0.333333	ιβυλλα	ιβυλλα
136806	Ἴγγη	2	meineke_page_351.jpg	351	9970	ocr	OCR from image meineke_page_351.jpg (id=1523)	7b0c638750daf4682a776c24773e978d10a0af62d4d7e61085913ccd6a75a3bc	20809	Θίγγη	47	Θ47	0.800000	22192	Ἴγνη	0.750000	0.050000	ιγγη	θιγγη
136807	Ἰγνῆται	3	meineke_page_351.jpg	351	9971	ocr	OCR from image meineke_page_351.jpg (id=1523)	bcdf76a0196d26e9fccd1a16f944ea7f49d36c3bdd13c71a2beeccd996635ad1	22193	Ἴγνητες	22	Ι22	0.714286	14817	Διαβῆται	0.625000	0.089286	ιγνηται	ιγνητεσ
136808	Ἰδάλιον	4	meineke_page_351.jpg	351	9972	ocr	OCR from image meineke_page_351.jpg (id=1523)	489d68b6e44177ff7b2a8e15ef63f96826344bc8a4f4595b5c5d6e69e2f5cd58	22194	Ἰδάλιον	23	Ι23	1.000000	10283	Μιδάειον	0.750000	0.250000	ιδαλιον	ιδαλιον
136810	Ἰδομεναί	6	meineke_page_351.jpg	351	9974	ocr	OCR from image meineke_page_351.jpg (id=1523)	ece09bce327b9a49d2bb1a173854a3484ac34ea62467c6365807d475feb1598e	22196	Ἰδομεναί	25	Ι25	1.000000	10297	Μισγομεναί	0.700000	0.300000	ιδομεναι	ιδομεναι
136812	Ἰδέαις	8	meineke_page_351.jpg	351	9976	ocr	OCR from image meineke_page_351.jpg (id=1523)	e15482cc6096a7b935725dbcd427158a07e6cfdb10aec38b506348e19c7648fe	2781	Δάαι	1	Δ1	0.500000	10284	Μίδεια	0.500000	0.000000	ιδεαισ	δααι
136815	Ἰρεά κώμη	2	meineke_page_352.jpg	352	9979	ocr	OCR from image meineke_page_352.jpg (id=1524)	83ce303e6dbff123288bcb7c08bcb306929a8cdcb34d2a8b129cb258a2129f9b	22201	Ἱερὰ κώμη	30	Ι30	0.750000	23641	Ἵππου κώμη	0.555556	0.194444	ιρεακωμη	ιερακωμη
136816	Ἰρεαμαί	3	meineke_page_352.jpg	352	9980	ocr	OCR from image meineke_page_352.jpg (id=1524)	d118184a35dd9061a6439db4bf02640585d94d5c4204d4ea5f8e47d934a0b3d8	20852	Ἰάμαι	8	Ι8	0.714286	22202	Ἰεραμαί	0.714286	0.000000	ιρεαμαι	ιαμαι
136817	Ἰρεα νῆσος	4	meineke_page_352.jpg	352	9981	ocr	OCR from image meineke_page_352.jpg (id=1524)	cdd7101ec17489a0253ef4bf05748e081de671395bbb7ae301c54b2593a235fc	99802	Ἄρεος νῆσος	413	Α413	0.700000	23636	Ἱππόνησος	0.666667	0.033333	ιρεανησοσ	αρεοσνησοσ
136818	Ἰρεάπολις	5	meineke_page_352.jpg	352	9982	ocr	OCR from image meineke_page_352.jpg (id=1524)	aaa1d7e63c219d64e2ff73537675f01596bcb938cc9032d7ffc2c090e0a6054d	11087	Νεάπολις	26	Ν26	0.777778	22203	Ἱερὰ πόλις	0.777778	0.000000	ιρεαπολισ	νεαπολισ
136819	Καφίας	1	meineke_page_353.jpg	353	9983	ocr	OCR from image meineke_page_353.jpg (id=1525)	8d909cef6c21b419a1fa148b6df3cd6558f0bf5e0eefd4af023534a3335ffaeb	2484	Καρία	82	Κ82	0.666667	3087	Καφύαι	0.666667	0.000000	καφιασ	καρια
136820	Ἱεπάπνυτα	2	meineke_page_353.jpg	353	9984	ocr	OCR from image meineke_page_353.jpg (id=1525)	6fa41995dadfbf67d48674002119da52a0a78761af3b6d381e887a2c4dd57080	22205	Ἱεράπυτνα	35	Ι34	0.666667	23632	Ἵπανα	0.555556	0.111111	ιεπαπνυτα	ιεραπυτνα
136821	Ἱέρασα	3	meineke_page_353.jpg	353	9985	ocr	OCR from image meineke_page_353.jpg (id=1525)	b9499b7417333da03f12f8ecdf3595ba27c1939661d376077c3f89a1ef785ae2	22204	Ἰέρασα	34	Ι35	1.000000	23645	Ἴρασα	0.833333	0.166667	ιερασα	ιερασα
136822	Ἱεραφῆ	4	meineke_page_353.jpg	353	9986	ocr	OCR from image meineke_page_353.jpg (id=1525)	15da164e7a921783bb0330724bfcdfb1fe1ef57e12cd2b261bbd78e9015168eb	22206	Ἱεράφη	36	Ι36	1.000000	22204	Ἰέρασα	0.666667	0.333333	ιεραφη	ιεραφη
136824	Ἴερη	6	meineke_page_353.jpg	353	9988	ocr	OCR from image meineke_page_353.jpg (id=1525)	5d94a139a93b674f4fcd6710cc1e0b52297962010ec66898a3529896f1537bb3	22208	Ἰέρνη	38	Ι38	0.800000	22206	Ἱεράφη	0.666667	0.133333	ιερη	ιερνη
136825	Ἱερός κόλπος	7	meineke_page_353.jpg	353	9989	ocr	OCR from image meineke_page_353.jpg (id=1525)	8bad6dd1dab10afe641ba15de1d6dbd6488e00e5b2e9473a70534ce33ae0c819	22209	Ἱερὸς κόλπος	39	Ι39	1.000000	22210	Ἱεροσόλυμα	0.636364	0.363636	ιεροσκολποσ	ιεροσκολποσ
136826	Ἱεροσόλυμα	8	meineke_page_353.jpg	353	9990	ocr	OCR from image meineke_page_353.jpg (id=1525)	08cfe0d44101758175d5b829355cc4d36c62976da6a7b434640dba5cbc0e19f2	22210	Ἱεροσόλυμα	40	Ι40	1.000000	22209	Ἱερὸς κόλπος	0.636364	0.363636	ιεροσολυμα	ιεροσολυμα
136827	Ἰθάκη	9	meineke_page_353.jpg	353	15896	ocr	OCR from image meineke_page_353.jpg (id=1525)	7ed5d8f94863dd3c247578fa19696b313d7352831a66dca1d9e94ead9ab12cb1	22212	Ἰθάκη	42	Ι42	1.000000	37820	Σιδάκη	0.666667	0.333333	ιθακη	ιθακη
136828	Ἰθώμη		meineke_page_354.jpg	354	9992	ocr	OCR from image meineke_page_354.jpg (id=1526)	a1706c37da0aff3a8aa2c72030583185b27f66702dabd613579dbaeef01a27c3	22213	Ἰθώμη	43	Ι43	1.000000	7266	Κώμη	0.600000	0.400000	ιθωμη	ιθωμη
136829	Ἰκαρία		meineke_page_354.jpg	354	9993	ocr	OCR from image meineke_page_354.jpg (id=1526)	986636546054d45199dfaae6198de164a212bf5d0c5f798f7cb162be6b33c201	22214	Ἰκαρία	44	Ι44	1.000000	2484	Καρία	0.833333	0.166667	ικαρια	ικαρια
136831	Ἰκόνιον		meineke_page_354.jpg	354	9995	ocr	OCR from image meineke_page_354.jpg (id=1526)	6218064f5f217d661632882a22fecfe3f98f27d8cdf83f92e938bc55d53823eb	22216	Ἰκόνιον	46	Ι46	1.000000	61213	Ἀκόντιον	0.750000	0.250000	ικονιον	ικονιον
136833	Ἴλαρος		meineke_page_355.jpg	355	9997	ocr	OCR from image meineke_page_355.jpg (id=1527)	2bb1aaca29effa143eab8ac63fae02e8b879035b6f98460965ed67f8f9e49b0c	22215	Ἴκαρος	45	Ι45	0.833333	22219	Ἴλαρις	0.833333	0.000000	ιλαροσ	ικαροσ
136834	Ἴλαττία		meineke_page_355.jpg	355	9998	ocr	OCR from image meineke_page_355.jpg (id=1527)	00ea127ff5d4facf7f6e5f14606a053cab161b870fc8318fb908799b74b983aa	22220	Ἰλαττία	50	Ι50	1.000000	20850	Ἰαιτία	0.714286	0.285714	ιλαττια	ιλαττια
136835	Ἴλεγδα		meineke_page_355.jpg	355	9999	ocr	OCR from image meineke_page_355.jpg (id=1527)	2229bd718caa67034f1fc92a109c4a688e47bb8c94a756be4725568e57fecf2e	22221	Ἴλερδα	51	Ι51	0.833333	135428	Φλέγρα	0.666667	0.166667	ιλεγδα	ιλερδα
136837	'Ιναχία		meineke_page_356.jpg	356	10002	ocr	OCR from image meineke_page_356.jpg (id=1528)	3670e1a906310a6a1ad8e11844019d56327459bc6246bd0293b0202bf75c6a88	22231	Ἰναχία	61	Ι61	1.000000	11069	Ναξία	0.666667	0.333333	ιναχια	ιναχια
136845	Ἴναχος		meineke_page_357.jpg	357	15901	ocr	OCR from image meineke_page_357.jpg (id=1529)	295eec8e9e23986a6d40ab27841fa73d22d13bf74337bc348b679c08b53dbb6f	11070	Νάξος	9	Ν9	0.666667	22187	Ἴασος	0.666667	0.000000	ιναχοσ	ναξοσ
136846	Ἴδασσα		meineke_page_357.jpg	357	10004	ocr	OCR from image meineke_page_357.jpg (id=1529)	7d92b5b39dc459665b38abfabb70e88bad4eeba52d7548b25bb542879b9f4a2b	23645	Ἴρασα	93	Ι93	0.666667	23658	Ἴσσα	0.666667	0.000000	ιδασσα	ιρασα
136847	Ἰνδικὴ		meineke_page_357.jpg	357	10005	ocr	OCR from image meineke_page_357.jpg (id=1529)	b427655048b15155c9734f467c2b3c7b6442504c541716319e515bbf7fc4d729	22233	Ἰνδική	63	Ι63	1.000000	48695	Τίνδιον	0.571429	0.428571	ινδικη	ινδικη
136848	Ἰνδός		meineke_page_357.jpg	357	10006	ocr	OCR from image meineke_page_357.jpg (id=1529)	2bad05c64cc0e4f627d163089b357de1579f841c70f45484f8b661ad840bfdc4	22234	Ἰνδός	64	Ι64	1.000000	8895	Λίνδος	0.833333	0.166667	ινδοσ	ινδοσ
136849	Ἴννασος		meineke_page_357.jpg	357	10007	ocr	OCR from image meineke_page_357.jpg (id=1529)	0391b062ab3ac3974ea7f3fa6d173bda6a8261188a94bf993ef6862caaedf5eb	22187	Ἴασος	16	Ι16	0.714286	23617	Ἰνυσσός	0.714286	0.000000	ιννασοσ	ιασοσ
136850	Ἰνδοβράκες		meineke_page_357.jpg	357	10008	ocr	OCR from image meineke_page_357.jpg (id=1529)	2f76d03e3afa06ddcad23f6c299be55d38d0d04d0fb03147b688f9d84d3bec2e	23618	Ἰνσόβαρες	66	Ι66	0.700000	11916	Νώρακος	0.500000	0.200000	ινδοβρακεσ	ινσοβαρεσ
136851	Ἰνσόβροι		meineke_page_357.jpg	357	10009	ocr	OCR from image meineke_page_357.jpg (id=1529)	c83f0ad340e50a47f8c6bb8cabc4ca5ed8181800d28127de0ce245d9b8d2f782	23619	Ἴνσοβροι	67	Ι67	1.000000	23618	Ἰνσόβαρες	0.666667	0.333333	ινσοβροι	ινσοβροι
136852	Ἴνυκα		meineke_page_357.jpg	357	10010	ocr	OCR from image meineke_page_357.jpg (id=1529)	c39e25bd9379a7c70f4ef1697dccbf6240aa9c9f6fa89b6e23231b67166591cd	23620	Ἴνυκον	68	Ι68	0.666667	10294	Μινύα	0.600000	0.066667	ινυκα	ινυκον
136853	'Ιξιαι		meineke_page_358.jpg	358	10011	ocr	OCR from image meineke_page_358.jpg (id=1530)	0b592434a01ad748e0cced79d4a78cd910d4a50ce853ea8e511a5f2ed1e87c3d	23621	Ἰξίαι	69	Ι69	1.000000	23622	Ἰξιάς	0.800000	0.200000	ιξιαι	ιξιαι
136854	'Ιξιας		meineke_page_358.jpg	358	10012	ocr	OCR from image meineke_page_358.jpg (id=1530)	70ebe1eb639dd7c79b5cc7c01212deefc683505f1e48f4250178512b871f44a6	23622	Ἰξιάς	70	Ι70	1.000000	23621	Ἰξίαι	0.800000	0.200000	ιξιασ	ιξιασ
136855	'Ιξιβαται		meineke_page_358.jpg	358	10013	ocr	OCR from image meineke_page_358.jpg (id=1530)	e2e80c96ad8a6d5170ba1b6f0eb8b4dda3edfdd838fd42b7395ef78b76fc9e00	23623	Ἰξιβάται	71	Ι71	1.000000	20847	Ἰαζαβάται	0.666667	0.333333	ιξιβαται	ιξιβαται
136856	'Ιονιον πελαγος		meineke_page_358.jpg	358	10014	ocr	OCR from image meineke_page_358.jpg (id=1530)	86936fc7fdb79682ad3c7a4bda1c7026fb9138f881898d752b5abcca1e4f2d0b	23625	Ἰόνιον πέλαγος	73	Ι72	1.000000	61143	Αἰγαῖον πέλαγος	0.785714	0.214286	ιονιονπελαγοσ	ιονιονπελαγοσ
136857	'Ιοτη		meineke_page_358.jpg	358	10015	ocr	OCR from image meineke_page_358.jpg (id=1530)	77e1c7dfcc9404f54d11f41fdb9a7cc281948277c9b01aad7cf622be30b3e44a	23624	Ἰόπη	72	Ι73	0.750000	10318	Μοτύη	0.600000	0.150000	ιοτη	ιοπη
136858	Ἴσις		meineke_page_359.jpg	359	10016	ocr	OCR from image meineke_page_359.jpg (id=1531)	113db4e26fccd1934ef1803eecb9293ae9fefef689b77443d4490f7668cec167	28349	Πισίς	160	Π160	0.800000	48702	Τῖσις	0.800000	0.000000	ισισ	πισισ
136859	Ἰουνένη		meineke_page_360.jpg	360	10017	ocr	OCR from image meineke_page_360.jpg (id=1532)	6f6207719804b400cb0f0b5ab72df6ae09081faeb5f3fee412f0a0dbd83b4abb	23629	Ἰουέρνη	77	Ι77	0.714286	12804	Οἰνώνη	0.571429	0.142857	ιουνενη	ιουερνη
136860	Ἰουλεις		meineke_page_360.jpg	360	10018	ocr	OCR from image meineke_page_360.jpg (id=1532)	bbb41542aa64fa7ea9584f9fc1846468a5a81680d5b05e1b754eed2a5a15e0e4	23630	Ἰουλεῖς	78	Ι78	1.000000	23631	Ἰουλίς	0.857143	0.142857	ιουλεισ	ιουλεισ
136861	Ἰουλίς		meineke_page_360.jpg	360	10019	ocr	OCR from image meineke_page_360.jpg (id=1532)	d203bbac36ea4056852881cf6b57fb8f90860bd2b041e4b1f5eaa737f110398b	23631	Ἰουλίς	79	Ι79	1.000000	23630	Ἰουλεῖς	0.857143	0.142857	ιουλισ	ιουλισ
136864	Ἴπνους		meineke_page_360.jpg	360	10022	ocr	OCR from image meineke_page_360.jpg (id=1532)	b37ad78522c6bbe2ba4ff6b3fa7b0ae2ed6fd1c61e710487fbeb8f6cf74b78ad	23634	Ἰπνοῦς	82	Ι82	1.000000	23633	Ἴπνος	0.833333	0.166667	ιπνουσ	ιπνουσ
136865	Ἱππόλα		meineke_page_361.jpg	361	10023	ocr	OCR from image meineke_page_361.jpg (id=1533)	4b57ac155522af1dc897338f040832893323583d6a8674dbc4365f1e0b4c4ee1	23635	Ἱππόλα	83	Ι83	1.000000	23637	Ἵππος	0.666667	0.333333	ιππολα	ιππολα
136866	Ἱππόνησος		meineke_page_361.jpg	361	10024	ocr	OCR from image meineke_page_361.jpg (id=1533)	1b1ff69a715afe19ed0babd428306d7b3f5c63768a938219fd028a641e4365d0	23636	Ἱππόνησος	84	Ι84	1.000000	13845	Δημόνησος	0.666667	0.333333	ιππονησοσ	ιππονησοσ
136868	Ἱπποταμαδάα		meineke_page_361.jpg	361	10026	ocr	OCR from image meineke_page_361.jpg (id=1533)	3f52aced797ecd5b3201233b8389ff75651c777b34036e016048613bc1541081	23638	Ἱπποταμάδαι	86	Ι86	0.909091	23639	Ἵππου ἄκρα	0.545455	0.363636	ιπποταμαδαα	ιπποταμαδαι
136869	Ἱππονάκεα		meineke_page_361.jpg	361	10027	ocr	OCR from image meineke_page_361.jpg (id=1533)	48091582c9b320d54be47956eebfe826eef9acaa416d72a09d5b26abc658e380	23639	Ἵππου ἄκρα	87	Ι87	0.777778	23635	Ἱππόλα	0.555556	0.222222	ιππονακεα	ιππουακρα
136870	Ἱππον κώμη		meineke_page_361.jpg	361	10028	ocr	OCR from image meineke_page_361.jpg (id=1533)	996986ea3c0edbad7d61b401383c0c32852c99a415ca828f094770d0aa226a41	23641	Ἵππου κώμη	89	Ι88	0.888889	22201	Ἱερὰ κώμη	0.555556	0.333333	ιππονκωμη	ιππουκωμη
136871	Ἱππουρείσκος		meineke_page_361.jpg	361	10029	ocr	OCR from image meineke_page_361.jpg (id=1533)	605bba521edb168b6ef9b20f4ead5fb7a5b0290756cb752fa2b9bf7e6df1db51	23640	Ἱππουρίσκος	88	Ι89	0.916667	14861	Δορίσκος	0.583333	0.333333	ιππουρεισκοσ	ιππουρισκοσ
136872	Ἵππων		meineke_page_361.jpg	361	10030	ocr	OCR from image meineke_page_361.jpg (id=1533)	80546f89ca38e4440256b7211b83cc5413b46978886953e37670231de0db4b06	23642	Ἱππών	90	Ι90	1.000000	23643	Ἱππώνιον	0.625000	0.375000	ιππων	ιππων
136874	Ἱρά		meineke_page_362.jpg	362	10032	ocr	OCR from image meineke_page_362.jpg (id=1534)	5c2f2957ee7d40f87451ff194c85d6ec4dceae87d8560dceb09960e0b10178eb	23644	Ἰρά	92	Ι92	1.000000	22228	Ἱμέρα	0.600000	0.400000	ιρα	ιρα
136875	Ἱρέσαια		meineke_page_362.jpg	362	10033	ocr	OCR from image meineke_page_362.jpg (id=1534)	3cf83e4280a9457bf0859f0ad9c4f8591ea1b3e1c625c84e78f7842b951480c7	12863	Ὀρεστία	89	Ο89	0.714286	14876	Δρεσία	0.714286	0.000000	ιρεσαια	ορεστια
136876	Ἱρος		meineke_page_362.jpg	362	10034	ocr	OCR from image meineke_page_362.jpg (id=1534)	ab054594a5c505cb9fcc0e05538df754d697b4cedb8bae120b94bf6c1146de7f	23646	Ἶρος	94	Ι94	1.000000	22217	Ἴκος	0.750000	0.250000	ιροσ	ιροσ
136880	Ἰσπανία	1	meineke_page_364.jpg	364	10038	ocr	OCR from image meineke_page_364.jpg (id=1536)	495b2b9b81bc53d39a1c0c9c4b3fdbfddd2d2c9a98e985ea8b7aa51aa0ca6cc1	23657	Ἱσπανίαι	105	Ι105	0.875000	23632	Ἵπανα	0.714286	0.160714	ισπανια	ισπανιαι
136881	Ἴσσσα	2	meineke_page_364.jpg	364	10039	ocr	OCR from image meineke_page_364.jpg (id=1536)	007420adf8a11edaebfb38ea8570504b578abe8b774fd28b286cda75260a5249	23658	Ἴσσα	106	Ι106	0.800000	3291	Κόσσα	0.600000	0.200000	ισσσα	ισσα
136882	Ἰσσηδόνες	3	meineke_page_364.jpg	364	10040	ocr	OCR from image meineke_page_364.jpg (id=1536)	ed191e8239c3b0d2e402a8f3f215456206804e0a1e83d1e5fd442797f81a52b9	23659	Ἰσσηδόνες	107	Ι107	1.000000	9007	Μαρδόνες	0.555556	0.444444	ισσηδονεσ	ισσηδονεσ
136883	Ἰσσός	1	meineke_page_365.jpg	365	10041	ocr	OCR from image meineke_page_365.jpg (id=1537)	8ac3bdd4f78f65011b896bcf31f523babcc16241500d6cc6a8beec712c498729	23660	Ἰσσός	108	Ι108	1.000000	8901	Λίσσος	0.833333	0.166667	ισσοσ	ισσοσ
136884	Ἰστιαι̂α	2	meineke_page_365.jpg	365	10042	ocr	OCR from image meineke_page_365.jpg (id=1537)	e8666411f15789b7e9f02b7156432cc9a8e75c41d6d944f5905e875af2a5ad6a	23662	Ἰστίαια	110	Ι110	1.000000	18265	Ἑστίαια	0.857143	0.142857	ιστιαια	ιστιαια
136885	Ἰστίς	3	meineke_page_365.jpg	365	10043	ocr	OCR from image meineke_page_365.jpg (id=1537)	b74abb5ed83bd9fd4332dc6e7c0a3781480cb8b70c5b03ce2c5e4660b1c33ac2	23663	Ἱστός	111	Ι111	0.800000	11932	Ξύστις	0.666667	0.133333	ιστισ	ιστοσ
136886	Ἰστρία	4	meineke_page_365.jpg	365	10044	ocr	OCR from image meineke_page_365.jpg (id=1537)	d56219aac90827b8ee0745af5e1e75c339fb20405d7f0eb1aac53a9fda8bccd5	23664	Ἰστρία	112	Ι112	1.000000	23665	Ἰστριανά	0.750000	0.250000	ιστρια	ιστρια
136887	Ἰστριανά	5	meineke_page_365.jpg	365	10045	ocr	OCR from image meineke_page_365.jpg (id=1537)	1828254344b49b1f379f1ea8a4d86cb6df37a38bc9651096a3e5342905f6c55a	23665	Ἰστριανά	113	Ι113	1.000000	23662	Ἰστίαια	0.750000	0.250000	ιστριανα	ιστριανα
136888	Ἰστρεῖς	6	meineke_page_365.jpg	365	10046	ocr	OCR from image meineke_page_365.jpg (id=1537)	006108e8a6f0806028695512fb11b00aa58a810f09879d269dc14bf1a945fd58	23664	Ἰστρία	112	Ι112	0.714286	23666	Ἴστροι	0.714286	0.000000	ιστρεισ	ιστρια
136890	Ἰσταυνή	2	meineke_page_366.jpg	366	10048	ocr	OCR from image meineke_page_366.jpg (id=1538)	816249c99fdf210051cdd568b909508d141f9bf50316b237fa3bd973e7b4a036	23668	Ἰστώνη	116	Ι116	0.714286	2626	Κατάνη	0.571429	0.142857	ισταυνη	ιστωνη
136891	Ἰταλία	3	meineke_page_366.jpg	366	10049	ocr	OCR from image meineke_page_366.jpg (id=1538)	d41b088a41871de290dfdfae1ba58f2d6154edd35c01408c3ae41ccff7528fd8	23669	Ἰταλία	117	Ι117	1.000000	12811	Οἰχαλία	0.714286	0.285714	ιταλια	ιταλια
136892	Ἴτανος	4	meineke_page_366.jpg	366	10050	ocr	OCR from image meineke_page_366.jpg (id=1538)	cd5315df521fb41bee8ea60ef54b3268fc87f4cce03f0692e007234b8d529883	23670	Ἰτανός	118	Ι118	1.000000	44225	Τάνος	0.833333	0.166667	ιτανοσ	ιτανοσ
136893	Ἴται		meineke_page_367.jpg	367	10051	ocr	OCR from image meineke_page_367.jpg (id=1539)	169184f9bad59186b707d6a5460b32551c01532ac4d8493320a81b8740869274	8902	Λιταί	80	Λ80	0.800000	22211	Ἰεταί	0.800000	0.000000	ιται	λιται
136894	Ἰτιύκη		meineke_page_367.jpg	367	10052	ocr	OCR from image meineke_page_367.jpg (id=1539)	9d794186d25c808f437e1c90a46c8e6e2ae6158faa4c2584fce07c250ea7fec2	23672	Ἰτύκη	120	Ι120	0.833333	41901	Σιττάκη	0.571429	0.261905	ιτιυκη	ιτυκη
136897	Ἴχνυαι		meineke_page_367.jpg	367	10055	ocr	OCR from image meineke_page_367.jpg (id=1539)	98eacd6f42d9dc4f24ebb85e397b06831dc3a9489f9f3cedb319b75c7af47dfd	23675	Ἴχναι	123	Ι123	0.833333	105808	Ἄχναι	0.666667	0.166667	ιχνυαι	ιχναι
136898	Ἱψίκουροι		meineke_page_368.jpg	368	10056	ocr	OCR from image meineke_page_368.jpg (id=1540)	d9f6cab1393c0c49829a965990eb2d367fb9fb2976fae4540751b4d98dedd0c0	23676	Ἰψίκουροι	124	Ι124	1.000000	3502	Κούριοι	0.555556	0.444444	ιψικουροι	ιψικουροι
136899	Ἰωλακός		meineke_page_368.jpg	368	10057	ocr	OCR from image meineke_page_368.jpg (id=1540)	0fd9c866311cb1b9c45bd623784bbd048e1aee6e7fed4d26177ad3d724c2e17f	23677	Ἰωλκός	125	Ι125	0.857143	11916	Νώρακος	0.714286	0.142857	ιωλακοσ	ιωλκοσ
136904	Ἰωνίς		meineke_page_369.jpg	369	10062	ocr	OCR from image meineke_page_369.jpg (id=1541)	9ad06b0151d4deccf917d768f38c721cc1ea4d57fc72e29e7adfaafe3274d7ee	20843	Θῶνις	81	Θ81	0.800000	23680	Ἰωνία	0.800000	0.000000	ιωνισ	θωνισ
136905	Καβαλίς		meineke_page_369.jpg	369	10063	ocr	OCR from image meineke_page_369.jpg (id=1541)	716fd6eea049152e42eec505c2f6e3c9ada604e43aacfde56703136a77ee432c	2054	Καβαλίς	1	Κ1	1.000000	2476	Καρβανίς	0.750000	0.250000	καβαλισ	καβαλισ
136906	Καβασσός		meineke_page_369.jpg	369	10064	ocr	OCR from image meineke_page_369.jpg (id=1541)	24c56cd48870cd29c104f5e5ead040a7bb2b9cbe3ddf9d62e03a5be1790ca9c4	2055	Καβασσός	2	Κ2	1.000000	3552	Κυβασσός	0.875000	0.125000	καβασσοσ	καβασσοσ
136907	Καβησός		meineke_page_370.jpg	370	10065	ocr	OCR from image meineke_page_370.jpg (id=1542)	821da96fdc24e4e2b72630f33fece04501292307974179ad21ec47cc167f95b2	2055	Καβασσός	2	Κ2	0.750000	2116	Κάληρος	0.714286	0.035714	καβησοσ	καβασσοσ
136908	Καβείρεια		meineke_page_370.jpg	370	10066	ocr	OCR from image meineke_page_370.jpg (id=1542)	555a8d10a81705c270b0e34b207abc003a227aed50d355c38fff0fc54fdfb792	2056	Καβειρία	3	Κ3	0.888889	2079	Καισάρεια	0.666667	0.222222	καβειρεια	καβειρια
136909	Καβελλίων		meineke_page_370.jpg	370	10067	ocr	OCR from image meineke_page_370.jpg (id=1542)	a4f05d4f94dc97f0472ab6957279962ef3bf358b2b9a28c89142290b4a4da2a2	2057	Καβελλιών	4	Κ4	1.000000	2468	Καπετώλιον	0.600000	0.400000	καβελλιων	καβελλιων
136910	Καβύλη	1	meineke_page_371.jpg	371	10068	ocr	OCR from image meineke_page_371.jpg (id=1543)	e9471cc3e66f78c8ec7537545901a9045045f7cb0d11f880a354c396aab8813a	2058	Καβύλη	5	Κ5	1.000000	105820	Βαβύλη	0.833333	0.166667	καβυλη	καβυλη
136911	Καδμεία	2	meineke_page_371.jpg	371	10069	ocr	OCR from image meineke_page_371.jpg (id=1543)	a0c043c6e5ea3bc5685517b5f8da1763d1dad73f35bafd4ce0171800c6674610	2059	Καδμεία	6	Κ6	1.000000	61196	Ἀκαδήμεια	0.777778	0.222222	καδμεια	καδμεια
136912	Κάδοι	3	meineke_page_371.jpg	371	10070	ocr	OCR from image meineke_page_371.jpg (id=1543)	b5540774b01fc063907f21ca5f590593b9b2c6f1f13c852f526f1e1c0f28f3c7	2060	Κάδοι	7	Κ7	1.000000	2076	Καινοί	0.666667	0.333333	καδοι	καδοι
136913	Καδοῦσιοι	4	meineke_page_371.jpg	371	10071	ocr	OCR from image meineke_page_371.jpg (id=1543)	d744d9c9106c11156b4c44a6722445d9219b8f6256861f726347884c6c633e43	2061	Καδούσιοι	8	Κ8	1.000000	61166	Αἰδούσιοι	0.777778	0.222222	καδουσιοι	καδουσιοι
136914	Κάθερμα	5	meineke_page_371.jpg	371	10072	ocr	OCR from image meineke_page_371.jpg (id=1543)	b886c68614003221512889a7cadfa459dfb21fb7e962e73457109210000b0bdc	20794	Θέρμα	27	Θ27	0.714286	2056	Καβειρία	0.625000	0.089286	καθερμα	θερμα
136915	Κάσαπα	6	meineke_page_371.jpg	371	10073	ocr	OCR from image meineke_page_371.jpg (id=1543)	fa356651588dc24be0ac68b542e83e8360b273ed5d2f210f827e58a8dfe9302f	2062	Κάθαια	10	Κ10	0.666667	2336	Καμάρα	0.666667	0.000000	κασαπα	καθαια
136916	Καίνεινον	7	meineke_page_371.jpg	371	10074	ocr	OCR from image meineke_page_371.jpg (id=1543)	c80d0f436e46ac52138d140596faa26974c8ced73b3415e7246c757e907ae4e4	2074	Καικῖνον	11	Κ11	0.777778	2075	Καινίνη	0.666667	0.111111	καινεινον	καικινον
136917	Καινίνη	8	meineke_page_371.jpg	371	10075	ocr	OCR from image meineke_page_371.jpg (id=1543)	c48710a444f7c0d367b7cf67bd75575eef0efa64b768d6e2f930d3435520366d	2075	Καινίνη	12	Κ12	1.000000	2074	Καικῖνον	0.625000	0.375000	καινινη	καινινη
136918	Κανοί	9	meineke_page_371.jpg	371	10076	ocr	OCR from image meineke_page_371.jpg (id=1543)	5bdf139b4d7e9db7c773e7d19fa83c8f7d32b2cf368cb3b9808f64ebb6b0301d	2076	Καινοί	13	Κ13	0.833333	2060	Κάδοι	0.800000	0.033333	κανοι	καινοι
136919	Καινῦς	10	meineke_page_371.jpg	371	10077	ocr	OCR from image meineke_page_371.jpg (id=1543)	c5380ddb80231585d7849822a137566d4b41b821c21af512c985650c7e0b1b27	2078	Καινύς	15	Κ14	1.000000	2076	Καινοί	0.666667	0.333333	καινυσ	καινυσ
136920	Καινίσιον		meineke_page_372.jpg	372	10078	ocr	OCR from image meineke_page_372.jpg (id=1544)	1ac759cab78f9cd3493e6498f1c20d58d2d99242c19af9a82a98a554ffd4e2e2	2463	Κανύσιον	61	Κ61	0.777778	2074	Καικῖνον	0.666667	0.111111	καινισιον	κανυσιον
136921	Καιετή		meineke_page_372.jpg	372	10079	ocr	OCR from image meineke_page_372.jpg (id=1544)	675ed86d77c9ae162737f6f670dee50c75c3058d5778948d354c9cb4ff5d9d20	2077	Καιρή	14	Κ15	0.666667	2075	Καινίνη	0.571429	0.095238	καιετη	καιρη
136922	Καισάρεια		meineke_page_372.jpg	372	10080	ocr	OCR from image meineke_page_372.jpg (id=1544)	b0001e3275c31baf8b45a6c058fe94612b414ba134de13fa555c83459ef36151	2079	Καισάρεια	16	Κ16	1.000000	11094	Νεοκαισάρεια	0.750000	0.250000	καισαρεια	καισαρεια
136923	Καλαρβεία		meineke_page_372.jpg	372	10081	ocr	OCR from image meineke_page_372.jpg (id=1544)	3951e64bff02e35fcb79207664a5ecfdf19e6fb7d7c85ad942f34ba186bf6913	2080	Καλαβρία	17	Κ17	0.777778	2087	Καλαύρεια	0.777778	0.000000	καλαρβεια	καλαβρια
136924	Καλάθη		meineke_page_372.jpg	372	10082	ocr	OCR from image meineke_page_372.jpg (id=1544)	18f78d090b1048b647bae4e57095d7eae8a253a2aed3bfd8c099c4755ba2149c	2081	Καλάθη	18	Κ18	1.000000	2083	Καλαμένθη	0.666667	0.333333	καλαθη	καλαθη
136925	Καλάμαι		meineke_page_372.jpg	372	10083	ocr	OCR from image meineke_page_372.jpg (id=1544)	a240e89d87a499f1abe021d79f9c84c59b77b513d7743a58d611c9bab8fbc0b4	2082	Καλάμαι	19	Κ19	1.000000	22090	Θαλάμαι	0.857143	0.142857	καλαμαι	καλαμαι
136926	Καλαμένη		meineke_page_372.jpg	372	10084	ocr	OCR from image meineke_page_372.jpg (id=1544)	402bf715b2ca65b905e1037f6650078cdddb09cc6c18b374b9472e8166ca86bb	2083	Καλαμένθη	20	Κ20	0.888889	2606	Κασμένη	0.750000	0.138889	καλαμενη	καλαμενθη
136927	Καλάρυα		meineke_page_372.jpg	372	10085	ocr	OCR from image meineke_page_372.jpg (id=1544)	302cc69d44fd5d7a0e4fc52c6aad3a8aea9fc5ee5546a8e6d16d6c1ccd229279	2084	Κάλαρνα	21	Κ21	0.857143	2080	Καλαβρία	0.750000	0.107143	καλαρυα	καλαρνα
136928	Καλάσιες		meineke_page_372.jpg	372	10086	ocr	OCR from image meineke_page_372.jpg (id=1544)	3d2ba9b27cdcd980f5c7832e0cfbb2136a68f3acb48ead7fffc816270b3e4f10	2085	Καλασίρις	22	Κ22	0.777778	2054	Καβαλίς	0.625000	0.152778	καλασιεσ	καλασιρισ
136929	Καλατιαί		meineke_page_372.jpg	372	10087	ocr	OCR from image meineke_page_372.jpg (id=1544)	75d8d83fa5321b068065cc7169f61b3c23d398f0ee5afd9dd57b3e97dd680336	2086	Καλατίαι	23	Κ23	1.000000	2082	Καλάμαι	0.750000	0.250000	καλατιαι	καλατιαι
136930	Καλαυρέια		meineke_page_372.jpg	372	10088	ocr	OCR from image meineke_page_372.jpg (id=1544)	debc8d714cae2bc54e2030439be893bb5da61bdbe587bfa8999896ff1e40db3f	2087	Καλαύρεια	24	Κ24	1.000000	2080	Καλαβρία	0.777778	0.222222	καλαυρεια	καλαυρεια
136931	Κάλβιος	1	meineke_page_373.jpg	373	10089	ocr	OCR from image meineke_page_373.jpg (id=1545)	1df6129895d7e3a52906806054981fb55432ca75019b604103dc63c31bf1c74b	2114	Κάλβιος	25	Κ25	1.000000	2116	Κάληρος	0.714286	0.285714	καλβιοσ	καλβιοσ
136933	Κάληρος	3	meineke_page_373.jpg	373	10091	ocr	OCR from image meineke_page_373.jpg (id=1545)	280c3c4ae2484185aa0d26eb0b171f6b22a26c1af6ae1309eadbe2d6a5306945	2116	Κάληρος	27	Κ27	1.000000	2114	Κάλβιος	0.714286	0.285714	καληροσ	καληροσ
136934	Καλήσια	4	meineke_page_373.jpg	373	10092	ocr	OCR from image meineke_page_373.jpg (id=1545)	69d1edcb598019c52fabbc578beeda1644607b2840fd4e593d564258325ad26f	2117	Καλησία	28	Κ28	1.000000	128478	Χαλισία	0.714286	0.285714	καλησια	καλησια
136935	Καλλάτηβος	5	meineke_page_373.jpg	373	10093	ocr	OCR from image meineke_page_373.jpg (id=1545)	c781f29dcc0e41ceebd8917a64022fc87b4721450b7feef5dc6fe0e8506c74e7	2118	Καλλάτηβος	29	Κ29	1.000000	2119	Καλλάτις	0.700000	0.300000	καλλατηβοσ	καλλατηβοσ
136937	Καλλτιανός (Καλλιανός/Καλλιτιανός)	1	meineke_page_374.jpg	374	10095	ocr	OCR from image meineke_page_374.jpg (id=1546)	e21cac960fa0b8935d6dd0fbe0f43bf6f6edfe593f5f5e2c903e5e9478e640d1	2473	Κάραλλις ἢ Καράλλεια	71	Κ71	0.366667	8485	Μαδιηνοί καὶ Μαδιανῖται	0.366667	0.000000	καλλτιανοσκαλλιανοσκαλλιτιανοσ	καραλλισηκαραλλεια
136938	Καλληά	2	meineke_page_374.jpg	374	10096	ocr	OCR from image meineke_page_374.jpg (id=1546)	3ab5f51b487ad0a9061add85514476af55b83cbbfb3185d8b4ea3bc9610cce86	2325	Καλλίαι	31	Κ31	0.714286	2329	Κάλπη	0.666667	0.047619	καλληα	καλλιαι
136939	Καλλίερος	3	meineke_page_374.jpg	374	10097	ocr	OCR from image meineke_page_374.jpg (id=1546)	ebe51e523eb1c4f043bee45f2dc77ed6852e74b5f0299d5a40974f82c91b2cd0	2326	Καλλίαρος	32	Κ32	0.888889	2114	Κάλβιος	0.666667	0.222222	καλλιεροσ	καλλιαροσ
136940	Καλλιόπη	4	meineke_page_374.jpg	374	10098	ocr	OCR from image meineke_page_374.jpg (id=1546)	bc378bd325fea8feb60b091ef75ceea782a45267eade2576c44975d769e79547	2327	Καλλιόπη	33	Κ33	1.000000	2114	Κάλβιος	0.625000	0.375000	καλλιοπη	καλλιοπη
136941	Καλλίπολις	5	meineke_page_374.jpg	374	10099	ocr	OCR from image meineke_page_374.jpg (id=1546)	1123b8abdbbbfccdbc2b7bc27ebb8b2504af847c1d31c4b75d83f924e9f48f73	2328	Καλλίπολις	34	Κ34	1.000000	2495	Καρόπολις	0.700000	0.300000	καλλιπολισ	καλλιπολισ
136942	Κάλπη	6	meineke_page_374.jpg	374	10100	ocr	OCR from image meineke_page_374.jpg (id=1546)	f8503201522ab66ef7cb3775dcadd0091c22628f1529256be1d4effbeb5a7a75	2329	Κάλπη	35	Κ35	1.000000	2081	Καλάθη	0.666667	0.333333	καλπη	καλπη
136943	Καλιβη		meineke_page_375.jpg	375	10101	ocr	OCR from image meineke_page_375.jpg (id=1547)	cfa1f2d4a1b1c1948e3c7b6358485e0e1fefe70c48e11d8e123e84b81f75b456	2330	Καλύβη	36	Κ36	0.833333	2077	Καιρή	0.666667	0.166667	καλιβη	καλυβη
136944	Κάλυδνα		meineke_page_375.jpg	375	10102	ocr	OCR from image meineke_page_375.jpg (id=1547)	765125f10877b7dd2b89907c12fd107d131ef6bfa39d85824de0837ff0969bbf	2331	Κάλυδνα	37	Κ37	1.000000	2333	Κάλυμνα	0.857143	0.142857	καλυδνα	καλυδνα
136945	Κάλυμνα		meineke_page_375.jpg	375	10103	ocr	OCR from image meineke_page_375.jpg (id=1547)	d76882197777fff8715c674070224e570e409b16841c4d2dcca7fcd3a74b4918	2333	Κάλυμνα	39	Κ39	1.000000	2331	Κάλυδνα	0.857143	0.142857	καλυμνα	καλυμνα
136946	Κάλυνδα		meineke_page_375.jpg	375	10104	ocr	OCR from image meineke_page_375.jpg (id=1547)	b97e0a1dcd1f836457edda40be3149007992c9fa867b530c67164ee3f9507d67	2334	Κάλυνδα	40	Κ40	1.000000	2602	Καρύανδα	0.750000	0.250000	καλυνδα	καλυνδα
136947	Κάλυτις		meineke_page_375.jpg	375	10105	ocr	OCR from image meineke_page_375.jpg (id=1547)	fd7db180e336bf98743de6f7f6e094be2793ec99403596ac0eff9b6a9957e02f	2335	Κάλυτις	41	Κ41	1.000000	2464	Κάνυτις	0.857143	0.142857	καλυτισ	καλυτισ
136948	Καμάρα	1	meineke_page_376.jpg	376	10106	ocr	OCR from image meineke_page_376.jpg (id=1548)	a761e8b18b7d8d22a0d92c7dcfb8634af34a442e8a84332acf8832261c568887	2336	Καμάρα	42	Κ42	1.000000	2338	Καμαρία	0.857143	0.142857	καμαρα	καμαρα
136949	Καμαρηνοί	2	meineke_page_376.jpg	376	10107	ocr	OCR from image meineke_page_376.jpg (id=1548)	a51cd779de51a21a316bc3252dc9023606aa5672a683053cf24abffd23980152	2337	Καμαρηνοί	43	Κ43	1.000000	13818	Δαχαρηνοί	0.777778	0.222222	καμαρηνοι	καμαρηνοι
136950	Καμαρεῖα	3	meineke_page_376.jpg	376	10108	ocr	OCR from image meineke_page_376.jpg (id=1548)	e25d5a5bc18dc37811d6f176c63830a3095b6c7442b5acc1a8b1e4c854de5b5c	2338	Καμαρία	44	Κ44	0.875000	32026	Σαμάρεια	0.875000	0.000000	καμαρεια	καμαρια
136951	Καμάρινα	4	meineke_page_376.jpg	376	10109	ocr	OCR from image meineke_page_376.jpg (id=1548)	c7f0606c47bed7f555439660d185eb97a1c8461ede01f9c9f433cb35b57d0a7e	2339	Καμάρινα	45	Κ45	1.000000	2338	Καμαρία	0.875000	0.125000	καμαρινα	καμαρινα
136952	Καμβυσσηνή καὶ Ξεσξήνη	5	meineke_page_376.jpg	376	10110	ocr	OCR from image meineke_page_376.jpg (id=1548)	6c7765ff61baa947a11a90ca42b597ab90833e55329b68d5114c841bc09230dd	2340	Καμβυσηνὴ καὶ Ξερξήνη	46	Κ46	0.900000	2612	Κασσανῖται	0.350000	0.550000	καμβυσσηνηκαιξεσξηνη	καμβυσηνηκαιξερξηνη
136953	Καμικός	6	meineke_page_376.jpg	376	10111	ocr	OCR from image meineke_page_376.jpg (id=1548)	15b5a77f855470fee33c5fe080d3ba000d26c53f35f4726818bd8735569a6a65	2341	Καμικός	47	Κ47	1.000000	2342	Κάμιρος	0.857143	0.142857	καμικοσ	καμικοσ
136954	Κάμπος (Κάμψος)	7	meineke_page_376.jpg	376	10112	ocr	OCR from image meineke_page_376.jpg (id=1548)	3654781e15573324c9eee0803ceb905bf6d31ec1933895f6cfe1971eef975082	2341	Καμικός	47	Κ47	0.500000	2344	Κάμπος	0.500000	0.000000	καμποσκαμψοσ	καμικοσ
136955	Καμπανία	8	meineke_page_376.jpg	376	10113	ocr	OCR from image meineke_page_376.jpg (id=1548)	0c73fb4a5eb2d725d5c4846a54ebda641955cc80d0c8213f16f2e9b4be432c50	2343	Καμμανία	49	Κ49	0.875000	2338	Καμαρία	0.750000	0.125000	καμπανια	καμμανια
136956	Κάμπος		meineke_page_377.jpg	377	10114	ocr	OCR from image meineke_page_377.jpg (id=1549)	82759f6d85d5491fc7673dcb8dc52dbc2c20acc6b05e7264a2a4331a32ebc040	2344	Κάμπος	50	Κ50	1.000000	2341	Καμικός	0.714286	0.285714	καμποσ	καμποσ
136957	Κάνθα		meineke_page_377.jpg	377	10115	ocr	OCR from image meineke_page_377.jpg (id=1549)	e19a3674ab8df163b905d42e6392630e54002885eaa21457e1ad593994d68663	2345	Κάναθα	51	Κ51	0.833333	2493	Καρνία	0.666667	0.166667	κανθα	καναθα
136958	Κάναι		meineke_page_377.jpg	377	10116	ocr	OCR from image meineke_page_377.jpg (id=1549)	1b73892c1e78d23023928c13af2eb9ad3c25a9c5c4c5f160c82d60915e19dd28	2346	Κάναι	52	Κ52	1.000000	2467	Κάπαι	0.800000	0.200000	καναι	καναι
136959	Κάννα		meineke_page_378.jpg	378	10117	ocr	OCR from image meineke_page_378.jpg (id=1550)	1db091aaf7e0fd2dded77b8c3c6aee438da035ec26d35d15d3a4d1ccc44f4079	7223	Κύννα	267	Κ267	0.800000	85691	Ἄννα	0.800000	0.000000	καννα	κυννα
136960	Κανάστειον		meineke_page_378.jpg	378	10118	ocr	OCR from image meineke_page_378.jpg (id=1550)	ea3794e92d7ef1b48b26d3003befe45b2be110f3a3b3c11b5c6b391da41728cc	2455	Κάναστρον	53	Κ53	0.800000	2463	Κανύσιον	0.700000	0.100000	καναστειον	καναστρον
136961	Κάνδασσα		meineke_page_378.jpg	378	10119	ocr	OCR from image meineke_page_378.jpg (id=1550)	cd2dbb9dbf1e8c1790a9f738ec010795e24cca5a6e330ef8400fbdf69d14dac0	2456	Κάνδασα	54	Κ54	0.875000	2457	Κάνδαρα	0.750000	0.125000	κανδασσα	κανδασα
136962	Κάνδαρα		meineke_page_379.jpg	379	10120	ocr	OCR from image meineke_page_379.jpg (id=1551)	4154c39c4ce8c6f751495a51fc5d306e4e4025c167572cdd256e6ddf29475934	2457	Κάνδαρα	55	Κ55	1.000000	2456	Κάνδασα	0.857143	0.142857	κανδαρα	κανδαρα
136963	Κανδύβα		meineke_page_379.jpg	379	10121	ocr	OCR from image meineke_page_379.jpg (id=1551)	e1fbc8512f152ef8122fe7a40a1a3a5fa3ba64d59898eeb442f41d8bcc227166	2458	Κάνδυβα	56	Κ56	1.000000	2456	Κάνδασα	0.714286	0.285714	κανδυβα	κανδυβα
136964	Κανθυλία		meineke_page_379.jpg	379	10122	ocr	OCR from image meineke_page_379.jpg (id=1551)	97035b598152b4fd0b2d80ded06aab1bfac60803e537b8cff8d5e29f23409c10	2459	Κανθηλία	57	Κ57	0.875000	85690	Ἄνθυλλα	0.750000	0.125000	κανθυλια	κανθηλια
136965	Κανθύλη		meineke_page_379.jpg	379	10123	ocr	OCR from image meineke_page_379.jpg (id=1551)	3219d6a52f1d0c1c3dffa0fa0828d4d192751137f98518e56767ba8050943d15	2460	Κανθήλη	58	Κ58	0.857143	2058	Καβύλη	0.714286	0.142857	κανθυλη	κανθηλη
136966	Κανταβεία		meineke_page_379.jpg	379	10124	ocr	OCR from image meineke_page_379.jpg (id=1551)	3ac01d1e52ffe20f85a3d0c2d7ea26726468ebf390df5a74a32538145b373464	2461	Κανταβρία	59	Κ59	0.888889	2631	Κατταβανία	0.700000	0.188889	κανταβεια	κανταβρια
136967	Κάνταυρος		meineke_page_379.jpg	379	10125	ocr	OCR from image meineke_page_379.jpg (id=1551)	387657764f2f1a77f4584946837160f3cd9a96324aafd65f92338be2b5183398	2462	Κάντανος	60	Κ60	0.777778	9583	Μάταυρος	0.777778	0.000000	κανταυροσ	καντανοσ
136974	Καπετιύλειον		meineke_page_381.jpg	381	10132	ocr	OCR from image meineke_page_381.jpg (id=1553)	64de4b89cd98e1875262cb1778c09d809784dae511d38f8c3654458ba1b754bb	2468	Καπετώλιον	66	Κ66	0.750000	3285	Κορύλειον	0.583333	0.166667	καπετιυλειον	καπετωλιον
136975	Καπίνῃνα		meineke_page_381.jpg	381	10133	ocr	OCR from image meineke_page_381.jpg (id=1553)	2461af0d16d80fdc9d2c077eea658eb91fa7c0b4bf30bb929210fc2591bcf0d8	2469	Καπίννα	67	Κ67	0.875000	2634	Καυίνδανα	0.666667	0.208333	καπινηνα	καπιννα
136976	Καππαδοκία		meineke_page_381.jpg	381	10134	ocr	OCR from image meineke_page_381.jpg (id=1553)	b94cfabd4eb04ad798f80c09b299736c77e3e96bb24b79016e457a5e2d69ace3	2470	Καππαδοκία	68	Κ68	1.000000	2597	Καρπασία	0.600000	0.400000	καππαδοκια	καππαδοκια
136977	Καπηή	1	meineke_page_382.jpg	382	10135	ocr	OCR from image meineke_page_382.jpg (id=1554)	756885c8ed13c873429e166b1ff5aceef8120b32db8a217f24a7fd637c6386e9	2471	Καπρίη	69	Κ69	0.666667	2482	Καρήνη	0.666667	0.000000	καπηη	καπριη
136978	Κάνυα	2	meineke_page_382.jpg	382	10136	ocr	OCR from image meineke_page_382.jpg (id=1554)	600d6fcbe0e596d44c178298e7f8ff601df2b68920a6d80eddafe6bb2df89817	2472	Καπύα	70	Κ70	0.800000	2601	Καρύα	0.800000	0.000000	κανυα	καπυα
136979	Κάραλλις	3	meineke_page_382.jpg	382	10137	ocr	OCR from image meineke_page_382.jpg (id=1554)	6c7da21bd42df75a440ed2b7b247d0c79b8819d1d1912426be8745c26071f84c	2054	Καβαλίς	1	Κ1	0.750000	51001	Τράλλις	0.750000	0.000000	καραλλισ	καβαλισ
136980	Καραμβύκα	4	meineke_page_382.jpg	382	10138	ocr	OCR from image meineke_page_382.jpg (id=1554)	fce46c0db57dde0375edc299ab2dfb344145e6e83422fb77114f3681e3fd0965	2474	Καραμβύκαι	72	Κ72	0.900000	3509	Κράμβουσα	0.666667	0.233333	καραμβυκα	καραμβυκαι
136981	Κάρανα	5	meineke_page_382.jpg	382	10139	ocr	OCR from image meineke_page_382.jpg (id=1554)	cef0ccc17f1b895dcd21938d1c85e4922b17f9d78b874de7c4755a6fb69f0b2b	2475	Κάρανα	73	Κ73	1.000000	2491	Κάρνανα	0.857143	0.142857	καρανα	καρανα
136982	Καῤβανίς	6	meineke_page_382.jpg	382	10140	ocr	OCR from image meineke_page_382.jpg (id=1554)	4f57c9ab099516620cd85ca7c57a4b854415eabb85af21df2ee5a833eb402e6e	2476	Καρβανίς	74	Κ74	1.000000	2054	Καβαλίς	0.750000	0.250000	καρβανισ	καρβανισ
136983	Καϐαφύλη	7	meineke_page_382.jpg	382	10141	ocr	OCR from image meineke_page_382.jpg (id=1554)	d2a5c7e3a8e684d03e255867f3ee8f0021c8d6f39e7fbba93c5ab104f1d52a9e	2058	Καβύλη	5	Κ5	0.750000	2477	Καρδαμύλη	0.666667	0.083333	καβαφυλη	καβυλη
136984	Καφησσός	1	meineke_page_383.jpg	383	10142	ocr	OCR from image meineke_page_383.jpg (id=1555)	e4e1974c5a81a47e47a1471b74eaa6e5d27d883576c187f45419ca3d919101de	2478	Καρδησσός	76	Κ76	0.777778	61198	Ἀκαλησσός	0.777778	0.000000	καφησσοσ	καρδησσοσ
136985	Κάρις, Καρίς, Καρεῖς, Καρηίς, Καραιτης, Καρείς, Καρεῖοι, Καρεῖον, Καρικόν τεῖχος		meineke_page_384.jpg	384	10143	ocr	OCR from image meineke_page_384.jpg (id=1556)	09c149eafa619fa2b77325bac9b20b5300671208851c687fdc5c0e0eb02390d8	80215	Ἁλαὶ Ἀραφηνίδες καὶ Ἁλαὶ Αἰξωνίδες	189	Α189	0.317460	26735	Περκώτη καὶ Παλαιπερκώτη, πόλις Τρῳάδος. ὁ πολίτης Περκώσιος καὶ τοῦ Παλαιπερκώτη τὸ ἐθνικὸν Παλαιπερκώσιος.	0.304348	0.013112	καρισκαρισκαρεισκαρηισκαραιτησκαρεισκαρειοικαρειονκαρικοντειχοσ	αλαιαραφηνιδεσκαιαλαιαιξωνιδεσ
136987	Καρόπολις	1	meineke_page_386.jpg	386	10145	ocr	OCR from image meineke_page_386.jpg (id=1558)	3a70124f990e196702395099017e7eb8cec0a6dac58509c35a21d4446292bfd1	2495	Καρόπολις	93	Κ93	1.000000	3504	Κουρόπολις	0.800000	0.200000	καροπολισ	καροπολισ
136988	Καρησίοι		meineke_page_387.jpg	387	10146	ocr	OCR from image meineke_page_387.jpg (id=1559)	456a84f672fc6c04aa5f0a5f4d875645e4ab1ae9a6af46fef9dcce3e3fa004a1	2599	Καρπήσιοι	99	Κ99	0.888889	3523	Κρήσιον	0.750000	0.138889	καρησιοι	καρπησιοι
136989	Αἰγαία		meineke_page_388.jpg	388	10147	ocr	OCR from image meineke_page_388.jpg (id=1560)	348d312e10ba7f9faf74119558861b3611e27876f6ec5e44b07b9e3ddb31e5c2	61168	Αἴθαια	119	Α119	0.833333	61163	Αἰγάνεια	0.750000	0.083333	αιγαια	αιθαια
136990	Καρηχθών		meineke_page_388.jpg	388	10148	ocr	OCR from image meineke_page_388.jpg (id=1560)	94c77c04a86a593deed0b3be7f5d7c06dfe7bb1a8869af02617c657570e0c485	2604	Καρχηδών	104	Κ104	0.625000	9000	Μαραθών	0.625000	0.000000	καρηχθων	καρχηδων
136991	Κάσιον		meineke_page_388.jpg	388	10149	ocr	OCR from image meineke_page_388.jpg (id=1560)	423447a7236fa42a9863416ba9c129328e1de882b78fdec93d5939386350fff7	2605	Κάσιον	105	Κ105	1.000000	9026	Μάσιον	0.833333	0.166667	κασιον	κασιον
136992	Κασμένη		meineke_page_389.jpg	389	10150	ocr	OCR from image meineke_page_389.jpg (id=1561)	2770245962cf2fb22098c278b05e6850f7d68389b07ef55dfb58f73e104c7147	2606	Κασμένη	106	Κ106	1.000000	3549	Κτιμένη	0.714286	0.285714	κασμενη	κασμενη
136993	Κάσος		meineke_page_389.jpg	389	10151	ocr	OCR from image meineke_page_389.jpg (id=1561)	ceb70c34eee5719d38bea61bfef1e4a3362ab38d715338dbe83b16924410bc05	2607	Κάσος	107	Κ107	1.000000	20775	Θάσος	0.800000	0.200000	κασοσ	κασοσ
136994	Κασπάπηρος		meineke_page_389.jpg	389	10152	ocr	OCR from image meineke_page_389.jpg (id=1561)	18d7c3b65981b75b7a940992ee1421d2835ccd2e0b9847811154a1062929a9f1	2608	Κασπάπυρος	108	Κ108	0.900000	2609	Κάσπειρος	0.700000	0.200000	κασπαπηροσ	κασπαπυροσ
136995	Κάσπειρος		meineke_page_389.jpg	389	10153	ocr	OCR from image meineke_page_389.jpg (id=1561)	47802c34e07cddc8682f0e65ff32e46d7ce6d2ea2289bc6ba6641111cbac0128	2609	Κάσπειρος	109	Κ109	1.000000	2608	Κασπάπυρος	0.700000	0.300000	κασπειροσ	κασπειροσ
136996	Κοσαῖος		meineke_page_389.jpg	389	10154	ocr	OCR from image meineke_page_389.jpg (id=1561)	cb0cd68342509af6df1b69a47971bee853614b8d5ff71e257c06367d2a17c550	3293	Κοσσός	185	Κ185	0.714286	3294	Κόσσυρος	0.625000	0.089286	κοσαιοσ	κοσσοσ
136997	Κασπία		meineke_page_390.jpg	390	10155	ocr	OCR from image meineke_page_390.jpg (id=1562)	21df69ac632ea62335cb1de5a9d35d929e9524d5f53ad07ae5093953be4c7b21	2598	Καρπηία	98	Κ98	0.714286	2062	Κάθαια	0.666667	0.047619	κασπια	καρπηια
136998	Κασασπούς	1	meineke_page_391.jpg	391	10156	ocr	OCR from image meineke_page_391.jpg (id=1563)	4536a1c9079fc32857ee69ae092a5dbd9fc74514f5110b9d22de9d67591248f0	2055	Καβασσός	2	Κ2	0.666667	2085	Καλασίρις	0.555556	0.111111	κασασπουσ	καβασσοσ
136999	Καστάβαλα	2	meineke_page_391.jpg	391	10157	ocr	OCR from image meineke_page_391.jpg (id=1563)	e00e1794f75ee4c4d5fe009055d9c53817ff3d5d0c9505e1fcd0aaf882f70598	2616	Καστάβαλα	116	Κ116	1.000000	2619	Κασταναία	0.777778	0.222222	κασταβαλα	κασταβαλα
137000	Κασταλία	3	meineke_page_391.jpg	391	10158	ocr	OCR from image meineke_page_391.jpg (id=1563)	61b01d26a5f7834091171b93c9272365c9c2feef55d26a59f0f8e5e6039f6513	2617	Κασταλία	117	Κ117	1.000000	2619	Κασταναία	0.777778	0.222222	κασταλια	κασταλια
137001	Κασταλέων	4	meineke_page_391.jpg	391	10159	ocr	OCR from image meineke_page_391.jpg (id=1563)	d7fc018fb3a62739dabcb7babc5803666d138f779b37159c980e3a3ba140edb5	2618	Κασταλών	118	Κ118	0.888889	2617	Κασταλία	0.666667	0.222222	κασταλεων	κασταλων
137002	Κασταραία	5	meineke_page_391.jpg	391	10160	ocr	OCR from image meineke_page_391.jpg (id=1563)	cfdda7ea0f095d23666fc2ade1853b033fd18414074ecfe8de05d94cc616c919	2619	Κασταναία	119	Κ119	0.888889	2616	Καστάβαλα	0.777778	0.111111	κασταραια	κασταναια
137003	Κασταξ	6	meineke_page_391.jpg	391	10161	ocr	OCR from image meineke_page_391.jpg (id=1563)	f4b8ee3fe00ebcc671727f3ab22028a62b244622923325821a70120399dd67dc	2620	Κάσταξ	120	Κ120	1.000000	102770	Ἀσταί	0.666667	0.333333	κασταξ	κασταξ
137004	Κάστιον	7	meineke_page_391.jpg	391	10162	ocr	OCR from image meineke_page_391.jpg (id=1563)	8b851573dd4d52fe658f44dd2263d1167ca8168081dde571594b73c923347679	2621	Κάστνιον	121	Κ121	0.875000	2605	Κάσιον	0.857143	0.017857	καστιον	καστνιον
137005	Κασταλουὸν πεδίον	8	meineke_page_391.jpg	391	10163	ocr	OCR from image meineke_page_391.jpg (id=1563)	466c13aa90c36b5fe790f91da2f044d21fe26e2ce0425e750e2b849a8a5e0cc4	2622	Καστωλοῦ πεδίον	122	Κ122	0.812500	11108	Νησαῖον πεδίον	0.625000	0.187500	κασταλουονπεδιον	καστωλουπεδιον
137006	Κασώμιον	9	meineke_page_391.jpg	391	10164	ocr	OCR from image meineke_page_391.jpg (id=1563)	0addc808d746e05b312a2f3ee518b377a5e36e9706f8dc9f862be5ea39559cc7	2623	Κασώριον	123	Κ123	0.875000	2605	Κάσιον	0.750000	0.125000	κασωμιον	κασωριον
137007	λείχωρ		meineke_page_392.jpg	392	10165	ocr	OCR from image meineke_page_392.jpg (id=1564)	17da792bb1148d63d5d5b8624b3d21249de143057dc01adf41c83baccf56d502	85692	Ἀννίχωρον	324	Α324	0.444444	30036	Πλευρών	0.428571	0.015873	λειχωρ	αννιχωρον
137011	Κατανένεια		meineke_page_392.jpg	392	10169	ocr	OCR from image meineke_page_392.jpg (id=1564)	a5179f0d327bfed07b29361f696aa0e28ad43b3556fc767137eedefd89b518a3	2611	Κασάνδρεια	111	Κ111	0.700000	2627	Κατάνειρα	0.700000	0.000000	κατανενεια	κασανδρεια
137012	Κατανονία		meineke_page_392.jpg	392	10170	ocr	OCR from image meineke_page_392.jpg (id=1564)	c88266016236f215f1bbac0f6fa2e3e8daf26609e54f73c226814ab473b938b6	2628	Καταονία	128	Κ128	0.888889	2631	Κατταβανία	0.700000	0.188889	κατανονια	καταονια
137013	Καππαδοκίας		meineke_page_393.jpg	393	10171	ocr	OCR from image meineke_page_393.jpg (id=1565)	96b3422e3d7d3053a7aee15e8a4716bc5918c5f016681b4c587787b8f7c98f82	2470	Καππαδοκία	68	Κ68	0.909091	2498	Κάρπαθος	0.545455	0.363636	καππαδοκιασ	καππαδοκια
137015	Κάτερη		meineke_page_393.jpg	393	10173	ocr	OCR from image meineke_page_393.jpg (id=1565)	5eec96398440067cd4b8552ed61233fa572586a42b417c338796e5976427fdb4	2630	Κάτρη	130	Κ130	0.833333	2077	Καιρή	0.666667	0.166667	κατερη	κατρη
137018	Κανύδιον		meineke_page_393.jpg	393	10176	ocr	OCR from image meineke_page_393.jpg (id=1565)	ddcc0d70fc5b6e643af9c9e0c12e787ec20ed9f1a1122d403f120cc4b24ded00	2463	Κανύσιον	61	Κ61	0.875000	2633	Καύδιον	0.875000	0.000000	κανυδιον	κανυσιον
137019	Κανιδώσανα		meineke_page_393.jpg	393	10177	ocr	OCR from image meineke_page_393.jpg (id=1565)	34f71fa64391709d2f80a7df2203887513d451d34e052e791867a1877c3ab274	2456	Κάνδασα	54	Κ54	0.600000	2457	Κάνδαρα	0.600000	0.000000	κανιδωσανα	κανδασα
137020	Κανκασος		meineke_page_393.jpg	393	10178	ocr	OCR from image meineke_page_393.jpg (id=1565)	4815cf5a2f266b705bb8df5fe183fa71460752249069326d530062a0f3bb26c6	2635	Καύκασος	135	Κ135	0.875000	2462	Κάντανος	0.750000	0.125000	κανκασοσ	καυκασοσ
137021	Καυκασία θηνλκῶς ἐπὶ τῆς χώρας		meineke_page_394.jpg	394	10179	ocr	OCR from image meineke_page_394.jpg (id=1566)	4ffc481c15ba7dfc8cb2cf692bd5354be7233639cbb53247e08dcfee2489a5ab	2610	Κασπία θάλασσα	110	Κ110	0.346154	61210	Ἀκκαβικὸν τεῖχος	0.346154	0.000000	καυκασιαθηνλκωσεπιτησχωρασ	κασπιαθαλασσα
137022	Κανκωνεία		meineke_page_394.jpg	394	10180	ocr	OCR from image meineke_page_394.jpg (id=1566)	bbe064a7d9417ff83e508be20e08e365a767059e0630845ba1beb1163cf37316	2777	Καυλωνία	138	Κ138	0.666667	3288	Κορώνεια	0.666667	0.000000	κανκωνεια	καυλωνια
137023	Κανλικοι		meineke_page_394.jpg	394	10181	ocr	OCR from image meineke_page_394.jpg (id=1566)	e9b0c6f4d120f866522434230f7450ce6182a190b116103e591665614ec95c84	2637	Καυλίκοι	137	Κ137	0.875000	2076	Καινοί	0.625000	0.250000	κανλικοι	καυλικοι
137024	Κανλωνία		meineke_page_394.jpg	394	10182	ocr	OCR from image meineke_page_394.jpg (id=1566)	2d2aed3e98b4f6ff82040fb5dcff6e518d32837fd17646d963afec607852fc2e	2777	Καυλωνία	138	Κ138	0.875000	2117	Καλησία	0.625000	0.250000	κανλωνια	καυλωνια
137026	Καύστειον		meineke_page_395.jpg	395	10184	ocr	OCR from image meineke_page_395.jpg (id=1567)	92bc02c7337c1604940e7cad98ca8c2945688effbdcb1deee9ea195122ab3803	3085	Καΰστριον	140	Κ140	0.888889	2621	Κάστνιον	0.777778	0.111111	καυστειον	καυστριον
137027	Καφηρεύς		meineke_page_395.jpg	395	10185	ocr	OCR from image meineke_page_395.jpg (id=1567)	9234481b445bdb7419a8635ff238230aebb84272a203b282c46de6debc954d45	3086	Καφηρεύς	141	Κ141	1.000000	2116	Κάληρος	0.625000	0.375000	καφηρευσ	καφηρευσ
137028	Κάφυαι		meineke_page_395.jpg	395	10186	ocr	OCR from image meineke_page_395.jpg (id=1567)	e60e718d54c3b8bcf82f6bb42b83ae934b5688f0281ff1024f690ad8bca064fe	3087	Καφύαι	142	Κ142	1.000000	2346	Κάναι	0.666667	0.333333	καφυαι	καφυαι
137029	Κάψα		meineke_page_395.jpg	395	10187	ocr	OCR from image meineke_page_395.jpg (id=1567)	dc3d9d1e99e3bcf32f75f4fc8f97362fae90023556d4b6337b17741d49d96fa9	3088	Κάψα	143	Κ143	1.000000	2346	Κάναι	0.600000	0.400000	καψα	καψα
137031	Κεβρηνία		meineke_page_396.jpg	396	10189	ocr	OCR from image meineke_page_396.jpg (id=1568)	7bd9ce923760c19412695427bb8c41c7a72a61bfbf82b67140f25e79240b7822	3090	Κεβρηνία	145	Κ145	1.000000	121824	Γερηνία	0.750000	0.250000	κεβρηνια	κεβρηνια
137032	Κέγχεραι		meineke_page_396.jpg	396	10190	ocr	OCR from image meineke_page_396.jpg (id=1568)	08e68455babea74812bb3cbedf6a30c29f6dacca387f82532507fc0c7d8cc875	3091	Κεγχρεαί	146	Κ146	0.750000	3092	Κεδρεαί	0.625000	0.125000	κεγχεραι	κεγχρεαι
137033	Κεκρυφάλεια		meineke_page_397.jpg	397	10191	ocr	OCR from image meineke_page_397.jpg (id=1569)	65a976ad3e177b5fc33c116e138ff631c8d628f85e8cb188d27fdaf1f21030ee	3258	Κεκρυφάλεια	151	Κ151	1.000000	3283	Κορύδαλλα	0.545455	0.454545	κεκρυφαλεια	κεκρυφαλεια
137034	Κελαδών		meineke_page_397.jpg	397	10192	ocr	OCR from image meineke_page_397.jpg (id=1569)	1b229de4ddd46f144538778a089c1d3a8e8b4b213de2ad887225e35a2d07c968	3259	Κελαδώνη	152	Κ152	0.875000	2332	Καλυδών	0.714286	0.160714	κελαδων	κελαδωνη
137035	Κέλαιθοι		meineke_page_397.jpg	397	10193	ocr	OCR from image meineke_page_397.jpg (id=1569)	9b5408b8a3f4e7ea9c1091b720977d5e5e3a15e976ef46819b4a545f5b879ea2	3260	Κέλαιθοι	153	Κ153	1.000000	3261	Κελαίθρα	0.750000	0.250000	κελαιθοι	κελαιθοι
137036	Κέλαιθρα		meineke_page_397.jpg	397	10194	ocr	OCR from image meineke_page_397.jpg (id=1569)	0a869014842d8005bdb887412eb0b5972d31d990c2bff3628395f3d8c6d7c54e	3261	Κελαίθρα	154	Κ154	1.000000	3260	Κέλαιθοι	0.750000	0.250000	κελαιθρα	κελαιθρα
137038	Κίκονες		meineke_page_397.jpg	397	10196	ocr	OCR from image meineke_page_397.jpg (id=1569)	bc653738e85621c9c70eceedc00c9234ae83d19dee7deccdcb48f3f3b3478bbc	19523	Ἡμίκυνες	14	Η14	0.625000	10335	Μύκονος	0.571429	0.053571	κικονεσ	ημικυνεσ
137039	Κυναδοκολπίται		meineke_page_397.jpg	397	10197	ocr	OCR from image meineke_page_397.jpg (id=1569)	30eb26639798fcc1b1e2e83795055b313a46f381d76522007766ab0aa54749fc	11067	Νακολία	6	Ν6	0.500000	125108	Γομολῖται	0.500000	0.000000	κυναδοκολπιται	νακολια
137042	Κόρας	2	meineke_page_398.jpg	398	10200	ocr	OCR from image meineke_page_398.jpg (id=1570)	4500ae10ec40c8a462a733db88e1cbbb7cf8d701f951e65cccacec0e200de218	3265	Κόραξ	157	Κ157	0.800000	3282	Κορσίς	0.666667	0.133333	κορασ	κοραξ
137044	Κοροφύτις	4	meineke_page_398.jpg	398	10202	ocr	OCR from image meineke_page_398.jpg (id=1570)	84ba8f4fc353869937efc6b7e0a8f475b554fc3bc8e8d21f35434e4b70f52f05	3273	Κορκυρίς	165	Κ165	0.666667	3541	Κρουσίς	0.666667	0.000000	κοροφυτισ	κορκυρισ
137045	Κορησός	5	meineke_page_398.jpg	398	10203	ocr	OCR from image meineke_page_398.jpg (id=1570)	8b2ed2c22293aad4c141d41fb3fdbcc1feaad32306c770ca068441a82ea5c27a	3268	Κορησσός	160	Κ160	0.875000	61092	Ἀγορησός	0.750000	0.125000	κορησοσ	κορησσοσ
137046	Κόρινθος	6	meineke_page_398.jpg	398	10204	ocr	OCR from image meineke_page_398.jpg (id=1570)	a22a140a7cf81fe69a8c24d34302e4835a449862f9ca27cb04b2c2e0ff88861a	3269	Κόρινθος	161	Κ161	1.000000	26733	Πέρινθος	0.750000	0.250000	κορινθοσ	κορινθοσ
137047	Κόρινθος		meineke_page_399.jpg	399	10205	ocr	OCR from image meineke_page_399.jpg (id=1571)	6e958a52081802b038314e19a33a321c168b4185f5d15363ca4b6a6f80ea7b78	3269	Κόρινθος	161	Κ161	1.000000	26733	Πέρινθος	0.750000	0.250000	κορινθοσ	κορινθοσ
137049	Κοριόλκα		meineke_page_399.jpg	399	10207	ocr	OCR from image meineke_page_399.jpg (id=1571)	84f9f16477402e3dd47c824a7fdda32776c23d8599189cbcc7d2e27ec1e47374	3271	Κορίολλα	163	Κ163	0.875000	3270	Κόριλλα	0.750000	0.125000	κοριολκα	κοριολλα
137051	Κόκρειρς		meineke_page_399.jpg	399	10209	ocr	OCR from image meineke_page_399.jpg (id=1571)	b9c8d9548a13e7545f6ec6d5e7311998298760acf7d3db3ee979282360921cc5	3282	Κορσίς	174	Κ174	0.625000	2609	Κάσπειρος	0.555556	0.069444	κοκρειρσ	κορσισ
137053	Κοροκονδάκη		meineke_page_399.jpg	399	10210	ocr	OCR from image meineke_page_399.jpg (id=1571)	e41dd026ca31d09b0de8f056d793a796a47463893bdcaa5b33ec78861f1c3ea5	3275	Κοροκονδάμη	167	Κ167	0.909091	3276	Κορομάνη	0.545455	0.363636	κοροκονδακη	κοροκονδαμη
137054	Κορομάνη		meineke_page_400.jpg	400	10211	ocr	OCR from image meineke_page_400.jpg (id=1572)	f496f16a11ce01d3124652c72a9224ce9ebf48b4fd4325824b23497ddf63cea3	3276	Κορομάνη	168	Κ168	1.000000	3277	Κορόπη	0.625000	0.375000	κορομανη	κορομανη
137055	Κόροντα		meineke_page_400.jpg	400	10212	ocr	OCR from image meineke_page_400.jpg (id=1572)	7404026129c2cc96d9990bc14bc9dc6d30aee3b2215f81d948b1973cdb9bc3e5	3278	Κόροντα	170	Κ169	1.000000	3271	Κορίολλα	0.625000	0.375000	κοροντα	κοροντα
137056	Κορόπη		meineke_page_400.jpg	400	10213	ocr	OCR from image meineke_page_400.jpg (id=1572)	c16bcf9629d9e66c942111f2c78d5d468b983738bcc2f6ef8fa519864c1f6870	3277	Κορόπη	169	Κ170	1.000000	3289	Κορώνη	0.666667	0.333333	κοροπη	κοροπη
137057	Κορσηπιος / Ὀροπάιος		meineke_page_401.jpg	401	10214	ocr	OCR from image meineke_page_401.jpg (id=1573)	bea6d12a41a4627b75b9e87bf4cd201a75a61b6ae5a6b2aaf357ddb763053322	7260	Κυχρεῖος πάγος	304	Κ304	0.470588	30109	Προστρόπαια	0.470588	0.000000	κορσηπιοσοροπαιοσ	κυχρειοσπαγοσ
137058	Κορουνίων / Κορπῖλοι / Κορησαί / Κοροῖς / Κορύδαλλα		meineke_page_401.jpg	401	10215	ocr	OCR from image meineke_page_401.jpg (id=1573)	0cd1e3fc84159175281881bcc5efab84eb45ef463ccd7fceba88ce69f50ffb57	3257	Κεκροπία χώρα καὶ Κεκροπὶς φυλή	150	Κ150	0.307692	17040	Ἑλληνικόν καὶ Καρικόν	0.307692	0.000000	κορουνιωνκορπιλοικορησαικοροισκορυδαλλα	κεκροπιαχωρακαικεκροπισφυλη
137059	Κορυδαλλός		meineke_page_402.jpg	402	10216	ocr	OCR from image meineke_page_402.jpg (id=1574)	0e5cedae66810cfa5fb880c9fae78d419410866d9a64952cdb1536e710c5971c	3284	Κορυδαλλός	176	Κ176	1.000000	3283	Κορύδαλλα	0.800000	0.200000	κορυδαλλοσ	κορυδαλλοσ
137060	Κορυλλεῖον		meineke_page_402.jpg	402	10217	ocr	OCR from image meineke_page_402.jpg (id=1574)	33f2bc2dcf5b73323e309cbeb1c9d36d99e83f9f0d0d5b1120a899b344fb5b11	3285	Κορύλειον	177	Κ177	0.900000	14863	Δορυλάειον	0.800000	0.100000	κορυλλειον	κορυλειον
137062	Κορυφασίον		meineke_page_402.jpg	402	10219	ocr	OCR from image meineke_page_402.jpg (id=1574)	d96fe8657ed19714cc4cf5224f65dad4c5b85016b47acd4ce23af5597d23f248	3287	Κορυφάσιον	179	Κ179	1.000000	3286	Κορυφαῖον	0.900000	0.100000	κορυφασιον	κορυφασιον
137063	Κορύνεια		meineke_page_402.jpg	402	10220	ocr	OCR from image meineke_page_402.jpg (id=1574)	3ce73b3105dc44ad37dac5415e6182cd2a64659139e940cbd894b103f271bfc4	3288	Κορώνεια	180	Κ180	0.875000	3512	Κράνεια	0.750000	0.125000	κορυνεια	κορωνεια
137064	Κορώνη		meineke_page_403.jpg	403	10221	ocr	OCR from image meineke_page_403.jpg (id=1575)	0e07da8ddeed37c5e006c850b8f1151547dc721f85df0616ce56f921ee9055d9	3289	Κορώνη	181	Κ181	1.000000	50995	Τορώνη	0.833333	0.166667	κορωνη	κορωνη
137065	Κοσιᾶνα		meineke_page_403.jpg	403	10222	ocr	OCR from image meineke_page_403.jpg (id=1575)	84b8236ed3826039e4192570912713af0e0d11b9218420e5b749a236ba5563bf	3290	Κοσίανα	182	Κ182	1.000000	3292	Κοσσαία	0.714286	0.285714	κοσιανα	κοσιανα
137067	Κοσσαῖα		meineke_page_403.jpg	403	10224	ocr	OCR from image meineke_page_403.jpg (id=1575)	3edd10185b8b53c2669da297439c493bea22aa15c082b1399cb97f2533e9c082	3292	Κοσσαία	184	Κ184	1.000000	3290	Κοσίανα	0.714286	0.285714	κοσσαια	κοσσαια
137069	Κόσσυφος		meineke_page_403.jpg	403	10226	ocr	OCR from image meineke_page_403.jpg (id=1575)	a56429b54c54e5c030d26acebcd64063efca5bee0cfed55789c15df22576343a	3294	Κόσσυρος	186	Κ186	0.875000	3293	Κοσσός	0.750000	0.125000	κοσσυφοσ	κοσσυροσ
137071	Κοτιαεῖον	1	meineke_page_404.jpg	404	10228	ocr	OCR from image meineke_page_404.jpg (id=1576)	4f247b816c13d0186aa9c7b28c931e0ef75c7e4830797b556f932eeb076e991e	3496	Κοτιάειον	188	Κ188	1.000000	115297	Βοτίειον	0.777778	0.222222	κοτιαειον	κοτιαειον
137072	Κότραδες	2	meineke_page_404.jpg	404	10229	ocr	OCR from image meineke_page_404.jpg (id=1576)	0d0bddeac47c9487a30660cf4da7a762272b382fc04e0329960d8806274bb0e3	3497	Κότραδις	189	Κ189	0.875000	131873	Χοιράδες	0.750000	0.125000	κοτραδεσ	κοτραδισ
137074	Κοτύεστα	4	meineke_page_404.jpg	404	10231	ocr	OCR from image meineke_page_404.jpg (id=1576)	58e063c2519d6cac309f82b2d8701400d857f95013ac340ba99e7cc1fd95500c	3499	Κοτύρτα	191	Κ191	0.750000	3500	Κοτύωρα	0.625000	0.125000	κοτυεστα	κοτυρτα
137075	Κοτύωρα	5	meineke_page_404.jpg	404	10232	ocr	OCR from image meineke_page_404.jpg (id=1576)	27488a0df225a4353fd925b57139e7357d70c69a7380691cd7c70ad9f0d6c5db	3500	Κοτύωρα	192	Κ192	1.000000	3499	Κοτύρτα	0.714286	0.285714	κοτυωρα	κοτυωρα
137076	Κούνης	6	meineke_page_404.jpg	404	10233	ocr	OCR from image meineke_page_404.jpg (id=1576)	e62d7c7b635729bcee2c9ab21e31abfbb9d01d51cd4b58fbf38412ff8768838c	3501	Κουρής	193	Κ193	0.833333	3084	Καῦνος	0.666667	0.166667	κουνησ	κουρησ
137077	Κουμέοι		meineke_page_405.jpg	405	10234	ocr	OCR from image meineke_page_405.jpg (id=1577)	359137e816c7ffc5632a6c108a83b582b12b70dd86beed6539c8c9dffab9913d	3502	Κούριοι	194	Κ194	0.714286	3266	Κοραξοί	0.571429	0.142857	κουμεοι	κουριοι
137078	Κούμιον		meineke_page_405.jpg	405	10235	ocr	OCR from image meineke_page_405.jpg (id=1577)	8738e2573d31e4d6acf6ee5f5a1565f931f50e3b825f65f39a9da38c6650eee8	3503	Κούριον	195	Κ195	0.857143	2633	Καύδιον	0.714286	0.142857	κουμιον	κουριον
137079	Κουνοπόλις		meineke_page_405.jpg	405	10236	ocr	OCR from image meineke_page_405.jpg (id=1577)	ed83a34c3cb92468c7c9a3e131b3c289505ae3984e1ba28033b3bcd534233e5d	3504	Κουρόπολις	196	Κ196	0.900000	2495	Καρόπολις	0.700000	0.200000	κουνοπολισ	κουροπολισ
137080	Κοχλιοῦσα		meineke_page_405.jpg	405	10237	ocr	OCR from image meineke_page_405.jpg (id=1577)	736b8eaa2d6ca5298be678414f33fe3db459297530bb3824b19a0b69182d0fa9	3505	Κοχλίουσα	197	Κ197	1.000000	3271	Κορίολλα	0.555556	0.444444	κοχλιουσα	κοχλιουσα
137081	Κεφασέα		meineke_page_405.jpg	405	10238	ocr	OCR from image meineke_page_405.jpg (id=1577)	46f26cb274041c22304900662b889e17f31d178a304e71bd23336282c7f7d7e3	10210	Μέγασα	108	Μ108	0.571429	22204	Ἰέρασα	0.571429	0.000000	κεφασεα	μεγασα
137082	Κέφαγος		meineke_page_405.jpg	405	10239	ocr	OCR from image meineke_page_405.jpg (id=1577)	06e782577f99c4ed8a4b43efeee0560dc7ecfc973a801bb2cef230f76262e226	3507	Κράγος	199	Κ199	0.714286	2607	Κάσος	0.571429	0.142857	κεφαγοσ	κραγοσ
137083	Κραδή		meineke_page_405.jpg	405	10240	ocr	OCR from image meineke_page_405.jpg (id=1577)	f678c28077386bffcf141e0db01897fa7c29292453f8ecfba1916e3eef6eac70	3508	Κράδη	200	Κ200	1.000000	3511	Κραναή	0.666667	0.333333	κραδη	κραδη
137084	Κράμβουσα		meineke_page_405.jpg	405	10241	ocr	OCR from image meineke_page_405.jpg (id=1577)	3539fea3da52f0da1e970d8dccf9469409e650bd47db0aef4e58d83e6c3c7453	3509	Κράμβουσα	201	Κ201	1.000000	3535	Κρομύουσα	0.777778	0.222222	κραμβουσα	κραμβουσα
137085	Κραμβούντις		meineke_page_405.jpg	405	10242	ocr	OCR from image meineke_page_405.jpg (id=1577)	39fe4667fc32ab4b4c67959e8cc3b89be0338381325ce2105a5498007c731ba1	3510	Κράμβουτις	202	Κ202	0.909091	3509	Κράμβουσα	0.636364	0.272727	κραμβουντισ	κραμβουτισ
137086	Κρανάη	1	meineke_page_406.jpg	406	10243	ocr	OCR from image meineke_page_406.jpg (id=1578)	f21ff129e306a47201dae0a410c1a55de226bd3e441207817ebfec3c8bf9440f	3511	Κραναή	203	Κ203	1.000000	2346	Κάναι	0.666667	0.333333	κραναη	κραναη
137087	Κρανεία	2	meineke_page_406.jpg	406	10244	ocr	OCR from image meineke_page_406.jpg (id=1578)	d93f91a98bb8e3c551baf0088d8725e97d1ea613fe020bd667bd4ee37db7c181	3512	Κράνεια	204	Κ204	1.000000	3288	Κορώνεια	0.750000	0.250000	κρανεια	κρανεια
137088	Κρανίδες	3	meineke_page_406.jpg	406	10245	ocr	OCR from image meineke_page_406.jpg (id=1578)	e6ef4aee5154e0debc72705b28c7407d6f3e9c32c553a43977b3017b5f047847	3513	Κρανίδες	205	Κ205	1.000000	3521	Κρηνίδες	0.875000	0.125000	κρανιδεσ	κρανιδεσ
137089	Κράνιοι	4	meineke_page_406.jpg	406	10246	ocr	OCR from image meineke_page_406.jpg (id=1578)	0db5077c4870d4ae2f165d968bcff613dd98aa3d5e63b6f05b8b40fc53acf779	3514	Κράνιοι	206	Κ206	1.000000	19497	Ζηράνιοι	0.750000	0.250000	κρανιοι	κρανιοι
137090	Κρανών	5	meineke_page_406.jpg	406	10247	ocr	OCR from image meineke_page_406.jpg (id=1578)	3f0d85f2712cfee22655400d9dc3e4d410db2807391ae6a7f03d47db535f8020	3515	Κραννών	207	Κ207	0.857143	3511	Κραναή	0.666667	0.190476	κρανων	κραννων
137091	Κραϲεργιον		meineke_page_407.jpg	407	10248	ocr	OCR from image meineke_page_407.jpg (id=1579)	9c0dae84715d68ab970da1a17a6893cf4ff8a636909c99cdb467c31351fa0560	3516	Κρασέριον	208	Κ208	0.800000	2623	Κασώριον	0.600000	0.200000	κραϲεργιον	κρασεριον
137092	Κραστός		meineke_page_407.jpg	407	10249	ocr	OCR from image meineke_page_407.jpg (id=1579)	1aa2603da5664ec96345ff5cdefeaf87e04f6895328d57fc4968a24a3fef342d	3517	Κραστός	209	Κ209	1.000000	2603	Κάρυστος	0.750000	0.250000	κραστοσ	κραστοσ
137093	Κρέμη		meineke_page_407.jpg	407	10250	ocr	OCR from image meineke_page_407.jpg (id=1579)	d205144b110435966d4681b4a7d46aae67bcdcfb61cbe81e52380f114c89f2be	3518	Κρέμη	210	Κ210	1.000000	3508	Κράδη	0.600000	0.400000	κρεμη	κρεμη
137094	Κρεμμύν		meineke_page_407.jpg	407	10251	ocr	OCR from image meineke_page_407.jpg (id=1579)	3197d415083317140fa4722be16c3863d899c15139e4d783d15d69d0567e6c73	3519	Κρεμμυών	211	Κ211	0.875000	3536	Κρομμυών	0.750000	0.125000	κρεμμυν	κρεμμυων
137095	Κρεμμυνίαι	1	meineke_page_408.jpg	408	10252	ocr	OCR from image meineke_page_408.jpg (id=1580)	97b0f5a66fe140c0f48d3497dd50b07dc08c5fe9e030d8299453acfeeeccafa0	2343	Καμμανία	49	Κ49	0.600000	3519	Κρεμμυών	0.600000	0.000000	κρεμμυνιαι	καμμανια
137096	Κρεύσις	2	meineke_page_408.jpg	408	10253	ocr	OCR from image meineke_page_408.jpg (id=1580)	60585f8bb2910d250ba0228b8381d8f8e7ef0f3f11465153e5f71b12d07daf1d	3520	Κρεῦσις	212	Κ212	1.000000	3541	Κρουσίς	0.857143	0.142857	κρευσισ	κρευσισ
137097	Κερνῆδες	3	meineke_page_408.jpg	408	10254	ocr	OCR from image meineke_page_408.jpg (id=1580)	bcf2242247fdb6d3dd98048735d4799ab879d66c0fac14b862f137c17fafc2fc	3513	Κρανίδες	205	Κ205	0.625000	3521	Κρηνίδες	0.625000	0.000000	κερνηδεσ	κρανιδεσ
137098	Κέρσοσα	4	meineke_page_408.jpg	408	10255	ocr	OCR from image meineke_page_408.jpg (id=1580)	f3341c44aecbd43cdcaae85348ea700a0bcc1e899ca6244d2354b9a3b245bf29	2494	Κάρνος	92	Κ92	0.571429	2607	Κάσος	0.571429	0.000000	κερσοσα	καρνοσ
137099	Κέρσιον	5	meineke_page_408.jpg	408	10256	ocr	OCR from image meineke_page_408.jpg (id=1580)	103041acc72a828fef9fda31486c674473d525d5837348704720dc69f7c9c1c8	2605	Κάσιον	105	Κ105	0.714286	3272	Κόριον	0.714286	0.000000	κερσιον	κασιον
137100	Κέρστην	6	meineke_page_408.jpg	408	10257	ocr	OCR from image meineke_page_408.jpg (id=1580)	7f08a35fdc184c7f65fb34e22c0c6c1660d8f2a20484cdbd65cf081605a3805c	3525	Κρήτη	217	Κ217	0.571429	3539	Κρότων	0.571429	0.000000	κερστην	κρητη
137101	Κέρστη	7	meineke_page_408.jpg	408	10258	ocr	OCR from image meineke_page_408.jpg (id=1580)	b6cd92f464ad232d495b5a9b7ca8c4f85f7f7f65f70dfd90208d9206d0f03138	3525	Κρήτη	217	Κ217	0.666667	61208	Ἀκέστη	0.666667	0.000000	κερστη	κρητη
137102	Κρῆς		meineke_page_409.jpg	409	10259	ocr	OCR from image meineke_page_409.jpg (id=1581)	881269262671f9cb7c3155db5dcef98db7a370a3237f7cef4cf98416e6d8bb7c	7245	Κύρης	289	Κ289	0.800000	3547	Κρῶς	0.750000	0.050000	κρησ	κυρησ
137103	Κρητίνια		meineke_page_409.jpg	409	10260	ocr	OCR from image meineke_page_409.jpg (id=1581)	278b8299a6d68901e5b70090f4ebb0bab02476689c0d063f377db4ca5401bdad	3526	Κρητινία	218	Κ218	1.000000	125129	Γρηστωνία	0.666667	0.333333	κρητινια	κρητινια
137104	Κεψύη		meineke_page_409.jpg	409	10261	ocr	OCR from image meineke_page_409.jpg (id=1581)	4dd29ae02f8cfb2a1c178b1ee83eaa19b13360e31a4c73f47075cf56821e3e55	108947	Βεύη	81	Β81	0.600000	2058	Καβύλη	0.500000	0.100000	κεψυη	βευη
137105	Κρέμιυσα	1	meineke_page_410.jpg	410	10262	ocr	OCR from image meineke_page_410.jpg (id=1582)	b2263aa90f342e8ea628eeac457f25a87726aba63385b6e25ebdc5050d638e94	3528	Κρίμισα	220	Κ220	0.750000	3509	Κράμβουσα	0.666667	0.083333	κρεμιυσα	κριμισα
137106	Κρέισα	2	meineke_page_410.jpg	410	10263	ocr	OCR from image meineke_page_410.jpg (id=1582)	004b40eda168c430a04e754b2a6e624cfa4f49afb47ec9ede20413ce11b6e695	3529	Κρῖσα	221	Κ221	0.833333	3528	Κρίμισα	0.714286	0.119048	κρεισα	κρισα
137107	Κρέωα	3	meineke_page_410.jpg	410	10264	ocr	OCR from image meineke_page_410.jpg (id=1582)	e7894a305fb46bd6c970bc80dd9f54a4aa747d1879dc7a1b566c2b9e50168aaf	3530	Κριώα	222	Κ222	0.800000	3518	Κρέμη	0.600000	0.200000	κρεωα	κριωα
137108	Κόρβυτοι	4	meineke_page_410.jpg	410	10265	ocr	OCR from image meineke_page_410.jpg (id=1582)	9e791e646cd27d66c05e4ae9eacd89d8c9ebce3a5b13130138fce082164d5c51	2481	Καρδυτός	79	Κ79	0.625000	3266	Κοραξοί	0.625000	0.000000	κορβυτοι	καρδυτοσ
137109	Κροκέαι	5	meineke_page_410.jpg	410	10266	ocr	OCR from image meineke_page_410.jpg (id=1582)	fff67d38a1ad2a02db5d372db12b3f5a01d786df1ad3d90b605f899a4cafed68	3532	Κροκέαι	224	Κ224	1.000000	8971	Μακροκέφαλοι	0.583333	0.416667	κροκεαι	κροκεαι
137110	Κροκοδειλῶν πόλις	6	meineke_page_410.jpg	410	10267	ocr	OCR from image meineke_page_410.jpg (id=1582)	f66914bc34543db506a626eb6098d1274ae9b0da7dff60a12d75d3eb582cbe3e	3533	Κροκοδείλων πόλις	225	Κ225	1.000000	14865	Δούλων πόλις	0.562500	0.437500	κροκοδειλωνπολισ	κροκοδειλωνπολισ
137111	Κροκοδειλοπολίτης	1	meineke_page_411.jpg	411	10268	ocr	OCR from image meineke_page_411.jpg (id=1583)	048ff51d83f14736b5c14fd95fa174684e70988e8da16b773d40c8d2ec4193f7	3533	Κροκοδείλων πόλις	225	Κ225	0.764706	3504	Κουρόπολις	0.470588	0.294118	κροκοδειλοπολιτησ	κροκοδειλωνπολισ
137112	Κροκυλεία	2	meineke_page_411.jpg	411	10269	ocr	OCR from image meineke_page_411.jpg (id=1583)	235fce1edf73d915d76c120fa2847263def08f6ac442e154cbdd63cc18944f63	80198	Ἀκροκύλεια	172	Α172	0.900000	3534	Κροκύλειον	0.800000	0.100000	κροκυλεια	ακροκυλεια
137113	Κομψοῦσα	3	meineke_page_411.jpg	411	10270	ocr	OCR from image meineke_page_411.jpg (id=1583)	4f10a95e64506b270f55a3fed3c1a876e8f3b1a3aa179c429669d2e0ba6ef59a	3535	Κρομύουσα	227	Κ227	0.777778	3505	Κοχλίουσα	0.666667	0.111111	κομψουσα	κρομυουσα
137114	Κορημψων πόλις	4	meineke_page_411.jpg	411	10271	ocr	OCR from image meineke_page_411.jpg (id=1583)	830215292b81b799b8cb8edca2474cf2737633a959f4a917c03c04ca4a13dd61	7231	Κυνῶν πόλις	275	Κ275	0.615385	14865	Δούλων πόλις	0.615385	0.000000	κορημψωνπολισ	κυνωνπολισ
137116	Κρόταλα	6	meineke_page_411.jpg	411	10273	ocr	OCR from image meineke_page_411.jpg (id=1583)	841f048a0676591198f1f9906948448cb0ab2decd6617236415733cdf24021f5	3538	Κρόταλλα	230	Κ230	0.875000	2617	Κασταλία	0.625000	0.250000	κροταλα	κροταλλα
137118	Κρονους		meineke_page_412.jpg	412	10275	ocr	OCR from image meineke_page_412.jpg (id=1584)	8044a79b015eac6d4b374325c8c5c56e0ab78237a9273b664cff269bd13985ef	3535	Κρομύουσα	227	Κ227	0.666667	42050	Σχοινοῦς	0.625000	0.041667	κρονουσ	κρομυουσα
137119	Κρονουστεμερια		meineke_page_412.jpg	412	10276	ocr	OCR from image meineke_page_412.jpg (id=1584)	9b9928f2ed85a8d97861a308762d4e5187cfdce65ad35154863089ce8b48f56a	3540	Κρουστομερία	232	Κ233	0.785714	14859	Δονουσία	0.500000	0.285714	κρονουστεμερια	κρουστομερια
137120	Κρυα		meineke_page_412.jpg	412	10277	ocr	OCR from image meineke_page_412.jpg (id=1584)	b5f8c25e25bde0be934cdc521fca680aafebb6381175c76fc28cf6a65a85102d	3542	Κρύα	234	Κ234	1.000000	2601	Καρύα	0.800000	0.200000	κρυα	κρυα
137121	Κρυσασσος		meineke_page_412.jpg	412	10278	ocr	OCR from image meineke_page_412.jpg (id=1584)	4f8dd267341a01a067a3a651a04766dde91ee6451f1261d73933bc32bc1864c0	3543	Κρυασσός	235	Κ235	0.888889	3552	Κυβασσός	0.777778	0.111111	κρυσασσοσ	κρυασσοσ
137122	Κωβιλος		meineke_page_412.jpg	412	10279	ocr	OCR from image meineke_page_412.jpg (id=1584)	0417640e0e0138d055e9a59f72397e88c346e67856111a16bf6770a3af6b593b	3544	Κρωβίαλος	236	Κ236	0.777778	51047	Τρώγιλος	0.625000	0.152778	κωβιλοσ	κρωβιαλοσ
137123	Κώμνα		meineke_page_413.jpg	413	10280	ocr	OCR from image meineke_page_413.jpg (id=1585)	27257bc3ee0ef3583549192a6ccb4a6cc934ea419cdcbbaf261482e732ed0ca0	3545	Κρῶμνα	237	Κ237	0.833333	3557	Κύδνα	0.600000	0.233333	κωμνα	κρωμνα
137124	Κωπτία		meineke_page_413.jpg	413	10281	ocr	OCR from image meineke_page_413.jpg (id=1585)	d023b8c532d84d344f8ab45f68c53f60db8ce17a400c90a22b8ebaf7d6d70c39	3546	Κρωπιά	238	Κ238	0.666667	7268	Κῶπαι	0.666667	0.000000	κωπτια	κρωπια
137126	Κτησιφών		meineke_page_413.jpg	413	10283	ocr	OCR from image meineke_page_413.jpg (id=1585)	c05c23a52c690b4cd314bdfd7db72e4d49c4c56ad4ed6d92e6afbf20c5bd921c	3548	Κτησιφῶν	240	Κ240	1.000000	3523	Κρήσιον	0.625000	0.375000	κτησιφων	κτησιφων
137128	Εὐβοίας		meineke_page_414.jpg	414	10285	ocr	OCR from image meineke_page_414.jpg (id=1586)	1def13ba2b72e72788dbd2623f6f6fe0eb76179fd6d180a762e6d9b050109686	18272	Εὔβοια	149	Ε149	0.857143	3554	Κύβος	0.571429	0.285714	ευβοιασ	ευβοια
137129	Κύαλος		meineke_page_414.jpg	414	10286	ocr	OCR from image meineke_page_414.jpg (id=1586)	e6aad5ae60b46497b5634d915639966e9576057a3013fd9499e5325aa45a0504	3550	Κύαλος	242	Κ242	1.000000	2607	Κάσος	0.666667	0.333333	κυαλοσ	κυαλοσ
137130	Κύαδα		meineke_page_414.jpg	414	10287	ocr	OCR from image meineke_page_414.jpg (id=1586)	f3f8f117269754761e20c0ccbc4b6ec39432fed4a03e9a65fd5fea1bc58a04b3	3551	Κύαρδα	243	Κ243	0.833333	2602	Καρύανδα	0.625000	0.208333	κυαδα	κυαρδα
137131	Κυβάσσος		meineke_page_414.jpg	414	10288	ocr	OCR from image meineke_page_414.jpg (id=1586)	7ef9512fc64c202c564f1b2fcca6d170fb7d7e628a357f23499c73de3e5c6bc5	3552	Κυβασσός	244	Κ244	1.000000	2055	Καβασσός	0.875000	0.125000	κυβασσοσ	κυβασσοσ
137132	Κυβέλεια		meineke_page_414.jpg	414	10289	ocr	OCR from image meineke_page_414.jpg (id=1586)	ff00f9f626e5b20b1fec4dc3c2d09316b906c5ae8e691de714988637979272b7	3553	Κυβέλεια	245	Κ245	1.000000	7219	Κυνέτεια	0.750000	0.250000	κυβελεια	κυβελεια
137133	Κύβος / Κυβώ		meineke_page_414.jpg	414	10290	ocr	OCR from image meineke_page_414.jpg (id=1586)	0a80e93013cbdc661d4c6053acd8bab99b39169c2b38a94df60750c6747d724f	3554	Κύβος	246	Κ246	0.555556	7227	Κυνόσουρα	0.555556	0.000000	κυβοσκυβω	κυβοσ
137134	Κυδαθηναιον		meineke_page_415.jpg	415	10291	ocr	OCR from image meineke_page_415.jpg (id=1587)	0b54aeb130177b8a579de44c83acce288670f710deb5f6bf176942afbe63fe94	3555	Κυδαθήναιον	247	Κ247	1.000000	2621	Κάστνιον	0.545455	0.454545	κυδαθηναιον	κυδαθηναιον
137135	Κυδαντιδαι		meineke_page_415.jpg	415	10292	ocr	OCR from image meineke_page_415.jpg (id=1587)	f5acfbf0842a87e3a49819d2cbbbd5b3db3d4d6f2c64b3245e583f53e9406a27	3556	Κυδαντίδαι	248	Κ248	1.000000	2086	Καλατίαι	0.600000	0.400000	κυδαντιδαι	κυδαντιδαι
137136	Κυδνα		meineke_page_415.jpg	415	10293	ocr	OCR from image meineke_page_415.jpg (id=1587)	e9c9a29431ab7b3f46914f5fd99bb20e170a8002185af35a487277dec2ad33b1	3557	Κύδνα	249	Κ249	1.000000	7223	Κύννα	0.800000	0.200000	κυδνα	κυδνα
137137	Κυδραα		meineke_page_415.jpg	415	10294	ocr	OCR from image meineke_page_415.jpg (id=1587)	91184750aca10687aa46a4fa4b9154d10f5d3abd1606ac54e024a288b59436fe	3559	Κύδραρα	251	Κ251	0.857143	3558	Κύδραι	0.833333	0.023810	κυδραα	κυδραρα
137138	Κυδραρα		meineke_page_415.jpg	415	10295	ocr	OCR from image meineke_page_415.jpg (id=1587)	bfa4d5745a82e241c9b627e79d0ee066f4a2984f99c65c01df110ae181491afa	3559	Κύδραρα	251	Κ251	1.000000	3558	Κύδραι	0.714286	0.285714	κυδραρα	κυδραρα
137139	Κυδηνη		meineke_page_415.jpg	415	10296	ocr	OCR from image meineke_page_415.jpg (id=1587)	577bb802c15471cadb213bd50f30c46607ef8b41a866cdc55ee48760e3d4f790	3560	Κυδρήνη	252	Κ252	0.857143	7244	Κυρήνη	0.833333	0.023810	κυδηνη	κυδρηνη
137140	Κυδωνια		meineke_page_415.jpg	415	10297	ocr	OCR from image meineke_page_415.jpg (id=1587)	cad6571607e62dd15e40959ae0d5fed79bd42348e63f033fb3e314d64b18cc05	3561	Κυδωνία	253	Κ253	1.000000	2777	Καυλωνία	0.750000	0.250000	κυδωνια	κυδωνια
137141	θυγατρίς		meineke_page_416.jpg	416	10298	ocr	OCR from image meineke_page_416.jpg (id=1588)	2297fac4cfc619da96749c44aa479699746802db81295a9c2f127f0f6b7fa6f7	18285	Εὐπατρία	162	Ε162	0.625000	19505	Ζυγαντίς	0.625000	0.000000	θυγατρισ	ευπατρια
137142	Κύζικος		meineke_page_416.jpg	416	10299	ocr	OCR from image meineke_page_416.jpg (id=1588)	efc7ac2ddc1b3e169f26bd656fd3aff9489cf91d35fe16b0b4b037f7e5913440	7210	Κύζικος	254	Κ254	1.000000	2341	Καμικός	0.714286	0.285714	κυζικοσ	κυζικοσ
137143	Κύθηρα		meineke_page_416.jpg	416	10300	ocr	OCR from image meineke_page_416.jpg (id=1588)	d858720babb422ebca6f77f5397453f1f7c32d46d6dc3ee85e51e4469000cb20	7211	Κύθηρα	255	Κ255	1.000000	7212	Κύθηρος	0.714286	0.285714	κυθηρα	κυθηρα
137144	Κύθηρος		meineke_page_416.jpg	416	10301	ocr	OCR from image meineke_page_416.jpg (id=1588)	ac5ca3968df3503b4dc5188510688c65301b08d0bfceb1470c219d35a05c9e98	7212	Κύθηρος	256	Κ256	1.000000	2116	Κάληρος	0.714286	0.285714	κυθηροσ	κυθηροσ
137145	Κύθνιος		meineke_page_417.jpg	417	10302	ocr	OCR from image meineke_page_417.jpg (id=1589)	992acbac8a190fbe34165d2c835d3756c0e42d72d2285448c58d67940b566b04	7213	Κύθνος	257	Κ257	0.857143	7212	Κύθηρος	0.714286	0.142857	κυθνιοσ	κυθνοσ
137146	Κυκνίτις		meineke_page_417.jpg	417	10303	ocr	OCR from image meineke_page_417.jpg (id=1589)	2eee72024d56470a720bc490181f2a7c9eb000f814af25b9663c7bf3b590a91e	7214	Κυκνῖτις	258	Κ258	1.000000	2487	Καρκινῖτις	0.700000	0.300000	κυκνιτισ	κυκνιτισ
137147	Κύλλανθος		meineke_page_417.jpg	417	10304	ocr	OCR from image meineke_page_417.jpg (id=1589)	b2125049ea70ed3e1094aae5b62684407ca476c6f34ba0f6294beb797ecb05b6	7215	Κύλλανδος	259	Κ259	0.888889	7222	Κύνθος	0.666667	0.222222	κυλλανθοσ	κυλλανδοσ
137148	Κυλλήνη		meineke_page_417.jpg	417	10305	ocr	OCR from image meineke_page_417.jpg (id=1589)	e0ac843ee64997a75a03c8864d6f02e983cd8d64bd8423f7ba09afbc9ab449df	7216	Κυλλήνη	260	Κ260	1.000000	3560	Κυδρήνη	0.714286	0.285714	κυλληνη	κυλληνη
137149	Κύμη		meineke_page_417.jpg	417	10306	ocr	OCR from image meineke_page_417.jpg (id=1589)	7e73c655d1db1d154f3d4e1603ec4a9ecaf01a3b85c3ae8618a8170ea1a31109	7217	Κύμη	261	Κ261	1.000000	3842	Δύμη	0.750000	0.250000	κυμη	κυμη
137150	Κυναθαια	1	meineke_page_418.jpg	418	10307	ocr	OCR from image meineke_page_418.jpg (id=1590)	76d5bd81393664926d5b24299b09015b2ba9c6e031a4f7b9624f671a77b8cf3c	2062	Κάθαια	10	Κ10	0.750000	2345	Κάναθα	0.625000	0.125000	κυναθαια	καθαια
137151	Κυνέτεια	2	meineke_page_418.jpg	418	10308	ocr	OCR from image meineke_page_418.jpg (id=1590)	0c6e6e95454e09f51fdc5bb3069b64b008ec775b1814addc53d180e62493d9e4	7219	Κυνέτεια	263	Κ263	1.000000	3553	Κυβέλεια	0.750000	0.250000	κυνετεια	κυνετεια
137152	Κυνή	3	meineke_page_418.jpg	418	10309	ocr	OCR from image meineke_page_418.jpg (id=1590)	86cae8ab68ccf673933a17e4428881cd0c0c48359bcc8ba47d9ca933c21bec25	7220	Κυνή	264	Κ264	1.000000	7217	Κύμη	0.750000	0.250000	κυνη	κυνη
137153	Κυνητικόν	4	meineke_page_418.jpg	418	10310	ocr	OCR from image meineke_page_418.jpg (id=1590)	8415e61d28de6e295ab70fb2a2016891511df2ac2cac0b7e33fdddcf60fc2466	7221	Κυνητικόν	265	Κ265	1.000000	39875	Σκυλλήτιον	0.600000	0.400000	κυνητικον	κυνητικον
137154	Κύνθος	5	meineke_page_418.jpg	418	10311	ocr	OCR from image meineke_page_418.jpg (id=1590)	da29283e22cf79c1c51d58fdf331b86c133ba722a76c4bdf20774a6896804e8e	7222	Κύνθος	266	Κ266	1.000000	7224	Κῦνος	0.833333	0.166667	κυνθοσ	κυνθοσ
137155	Κύννα	6	meineke_page_418.jpg	418	10312	ocr	OCR from image meineke_page_418.jpg (id=1590)	420169e3beb536f823adc03db34a777367527a404c62a859970b78bb49502f09	7223	Κύννα	267	Κ267	1.000000	3557	Κύδνα	0.800000	0.200000	κυννα	κυννα
137156	Κύνος	7	meineke_page_418.jpg	418	10313	ocr	OCR from image meineke_page_418.jpg (id=1590)	182871ddc6c32479982ddd6ec76c652c60634ddf86fe12322758dee407af8692	7224	Κῦνος	268	Κ268	1.000000	3084	Καῦνος	0.833333	0.166667	κυνοσ	κυνοσ
137157	Κυνόσαργες	8	meineke_page_418.jpg	418	10314	ocr	OCR from image meineke_page_418.jpg (id=1590)	eb7a475ed34c0f9123a7a8bb69186c965d0ee653eb744b9152fa4413c66883cf	7225	Κυνόσαργες	269	Κ269	1.000000	7224	Κῦνος	0.500000	0.500000	κυνοσαργεσ	κυνοσαργεσ
137159	Διόμιμον		meineke_page_419.jpg	419	10316	ocr	OCR from image meineke_page_419.jpg (id=1591)	c095cdf6a57870fff38b1466f76c868210d1ddaa4e64687f3aca9325b8254f47	14840	Διὸς ἱερόν	92	Δ92	0.666667	2788	Δάλμιον	0.625000	0.041667	διομιμον	διοσιερον
137160	Κυνὸς κεφαλαί		meineke_page_419.jpg	419	10317	ocr	OCR from image meineke_page_419.jpg (id=1591)	a73b693f1257bc77ab161653e87b54efc730cf90a683b055c70706a25803e646	7226	Κυνὸς κεφαλαί	270	Κ270	1.000000	108990	Βοὸς Κεφαλαί	0.750000	0.250000	κυνοσκεφαλαι	κυνοσκεφαλαι
137161	Κυνόσοψα		meineke_page_419.jpg	419	10318	ocr	OCR from image meineke_page_419.jpg (id=1591)	a2aefb568f91228d85a55aa7d6985070b399470fa08670bd6af8cea1f2d8c963	7227	Κυνόσουρα	271	Κ271	0.777778	7228	Κυνόσσημα	0.666667	0.111111	κυνοσοψα	κυνοσουρα
137162	Κυνόσαγμα		meineke_page_419.jpg	419	10319	ocr	OCR from image meineke_page_419.jpg (id=1591)	2d72b5904c546948cf27964867e5214212c29458e96dd249126e669b9675e9eb	7228	Κυνόσσημα	272	Κ272	0.777778	7225	Κυνόσαργες	0.700000	0.077778	κυνοσαγμα	κυνοσσημα
137163	Κύνουρα		meineke_page_419.jpg	419	10320	ocr	OCR from image meineke_page_419.jpg (id=1591)	f4abe12f6d7598223846944701a12f13f35c16ce512599550e3a22b890d98f74	7229	Κύνουρα	273	Κ273	1.000000	7227	Κυνόσουρα	0.777778	0.222222	κυνουρα	κυνουρα
137164	Κυνῶν		meineke_page_419.jpg	419	10321	ocr	OCR from image meineke_page_419.jpg (id=1591)	28d2e8144e8ab4d54a96de0a6cf0c115a0ad25d5ec2ec11a16e6da912b08c559	7220	Κυνή	264	Κ264	0.600000	7223	Κύννα	0.600000	0.000000	κυνων	κυνη
137165	Κυνῶν πόλις		meineke_page_419.jpg	419	15948	ocr	OCR from image meineke_page_419.jpg (id=1591)	a979ff006411cf407e0c5fb5e91c6cd97144f0e3aef6b69c296bbdbea5f8c6bf	7231	Κυνῶν πόλις	275	Κ275	1.000000	61085	Ἀγκυρῶν πόλις	0.750000	0.250000	κυνωνπολισ	κυνωνπολισ
137166	Κύδων		meineke_page_419.jpg	419	10323	ocr	OCR from image meineke_page_419.jpg (id=1591)	003f932c8bfec7b7756cfaa9543017ab0b0f49b1f1eb3041add52b7cc422fbf0	2332	Καλυδών	38	Κ38	0.714286	3561	Κυδωνία	0.714286	0.000000	κυδων	καλυδων
137167	Κύπαιδα		meineke_page_419.jpg	419	10324	ocr	OCR from image meineke_page_419.jpg (id=1591)	33770a38bd50325feca644f0d77c919f4bc406c6daedcb5c56e91af9a3ac3728	7233	Κύπαιθα	277	Κ277	0.857143	3551	Κύαρδα	0.714286	0.142857	κυπαιδα	κυπαιθα
137169	Κυπάρισσος	2	meineke_page_420.jpg	420	10326	ocr	OCR from image meineke_page_420.jpg (id=1592)	5c30bd369cd0a26fff01debe4058717f40784e7bfb94a3a2f717341eb373d0b5	7236	Κυπάρισσος	280	Κ280	1.000000	7234	Κυπαρισσία	0.800000	0.200000	κυπαρισσοσ	κυπαρισσοσ
137171	Κύπρη	4	meineke_page_420.jpg	420	10328	ocr	OCR from image meineke_page_420.jpg (id=1592)	8da9a66bf19bca472e5fd1d5f77c4958e09764a204d66f5ef7cbd3478b06e6b9	7238	Κύπη	282	Κ282	0.800000	7243	Κύρη	0.800000	0.000000	κυπρη	κυπη
137172	Κύπρος	5	meineke_page_420.jpg	420	10329	ocr	OCR from image meineke_page_420.jpg (id=1592)	76171df7cb0824f6696bda1275475d2490414f27a048c00920b45bb318bd3581	7239	Κύπρος	283	Κ283	1.000000	7249	Κύρρος	0.833333	0.166667	κυπροσ	κυπροσ
137173	Κύπρος	1	meineke_page_421.jpg	421	10330	ocr	OCR from image meineke_page_421.jpg (id=1593)	958ee88021a0eee024066e7896932c6f731e6217215aaa21d424124f9e2b50a6	7239	Κύπρος	283	Κ283	1.000000	7249	Κύρρος	0.833333	0.166667	κυπροσ	κυπροσ
137174	Κέραυνις / Κυρανίς	2	meineke_page_421.jpg	421	10331	ocr	OCR from image meineke_page_421.jpg (id=1593)	bc2ba405207bedebb37ce4f457a53a912f38b86271bf89adf7f75d55de293da9	2473	Κάραλλις ἢ Καράλλεια	71	Κ71	0.500000	3089	Κεβρανῖται	0.466667	0.033333	κεραυνισκυρανισ	καραλλισηκαραλλεια
137175	Κύρις		meineke_page_422.jpg	422	10332	ocr	OCR from image meineke_page_422.jpg (id=1594)	6dc1b5fe35daedf57aed5fa8e927b034f383952719c6235b1fb6331282b69f99	7246	Κύρις	290	Κ290	1.000000	7245	Κύρης	0.800000	0.200000	κυρισ	κυρισ
137176	Κύρος		meineke_page_422.jpg	422	10333	ocr	OCR from image meineke_page_422.jpg (id=1594)	12d986856f856fc6bf461f2eef3f53c2502fc0776511fe231f025ddbbad9a583	7239	Κύπρος	283	Κ283	0.833333	7247	Κύρνος	0.833333	0.000000	κυροσ	κυπροσ
137177	Κύρων πόλις		meineke_page_422.jpg	422	10334	ocr	OCR from image meineke_page_422.jpg (id=1594)	34ba62a7946536435be5f2e9349d517c891e4cdfca0c406e06d52c17108eab22	7231	Κυνῶν πόλις	275	Κ275	0.900000	61085	Ἀγκυρῶν πόλις	0.833333	0.066667	κυρωνπολισ	κυνωνπολισ
137178	Κύρησις		meineke_page_422.jpg	422	10335	ocr	OCR from image meineke_page_422.jpg (id=1594)	6233444fb76e7b7b76f586682d45fb937dc33f0777e9edd2a2a8e0426ef9fb4f	18297	Εὔτρησις	174	Ε174	0.750000	3282	Κορσίς	0.714286	0.035714	κυρησισ	ευτρησισ
137179	Κυρεταία		meineke_page_422.jpg	422	10336	ocr	OCR from image meineke_page_422.jpg (id=1594)	27d539e63361fc92fb8e11b35bc75e370a1cc6e83473e2f95b785d28e57bd487	7250	Κυρταία	294	Κ294	0.875000	7219	Κυνέτεια	0.750000	0.125000	κυρεταια	κυρταια
137180	Κυρετιανός – Κύρτις – Κυρέται – Κυρέτων – Κύτα – Κυταία		meineke_page_423.jpg	423	10337	ocr	OCR from image meineke_page_423.jpg (id=1595)	e9bdd3b7ec1eae72ce44ea4cca31263675f9fb492af8b872d6a545a9e668861f	105839	Βάκυροι καὶ Βακυριανοί	21	Β21	0.300000	8485	Μαδιηνοί καὶ Μαδιανῖται	0.275000	0.025000	κυρετιανοσκυρτισκυρεταικυρετωνκυτακυταια	βακυροικαιβακυριανοι
137181	Κυτέριον		meineke_page_424.jpg	424	10338	ocr	OCR from image meineke_page_424.jpg (id=1596)	ee40a64cdd44e671e82f98a2afc3ccdb00d5d72ae29c42864add30a91c124122	7255	Κυτέριον	299	Κ299	1.000000	7257	Κυτώνιον	0.750000	0.250000	κυτεριον	κυτεριον
137182	Κύτινα		meineke_page_424.jpg	424	10339	ocr	OCR from image meineke_page_424.jpg (id=1596)	59d7e3980c71b429b095c1cd9b0c0cf8d1737dba6825f3c1d246c3382c17e805	7256	Κύτινα	300	Κ300	1.000000	39865	Σκότινα	0.714286	0.285714	κυτινα	κυτινα
137183	Κυτώριον		meineke_page_424.jpg	424	10340	ocr	OCR from image meineke_page_424.jpg (id=1596)	d3cf8592f8962cf1aebd54a0dc8c96d99dd9b263b91e75c7e38cf4144ad58391	7255	Κυτέριον	299	Κ299	0.875000	7257	Κυτώνιον	0.875000	0.000000	κυτωριον	κυτεριον
137184	Κύτωρος		meineke_page_424.jpg	424	10341	ocr	OCR from image meineke_page_424.jpg (id=1596)	8d38bbc06a1267968680753330023fb41ca43913af8579063537fd77f9d88296	7258	Κύτωρος	302	Κ302	1.000000	7212	Κύθηρος	0.714286	0.285714	κυτωροσ	κυτωροσ
137185	Κῦρος		meineke_page_424.jpg	424	10342	ocr	OCR from image meineke_page_424.jpg (id=1596)	5c9c0ab184c046ab8df42228c1f34c5463045dc26cd0004bb6ce98226c6bc566	7239	Κύπρος	283	Κ283	0.833333	7247	Κύρνος	0.833333	0.000000	κυροσ	κυπροσ
137186	Κυρεῖτος πάγος		meineke_page_424.jpg	424	10343	ocr	OCR from image meineke_page_424.jpg (id=1596)	686eae905563ad7322d2949a13125663a10b3a4a8c88d3802822988808afafeb	7260	Κυχρεῖος πάγος	304	Κ304	0.846154	99801	Ἄρειος πάγος	0.769231	0.076923	κυρειτοσπαγοσ	κυχρειοσπαγοσ
137187	Κυγκεῖον		meineke_page_425.jpg	425	10344	ocr	OCR from image meineke_page_425.jpg (id=1597)	11246b2a5ff237e47571e3c98bc5d65cea234a7ef8bf9eea9bb97fbf701e02ef	8457	Λύκειον	99	Λ99	0.750000	8469	Λύρκειον	0.750000	0.000000	κυγκειον	λυκειον
137188	Φιλόξενος	1	meineke_page_426.jpg	426	10345	ocr	OCR from image meineke_page_426.jpg (id=1598)	6719f730d35a977efdd0a62ce2df1be232a6a43e3d393c95c5c50a04e344d2e9	131921	Ὤλενος	9	Ω9	0.555556	135418	Φιλέας	0.555556	0.000000	φιλοξενοσ	ωλενοσ
137189	Κνωπίη	2	meineke_page_426.jpg	426	10346	ocr	OCR from image meineke_page_426.jpg (id=1598)	4fe6ba0f051a63ca1c2b7a9a86951106e6ae504f979dca6229e1de8ebca94228	3546	Κρωπιά	238	Κ238	0.666667	7267	Κωνώπη	0.666667	0.000000	κνωπιη	κρωπια
137190	Κῶπαί	3	meineke_page_426.jpg	426	10347	ocr	OCR from image meineke_page_426.jpg (id=1598)	e94274d6b2e70e2eebc1051b9cf6a9bdf24a482d671b0d21ffc75fc39e4d3f8e	7268	Κῶπαι	312	Κ312	1.000000	2467	Κάπαι	0.800000	0.200000	κωπαι	κωπαι
137191	Κῶρυκος	4	meineke_page_426.jpg	426	10348	ocr	OCR from image meineke_page_426.jpg (id=1598)	316819c3f89cf3b2e26f6e8996cf57fd04bf2969cbd7dbdf6a65e229b2add240	7269	Κώρυκος	313	Κ313	1.000000	11916	Νώρακος	0.714286	0.285714	κωρυκοσ	κωρυκοσ
137193	Κῶος / Κῶς		meineke_page_428.jpg	428	10350	ocr	OCR from image meineke_page_428.jpg (id=1600)	d3eb6f2bed1d2b5d6a6ecfc71357baa807218aac52a5f61f7f5834161511e669	3293	Κοσσός	185	Κ185	0.571429	7269	Κώρυκος	0.571429	0.000000	κωοσκωσ	κοσσοσ
137195	Λιονιοσ		meineke_page_429.jpg	429	10352	ocr	OCR from image meineke_page_429.jpg (id=1601)	472080fa9c7e0396f1cfd879d85c6fb95df2ad62bde350c5277b857b607616b7	8895	Λίνδος	73	Λ73	0.714286	8894	Λινδόνιον	0.666667	0.047619	λιονιοσ	λινδοσ
137197	Λαβίνιον		meineke_page_430.jpg	430	10354	ocr	OCR from image meineke_page_430.jpg (id=1602)	d17f43af216441d76fa68b158e5ea5b7211d726ce194f8002a1cce2ece10f20d	7636	Λαβίνιον	5	Λ5	1.000000	8423	Λαούντιον	0.666667	0.333333	λαβινιον	λαβινιον
137199	Λαγαρεία		meineke_page_430.jpg	430	10356	ocr	OCR from image meineke_page_430.jpg (id=1602)	849fec8f52df40bf245fbb5afd47fbcd4169167cac184d73d4a1d0ffe9396d87	7638	Λαγαρία	7	Λ7	0.875000	31998	Σαγαρτία	0.750000	0.125000	λαγαρεια	λαγαρια
137200	Λάγινα		meineke_page_430.jpg	430	10357	ocr	OCR from image meineke_page_430.jpg (id=1602)	71f745bf6699a297aa5b0cf9802ce832012a4565581d5aaea1ae888a83e81e8f	7639	Λάγινα	8	Λ8	1.000000	8036	Λάρινα	0.833333	0.166667	λαγινα	λαγινα
137202	Λάδδεστα		meineke_page_430.jpg	430	10359	ocr	OCR from image meineke_page_430.jpg (id=1602)	d3047f1771a6fb7c64bafb15f67891a9f8d12ee0636348bf99051a6cc0c00765	2783	Δαδόκερτα	3	Δ3	0.555556	2059	Καδμεία	0.500000	0.055556	λαδδεστα	δαδοκερτα
137203	Λαδεψοι καὶ Τρανψοι		meineke_page_431.jpg	431	10360	ocr	OCR from image meineke_page_431.jpg (id=1603)	bba9777ba8804bc38149f08aae6865a1102207779328ea57e335fc1ea683cf66	7642	Λαδεψοί καὶ Τρανιψοί	11	Λ11	0.944444	105839	Βάκυροι καὶ Βακυριανοί	0.500000	0.444444	λαδεψοικαιτρανψοι	λαδεψοικαιτρανιψοι
137204	Λάδη		meineke_page_431.jpg	431	10361	ocr	OCR from image meineke_page_431.jpg (id=1603)	acf37be4b7f89fbbf1e92286d7161ea2b356f539899637ad924c3ea7c640309f	7643	Λάδη	12	Λ12	1.000000	3508	Κράδη	0.600000	0.400000	λαδη	λαδη
137205	Λαδισακίτης κόλπος		meineke_page_431.jpg	431	10362	ocr	OCR from image meineke_page_431.jpg (id=1603)	c95ddb940883c69447fac402395455a0e94fc28657ec7c7b0a5b63ed5bf14d7d	7644	Λαδισακίτης κόλπος	13	Λ13	1.000000	9632	Μεσανίτης κόλπος	0.705882	0.294118	λαδισακιτησκολποσ	λαδισακιτησκολποσ
137206	Λάδεια		meineke_page_431.jpg	431	10363	ocr	OCR from image meineke_page_431.jpg (id=1603)	400486f2fd4fae5a76df005df9e313c629226e272131694a1129823bed24a9e7	7645	Λάεια	14	Λ14	0.833333	2059	Καδμεία	0.714286	0.119048	λαδεια	λαεια
137207	Λάσἐτις		meineke_page_431.jpg	431	10364	ocr	OCR from image meineke_page_431.jpg (id=1603)	4747e8a9e222f659999022862a52a0d84892f88628490a091ab711cd43f6c8e2	26686	Πάστερις	63	Π63	0.625000	2335	Κάλυτις	0.571429	0.053571	λασετισ	παστερισ
137208	Λατοί		meineke_page_431.jpg	431	10365	ocr	OCR from image meineke_page_431.jpg (id=1603)	e45972fa9fb34d73231ffab1a1df0cd9341ba579113b187d778fdac768a26bef	7647	Λαζοί	16	Λ16	0.800000	30158	Ῥαιτοί	0.666667	0.133333	λατοι	λαζοι
137209	Λασταῖοι		meineke_page_431.jpg	431	10366	ocr	OCR from image meineke_page_431.jpg (id=1603)	8591ac94cc237c8b30f1997703f81c85f6833ca9488cf59aeeae83119afa9233	7648	Λαιαῖοι	17	Λ17	0.750000	9034	Μαστιανοί	0.666667	0.083333	λασταιοι	λαιαιοι
137210	Λαιστρυγόνες		meineke_page_431.jpg	431	10367	ocr	OCR from image meineke_page_431.jpg (id=1603)	96df3fdcbcaa17585f1adc14fc972dea0e235b6aba5dee659e966704b5396901	8027	Λαιστρυγόνες	18	Λ18	1.000000	3085	Καΰστριον	0.500000	0.500000	λαιστρυγονεσ	λαιστρυγονεσ
137211	Λακεδαίμων		meineke_page_431.jpg	431	10368	ocr	OCR from image meineke_page_431.jpg (id=1603)	a25822d593767bc7399c4aea1db17027dea0a5dee20a56f821d0d620439ea814	8028	Λακεδαίμων	19	Λ19	1.000000	18269	Εὐαίμων	0.600000	0.400000	λακεδαιμων	λακεδαιμων
137212	Σπάρτη		meineke_page_432.jpg	432	19512	ocr	OCR from image meineke_page_608.jpg (id=1780)	adcd560dedfbd4d0531826da1fb5ce04e94618ff3783ac57f46124fe35223795	41970	Σπάρτη	259	Σ259	1.000000	32067	Σάρτη	0.833333	0.166667	σπαρτη	σπαρτη
137213	Λακερεία	1	meineke_page_433.jpg	433	10370	ocr	OCR from image meineke_page_433.jpg (id=1605)	40a44c073c1037fb4677c0f06d37bda647ee26430db4e67bf96534b897bb9087	51392	Λακέρεια	20	Λ20	1.000000	8467	Λυκώρεια	0.750000	0.250000	λακερεια	λακερεια
137214	Λακιᾶδαι	2	meineke_page_433.jpg	433	10371	ocr	OCR from image meineke_page_433.jpg (id=1605)	af267a10b9c4c25e876cdd6cb16d8b618c9f74e02052b6527a8e4869eb4e5f4f	7648	Λαιαῖοι	17	Λ17	0.625000	8968	Μακκάραι	0.625000	0.000000	λακιαδαι	λαιαιοι
137217	Λαλισανδα	1	meineke_page_434.jpg	434	10374	ocr	OCR from image meineke_page_434.jpg (id=1606)	62be2f375ccb2239129bc87dd1f166f8ea3a8d984c22731b384d9410e25a4678	7637	Λάβρανδα	6	Λ6	0.666667	8035	Λάρανδα	0.666667	0.000000	λαλισανδα	λαβρανδα
137218	Λάμια	2	meineke_page_434.jpg	434	10375	ocr	OCR from image meineke_page_434.jpg (id=1606)	0024f5d0f8a1df9e0ca60fe1518fdde32b0eadd209e46a6e4639a9c9179c6dd6	7645	Λάεια	14	Λ14	0.800000	22094	Θαμία	0.800000	0.000000	λαμια	λαεια
137219	Λαμπηνοί	3	meineke_page_434.jpg	434	10376	ocr	OCR from image meineke_page_434.jpg (id=1606)	89c0adc6785f85b3d18080fb4f9ebce20fa5038aa47010348fd7aec0e7b9c6fc	32028	Σαμηνοί	37	Σ37	0.750000	82888	Ἀλπηνοί	0.750000	0.000000	λαμπηνοι	σαμηνοι
137220	Λάμος	4	meineke_page_434.jpg	434	10377	ocr	OCR from image meineke_page_434.jpg (id=1606)	3fb94a2ae6c4b7d2ee5fe7de221f6357596a7b9d1f131e8b13852b052fb34ab8	8031	Λάμψος	35	Λ35	0.833333	28362	Πλάμος	0.833333	0.000000	λαμοσ	λαμψοσ
137221	Λάμπεια	5	meineke_page_434.jpg	434	10378	ocr	OCR from image meineke_page_434.jpg (id=1606)	c812884b41f2ba28eb22f7fa3f594c61b435dab19ffbfa72fb51092df9540ad7	9602	Μελάμπεια	122	Μ122	0.777778	7645	Λάεια	0.714286	0.063492	λαμπεια	μελαμπεια
137222	Λαμπετεία	6	meineke_page_434.jpg	434	10379	ocr	OCR from image meineke_page_434.jpg (id=1606)	81e8cae2099b02d401dc6e6b9ace314092a336c9be17588accc6c2f5942ed6c4	51392	Λακέρεια	20	Λ20	0.666667	8032	Λαοδαμάντεια	0.583333	0.083333	λαμπετεια	λακερεια
137223	τύπῳ. Λαμπεῖτινος γὰρ οὐ δύναται εἶναι διὰ τὴν παραλήψιν		meineke_page_435.jpg	435	10380	ocr	OCR from image meineke_page_435.jpg (id=1607)	9d573ca663cd13db4ae396361bfb9b02fe6031bc4f06738fb9e8998c98826bc1	8485	Μαδιηνοί καὶ Μαδιανῖται	7	Μ7	0.276596	102796	Ἀτροπατία καὶ Ἀτροπάτιος	0.276596	0.000000	τυπωλαμπειτινοσγαρουδυναταιειναιδιατηνπαραληψιν	μαδιηνοικαιμαδιανιται
137224	Λάμπη		meineke_page_435.jpg	435	10381	ocr	OCR from image meineke_page_435.jpg (id=1607)	a9b6c32e9d938a97f628000d7e8bbd0e516ed190469d16eb926d32fb422cb555	82940	Ἄμπη	280	Α280	0.800000	12831	Ὀλύμπη	0.666667	0.133333	λαμπη	αμπη
137225	Λαμπύνεια		meineke_page_435.jpg	435	10382	ocr	OCR from image meineke_page_435.jpg (id=1607)	a8fed53160592bb611922a3b2c2c31b3540e42a92abc6dea92dc158cb2e53742	8975	Μακύνεια	34	Μ34	0.666667	2087	Καλαύρεια	0.555556	0.111111	λαμπυνεια	μακυνεια
137226	Λάμψα		meineke_page_435.jpg	435	10383	ocr	OCR from image meineke_page_435.jpg (id=1607)	7bd05922fd1092ca91a75c5ffc9bc6d3f714c1da7a0a56c50f944b50755a1e46	32038	Σάμψα	47	Σ47	0.800000	8031	Λάμψος	0.666667	0.133333	λαμψα	σαμψα
137227	Λάμψακος		meineke_page_435.jpg	435	10384	ocr	OCR from image meineke_page_435.jpg (id=1607)	5ad8d6287080d1c1efef82664942df04a4674aebc0e8697f55589fbc845fb6d5	8030	Λάμψακος	34	Λ34	1.000000	8031	Λάμψος	0.750000	0.250000	λαμψακοσ	λαμψακοσ
137228	Λάμψος		meineke_page_435.jpg	435	10385	ocr	OCR from image meineke_page_435.jpg (id=1607)	fda3bc9a5d9984b53048af558e19fe19b2f16f49b9c344bc0f3e427c6f4546fb	8031	Λάμψος	35	Λ35	1.000000	8030	Λάμψακος	0.750000	0.250000	λαμψοσ	λαμψοσ
137229	Κοδίδιον	1	meineke_page_436.jpg	436	10386	ocr	OCR from image meineke_page_436.jpg (id=1608)	eec58fc829d17f76894db89bd5e3c0b2cef5521365889e375b4b36c8ff1919e4	3496	Κοτιάειον	188	Κ188	0.666667	125117	Γορδίειον	0.666667	0.000000	κοδιδιον	κοτιαειον
137230	Λασαμαντεῖα	2	meineke_page_436.jpg	436	10387	ocr	OCR from image meineke_page_436.jpg (id=1608)	a6977f58f9b0de0a4d053e88929cab6c93fac53942a7e6b9e1097ccfcd7d0c7d	8032	Λαοδαμάντεια	36	Λ36	0.833333	82915	Ἁμαξάντεια	0.727273	0.106061	λασαμαντεια	λαοδαμαντεια
137231	Λαοδίκεια	3	meineke_page_436.jpg	436	10388	ocr	OCR from image meineke_page_436.jpg (id=1608)	48ec3063bcc81b48b7ae5c17d144a4afb66469981af0fe928bbd6b5fb107afd9	8033	Λαοδίκεια	37	Λ37	1.000000	99810	Ἀρίκεια	0.666667	0.333333	λαοδικεια	λαοδικεια
137233	Λαουντιον		meineke_page_437.jpg	437	10390	ocr	OCR from image meineke_page_437.jpg (id=1609)	33525bf0769f7b850347b2691b8848172d47344a9d5e73fd048a46d4712d4c3b	8423	Λαούντιον	39	Λ39	1.000000	7636	Λαβίνιον	0.666667	0.333333	λαουντιον	λαουντιον
137234	Λαπερεσα		meineke_page_437.jpg	437	10391	ocr	OCR from image meineke_page_437.jpg (id=1609)	08c45d86edd5154d97e4612904331a6ab9dacf295032e255d9f21b1fb6679091	8424	Λαπέρσα	40	Λ40	0.875000	51392	Λακέρεια	0.750000	0.125000	λαπερεσα	λαπερσα
137235	Λαπηθος		meineke_page_437.jpg	437	10392	ocr	OCR from image meineke_page_437.jpg (id=1609)	29e8fe2d68a73eb90d1d47920addd795b0c9e0d245051a7c9c6c333080f16218	8425	Λάπηθος	41	Λ41	1.000000	2498	Κάρπαθος	0.625000	0.375000	λαπηθοσ	λαπηθοσ
137236	Λαπιθη		meineke_page_437.jpg	437	10393	ocr	OCR from image meineke_page_437.jpg (id=1609)	b3cffe76379b99ed83eced64321319262ef1a4df2f790a67b22b1195be1c2189	8034	Λαπίθη	42	Λ42	1.000000	8425	Λάπηθος	0.571429	0.428571	λαπιθη	λαπιθη
137237	Λαραξα		meineke_page_437.jpg	437	10394	ocr	OCR from image meineke_page_437.jpg (id=1609)	6e4100cfa8789011ceb7de0eea74d61e41468853239a30bf7309a13203acdb5a	96947	Ἄραξα	377	Α377	0.833333	8035	Λάρανδα	0.714286	0.119048	λαραξα	αραξα
137238	Λαρινα		meineke_page_437.jpg	437	10395	ocr	OCR from image meineke_page_437.jpg (id=1609)	b603a6cba317078689219882afb7bb1b6e04129fc27ea919cd7753c19742dceb	8036	Λάρινα	44	Λ44	1.000000	7639	Λάγινα	0.833333	0.166667	λαρινα	λαρινα
137239	Λαρισσα		meineke_page_437.jpg	437	10396	ocr	OCR from image meineke_page_437.jpg (id=1609)	8ca2a8dfcec7e69adba1b41eb7378cc77a6c90f43a40c2391f5e3944e8f4d3e0	8037	Λάρισσα	45	Λ45	1.000000	8036	Λάρινα	0.714286	0.285714	λαρισσα	λαρισσα
137240	Λητηνή		meineke_page_438.jpg	438	10399	ocr	OCR from image meineke_page_438.jpg (id=1610)	9093dd1756b05c425af9f87830a55bcc427e69f0764464cc7f10191bcd95f1f7	102788	Ἀτήνη	518	Α518	0.666667	9614	Μελιτηνή	0.625000	0.041667	λητηνη	ατηνη
137246	Λητωεύς		meineke_page_439.jpg	439	10401	ocr	OCR from image meineke_page_439.jpg (id=1611)	633fdcb1e791183cc4daeefa3d7ebb5074b5ff7f0c8aaa38cc7d11b3d902291f	48708	Τλῆτες	144	Τ144	0.571429	125103	Γλῆτες	0.571429	0.000000	λητωευσ	τλητεσ
137247	Λητιμανδρος		meineke_page_439.jpg	439	10402	ocr	OCR from image meineke_page_439.jpg (id=1611)	ddfeb29d617e663d22da6ed88ca4570d312f63e9d9cb9c926768ab011f0e0893	8903	Λίχανδος	81	Λ81	0.636364	11038	Μυρίανδρος	0.636364	0.000000	λητιμανδροσ	λιχανδοσ
137248	Λιβανος / Λιβανῖτις – Λίβυς κτλ.		meineke_page_440.jpg	440	10403	ocr	OCR from image meineke_page_440.jpg (id=1612)	5f9440f6ec4cf199869606f7d739395ff3b65052caf28d1037021931e4e3ca2e	61139	Αἰανῖτις	89	Α89	0.333333	105865	Βασανίσαι	0.333333	0.000000	λιβανοσλιβανιτισλιβυσκτλ	αιανιτισ
137250	Λιβυστινοί		meineke_page_441.jpg	441	10405	ocr	OCR from image meineke_page_441.jpg (id=1613)	405c986ad19e66a475e671ec29fc66b6babdf12b064b8cc22ee2c858da0d5df5	8432	Λιγυστίνη	62	Λ62	0.700000	12816	Ὀλβύσιοι	0.600000	0.100000	λιβυστινοι	λιγυστινη
137251	Αἴγυρος		meineke_page_441.jpg	441	10406	ocr	OCR from image meineke_page_441.jpg (id=1613)	294fae18da2597e5a6e6ce4e1dc1e95ac84457392260b064059db49f3d7d568b	96976	Ἄργυρος	406	Α406	0.857143	61161	Αἴγυπτος	0.750000	0.107143	αιγυροσ	αργυροσ
137252	Αἴξ		meineke_page_441.jpg	441	10407	ocr	OCR from image meineke_page_441.jpg (id=1613)	b1e76d06ee1a6457b3f55c0c3553d401f37e68321f8a7ff57104218f66f3fab8	61136	Αἶα	86	Α86	0.666667	8430	Λίγξ	0.500000	0.166667	αιξ	αια
137253	Αἴγυρες		meineke_page_441.jpg	441	10408	ocr	OCR from image meineke_page_441.jpg (id=1613)	7d673f18f8b47e4ad058447def5306dff4efa5f7693661874a2374c5e6cb8099	8431	Λίγυρες	61	Λ61	0.857143	61162	Αἶγυς	0.714286	0.142857	αιγυρεσ	λιγυρεσ
137255	Λίγηρες		meineke_page_441.jpg	441	10410	ocr	OCR from image meineke_page_441.jpg (id=1613)	05b6a49c8691e69283233c6ee570dda840071d260a4e9ccadef564d59d082658	8431	Λίγυρες	61	Λ61	0.857143	10296	Μίσγητες	0.625000	0.232143	λιγηρεσ	λιγυρεσ
137256	Λήθαος		meineke_page_441.jpg	441	10411	ocr	OCR from image meineke_page_441.jpg (id=1613)	a3b232f96b3c94c0f8159db64cbb8e5732bad53cb87a3525c307fe0f9604c99f	8422	Λᾶος	38	Λ38	0.666667	8425	Λάπηθος	0.571429	0.095238	ληθαοσ	λαοσ
137257	Αἴλαια		meineke_page_442.jpg	442	10412	ocr	OCR from image meineke_page_442.jpg (id=1614)	acb1d98d26888f395930e05d12042b44b3995b691617ab83ebe8463f7dfb4790	8435	Λίλαια	65	Λ65	0.833333	61168	Αἴθαια	0.833333	0.000000	αιλαια	λιλαια
137258	Ἀλυβαῖον		meineke_page_442.jpg	442	10413	ocr	OCR from image meineke_page_442.jpg (id=1614)	6ad1d4dca0d73a2ffa41039ca39addaa8febae327260e0b5885e5f56f107eb34	8436	Λιλύβαιον	66	Λ66	0.777778	8457	Λύκειον	0.625000	0.152778	αλυβαιον	λιλυβαιον
137260	Λιμήν		meineke_page_442.jpg	442	10415	ocr	OCR from image meineke_page_442.jpg (id=1614)	b7ec57d48ddeb70e09ef7ba064bdb44ba4ff950af196c8b26f39d3701a91ce27	8438	Λιμήν	68	Λ68	1.000000	28374	Ποιμήν	0.666667	0.333333	λιμην	λιμην
137261	Λιμναία		meineke_page_442.jpg	442	10416	ocr	OCR from image meineke_page_442.jpg (id=1614)	417cc9d88a273239f0cbe2a8261e87073f55f342987e17c0e945d122e369d311	8439	Λιμναία	69	Λ69	1.000000	8440	Λίμναι	0.857143	0.142857	λιμναια	λιμναια
137262	Λίμναι		meineke_page_442.jpg	442	10417	ocr	OCR from image meineke_page_442.jpg (id=1614)	fe0d343dfe3496ef5d9dbab7df3ad860a267a4f2e3f0a7dbf678e781cbda9df7	8440	Λίμναι	70	Λ70	1.000000	8439	Λιμναία	0.857143	0.142857	λιμναι	λιμναι
137263	Λίμψυρα		meineke_page_442.jpg	442	10418	ocr	OCR from image meineke_page_442.jpg (id=1614)	4b768eb48138deee15663123223c304e03f03d18afa9f8b3a620d7a0a0561773	8893	Λίμυρα	71	Λ71	0.857143	22229	Ἴμυρα	0.714286	0.142857	λιμψυρα	λιμυρα
137264	Λίνδοβιον		meineke_page_442.jpg	442	10419	ocr	OCR from image meineke_page_442.jpg (id=1614)	39d05e4cf21927481b4b4d33b55e3677e0e00d4b27b7c3f76d80d89968d33ef7	8894	Λινδόνιον	72	Λ72	0.888889	39833	Σίντοιον	0.666667	0.222222	λινδοβιον	λινδονιον
137265	Λίνδος		meineke_page_442.jpg	442	10420	ocr	OCR from image meineke_page_442.jpg (id=1614)	bdbfc4ede7bceafeed1b55f871848bb34c988967baa29b7418dfbf90842a8587	8895	Λίνδος	73	Λ73	1.000000	22234	Ἰνδός	0.833333	0.166667	λινδοσ	λινδοσ
137266	Λῖνον		meineke_page_443.jpg	443	10421	ocr	OCR from image meineke_page_443.jpg (id=1615)	c4b0cdb44910a84769d1877624c8d501c47dd9b25cbec871f0c0384fc39f2352	8896	Λίνον	74	Λ74	1.000000	8895	Λίνδος	0.666667	0.333333	λινον	λινον
137267	Λίξα		meineke_page_443.jpg	443	10422	ocr	OCR from image meineke_page_443.jpg (id=1615)	bf4ba799d61b02ec023c5186dceb231d450371400883914a644e72bf5d19a94f	8897	Λίξα	75	Λ75	1.000000	8902	Λιταί	0.600000	0.400000	λιξα	λιξα
137268	Λίπαξος		meineke_page_443.jpg	443	10423	ocr	OCR from image meineke_page_443.jpg (id=1615)	c3e54eb2cdfb9fd3521060cccb160d9546e1b88def9bdc2ac35e1ea9a85cad74	8898	Λίπαξος	76	Λ76	1.000000	8903	Λίχανδος	0.625000	0.375000	λιπαξοσ	λιπαξοσ
137269	Λιπαρέα		meineke_page_443.jpg	443	10424	ocr	OCR from image meineke_page_443.jpg (id=1615)	0e092b35b8cf011ef3379b8891e2fadda3f0653ed918458f54e8cf910c776825	8899	Λιπάρα	77	Λ77	0.857143	80240	Ἁλίσαρνα	0.625000	0.232143	λιπαρεα	λιπαρα
137270	Λιρνύτεια		meineke_page_443.jpg	443	10425	ocr	OCR from image meineke_page_443.jpg (id=1615)	7a644686be3db26485dd4fb855f006df75d52691ff3d05b638334225e50eb0d8	8900	Λιρνύτεια	78	Λ78	1.000000	8470	Λυρνατία	0.666667	0.333333	λιρνυτεια	λιρνυτεια
137271	Λίσσος		meineke_page_443.jpg	443	10426	ocr	OCR from image meineke_page_443.jpg (id=1615)	0436fb470255b05474802211b536b41857badc858e3afa173da039f9f16a4a57	8901	Λίσσος	79	Λ79	1.000000	22223	Ἰλισσός	0.857143	0.142857	λισσοσ	λισσοσ
137272	Λιταί		meineke_page_443.jpg	443	10427	ocr	OCR from image meineke_page_443.jpg (id=1615)	49dc1e164f7b3bd8b4ff24b1e4ad13894cd9afd6c660707ecbd5629b6d4c1b4a	8902	Λιταί	80	Λ80	1.000000	8473	Λυταί	0.800000	0.200000	λιται	λιται
137273	Λίχαγδος		meineke_page_443.jpg	443	10428	ocr	OCR from image meineke_page_443.jpg (id=1615)	53d0440f7d3b729c184f839093cebc1c71768960640e91a3cdce3679f3be3406	8903	Λίχανδος	81	Λ81	0.875000	8474	Λυχνιδός	0.625000	0.250000	λιχαγδοσ	λιχανδοσ
137274	Λογγώνη		meineke_page_443.jpg	443	10429	ocr	OCR from image meineke_page_443.jpg (id=1615)	a5f54857199fedbdc0cd6c22716d8868b7212aba45ea503b9edc7295d4be218c	8904	Λογγώνη	82	Λ82	1.000000	3289	Κορώνη	0.571429	0.428571	λογγωνη	λογγωνη
137275	Λόκσος		meineke_page_443.jpg	443	10430	ocr	OCR from image meineke_page_443.jpg (id=1615)	642cdd54d94bd0c44dc0b497076f95894937a51b76fb44803a997075792eb846	8441	Λόκοζος	83	Λ83	0.714286	3293	Κοσσός	0.666667	0.047619	λοκσοσ	λοκοζοσ
137276	Λοκροί Ἐπιζεφύριοι		meineke_page_444.jpg	444	10431	ocr	OCR from image meineke_page_444.jpg (id=1616)	f4307a5cac99c29168c682b381203c754d5befc55208a71b7af6da93e5c4115e	8442	Λοκροὶ Ἐπιζεφύριοι	84	Λ84	1.000000	105839	Βάκυροι καὶ Βακυριανοί	0.500000	0.500000	λοκροιεπιζεφυριοι	λοκροιεπιζεφυριοι
137278	Λούγδουνον		meineke_page_444.jpg	444	10433	ocr	OCR from image meineke_page_444.jpg (id=1616)	b66628d3aeafb2a4f8fdfe80f29bd7ddeb59adb4dd540cc624de4a67a04eaab0	8444	Λούγδουνον	86	Λ86	1.000000	115302	Βούδορον	0.600000	0.400000	λουγδουνον	λουγδουνον
137279	Λουκερία		meineke_page_444.jpg	444	10434	ocr	OCR from image meineke_page_444.jpg (id=1616)	f509b8fefd455186547c79b8bada00aaf3c752392d321902b9402c634ef6750a	8445	Λουκαρία	87	Λ87	0.875000	11905	Νουκρία	0.750000	0.125000	λουκερια	λουκαρια
137280	Λουσία		meineke_page_444.jpg	444	15967	ocr	OCR from image meineke_page_444.jpg (id=1616)	d460eb1b13fef62add8a10eb8dc2f0fd881f001cecf9a6b026fdff85f780c18c	8446	Λουσιά	88	Λ88	1.000000	8448	Λουσοί	0.666667	0.333333	λουσια	λουσια
137281	Λουσιανία		meineke_page_444.jpg	444	10436	ocr	OCR from image meineke_page_444.jpg (id=1616)	38b835c4e65a22e4fe68e8eaab39feeba4a52621752a34e45c3a0819244b4ffa	8447	Λουσιτανία	89	Λ89	0.900000	3290	Κοσίανα	0.666667	0.233333	λουσιανια	λουσιτανια
137282	Λουσοί		meineke_page_444.jpg	444	10437	ocr	OCR from image meineke_page_444.jpg (id=1616)	d41796e91e53663571d4b17d3ff3db89cd15017b792858fea89805bc25a6dd69	8448	Λουσοί	90	Λ90	1.000000	17046	Ἕλουροι	0.714286	0.285714	λουσοι	λουσοι
137283	Λουσευσ, Λουσιατησ		meineke_page_445.jpg	445	10438	ocr	OCR from image meineke_page_445.jpg (id=1617)	98eea8d18988ef31300e54ac5808527864326f384dc1a34e2cc746f6c4455ddf	48670	Τεύτλουσα	106	Τ106	0.437500	8443	Λοπαδοῦσσα	0.375000	0.062500	λουσευσλουσιατησ	τευτλουσα
137284	Λύγχος		meineke_page_445.jpg	445	10439	ocr	OCR from image meineke_page_445.jpg (id=1617)	6bce4a3f01b4de99767ee5a61191923fbc4f5473c7aca0669df9e9744929537d	8449	Λύγκος	91	Λ91	0.833333	8464	Λύκτος	0.666667	0.166667	λυγχοσ	λυγκοσ
137285	Λύγξ		meineke_page_445.jpg	445	10440	ocr	OCR from image meineke_page_445.jpg (id=1617)	7dbcef1d8cb117bb25721c001d7de7117f2a86c810d3f48b8a74a1a0451acba1	8450	Λύγξ	92	Λ92	1.000000	8430	Λίγξ	0.750000	0.250000	λυγξ	λυγξ
137286	Λυδία		meineke_page_445.jpg	445	10441	ocr	OCR from image meineke_page_445.jpg (id=1617)	e28b3a258387912e6b7ca31a2c608c0135be0b2dfc66f485d492e92e1b20d9c7	8451	Λυδία	93	Λ93	1.000000	8458	Λυκία	0.800000	0.200000	λυδια	λυδια
137287	Λύσεια		meineke_page_445.jpg	445	10442	ocr	OCR from image meineke_page_445.jpg (id=1617)	e1050e28ac7b9d050a3a66c69a633ed956900a1977e7eadb906b20c6c61bc4d8	8452	Λύζεια	94	Λ94	0.833333	82894	Ἀλύζεια	0.714286	0.119048	λυσεια	λυζεια
137288	Λύκαια		meineke_page_445.jpg	445	10443	ocr	OCR from image meineke_page_445.jpg (id=1617)	c8ee380c20087f94078e535602967f0f169a1934d7fdd4eb0e731a0eb674f58b	8453	Λύκαια	95	Λ95	1.000000	8458	Λυκία	0.833333	0.166667	λυκαια	λυκαια
137289	Λυκαονία		meineke_page_445.jpg	445	10444	ocr	OCR from image meineke_page_445.jpg (id=1617)	0f74e849473fca288f87d86c6803c40d862bf3caa1d400a0065eddf0d4835ce9	8454	Λυκαονία	96	Λ96	1.000000	8453	Λύκαια	0.750000	0.250000	λυκαονια	λυκαονια
137290	Δύκαστος	1	meineke_page_446.jpg	446	10445	ocr	OCR from image meineke_page_446.jpg (id=1618)	15b47c00c2b2dbd3d7469ea5a03aeadaedf74e4f980e18e92025c93e477bc34d	8455	Λύκαστος	97	Λ97	0.875000	4936	Δύστος	0.750000	0.125000	δυκαστοσ	λυκαστοσ
137291	Δυκαμφός	2	meineke_page_446.jpg	446	10446	ocr	OCR from image meineke_page_446.jpg (id=1618)	8564cea30f0d9f703e1302364b257012beb8996d8ec2d819d0d44992ea0bb54c	2344	Κάμπος	50	Κ50	0.625000	8455	Λύκαστος	0.625000	0.000000	δυκαμφοσ	καμποσ
137292	Λυκεῖον	3	meineke_page_446.jpg	446	19352	ocr	OCR from image meineke_page_448.jpg (id=1620)	645a7cb59212e1517d623568c6c0e7d68f8450d1414b4d652d461ed6d5aa3543	8457	Λύκειον	99	Λ99	1.000000	8469	Λύρκειον	0.875000	0.125000	λυκειον	λυκειον
137293	Λυκία	4	meineke_page_446.jpg	446	10448	ocr	OCR from image meineke_page_446.jpg (id=1618)	910b12d62aadeb23e024ca41e27da65eb049de631129b3f14f37966b0e556f2e	8458	Λυκία	100	Λ100	1.000000	8453	Λύκαια	0.833333	0.166667	λυκια	λυκια
137294	Λυκώα	5	meineke_page_446.jpg	446	10449	ocr	OCR from image meineke_page_446.jpg (id=1618)	6466163e4dba53afdcaebb92e62ece2a046daa8f1b1522d5d6c0f40c6840476b	8458	Λυκία	100	Λ100	0.800000	8459	Λυκόα	0.800000	0.000000	λυκωα	λυκια
137295	Λυκώτεια	6	meineke_page_446.jpg	446	10450	ocr	OCR from image meineke_page_446.jpg (id=1618)	b2a1dc0d96d29c70a4ccb16e11a666cbaa096a8e83b3cd783bdef63eab642cb0	8467	Λυκώρεια	109	Λ109	0.875000	8460	Λυκόζεια	0.750000	0.125000	λυκωτεια	λυκωρεια
137296	Λυκόρρεμας	7	meineke_page_446.jpg	446	10451	ocr	OCR from image meineke_page_446.jpg (id=1618)	99acb2467b4549847bd8e248c7c7a6af506a358fce0432b7fd9748257bbef8a4	8461	Λυκόρμας	103	Λ103	0.800000	8460	Λυκόζεια	0.600000	0.200000	λυκορρεμασ	λυκορμασ
137297	Λυκοσθένη	8	meineke_page_446.jpg	446	10452	ocr	OCR from image meineke_page_446.jpg (id=1618)	36e4363d1690be34ae42c706e939eb02c2e62520640aadf50372eb0c62df42cf	8462	Λυκοσθένη	104	Λ104	1.000000	2606	Κασμένη	0.555556	0.444444	λυκοσθενη	λυκοσθενη
137298	Λυκόσουρα		meineke_page_447.jpg	447	10453	ocr	OCR from image meineke_page_447.jpg (id=1619)	29cc3c3e77714a9a8247f60bf214946036b371c01286e092742dd6502ab979b4	8463	Λυκόσουρα	105	Λ105	1.000000	7227	Κυνόσουρα	0.777778	0.222222	λυκοσουρα	λυκοσουρα
137299	Λύκτος		meineke_page_447.jpg	447	10454	ocr	OCR from image meineke_page_447.jpg (id=1619)	30cfaadc90022c73eb55506f20227a961337a04155958bdad26a35f0844df117	8464	Λύκτος	106	Λ106	1.000000	8455	Λύκαστος	0.750000	0.250000	λυκτοσ	λυκτοσ
137300	Λύκων		meineke_page_447.jpg	447	15969	ocr	OCR from image meineke_page_447.jpg (id=1619)	17acd28ce5e5c9832a18c287ef1de9a382f78630a37973892b59b68a3e0e0e1d	8466	Λυκώνη	108	Λ108	0.833333	8458	Λυκία	0.600000	0.233333	λυκων	λυκωνη
137301	Λυκώνη		meineke_page_447.jpg	447	10456	ocr	OCR from image meineke_page_447.jpg (id=1619)	1443fb284f76bf506efdac7f0220ea41240d16cbc0375643db20d90e8232e7c5	8466	Λυκώνη	108	Λ108	1.000000	8904	Λογγώνη	0.571429	0.428571	λυκωνη	λυκωνη
137302	Λυκώρεια		meineke_page_447.jpg	447	10457	ocr	OCR from image meineke_page_447.jpg (id=1619)	d0d38b67308fb7f59d2b34600bd48ac67e756d3825eda4e10c0915145aa32d87	8467	Λυκώρεια	109	Λ109	1.000000	8460	Λυκόζεια	0.750000	0.250000	λυκωρεια	λυκωρεια
137303	Λύλῃ		meineke_page_447.jpg	447	10458	ocr	OCR from image meineke_page_447.jpg (id=1619)	ce75963843d9cc26a0766eb397b5979f035f38a38b67640260fdad6ef944a1c5	8468	Λύλη	110	Λ110	1.000000	61018	Ὕλη	0.750000	0.250000	λυλη	λυλη
137306	Λυρηγοῦς		meineke_page_448.jpg	448	10461	ocr	OCR from image meineke_page_448.jpg (id=1620)	3e7e0579415e53d354ee7a0184794df532ad388cf841995d5c1068cc21011955	11039	Μυρικοῦς	249	Μ249	0.625000	135406	Φηγοῦς	0.625000	0.000000	λυρηγουσ	μυρικουσ
137308	Λυσταί		meineke_page_448.jpg	448	10463	ocr	OCR from image meineke_page_448.jpg (id=1620)	42153399b7bb6fefd74318f3b33b9021e44df0e96afb11b664ccb8377c4bf3df	8473	Λυταί	115	Λ115	0.833333	8902	Λιταί	0.666667	0.166667	λυσται	λυται
137309	Λυχνίδος		meineke_page_448.jpg	448	10464	ocr	OCR from image meineke_page_448.jpg (id=1620)	bee515ec95a43d59d6b5873a9dad25ee32def7e470f0c53cf538a3151cb55307	8474	Λυχνιδός	116	Λ116	1.000000	8895	Λίνδος	0.625000	0.375000	λυχνιδοσ	λυχνιδοσ
137310	Λυμηντός		meineke_page_448.jpg	448	10465	ocr	OCR from image meineke_page_448.jpg (id=1620)	c95dafb76823b9ee383977e5f6b45f9ce9aff8a9524a26db1d38060900de104b	8475	Λωμεντός	117	Λ117	0.750000	61022	Ὑμηττός	0.750000	0.000000	λυμηντοσ	λωμεντοσ
137311	Λώρυμα		meineke_page_449.jpg	449	10466	ocr	OCR from image meineke_page_449.jpg (id=1621)	4aa72a46e4f6f5e3e8bbbdd741dbb511e52f192e284b190ae3c4b9fdc2e8b8de	8476	Λώρυμα	118	Λ118	1.000000	11913	Νώνυμνα	0.571429	0.428571	λωρυμα	λωρυμα
137312	Λώς		meineke_page_449.jpg	449	10467	ocr	OCR from image meineke_page_449.jpg (id=1621)	c72ab49f7bbb9067b5167387c1eb3d2fb2c02717026cc5fd044610de3736cf3d	8477	Λῶς	119	Λ119	1.000000	48709	Τλῶς	0.750000	0.250000	λωσ	λωσ
137313	Λωτοφόρος		meineke_page_449.jpg	449	10468	ocr	OCR from image meineke_page_449.jpg (id=1621)	dfaae51b4b753eed3f67a3d0f2bd9292ca550add2d96c2ef83ab9dc144dac625	8478	Λωτοφάγοι	120	Λ120	0.666667	8441	Λόκοζος	0.555556	0.111111	λωτοφοροσ	λωτοφαγοι
137314	Μάγαρος		meineke_page_449.jpg	449	10469	ocr	OCR from image meineke_page_449.jpg (id=1621)	d24b4ac4d19d15ea203e1a9de298ced23846e720eccd26b61eb90f22e1bae5da	8479	Μάγαρσος	1	Μ1	0.875000	9583	Μάταυρος	0.750000	0.125000	μαγαροσ	μαγαρσοσ
137315	Μαγδώλις		meineke_page_449.jpg	449	10470	ocr	OCR from image meineke_page_449.jpg (id=1621)	fc37821e3ff8ff1d8f2340146bb21f91a77159f150ad5042240909b5fcf8c481	8480	Μαγδωλός	2	Μ2	0.875000	32001	Σάδαλις	0.625000	0.250000	μαγδωλισ	μαγδωλοσ
137316	Μαγία		meineke_page_449.jpg	449	10471	ocr	OCR from image meineke_page_449.jpg (id=1621)	ac4d154cb781b42c00bafea41bb4e2d7db44d6d8f2fcbd5977ab31015d7de2fd	8481	Μαγία	3	Μ3	1.000000	8483	Μάγνα	0.800000	0.200000	μαγια	μαγια
137317	Μαγιστερηκή		meineke_page_449.jpg	449	10472	ocr	OCR from image meineke_page_449.jpg (id=1621)	b9905e5b0058f377f5cd34cf4f26cb56a9f3eba1e4825aae583b87539c5b7e23	8482	Μαγιστρική	4	Μ4	0.818182	10211	Μεγίστη	0.545455	0.272727	μαγιστερηκη	μαγιστρικη
137318	Μάγνη		meineke_page_449.jpg	449	10473	ocr	OCR from image meineke_page_449.jpg (id=1621)	9631ad670cbbc0a003efdc86395fc547c3438e58a8d004d8e870af6d2061aa17	8483	Μάγνα	5	Μ5	0.800000	8484	Μαγνησία	0.625000	0.175000	μαγνη	μαγνα
137319	Μαγνησία		meineke_page_449.jpg	449	10474	ocr	OCR from image meineke_page_449.jpg (id=1621)	eb48735f06639586a4fa14c1417af39885dc5a0e8f247fc7c84243e14310be60	8484	Μαγνησία	6	Μ6	1.000000	2117	Καλησία	0.625000	0.375000	μαγνησια	μαγνησια
137320	Μάγνητος		meineke_page_450.jpg	450	10475	ocr	OCR from image meineke_page_450.jpg (id=1622)	6894733ab5448c58d44b7d470a6f672e584c3ffe88a811e787edc0c311162230	8479	Μάγαρσος	1	Μ1	0.625000	8480	Μαγδωλός	0.625000	0.000000	μαγνητοσ	μαγαρσοσ
137321	Μαδυηνοί		meineke_page_450.jpg	450	10476	ocr	OCR from image meineke_page_450.jpg (id=1622)	98b3d98fc2cb071547d7ae81014d65247754529d44c7c527a2c0559104335bb1	8486	Μαδυτός	8	Μ8	0.625000	32008	Σακχηνοί	0.625000	0.000000	μαδυηνοι	μαδυτοσ
137325	Μάξυες		meineke_page_450.jpg	450	10480	ocr	OCR from image meineke_page_450.jpg (id=1622)	f78e660145d6e9fb104779f5a6bcd3c539da2b99e3f36c1f7c45e8bdf0bbd6ba	8489	Μάζυες	11	Μ11	0.833333	8972	Μάκρυες	0.714286	0.119048	μαξυεσ	μαζυεσ
137327	Μαΐα		meineke_page_450.jpg	450	10482	ocr	OCR from image meineke_page_450.jpg (id=1622)	bb0f9dd2b9c6099a3e6bbc027cd910886b3895fb8f6bbb619090fe173dca4f3a	8954	Μαῖα	13	Μ13	1.000000	8481	Μαγία	0.800000	0.200000	μαια	μαια
137329	Μαιδοί	1	meineke_page_451.jpg	451	10484	ocr	OCR from image meineke_page_451.jpg (id=1623)	c9537e1bbd2b9a4d505154bb2f9b454c40d2427ac65dd2c91b342d28112ef99a	8956	Μαιδοί	15	Μ15	1.000000	9006	Μάρδοι	0.833333	0.166667	μαιδοι	μαιδοι
137330	Μάκη	2	meineke_page_451.jpg	451	10485	ocr	OCR from image meineke_page_451.jpg (id=1623)	c53392e62e21b040e68d617723f483f3a8fcc6dadfa141c47645f1bc62873143	61209	Ἄκη	160	Α160	0.750000	8976	Μαλάκη	0.666667	0.083333	μακη	ακη
137331	Μαινάλιος / Μαινάλιον	3	meineke_page_451.jpg	451	10486	ocr	OCR from image meineke_page_451.jpg (id=1623)	01020852442f4dc9e1f47657ccc800b65d4ae4732dd7badd59467842571df64b	80217	Ἀλαλκομένιον	191	Α191	0.500000	8958	Μαίναλος	0.444444	0.055556	μαιναλιοσμαιναλιον	αλαλκομενιον
137332	Μαινόβρῑα	4	meineke_page_451.jpg	451	10487	ocr	OCR from image meineke_page_451.jpg (id=1623)	8f77495b3fb3d4d1c43eb732c1e600894360a305e7dd95dface40de4419ef48f	8959	Μαινόβωρα	18	Μ18	0.777778	8960	Μαιονία	0.666667	0.111111	μαινοβρια	μαινοβωρα
137333	Μαιονία	5	meineke_page_451.jpg	451	10488	ocr	OCR from image meineke_page_451.jpg (id=1623)	1b05e3f0a45fba9d774e36d498a058eca4979f69cf24e1151cd8f1cf984ff83c	8960	Μαιονία	19	Μ19	1.000000	11032	Μυονία	0.714286	0.285714	μαιονια	μαιονια
137335	Μακαϊός		meineke_page_452.jpg	452	10490	ocr	OCR from image meineke_page_452.jpg (id=1624)	389108ef3dcbb25851ef83e6ef390f70f95862ad62b39a9f6b57b78d0a74986c	8977	Μαλάνιος	36	Μ36	0.750000	9014	Μάρκαιον	0.750000	0.000000	μακαιοσ	μαλανιοσ
137336	Μάκαρ		meineke_page_452.jpg	452	10491	ocr	OCR from image meineke_page_452.jpg (id=1624)	a3b4d38535b878b2b189f6b343bfd2f5903e3e83faa61afe9e224fc687f7e91e	8962	Μάκαι	21	Μ21	0.800000	8488	Μαζάρη	0.666667	0.133333	μακαρ	μακαι
137338	Μακαρεῖα		meineke_page_452.jpg	452	10493	ocr	OCR from image meineke_page_452.jpg (id=1624)	00acb6b52d53a35a23e25413b2a7dc7ef9897d7494a0aa3db3b5d0d0b6413113	8964	Μακαρέαι	23	Μ23	0.750000	8975	Μακύνεια	0.750000	0.000000	μακαρεια	μακαρεαι
137339	Μακεδών		meineke_page_452.jpg	452	15980	ocr	OCR from image meineke_page_452.jpg (id=1624)	b3a076ae2aba5a134969512c8bd40f846580587dc52059ef97541a06f88dc80e	8965	Μακεδνόν	24	Μ24	0.750000	8966	Μακεδονία	0.666667	0.083333	μακεδων	μακεδνον
137341	Μάχιστος		meineke_page_453.jpg	453	10496	ocr	OCR from image meineke_page_453.jpg (id=1625)	62f4b1466a2ed40cfbb46a1c06ed86a8f87791b6566c5a419a3785baf47dd563	8967	Μάκιστος	26	Μ26	0.875000	135358	Φαιστός	0.750000	0.125000	μαχιστοσ	μακιστοσ
137342	Μαχάρεαι		meineke_page_453.jpg	453	10497	ocr	OCR from image meineke_page_453.jpg (id=1625)	d6aaca5977f9b19b7ede5374438df9ec6d8b64e6bb1eb60f8f4c906871ecdb2e	8964	Μακαρέαι	23	Μ23	0.875000	105802	Ἀχαρναί	0.750000	0.125000	μαχαρεαι	μακαρεαι
137343	Μάχαρα		meineke_page_453.jpg	453	10498	ocr	OCR from image meineke_page_453.jpg (id=1625)	4a1f442a78d66b9851d202e55ec6feb0df36440931a3088fc5292f16b6de5d61	2336	Καμάρα	42	Κ42	0.666667	7634	Λάβαρα	0.666667	0.000000	μαχαρα	καμαρα
137344	Μάχαρις		meineke_page_453.jpg	453	10499	ocr	OCR from image meineke_page_453.jpg (id=1625)	f04eeeb8c986b85bf0012e8a3134ff491d6b554618bb82a6f088231f707a26c5	8970	Μάκρις	29	Μ29	0.714286	9590	Μαχαιροῦς	0.666667	0.047619	μαχαρισ	μακρισ
137352	Μάλεα	8	meineke_page_454.jpg	454	10507	ocr	OCR from image meineke_page_454.jpg (id=1626)	7b336475296ad848d2f677f49556d9b29f4a2aec2c9d12dff2be2868ddc293aa	8978	Μαλέα	37	Μ37	1.000000	80225	Ἀλέα	0.800000	0.200000	μαλεα	μαλεα
137353	Μαλεεύς	9	meineke_page_454.jpg	454	10508	ocr	OCR from image meineke_page_454.jpg (id=1626)	8e70992428b93acd049eb45ba6a8c381110f3f65642228ac01d0ad0d71222456	8979	Μαλιεύς	38	Μ38	0.857143	8982	Μαλόεις	0.714286	0.142857	μαλεευσ	μαλιευσ
137354	Μαλλάδα		meineke_page_455.jpg	455	10509	ocr	OCR from image meineke_page_455.jpg (id=1627)	0a3149dd47f8a833a97be54877e6ac5c63efce48d43f638e4ccd44e6c7c095ce	8980	Μαλλάδα	39	Μ39	1.000000	121783	Γάλαδα	0.714286	0.285714	μαλλαδα	μαλλαδα
137355	Μαλλός		meineke_page_455.jpg	455	10510	ocr	OCR from image meineke_page_455.jpg (id=1627)	fed946a1173010d8fdb229e94516290365e76f955e3958d004d29a19906fba24	8981	Μαλλός	40	Μ40	1.000000	121792	Γάλλος	0.833333	0.166667	μαλλοσ	μαλλοσ
137356	Μαλόεις		meineke_page_455.jpg	455	10511	ocr	OCR from image meineke_page_455.jpg (id=1627)	d89077c51eb773f1ac5c597f00549ade51fbd164ecfb63a0f47d36209c3aa1fc	8982	Μαλόεις	41	Μ41	1.000000	8979	Μαλιεύς	0.714286	0.285714	μαλοεισ	μαλοεισ
137357	Μαλοί		meineke_page_455.jpg	455	10512	ocr	OCR from image meineke_page_455.jpg (id=1627)	9ad5d282417b235b56dcfdcc799126ec6f59cfd860287cdd8c89335e86a70d8a	8983	Μαλοί	42	Μ42	1.000000	8982	Μαλόεις	0.714286	0.285714	μαλοι	μαλοι
137358	Μαλαδάνη		meineke_page_455.jpg	455	10513	ocr	OCR from image meineke_page_455.jpg (id=1627)	b0e04f4ddf93b8d0ebdf54fbc65b078656603330489e44a968363c00089e9b91	8984	Μαλσάνη	43	Μ43	0.750000	3259	Κελαδώνη	0.625000	0.125000	μαλαδανη	μαλσανη
137359	Μαμαρεκινα		meineke_page_455.jpg	455	10514	ocr	OCR from image meineke_page_455.jpg (id=1627)	6ea2b453b7eaf15d8309a5d31b7f84a24361c446c9ef00a8d331b582a83691df	8985	Μαμάρκινα	44	Μ44	0.900000	2339	Καμάρινα	0.700000	0.200000	μαμαρεκινα	μαμαρκινα
137360	Μαμερέτιον		meineke_page_455.jpg	455	10515	ocr	OCR from image meineke_page_455.jpg (id=1627)	1b781958ef6bb3a184992af08bd84543ef44a36530058d5c30977b00d755f504	8986	Μαμέρτιον	45	Μ45	0.900000	82927	Ἀμέριον	0.700000	0.200000	μαμερετιον	μαμερτιον
137361	Μανδάσαι		meineke_page_455.jpg	455	10516	ocr	OCR from image meineke_page_455.jpg (id=1627)	79cfce6eb4d3f5e58e6d01df23ebe1b8f627008bd317041fc99c1503a1e4ceaa	8987	Μανδαραί	46	Μ46	0.875000	2456	Κάνδασα	0.750000	0.125000	μανδασαι	μανδαραι
137362	Μανδεόπολις		meineke_page_455.jpg	455	10517	ocr	OCR from image meineke_page_455.jpg (id=1627)	8975a5e22f34b57387fb10eef05696eb4ffe5aa4c9fc20061f464a584a827cb3	8988	Μανδρόπολις	47	Μ47	0.909091	8955	Μαιανδρούπολις	0.714286	0.194805	μανδεοπολισ	μανδροπολισ
137363	Μανδύριον		meineke_page_455.jpg	455	10518	ocr	OCR from image meineke_page_455.jpg (id=1627)	fa41e5e856f6b584c9cdf8a9d20aa08e0524a118e791cff1a24cd1155173636a	8989	Μανδύριον	48	Μ48	1.000000	2463	Κανύσιον	0.666667	0.333333	μανδυριον	μανδυριον
137364	Μανήσιον		meineke_page_455.jpg	455	10519	ocr	OCR from image meineke_page_455.jpg (id=1627)	78e07b2e6a39b0a4022a46fa08791b7d9ae2dee5035531a7cb8c509213ff79fe	8990	Μανήσιον	49	Μ49	1.000000	2463	Κανύσιον	0.750000	0.250000	μανησιον	μανησιον
137365	Μανθυέα		meineke_page_456.jpg	456	10520	ocr	OCR from image meineke_page_456.jpg (id=1628)	7060cf9c2c587f4a438babf411b4385a947e9a2dabc2f6eb3e30135dc29d2c70	8991	Μανθυρέα	50	Μ50	0.875000	8996	Μάντυα	0.714286	0.160714	μανθυεα	μανθυρεα
137366	Μαντακαρα		meineke_page_456.jpg	456	10521	ocr	OCR from image meineke_page_456.jpg (id=1628)	ec2d622d3e2158f594de955e37571b6acaf49d24995efde806fa1fe30aec218a	8992	Μαννάκαρτα	51	Μ51	0.800000	9033	Μάσταυρα	0.666667	0.133333	μαντακαρα	μαννακαρτα
137370	Μαντύη καὶ Μάντυα		meineke_page_456.jpg	456	10525	ocr	OCR from image meineke_page_456.jpg (id=1628)	a09f5915ef6a3a65d8af44e17d6b000da5ab24f57892dfcab4c8aafb37f82a41	8992	Μαννάκαρτα	51	Μ51	0.466667	8995	Μαντίνεια	0.466667	0.000000	μαντυηκαιμαντυα	μαννακαρτα
137371	Μαραθήνιοι		meineke_page_456.jpg	456	10526	ocr	OCR from image meineke_page_456.jpg (id=1628)	5b19eb48f880c8a4828014d26e28771ee81c05f16110838a2bde2e92c2118afe	8997	Μαραθήσιον	56	Μ56	0.800000	9001	Μαραθωνία	0.700000	0.100000	μαραθηνιοι	μαραθησιον
137373	Μαραθῶνουσα		meineke_page_457.jpg	457	10528	ocr	OCR from image meineke_page_457.jpg (id=1629)	c9bfc963fe78b9e581f5b86b98f0c71dca9cef9919440e60330fb4e4eee8a31b	8999	Μαραθοῦσσα	58	Μ58	0.727273	9001	Μαραθωνία	0.727273	0.000000	μαραθωνουσα	μαραθουσσα
137374	Μαράφιοι		meineke_page_457.jpg	457	10529	ocr	OCR from image meineke_page_457.jpg (id=1629)	7edbada98c3f27afb43d61a9ac455d44fe683d0056789d96ff694b2dea1e66fc	9002	Μαράφιοι	61	Μ61	1.000000	9016	Μαρμάριον	0.666667	0.333333	μαραφιοι	μαραφιοι
137375	Μαράχη		meineke_page_457.jpg	457	10530	ocr	OCR from image meineke_page_457.jpg (id=1629)	382cde0690c1068d7f11d3c35488f3ff389c6754a8c4ae7b927e85cc1dd10485	9003	Μαράχη	62	Μ62	1.000000	8488	Μαζάρη	0.666667	0.333333	μαραχη	μαραχη
137376	Μάργαια		meineke_page_457.jpg	457	10531	ocr	OCR from image meineke_page_457.jpg (id=1629)	22c4f50380f60053d7bb4a29358ae164a54fb08ec0d5d21bd898938e34824b13	9004	Μάργαια	63	Μ63	1.000000	9005	Μάργανα	0.857143	0.142857	μαργαια	μαργαια
137377	Μάεργανα		meineke_page_457.jpg	457	10532	ocr	OCR from image meineke_page_457.jpg (id=1629)	dec53cdfd06ed4980f5f2a95a2d9ea9e3e9c8f7c62507cf57f827d9b95f194d1	9005	Μάργανα	64	Μ64	0.875000	9004	Μάργαια	0.750000	0.125000	μαεργανα	μαργανα
137378	Μάξοι		meineke_page_457.jpg	457	10533	ocr	OCR from image meineke_page_457.jpg (id=1629)	b6f2ba34214c0acba4643ae69497e29fdd5186d6b83493f5901020f9c564315b	8983	Μαλοί	42	Μ42	0.800000	8956	Μαιδοί	0.666667	0.133333	μαξοι	μαλοι
137379	Μαρδόνες		meineke_page_457.jpg	457	10534	ocr	OCR from image meineke_page_457.jpg (id=1629)	d4055cdf5c4d5546d37f24ebee8982c5a8f41cb0ca94c2a033a726db643a0de1	9007	Μαρδόνες	66	Μ66	1.000000	8973	Μάκρωνες	0.625000	0.375000	μαρδονεσ	μαρδονεσ
137380	Μάρεια		meineke_page_457.jpg	457	10535	ocr	OCR from image meineke_page_457.jpg (id=1629)	21c36de4dd2393d9075b13c048f6dcb67ae685e4d5624474bee159f383fa8993	9008	Μάρεια	67	Μ67	1.000000	9022	Μαρώνεια	0.750000	0.250000	μαρεια	μαρεια
137381	Μάξες		meineke_page_457.jpg	457	10536	ocr	OCR from image meineke_page_457.jpg (id=1629)	18e2b13dd8ecb4aeb84bcfca2b12d4cb66857bd707d72027463abc3e40772b7b	9009	Μᾶρες	68	Μ68	0.800000	8489	Μάζυες	0.666667	0.133333	μαξεσ	μαρεσ
137382	Μαριάβα		meineke_page_458.jpg	458	10537	ocr	OCR from image meineke_page_458.jpg (id=1630)	c85b2157f064e9db6f9210bc0f5b232b2629e0dd57686211c5b2704db1d61bc1	9010	Μαρίαβα	69	Μ69	1.000000	9004	Μάργαια	0.714286	0.285714	μαριαβα	μαριαβα
137383	Μαριαμπία		meineke_page_458.jpg	458	10538	ocr	OCR from image meineke_page_458.jpg (id=1630)	a1e7c950ab1ad968d01d31cbcef16098b61500f25277930825488fe8ef141504	9011	Μαριαμμία	70	Μ70	0.888889	9004	Μάργαια	0.666667	0.222222	μαριαμπια	μαριαμμια
137384	Μαριανδυνία		meineke_page_458.jpg	458	10539	ocr	OCR from image meineke_page_458.jpg (id=1630)	f68a9f4eb35e6561e27b9dbbc5bbd3be246297d5d3404c899042d902ce2b1dd9	9012	Μαριανδυνία	71	Μ71	1.000000	9001	Μαραθωνία	0.636364	0.363636	μαριανδυνια	μαριανδυνια
137385	Μάριον		meineke_page_458.jpg	458	10540	ocr	OCR from image meineke_page_458.jpg (id=1630)	5927c31be213cc6ed2967245806fb1613ed44720d7bef6c40d06f1a9a2e42a8f	9013	Μάριον	72	Μ72	1.000000	12837	Ὁμάριον	0.857143	0.142857	μαριον	μαριον
137386	Μάρεκαιον		meineke_page_458.jpg	458	10541	ocr	OCR from image meineke_page_458.jpg (id=1630)	1c2ead52c3b9463a29361c59a6fde2c9aaafa815ec688167956321113aafb380	9014	Μάρκαιον	73	Μ73	0.888889	8986	Μαμέρτιον	0.666667	0.222222	μαρεκαιον	μαρκαιον
137387	Μάξιμακες – Μασασουλία		meineke_page_459.jpg	459	10542	ocr	OCR from image meineke_page_459.jpg (id=1631)	ea3ae1e8a3fbc4d2a1df8258446dd9a7fa7478a7709e5f2596b19382d57cb54b	9023	Μασαισυλία	82	Μ82	0.473684	9030	Μασσαλία	0.421053	0.052632	μαξιμακεσμασασουλια	μασαισυλια
137388	Μασασὤραθα		meineke_page_460.jpg	460	10543	ocr	OCR from image meineke_page_460.jpg (id=1632)	e6d51ca511c782135ce7880e91ae2f41c3974bb978f49bdcd0c3f27c70f11b84	9024	Μασανώραδα	83	Μ83	0.800000	9031	Μάσσακα	0.600000	0.200000	μασασωραθα	μασανωραδα
137389	Μᾶσις		meineke_page_460.jpg	460	10544	ocr	OCR from image meineke_page_460.jpg (id=1632)	c0171c7f7ed177b57ed5780c890ae1062f8ac246985bbb3affa3b425fde78e79	9025	Μάσης	84	Μ84	0.800000	61000	Ὕασις	0.800000	0.000000	μασισ	μασησ
137390	Μάσιον		meineke_page_460.jpg	460	10545	ocr	OCR from image meineke_page_460.jpg (id=1632)	7a2b8935367382e05f9971ebbc010345194936f70ccc34514a4ed24307528964	9026	Μάσιον	85	Μ85	1.000000	2605	Κάσιον	0.833333	0.166667	μασιον	μασιον
137391	Μάσκαυτος		meineke_page_460.jpg	460	10546	ocr	OCR from image meineke_page_460.jpg (id=1632)	3f7f25a93e6fa1de084f39ea3ec0c2a757698c4df1b6790aeb21e23aa786d1a4	9027	Μάσκωτος	86	Μ86	0.777778	8486	Μαδυτός	0.666667	0.111111	μασκαυτοσ	μασκωτοσ
137392	Μάστιοι		meineke_page_460.jpg	460	10547	ocr	OCR from image meineke_page_460.jpg (id=1632)	5173f355d11b8124e77c9f7ae383e209a67b036c985ad9c43eedb0f9fc2e45c6	9028	Μάσπιοι	87	Μ87	0.857143	9034	Μαστιανοί	0.777778	0.079365	μαστιοι	μασπιοι
137393	Μασσαγέται		meineke_page_460.jpg	460	10548	ocr	OCR from image meineke_page_460.jpg (id=1632)	67ebb8f9aae4f8c508a06b346cef87c502800a32ba6b27f43b1869d50619ff1f	9029	Μασσαγέται	88	Μ88	1.000000	20841	Θυσσαγέται	0.800000	0.200000	μασσαγεται	μασσαγεται
137394	Μασσαλία		meineke_page_460.jpg	460	10549	ocr	OCR from image meineke_page_460.jpg (id=1632)	b166a434249e269ebe8a395cd58b106c3569c131f7b64e7a072419dda6dab776	9030	Μασσαλία	89	Μ89	1.000000	2617	Κασταλία	0.750000	0.250000	μασσαλια	μασσαλια
137395	Μασσαλιῶτις		meineke_page_461.jpg	461	10550	ocr	OCR from image meineke_page_461.jpg (id=1633)	19e8da6db092f68f003c5c7beab3686d911bae4916c29320e4eeafd4208731f6	9030	Μασσαλία	89	Μ89	0.636364	2612	Κασσανῖται	0.545455	0.090909	μασσαλιωτισ	μασσαλια
137396	Μάσσαχα		meineke_page_461.jpg	461	10551	ocr	OCR from image meineke_page_461.jpg (id=1633)	d8fc09b5b1d59ddd238e5438eb12c0ffb1a0f2ea068f82a1789d8004f95c236f	9031	Μάσσακα	90	Μ90	0.857143	9030	Μασσαλία	0.750000	0.107143	μασσαχα	μασσακα
137397	Μασαία		meineke_page_461.jpg	461	10552	ocr	OCR from image meineke_page_461.jpg (id=1633)	f312f5a0dea103db7243d20aed3ea019903b0ec76aa17a7684e02d2e6abe58d7	9032	Μασσία	91	Μ91	0.833333	9030	Μασσαλία	0.750000	0.083333	μασαια	μασσια
137399	Μασταυνοί		meineke_page_461.jpg	461	10554	ocr	OCR from image meineke_page_461.jpg (id=1633)	15c4bf1ae476ce5bad0f0e28442a27f5bdb3839090550b437c496e70480e828f	9034	Μαστιανοί	93	Μ93	0.777778	2629	Καταννοί	0.666667	0.111111	μασταυνοι	μαστιανοι
137400	Μασσαρμελή		meineke_page_461.jpg	461	10555	ocr	OCR from image meineke_page_461.jpg (id=1633)	ae3b41b32aff6aa4cb47bae7a48ea4d914155c84fd17d802bd6dad8aee438ebe	9580	Μαστραμέλη	94	Μ94	0.700000	2079	Καισάρεια	0.500000	0.200000	μασσαρμελη	μαστραμελη
137402	Μασχάγη		meineke_page_462.jpg	462	10556	ocr	OCR from image meineke_page_462.jpg (id=1634)	97d3407ce64db7646b11d9727e66e48533142cb28cc521f77ac5512ae2d3f463	9582	Μασχάνη	96	Μ96	0.857143	8488	Μαζάρη	0.571429	0.285714	μασχαγη	μασχανη
137403	Μάταυρος		meineke_page_462.jpg	462	10557	ocr	OCR from image meineke_page_462.jpg (id=1634)	fefd0caa37accd8e89a8aefc93a666e422819d49e64dbb04c465dfe3e3219adb	9583	Μάταυρος	97	Μ97	1.000000	9590	Μαχαιροῦς	0.666667	0.333333	ματαυροσ	ματαυροσ
137404	Ματαινή		meineke_page_462.jpg	462	10558	ocr	OCR from image meineke_page_462.jpg (id=1634)	d7bfdec206dd9432ba5cebb4d3d3dfdc2aefc7b3ffb153d4e45d6099c5a44667	2626	Κατάνη	126	Κ126	0.714286	9584	Ματιανή	0.714286	0.000000	ματαινη	κατανη
137405	Ματυκέται		meineke_page_462.jpg	462	10559	ocr	OCR from image meineke_page_462.jpg (id=1634)	e553d4a258de9ae61fd954801863805e3466dfd9ab9edeba4a215f52390f9cca	9585	Ματυκέται	99	Μ99	1.000000	32075	Σατροκένται	0.636364	0.363636	ματυκεται	ματυκεται
137406	Μανυερτανία		meineke_page_462.jpg	462	10560	ocr	OCR from image meineke_page_462.jpg (id=1634)	74b8e5a3687228a5ba187a6fc142d16f25c784f84da3b4af9796ffb6a81d7072	9586	Μαυριτανίαι	100	Μ100	0.636364	80206	Ἀκυτανία	0.636364	0.000000	μανυερτανια	μαυριτανιαι
137407	Μανουοῦσιοι		meineke_page_462.jpg	462	10561	ocr	OCR from image meineke_page_462.jpg (id=1634)	d34b399efbbcb7e257c23b95ceea0f2300b5dc23802b3b84960288ca692a09c5	2061	Καδούσιοι	8	Κ8	0.636364	61166	Αἰδούσιοι	0.636364	0.000000	μανουουσιοι	καδουσιοι
137408	Μαυνός		meineke_page_462.jpg	462	10562	ocr	OCR from image meineke_page_462.jpg (id=1634)	f0a5930721cebd932dc79f7d8250f157e914bb572fe1ced6b7cd0107afd5674a	3084	Καῦνος	139	Κ139	0.833333	9588	Μαυσός	0.833333	0.000000	μαυνοσ	καυνοσ
137409	Μαυσωλοί		meineke_page_462.jpg	462	10563	ocr	OCR from image meineke_page_462.jpg (id=1634)	d1177d2c122b43c1201d9cf4c6bebbe1121268e77bc972375c40a7cb46a02e86	9589	Μαύσωλοι	103	Μ103	1.000000	9581	Μασσύλοι	0.750000	0.250000	μαυσωλοι	μαυσωλοι
137410	Μαχαιρούς		meineke_page_462.jpg	462	10564	ocr	OCR from image meineke_page_462.jpg (id=1634)	970555c54f48b6c15aa2d52f9bd99a2216b755fc28be4023566678d59ccff0a1	9590	Μαχαιροῦς	104	Μ104	1.000000	9583	Μάταυρος	0.666667	0.333333	μαχαιρουσ	μαχαιρουσ
137411	Μεγάλῃ πόλις		meineke_page_462.jpg	462	10565	ocr	OCR from image meineke_page_462.jpg (id=1634)	cda4b6bc8fa0ebfe8230ad1893605f0b83bc8e34c7b8289715e4b2a5e957ffbf	9591	Μεγάλη πόλις	105	Μ105	1.000000	11087	Νεάπολις	0.636364	0.363636	μεγαληπολισ	μεγαληπολισ
137413	μέγαρα	2	meineke_page_463.jpg	463	10567	ocr	OCR from image meineke_page_463.jpg (id=1635)	ac6f0429e525fd7b663549314c8434c9b5416777861df796b6b66be99e493ad5	9592	Μέγαρα	106	Μ106	1.000000	10210	Μέγασα	0.833333	0.166667	μεγαρα	μεγαρα
137414	Μεγαρευσ		meineke_page_464.jpg	464	10568	ocr	OCR from image meineke_page_464.jpg (id=1636)	ec655d57ee47086eb0623bf9c439ed8ffade7802a9c5fd4267582ae31bddc5da	6656	Ἔαρες	1	Ε1	0.625000	8479	Μάγαρσος	0.625000	0.000000	μεγαρευσ	εαρεσ
137415	Μεγαρικόν		meineke_page_464.jpg	464	10569	ocr	OCR from image meineke_page_464.jpg (id=1636)	561c9d36b80fe2da215aee988cf0c2bbb584e03d34468675aaca74ae65c303dc	9593	Μεγαρικόν	107	Μ107	1.000000	2485	Καρικόν	0.666667	0.333333	μεγαρικον	μεγαρικον
137416	Μέγαρα		meineke_page_464.jpg	464	10570	ocr	OCR from image meineke_page_464.jpg (id=1636)	6ae10ad88a3028433006f1709d97eb6a1ba8d31f5891be856711fe0e307feeab	9592	Μέγαρα	106	Μ106	1.000000	10210	Μέγασα	0.833333	0.166667	μεγαρα	μεγαρα
137417	Μεγίστη		meineke_page_464.jpg	464	10571	ocr	OCR from image meineke_page_464.jpg (id=1636)	ab4f974ea3e4c5b42e8a6386c8b4f0b51275734469aacf997095a253415cd03e	10211	Μεγίστη	109	Μ109	1.000000	9613	Μελίτη	0.714286	0.285714	μεγιστη	μεγιστη
137418	Μεδεών		meineke_page_464.jpg	464	10572	ocr	OCR from image meineke_page_464.jpg (id=1636)	643d43f216e12b9b2cb91338f30a7f1e4d66b813d562332354ded14968524578	10212	Μεδεών	110	Μ110	1.000000	10214	Μεδίων	0.833333	0.166667	μεδεων	μεδεων
137419	Μεδιόλανιον		meineke_page_464.jpg	464	10573	ocr	OCR from image meineke_page_464.jpg (id=1636)	40172055a1bb59ac759ce496c26231a4147d91e74ffbe2edc240011fb57cb17f	10213	Μεδιολάνιον	111	Μ111	1.000000	8977	Μαλάνιος	0.545455	0.454545	μεδιολανιον	μεδιολανιον
137420	Μέδιον	1	meineke_page_465.jpg	465	10574	ocr	OCR from image meineke_page_465.jpg (id=1637)	f99f4f7c9f995f9fa6b526bc1adf5dcf712452c91979c79a26d5b2fa2e4f0132	10214	Μεδίων	112	Μ112	0.833333	26705	Πεδίον	0.833333	0.000000	μεδιον	μεδιων
137421	Μέθμασα	2	meineke_page_465.jpg	465	10575	ocr	OCR from image meineke_page_465.jpg (id=1637)	e44e77772e1f196e92c26eaeb6b4cf8b8e379c332b3504ee564965dd0f554969	10215	Μέδμασα	113	Μ113	0.857143	10210	Μέγασα	0.714286	0.142857	μεθμασα	μεδμασα
137422	Μέδυμνη	3	meineke_page_465.jpg	465	10576	ocr	OCR from image meineke_page_465.jpg (id=1637)	e59458ca48af37a8d8456b02e0ed2d2bdc67fd36f147afcf578734409797f964	9594	Μέδμη	114	Μ114	0.714286	3842	Δύμη	0.571429	0.142857	μεδυμνη	μεδμη
137423	Μεδυνία	4	meineke_page_465.jpg	465	10577	ocr	OCR from image meineke_page_465.jpg (id=1637)	d9cc811e88103f41a7fde8a1c21b3b39e1573b3a756b7c6c5e282ec3ef564647	9595	Μεδυλλία	115	Μ115	0.750000	8966	Μακεδονία	0.666667	0.083333	μεδυνια	μεδυλλια
137424	Μεθυριαάδες	5	meineke_page_465.jpg	465	10578	ocr	OCR from image meineke_page_465.jpg (id=1637)	d37fd2d6f12c45c4a518d333790c1dd8d93e4bb9355e822c102b293222b990be	9596	Μεθουριάδες	116	Μ116	0.818182	11038	Μυρίανδρος	0.545455	0.272727	μεθυριααδεσ	μεθουριαδεσ
137425	Μεθύριον	6	meineke_page_465.jpg	465	10579	ocr	OCR from image meineke_page_465.jpg (id=1637)	3f90fdf0efbeba7e1f4a2f6763eeaed6bd5da974176e60445863719c28f13600	9597	Μεθύδριον	117	Μ117	0.888889	12846	Ὀνθύριον	0.750000	0.138889	μεθυριον	μεθυδριον
137426	Μεφῶνη	7	meineke_page_465.jpg	465	10580	ocr	OCR from image meineke_page_465.jpg (id=1637)	81b5b88946d086e1c06a57b353729410d7ab3112b1164158ecbbd00125dcdd4f	9598	Μεθώνη	118	Μ118	0.833333	9642	Μεσσήνη	0.571429	0.261905	μεφωνη	μεθωνη
137427	Μέγαρις – Μέλανιππιον		meineke_page_466.jpg	466	10581	ocr	OCR from image meineke_page_466.jpg (id=1638)	6b0cc9037346f3115993cc1aeaf030b5bd36792e6f76d72641aaa1ae13f65cad	9604	Μελανίππιον	124	Μ124	0.611111	10213	Μεδιολάνιον	0.500000	0.111111	μεγαρισμελανιππιον	μελανιππιον
137428	Μέλητος	1	meineke_page_467.jpg	467	10582	ocr	OCR from image meineke_page_467.jpg (id=1639)	f9f5444a4425af7b4e578c90316deb87f455a783b2539de5d362fa1511d035b0	10286	Μίλητος	184	Μ184	0.857143	10298	Μισητός	0.714286	0.142857	μελητοσ	μιλητοσ
137429	Μελία	2	meineke_page_467.jpg	467	10583	ocr	OCR from image meineke_page_467.jpg (id=1639)	8b3051af39b529d309001a7da62b7a4997627c9408cce09a0b0ba82370878086	9606	Μελία	126	Μ126	1.000000	9609	Μέλινα	0.833333	0.166667	μελια	μελια
137430	Μελιβόια	3	meineke_page_467.jpg	467	10584	ocr	OCR from image meineke_page_467.jpg (id=1639)	8b86128e21898f212fc324d611c6e52d8eb8a8cf2710550bfd55c1708e7f4dd3	9607	Μελίβοια	127	Μ127	1.000000	9612	Μελίταια	0.750000	0.250000	μελιβοια	μελιβοια
137431	Μελιγοννίς	4	meineke_page_467.jpg	467	10585	ocr	OCR from image meineke_page_467.jpg (id=1639)	96cce434c342909d85bcac07c99f5f7c1863e3c19be067d7195b6fc47eef8933	9608	Μελιγουνίς	128	Μ128	0.900000	9601	Μελαινεῖς	0.600000	0.300000	μελιγοννισ	μελιγουνισ
137432	Μέλινα	5	meineke_page_467.jpg	467	10586	ocr	OCR from image meineke_page_467.jpg (id=1639)	2a4f2648c75a0f1117adf0c159c0b462c49aaa71116b6baf5585a138d95519ac	9609	Μέλινα	129	Μ129	1.000000	9606	Μελία	0.833333	0.166667	μελινα	μελινα
137433	Μελινοφάγοι	6	meineke_page_467.jpg	467	10587	ocr	OCR from image meineke_page_467.jpg (id=1639)	fea1cd2adf6de7b32757d61fec854df5474ffb3d71ccfa302876b2fa270d8b92	9610	Μελινοφάγοι	130	Μ130	1.000000	8478	Λωτοφάγοι	0.636364	0.363636	μελινοφαγοι	μελινοφαγοι
137434	Μέλισσα	7	meineke_page_467.jpg	467	10588	ocr	OCR from image meineke_page_467.jpg (id=1639)	003f9edfcad3ad43638c4083d7ed43879a1079a976e4e1e01792b6d17793b26c	9611	Μέλισσα	131	Μ131	1.000000	9606	Μελία	0.714286	0.285714	μελισσα	μελισσα
137435	Μελίταια	1	meineke_page_468.jpg	468	10589	ocr	OCR from image meineke_page_468.jpg (id=1640)	579664e529e0048da12af57255af72f43e7fbcab35b441cd6e7c4899c2293101	9612	Μελίταια	132	Μ132	1.000000	9607	Μελίβοια	0.750000	0.250000	μελιταια	μελιταια
137436	Μελίτη	2	meineke_page_468.jpg	468	10590	ocr	OCR from image meineke_page_468.jpg (id=1640)	8c5063acd7b46a3fa9cfb2a2354c97bd2d2e406c6df2a575d635d656279da57f	9613	Μελίτη	133	Μ133	1.000000	9614	Μελιτηνή	0.750000	0.250000	μελιτη	μελιτη
137437	Μελιτηνή	3	meineke_page_468.jpg	468	10591	ocr	OCR from image meineke_page_468.jpg (id=1640)	3672df4f5ac7a955da6619db110b7d0392abb571aa56383df6086dbedfa09799	9614	Μελιτηνή	134	Μ134	1.000000	9613	Μελίτη	0.750000	0.250000	μελιτηνη	μελιτηνη
137438	Μελίτουσα	4	meineke_page_468.jpg	468	10592	ocr	OCR from image meineke_page_468.jpg (id=1640)	afe81177b9cff523b915a3b2e0abc8bb3bb06ae0763301c13470ce7782bb5f2d	9615	Μελίτουσα	135	Μ135	1.000000	9607	Μελίβοια	0.666667	0.333333	μελιτουσα	μελιτουσα
137439	Μελιτουσσαῖος		meineke_page_469.jpg	469	10593	ocr	OCR from image meineke_page_469.jpg (id=1641)	2c25555be36214142d1d7854c93aa4b2cc4ee7a305eed4b94ab653ef386563a6	9615	Μελίτουσα	135	Μ135	0.692308	9608	Μελιγουνίς	0.615385	0.076923	μελιτουσσαιοσ	μελιτουσα
137440	Μεμβλιάφων		meineke_page_469.jpg	469	10594	ocr	OCR from image meineke_page_469.jpg (id=1641)	b36388ecc12f2e45db30bdbcf8e49f5a24e1fd63480419047611247c703f74fa	9616	Μεμβλίαρος	136	Μ136	0.700000	9606	Μελία	0.500000	0.200000	μεμβλιαφων	μεμβλιαροσ
137441	Μέμφις		meineke_page_469.jpg	469	10595	ocr	OCR from image meineke_page_469.jpg (id=1641)	2d4fb13e86507b070ec9a85f78eae2fcad4d69149ff389f2342e68f526f84176	9617	Μέμφις	137	Μ137	1.000000	11059	Μώμεμφις	0.750000	0.250000	μεμφισ	μεμφισ
137442	Μέμνονες		meineke_page_469.jpg	469	10596	ocr	OCR from image meineke_page_469.jpg (id=1641)	f3be7758730192b9b9d2a34bffa4dde5d3fb4a60544eca55b003dc5b8be778fc	9618	Μέμνονες	138	Μ138	1.000000	37786	Σέννονες	0.750000	0.250000	μεμνονεσ	μεμνονεσ
137443	Μενάι		meineke_page_469.jpg	469	10597	ocr	OCR from image meineke_page_469.jpg (id=1641)	f2083adf93727b72c83dd6111459b38445fd5b0979f326cf27537804ff813014	9619	Μεναί	139	Μ139	1.000000	20790	Θεναί	0.800000	0.200000	μεναι	μεναι
137444	Μέθων		meineke_page_469.jpg	469	10598	ocr	OCR from image meineke_page_469.jpg (id=1641)	444905c80b1ef6a72c6103b4f257f0b0814c6fddab9145d1d11aa3ad7fb7cc8c	9598	Μεθώνη	118	Μ118	0.833333	10212	Μεδεών	0.666667	0.166667	μεθων	μεθωνη
137445	Μέθυνδης		meineke_page_469.jpg	469	10599	ocr	OCR from image meineke_page_469.jpg (id=1641)	d7122b73f57d48041e42c8cbfb3f50076d4b70fa5fbf092230f669ad31880c3c	9621	Μένδης	141	Μ141	0.750000	9598	Μεθώνη	0.625000	0.125000	μεθυνδησ	μενδησ
137446	Μενεόδημον		meineke_page_469.jpg	469	10600	ocr	OCR from image meineke_page_469.jpg (id=1641)	718f0d13b93d271853a24e214210e9063ffefca4d5126b1636765d7bf41ef970	9622	Μενεδήμιον	142	Μ142	0.800000	8965	Μακεδνόν	0.500000	0.300000	μενεοδημον	μενεδημιον
137447	Μενεκίνη		meineke_page_470.jpg	470	10601	ocr	OCR from image meineke_page_470.jpg (id=1642)	7a2c193ff1ea90db786e5bba09ea1319df2aafc7e99a0ca085ae9756bb3b020d	9623	Μενεκίνη	143	Μ143	1.000000	9598	Μεθώνη	0.500000	0.500000	μενεκινη	μενεκινη
137448	Μενέλαος		meineke_page_470.jpg	470	10602	ocr	OCR from image meineke_page_470.jpg (id=1642)	073b39f500b797ac45bdeb5537a516d39f4a091b5be942ce51a0fca23f822693	9624	Μενέλαος	144	Μ144	1.000000	25150	Πάνελος	0.625000	0.375000	μενελαοσ	μενελαοσ
137449	Μενουθίς		meineke_page_470.jpg	470	10603	ocr	OCR from image meineke_page_470.jpg (id=1642)	b1b434464533284a77df1c06d44756631505af3045311715c78ef64b5fb06415	9625	Μένουθις	145	Μ145	1.000000	9644	Μεσυγίς	0.625000	0.375000	μενουθισ	μενουθισ
137450	Μέντορες		meineke_page_470.jpg	470	10604	ocr	OCR from image meineke_page_470.jpg (id=1642)	376a510d937b8510c2c2f57cb98a9d2956a3683faeeec90313d829d7e51ba495	9626	Μέντορες	146	Μ146	1.000000	9618	Μέμνονες	0.625000	0.375000	μεντορεσ	μεντορεσ
137451	Μέντυργα		meineke_page_470.jpg	470	10605	ocr	OCR from image meineke_page_470.jpg (id=1642)	e98adfd619b0994e31c7bb288e90d86f7c62dc2d26e80fea7851828f917a6a87	9627	Μέντυρνα	147	Μ147	0.875000	8991	Μανθυρέα	0.625000	0.250000	μεντυργα	μεντυρνα
137452	Μεμψοῦς		meineke_page_470.jpg	470	10606	ocr	OCR from image meineke_page_470.jpg (id=1642)	09872ea51c5eb2274af0d2c23ee973eab84a0e4aec28cd853fce3df926068754	9618	Μέμνονες	138	Μ138	0.625000	8031	Λάμψος	0.571429	0.053571	μεμψουσ	μεμνονεσ
137453	Μερόη		meineke_page_471.jpg	471	10607	ocr	OCR from image meineke_page_471.jpg (id=1643)	7c2fd678adedc5167e6ef973886bbe07ddb574de60ab10fdc4ed9d138dcce822	9629	Μερόη	149	Μ149	1.000000	9631	Μέροψ	0.800000	0.200000	μεροη	μεροη
137454	Μεροῦσιον		meineke_page_471.jpg	471	10608	ocr	OCR from image meineke_page_471.jpg (id=1643)	bb5bc19fab46837e2eb3a2eeea9ed8a7b72f26922c56c907a51336eb12e15343	9630	Μερούσιον	150	Μ150	1.000000	121828	Γερούνιον	0.777778	0.222222	μερουσιον	μερουσιον
137455	Μερόψ		meineke_page_471.jpg	471	10609	ocr	OCR from image meineke_page_471.jpg (id=1643)	88e29e0986db849ff2a0a54e8a25136c44bfeef319d3dc4783620bcf82c650c8	9631	Μέροψ	151	Μ151	1.000000	9629	Μερόη	0.800000	0.200000	μεροψ	μεροψ
137456	Μεσανίτης		meineke_page_471.jpg	471	10610	ocr	OCR from image meineke_page_471.jpg (id=1643)	d523934cf6b4cc0945f442e3fbb0fdce67d0de26e78cf8a134bab71971142e1a	9632	Μεσανίτης κόλπος	152	Μ152	0.600000	8977	Μαλάνιος	0.555556	0.044444	μεσανιτησ	μεσανιτησκολποσ
137457	Μεσημβρία		meineke_page_471.jpg	471	10611	ocr	OCR from image meineke_page_471.jpg (id=1643)	9b511a01eddd4ad5d4bcb1d78f56f1e75c95e22b8b4e868851abfb55c626f204	9633	Μεσημβρία	153	Μ153	1.000000	9602	Μελάμπεια	0.555556	0.444444	μεσημβρια	μεσημβρια
137458	Μέση		meineke_page_471.jpg	471	10612	ocr	OCR from image meineke_page_471.jpg (id=1643)	0154f5ac5121428ef213d289ee9afd312d80d9538d417f4f3baaee52070ad220	48650	Τεμέση	86	Τ86	0.666667	9025	Μάσης	0.600000	0.066667	μεση	τεμεση
137459	Μέσμα		meineke_page_471.jpg	471	10613	ocr	OCR from image meineke_page_471.jpg (id=1643)	f18a4fc340a83e605f0300029b4b48b280fb06f443b873ca94ad6846a8f5c888	9635	Μέσμα	155	Μ155	1.000000	9636	Μεσόλα	0.666667	0.333333	μεσμα	μεσμα
137461	Μεσοπόντιος		meineke_page_472.jpg	472	10615	ocr	OCR from image meineke_page_472.jpg (id=1644)	547666d92de6b1f9d1bd648783baedd3cc1fa0252b5e39b935e3630483b30804	9637	Μεσοπόντιος	157	Μ157	1.000000	9648	Μεταπόντιον	0.727273	0.272727	μεσοποντιοσ	μεσοποντιοσ
137463	Μεσαρπατέα		meineke_page_472.jpg	472	10617	ocr	OCR from image meineke_page_472.jpg (id=1644)	7a4476ca8bd3e9beebd598ad0ba4e40668cd971b04accc0c4483e33a5b84843d	2597	Καρπασία	97	Κ97	0.500000	9004	Μάργαια	0.500000	0.000000	μεσαρπατεα	καρπασια
137465	Μεσάπιον		meineke_page_472.jpg	472	10619	ocr	OCR from image meineke_page_472.jpg (id=1644)	f5295c6660202cbf1ac176a98bfbb8fcc4b8d6369bcfb7bfd16c0133a625d030	9641	Μεσσάπιον	161	Μ161	0.888889	9593	Μεγαρικόν	0.666667	0.222222	μεσαπιον	μεσσαπιον
137468	Μεσσώγις		meineke_page_473.jpg	473	10622	ocr	OCR from image meineke_page_473.jpg (id=1645)	a0e20ef9a6363da2e62eb4186aadc9ee38b644edec608d388ff0b60765b6dd28	9644	Μεσυγίς	164	Μ164	0.750000	9640	Μεσσαπία	0.625000	0.125000	μεσσωγισ	μεσυγισ
137473	Μεταχίσιον		meineke_page_473.jpg	473	10627	ocr	OCR from image meineke_page_473.jpg (id=1645)	2efc6cceb89a7e05b1fa4cf987b7fceb4392f99a9cb7bb8d8e3fa1788128d6ef	9649	Μετάχοιον	169	Μ169	0.800000	9645	Μεταγώνιον	0.700000	0.100000	μεταχισιον	μεταχοιον
137474	Μεταχοιατης		meineke_page_474.jpg	474	10628	ocr	OCR from image meineke_page_474.jpg (id=1646)	b29b2ff79f26dd40fe2af3ffb5427b05b312861e480691f0f41409a7b9953003	9649	Μετάχοιον	169	Μ169	0.636364	8967	Μάκιστος	0.454545	0.181818	μεταχοιατησ	μεταχοιον
137475	Μέτηλις		meineke_page_474.jpg	474	10629	ocr	OCR from image meineke_page_474.jpg (id=1646)	d09b3262f080b75db9a656ca8678ce4cefb533b3153ae7bcae135bcae70e7424	9650	Μέτηλις	170	Μ170	1.000000	28313	Πετηλία	0.714286	0.285714	μετηλισ	μετηλισ
137476	Μηθαβα		meineke_page_474.jpg	474	10630	ocr	OCR from image meineke_page_474.jpg (id=1646)	988a3dfb84b5486e30c69b95fd06861f9ae017bd8e7099e1724be88d0ad4c17b	10273	Μήδαβα	171	Μ171	0.833333	9010	Μαρίαβα	0.571429	0.261905	μηθαβα	μηδαβα
137477	Μηδια		meineke_page_474.jpg	474	10631	ocr	OCR from image meineke_page_474.jpg (id=1646)	ebf42d2686ed0edea96d497b34285b23b59322a0df46f08b443d320418f69843	10274	Μηδία	172	Μ172	1.000000	10273	Μήδαβα	0.666667	0.333333	μηδια	μηδια
137478	Μηθυμνα		meineke_page_474.jpg	474	10632	ocr	OCR from image meineke_page_474.jpg (id=1646)	9a6e4b3526c427152cf644829af28852dfdd6d25fd95b3f63a7732e44d2dbbab	10275	Μήθυμνα	173	Μ173	1.000000	30181	Ῥιθυμνία	0.625000	0.375000	μηθυμνα	μηθυμνα
137479	Μηχιστον	3	meineke_page_475.jpg	475	10633	ocr	OCR from image meineke_page_475.jpg (id=1647)	8e1db3c522f376ec09f4d68d035e56ad6274020067425c79ad3cd5af89a244c9	10276	Μήκιστον	174	Μ174	0.875000	8967	Μάκιστος	0.625000	0.250000	μηχιστον	μηκιστον
137480	Μήνιγξ		meineke_page_476.jpg	476	10634	ocr	OCR from image meineke_page_476.jpg (id=1648)	c962d6a9a685c0837f3efee56517182299328fcc61e25db5bb411e45df202c96	10280	Μῆνιγξ	178	Μ178	1.000000	8430	Λίγξ	0.500000	0.500000	μηνιγξ	μηνιγξ
137481	Μητρόπολις		meineke_page_476.jpg	476	10635	ocr	OCR from image meineke_page_476.jpg (id=1648)	11255caa0316a52f0a89e6c858a0c86306faeb3b6b311e207d2f150caba07dd4	10281	Μητρόπολις	179	Μ179	1.000000	131885	Χυτρόπολις	0.800000	0.200000	μητροπολισ	μητροπολισ
137482	Μιδάειον		meineke_page_476.jpg	476	10636	ocr	OCR from image meineke_page_476.jpg (id=1648)	e51b241ac7b36e29d3fec56748812d23245c81ae0643b963a5eb078222c4b80f	10283	Μιδάειον	181	Μ181	1.000000	22194	Ἰδάλιον	0.750000	0.250000	μιδαειον	μιδαειον
137483	Μιδέα		meineke_page_476.jpg	476	10637	ocr	OCR from image meineke_page_476.jpg (id=1648)	9d59cf5510b9b2e8714ea8407bb56102930c5bf902c873b0e2c17d6e4aa4622e	10284	Μίδεια	182	Μ182	0.833333	8978	Μαλέα	0.600000	0.233333	μιδεα	μιδεια
137486	Μιλητοσ		meineke_page_478.jpg	478	10640	ocr	OCR from image meineke_page_478.jpg (id=1650)	43b2f54c8210da712bc93e23dd3eeb10effa42d56f5374f9392d73daca3f6172	10286	Μίλητος	184	Μ184	1.000000	10298	Μισητός	0.857143	0.142857	μιλητοσ	μιλητοσ
137487	Μιλητούπολις		meineke_page_478.jpg	478	10641	ocr	OCR from image meineke_page_478.jpg (id=1650)	efaca8242bc977ca911c139f3b6358873a43b4179fad79b83e670da9f957e38a	10287	Μιλητούπολις	185	Μ185	1.000000	10281	Μητρόπολις	0.666667	0.333333	μιλητουπολισ	μιλητουπολισ
137488	Μίλκωρος		meineke_page_478.jpg	478	10642	ocr	OCR from image meineke_page_478.jpg (id=1650)	51c255b9f571e1c901df63fc1c612e236dd91536a91fb6d09243e69c50476c20	10288	Μίλκωρος	186	Μ186	1.000000	10282	Μιάκωρος	0.875000	0.125000	μιλκωροσ	μιλκωροσ
137489	Μῖλαι		meineke_page_478.jpg	478	10643	ocr	OCR from image meineke_page_478.jpg (id=1650)	c56445f1c278f4d0b5759f397fef081ab43a042599a970ad2026bb9e225b6f78	10289	Μιλύαι	187	Μ187	0.833333	10336	Μυλαί	0.800000	0.033333	μιλαι	μιλυαι
137490	Μιλωνία		meineke_page_478.jpg	478	10644	ocr	OCR from image meineke_page_478.jpg (id=1650)	d0a20c99e1b791c7693c947334163b4b7d8677cd11cfc94e35f31bd0661c1f68	10290	Μιλωνία	188	Μ188	1.000000	11892	Νικωνία	0.714286	0.285714	μιλωνια	μιλωνια
137491	Μίμακες		meineke_page_478.jpg	478	10645	ocr	OCR from image meineke_page_478.jpg (id=1650)	1e6bf912db33d4f740eff089f0df62b1becacf156ae14afba2de16f78383f2f1	10291	Μίμακες	189	Μ189	1.000000	9015	Μάρμακες	0.750000	0.250000	μιμακεσ	μιμακεσ
137492	Μιμνίδος		meineke_page_478.jpg	478	10646	ocr	OCR from image meineke_page_478.jpg (id=1650)	48e177fecd353d2d8a348ace6c48f563d408a6a4ca12d8a263682edfe479e803	10292	Μιμνηδός	190	Μ190	0.875000	8474	Λυχνιδός	0.625000	0.250000	μιμνιδοσ	μιμνηδοσ
137493	Μίναιοι		meineke_page_478.jpg	478	10647	ocr	OCR from image meineke_page_478.jpg (id=1650)	53bd186dd1b227293878d1cba51b2caefead8ca98a476855e6035c5aabee2210	10293	Μιναῖοι	191	Μ191	1.000000	22189	Ἰβαῖοι	0.714286	0.285714	μιναιοι	μιναιοι
137495	Μίμφα	2	meineke_page_479.jpg	479	10649	ocr	OCR from image meineke_page_479.jpg (id=1651)	c56bc3c94eef2d9d1b012111305076a954ff9ac9b69caa72f444d04077fde4c4	10285	Μίεζα	183	Μ183	0.600000	10294	Μινύα	0.600000	0.000000	μιμφα	μιεζα
137497	Μισγομέναι	4	meineke_page_479.jpg	479	10651	ocr	OCR from image meineke_page_479.jpg (id=1651)	c39b53bc801126d7cca12a956e15dd1226a7a4f1aff8e3c224e7ef4d2b81ddc5	10297	Μισγομεναί	195	Μ195	1.000000	22196	Ἰδομεναί	0.700000	0.300000	μισγομεναι	μισγομεναι
137498	Μιστός	5	meineke_page_479.jpg	479	10652	ocr	OCR from image meineke_page_479.jpg (id=1651)	04928dd306b90491a976f7d026cdf43c87a243ae436affae730f86e282512c77	10298	Μισητός	196	Μ196	0.857143	23663	Ἱστός	0.833333	0.023810	μιστοσ	μισητοσ
137499	Μίσκαρα	6	meineke_page_479.jpg	479	10653	ocr	OCR from image meineke_page_479.jpg (id=1651)	06844927083cc6a71349b9a30ef9f0d957ed7d9980121cf2c7fcbedb658f3db6	10299	Μίσκερα	197	Μ197	0.857143	20787	Θεμίσκυρα	0.666667	0.190476	μισκαρα	μισκερα
137504	Μολογερία		meineke_page_480.jpg	480	10658	ocr	OCR from image meineke_page_480.jpg (id=1652)	997e11d8a9951ce57b8d9fdcc437843dfec8d37245845511066ccbd99f607ea5	108987	Βολογεσιάς	121	Β121	0.700000	10304	Μολορχία	0.666667	0.033333	μολογερια	βολογεσιασ
137505	Μολοσσαία		meineke_page_480.jpg	480	10659	ocr	OCR from image meineke_page_480.jpg (id=1652)	63f7fcb2cc4ade91a5f9122f9a4778950a3927bc559ee18d52f21ec302181cd4	10305	Μολοσσία	203	Μ203	0.888889	3292	Κοσσαία	0.666667	0.222222	μολοσσαια	μολοσσια
137506	Μολοσίς		meineke_page_480.jpg	480	10660	ocr	OCR from image meineke_page_480.jpg (id=1652)	d1e14086eec9580047ce13cea1f11a506886a121218bc2109eaaf4c29bb6c10d	10305	Μολοσσία	203	Μ203	0.750000	8982	Μαλόεις	0.714286	0.035714	μολοσισ	μολοσσια
137508	Μολυκεία		meineke_page_480.jpg	480	10662	ocr	OCR from image meineke_page_480.jpg (id=1652)	64ce89aba50e1bc17c7f43775f596329b701ebd98e080f499f6a49ca715cf7cb	10307	Μολυκρία	205	Μ205	0.875000	10308	Μολύνδεια	0.777778	0.097222	μολυκεια	μολυκρια
137509	Μολυκεύς		meineke_page_480.jpg	480	10663	ocr	OCR from image meineke_page_480.jpg (id=1652)	a3b4b77d3f0e487d2dbce7fc1228cdc39d2a61afbd2f1e7ed5512f1c8a3aaf81	8979	Μαλιεύς	38	Μ38	0.625000	10307	Μολυκρία	0.625000	0.000000	μολυκευσ	μαλιευσ
137510	Μολυνδαία		meineke_page_480.jpg	480	10664	ocr	OCR from image meineke_page_480.jpg (id=1652)	b9220412f2b691a8fcf4d38d0313e9c87cfb7155a9409962eabe184fad625889	10308	Μολύνδεια	206	Μ206	0.888889	9603	Μελανδία	0.666667	0.222222	μολυνδαια	μολυνδεια
137511	Μονᾶβαι	1	meineke_page_481.jpg	481	10665	ocr	OCR from image meineke_page_481.jpg (id=1653)	ffe37b0846cf39e79f3958c28ec63b85bdc2f2951de54b076ec918aac3c57824	10309	Μοναβαί	207	Μ207	1.000000	8987	Μανδαραί	0.625000	0.375000	μοναβαι	μοναβαι
137512	Μονόγυσα	2	meineke_page_481.jpg	481	10666	ocr	OCR from image meineke_page_481.jpg (id=1653)	347185a8d18bee8f9daf3916d6e854e16b9cb14daddcdc57567aa3bf7b8bbfec	10310	Μονόγισσα	208	Μ208	0.777778	10279	Μήλουσα	0.625000	0.152778	μονογυσα	μονογισσα
137513	Μόνοικος	3	meineke_page_481.jpg	481	10667	ocr	OCR from image meineke_page_481.jpg (id=1653)	7bb150729915dc383a6f6015cf3ddbe39f053b052a5d91be7f303de0513f1618	10311	Μόνοικος	209	Μ209	1.000000	10314	Μοσσύνοικοι	0.636364	0.363636	μονοικοσ	μονοικοσ
137514	Μογεγέτιον	4	meineke_page_481.jpg	481	10668	ocr	OCR from image meineke_page_481.jpg (id=1653)	007d0850d06bd69f10157996d2a1db8cd1dea6fccf101d2fa1c50f4a1ddb1a38	10312	Μοργέντιον	210	Μ210	0.700000	8986	Μαμέρτιον	0.600000	0.100000	μογεγετιον	μοργεντιον
137515	Μόεργυνα	5	meineke_page_481.jpg	481	10669	ocr	OCR from image meineke_page_481.jpg (id=1653)	71c118bc9c78021b9d3c91265b9c8f6ee5e9547c146bcd4e12d2d571ce9e9dcf	10313	Μόργυνα	211	Μ211	0.875000	9005	Μάργανα	0.625000	0.250000	μοεργυνα	μοργυνα
137516	Μοσοννοικοι	6	meineke_page_481.jpg	481	10670	ocr	OCR from image meineke_page_481.jpg (id=1653)	f5a330124fd3ed2ec87f2a5de77c412ba288b7780911c6f8276422cc3af5e06e	10314	Μοσσύνοικοι	212	Μ212	0.818182	10311	Μόνοικος	0.636364	0.181818	μοσοννοικοι	μοσσυνοικοι
137518	Μοστινή		meineke_page_482.jpg	482	10672	ocr	OCR from image meineke_page_482.jpg (id=1654)	6aebbb2c127202c14f2a53250fe9feb9b42b4e9b9ffb2ee8a68cbc59a325028d	10317	Μοτίνη	215	Μ215	0.857143	9582	Μασχάνη	0.571429	0.285714	μοστινη	μοτινη
137519	Μοτύνη		meineke_page_482.jpg	482	10673	ocr	OCR from image meineke_page_482.jpg (id=1654)	14323ca571c7a7b84f4b6183f5b9cd158c543e92999198d3f7b2c2b7d133b64c	10317	Μοτίνη	215	Μ215	0.833333	10318	Μοτύη	0.833333	0.000000	μοτυνη	μοτινη
137521	Μουκασσός		meineke_page_482.jpg	482	10675	ocr	OCR from image meineke_page_482.jpg (id=1654)	2fe732a359dbaaa4ff0183cc0efe5264ab58c2a984155a8676827023b875ce01	10320	Μουκισσός	218	Μ218	0.888889	10301	Μόκαρσος	0.777778	0.111111	μουκασσοσ	μουκισσοσ
137522	Μουμάστος		meineke_page_482.jpg	482	10676	ocr	OCR from image meineke_page_482.jpg (id=1654)	60e7223b3a9f49c187f7c06f60049b30e662576cfd82763155886f206352744a	10321	Μούμαστος	219	Μ219	1.000000	115298	Βούβαστος	0.777778	0.222222	μουμαστοσ	μουμαστοσ
137523	Μουνυχία		meineke_page_483.jpg	483	10677	ocr	OCR from image meineke_page_483.jpg (id=1655)	da639b533d26dd81e1c83a4e2e022dadfb009fc55853f4fb5ddd50316b0682a7	10322	Μουνυχία	220	Μ220	1.000000	11060	Μωνυχία	0.750000	0.250000	μουνυχια	μουνυχια
137524	Μονύσα		meineke_page_483.jpg	483	10678	ocr	OCR from image meineke_page_483.jpg (id=1655)	69a0b4d5d9d1603ae29dcbed1544b9ca9c84a32f93d39d77656d44304e2800ad	10294	Μινύα	192	Μ192	0.666667	10323	Μοῦρσα	0.666667	0.000000	μονυσα	μινυα
137525	Μουνδέον		meineke_page_483.jpg	483	10679	ocr	OCR from image meineke_page_483.jpg (id=1655)	e6cd6d96cc18c1044916c793bcf744b963dd2b069c8b7c69d4a97ec53ef4893a	10308	Μολύνδεια	206	Μ206	0.666667	10324	Μοῦσειον	0.625000	0.041667	μουνδεον	μολυνδεια
137526	Μόμφον		meineke_page_483.jpg	483	10680	ocr	OCR from image meineke_page_483.jpg (id=1655)	1cd4796bba4f32a23a403a3ded886ac6813aa9cb7577df9d872dc65c843eeae3	10325	Μόψιον	223	Μ223	0.666667	125109	Γόμφοι	0.666667	0.000000	μομφον	μοψιον
137527	Μορφτία		meineke_page_483.jpg	483	10681	ocr	OCR from image meineke_page_483.jpg (id=1655)	3e1afd95ef4426f7904bb88ab4866d0c94d231ceca1fad58df4222fe02e3f33a	9004	Μάργαια	63	Μ63	0.571429	9008	Μάρεια	0.571429	0.000000	μορφτια	μαργαια
137528	Μόρφου ἐστία		meineke_page_484.jpg	484	10682	ocr	OCR from image meineke_page_484.jpg (id=1656)	6e8493fbef52e4b3aca01908f0673e8124b1b7c8efe71933e505dcfa29d9b9e3	10327	Μόψου ἑστία	225	Μ225	0.818182	12863	Ὀρεστία	0.636364	0.181818	μορφουεστια	μοψουεστια
137530	Μυγιασός		meineke_page_484.jpg	484	10684	ocr	OCR from image meineke_page_484.jpg (id=1656)	b6d9eeac6f6d2b7fad84d3341715135d2c855872afbd3fe25fb5bf45b78de9d1	10329	Μυγισσός	227	Μ227	0.875000	10320	Μουκισσός	0.666667	0.208333	μυγιασοσ	μυγισσοσ
137532	Μυκάλη		meineke_page_484.jpg	484	10686	ocr	OCR from image meineke_page_484.jpg (id=1656)	159f022de58af8a6b8e88364ccebc5136271e5fb387e08eb95106e68775c1e3d	10331	Μυκάλη	229	Μ229	1.000000	10303	Μόκλη	0.666667	0.333333	μυκαλη	μυκαλη
137533	Μυκαλησός		meineke_page_485.jpg	485	10687	ocr	OCR from image meineke_page_485.jpg (id=1657)	eaa9f46174b725139bf17c0f5a3f8492a11d340b827d41c94dd8b48ada467d2d	10332	Μυκαλησσός	230	Μ230	0.900000	2116	Κάληρος	0.666667	0.233333	μυκαλησοσ	μυκαλησσοσ
137534	Μυκήνη		meineke_page_485.jpg	485	10688	ocr	OCR from image meineke_page_485.jpg (id=1657)	aea32858b8e106619e0fe7f28c6c1205e269078aa6f228d38c26acfc7bcc206a	10333	Μυκῆναι	231	Μ231	0.714286	7244	Κυρήνη	0.666667	0.047619	μυκηνη	μυκηναι
137535	Μύκοι		meineke_page_485.jpg	485	10689	ocr	OCR from image meineke_page_485.jpg (id=1657)	cfdfb0661de916a0bde276f6f3e91089d3115852ce9dd99e1a112aa526fda6c6	10334	Μύκοι	232	Μ232	1.000000	11028	Μύλιοι	0.666667	0.333333	μυκοι	μυκοι
137536	Μύκονος		meineke_page_485.jpg	485	10690	ocr	OCR from image meineke_page_485.jpg (id=1657)	0b0b36d93b3fa6b490eace62afafa32030154a8e804c395701b093b4eb9121ec	10335	Μύκονος	233	Μ233	1.000000	11041	Μύρκινος	0.750000	0.250000	μυκονοσ	μυκονοσ
137537	Μυκονιος – Μυλιος		meineke_page_486.jpg	486	10691	ocr	OCR from image meineke_page_486.jpg (id=1658)	1b877c7fa85823b6b539457116ec77ff556140d06224c8dbf3b2b5434ad1054e	10335	Μύκονος	233	Μ233	0.500000	11033	Μυόννησος	0.500000	0.000000	μυκονιοσμυλιοσ	μυκονοσ
137539	Μίνδος		meineke_page_487.jpg	487	10693	ocr	OCR from image meineke_page_487.jpg (id=1659)	85fa38ab29913b4ed5e3e52221bddd149134432277eb1e1f383f5c851c600114	8895	Λίνδος	73	Λ73	0.833333	11030	Μύνδος	0.833333	0.000000	μινδοσ	λινδοσ
137541	Μυνία		meineke_page_487.jpg	487	10695	ocr	OCR from image meineke_page_487.jpg (id=1659)	e2b742b5597c6c0389401836e0d5c7d038db3d0c8fb7598ad37e14c7cb694a32	11032	Μυονία	242	Μ242	0.833333	11050	Μυσία	0.800000	0.033333	μυνια	μυονια
137542	Μυόννησος		meineke_page_487.jpg	487	10696	ocr	OCR from image meineke_page_487.jpg (id=1659)	4a886a89b5c32bbbb154c4d78ccda5e74b629a2061561be864b18a3a7a9c8236	11033	Μυόννησος	243	Μ243	1.000000	7230	Κυνῶν νῆσος	0.700000	0.300000	μυοννησοσ	μυοννησοσ
137544	Μύρα		meineke_page_487.jpg	487	10698	ocr	OCR from image meineke_page_487.jpg (id=1659)	4292f5a50a6a747ea880d9c92bff528317be9fd92b5d3df94cfde81423fc0789	11035	Μύρα	245	Μ245	1.000000	22229	Ἴμυρα	0.800000	0.200000	μυρα	μυρα
137545	Μνυέτασι		meineke_page_488.jpg	488	10699	ocr	OCR from image meineke_page_488.jpg (id=1660)	62ff37a242029af6e521edc7b5a93019150f900841c58163381987c55cd8ddf9	9585	Ματυκέται	99	Μ99	0.555556	8473	Λυταί	0.500000	0.055556	μνυετασι	ματυκεται
137546	Μνειάνθηρος		meineke_page_488.jpg	488	10700	ocr	OCR from image meineke_page_488.jpg (id=1660)	c5226c7ce61a2fb035194a4332ac793309a0c9008399f9919ca5816e23fbae67	11038	Μυρίανδρος	248	Μ248	0.636364	10282	Μιάκωρος	0.545455	0.090909	μνειανθηροσ	μυριανδροσ
137547	Μνυεκνός		meineke_page_488.jpg	488	10701	ocr	OCR from image meineke_page_488.jpg (id=1660)	fd30a4f1d5000a93b6a56794b3aaf3b61cdf0e0ea035e7718bd529579b98d380	10335	Μύκονος	233	Μ233	0.625000	11041	Μύρκινος	0.625000	0.000000	μνυεκνοσ	μυκονοσ
137548	Μνέμνα		meineke_page_488.jpg	488	10702	ocr	OCR from image meineke_page_488.jpg (id=1660)	5e555785108ea1162ec396a7828bc76eb836d24b06ee964a2edc0eee8a68718e	85695	Ἄντεμνα	327	Α327	0.714286	11093	Νεμέα	0.666667	0.047619	μνεμνα	αντεμνα
137549	Μνέχῖνος		meineke_page_488.jpg	488	10703	ocr	OCR from image meineke_page_488.jpg (id=1660)	d764b185a88f0bf9f80044ef27df66fbf1100bb3f291770e368648922fd5e3fc	11041	Μύρκινος	251	Μ251	0.625000	11047	Μύρσινος	0.625000	0.000000	μνεχινοσ	μυρκινοσ
137550	Μυρλεία		meineke_page_488.jpg	488	10704	ocr	OCR from image meineke_page_488.jpg (id=1660)	c33157eeb6c654d8cc1ad3354792f6f7192be72dd83d676b30bc6838ea8baaf5	11042	Μύρλεια	252	Μ252	1.000000	9008	Μάρεια	0.714286	0.285714	μυρλεια	μυρλεια
137551	Μνημήκειον		meineke_page_489.jpg	489	10705	ocr	OCR from image meineke_page_489.jpg (id=1661)	5bd27c6c8cf170e88b2fd9b3824aa777c2b103444ef1a7d2194ea591ea005741	11043	Μυρμήκιον	253	Μ253	0.700000	13844	Δημήτριον	0.600000	0.100000	μνημηκειον	μυρμηκιον
137554	Μυρεινοῦς		meineke_page_489.jpg	489	10708	ocr	OCR from image meineke_page_489.jpg (id=1661)	fd0adc8743b34489eaf7b2945769f0dcb1fd70027b5377470f8982b26c554fd3	11046	Μυρρινοῦς	256	Μ256	0.888889	11039	Μυρικοῦς	0.777778	0.111111	μυρεινουσ	μυρρινουσ
137555	Μύραινος		meineke_page_489.jpg	489	10709	ocr	OCR from image meineke_page_489.jpg (id=1661)	a74b260ef1d5b963ecbc5dd1aa77ac27c36b4fba4e40acb05aa0b80f87112bd3	11041	Μύρκινος	251	Μ251	0.875000	11047	Μύρσινος	0.875000	0.000000	μυραινοσ	μυρκινοσ
137557	Μύρμηνος		meineke_page_489.jpg	489	10711	ocr	OCR from image meineke_page_489.jpg (id=1661)	135efe442f140bd0547da30ca61ff6196d3b02e2647979639017c3d493dcb2f8	11041	Μύρκινος	251	Μ251	0.750000	11047	Μύρσινος	0.750000	0.000000	μυρμηνοσ	μυρκινοσ
137559	Μυστία	1	meineke_page_490.jpg	490	10713	ocr	OCR from image meineke_page_490.jpg (id=1662)	f5eedf9b1b53c6415efaebfd0cf86af196729eb3c41469f2757916a11f27b480	11051	Μυστία	261	Μ261	1.000000	11050	Μυσία	0.833333	0.166667	μυστια	μυστια
137560	Μυτιλήνη	2	meineke_page_490.jpg	490	16024	ocr	OCR from image meineke_page_490.jpg (id=1662)	0b2622211efc563efe3a400b8646d1c7f0ee07b38f965394e6995e98e24f61c8	11052	Μυτιλήνη	262	Μ262	1.000000	7216	Κυλλήνη	0.625000	0.375000	μυτιληνη	μυτιληνη
137561	Μυτιοκέφατος / Μυτιόστατος	3	meineke_page_490.jpg	490	10715	ocr	OCR from image meineke_page_490.jpg (id=1662)	f6f016927ee5e1b83e7ffad656584c7a5240f4ce238d8bc88c44431d91c219ed	11053	Μυτισέρατος	263	Μ263	0.391304	11054	Μυτίστρατον	0.391304	0.000000	μυτιοκεφατοσμυτιοστατοσ	μυτισερατοσ
137562	Μύων	4	meineke_page_490.jpg	490	10716	ocr	OCR from image meineke_page_490.jpg (id=1662)	25477cfa3d0bdfd140de61386d9558eb25717209bf2493b2d380cd4e7f3598d3	11055	Μύων	265	Μ265	1.000000	11029	Μύλων	0.800000	0.200000	μυων	μυων
137572	Ναγιδοῦσα – Ναιαδός – Νάχαρσος – Νακόλεια		meineke_page_492.jpg	492	10726	ocr	OCR from image meineke_page_492.jpg (id=1664)	eac48728f599d5655c4de6cbc0cf558f1a18d4ec67eabab19407547a48796cb5	2473	Κάραλλις ἢ Καράλλεια	71	Κ71	0.343750	8955	Μαιανδρούπολις	0.312500	0.031250	ναγιδουσαναιαδοσναχαρσοσνακολεια	καραλλισηκαραλλεια
137573	παρὰ τὸν Νάκωλον τὸν Δασκύλου παῖδα		meineke_page_493.jpg	493	10727	ocr	OCR from image meineke_page_493.jpg (id=1665)	48ef7a99ee222c5ff961ad2db1ebc14796c91471843ff08b6e99c834cd222eb5	14874	Δράκοντος νῆσος	126	Δ126	0.300000	19530	Ἡρακλεοβουκόλοι	0.300000	0.000000	παρατοννακωλοντονδασκυλουπαιδα	δρακοντοσνησοσ
137574	Ναξία		meineke_page_493.jpg	493	10728	ocr	OCR from image meineke_page_493.jpg (id=1665)	8aeb83818ae97cabe1a147f1aba89c83a20543d5a2ecae38a4cdc13403cf9cf3	11069	Ναξία	8	Ν8	1.000000	85712	Ἀξία	0.800000	0.200000	ναξια	ναξια
137575	Ναπαται		meineke_page_494.jpg	494	10729	ocr	OCR from image meineke_page_494.jpg (id=1666)	9a9383a40d3f92b8f7dd9d0a2f6bb4bd951e2c5fbc61b71e7057d443acafc671	11071	Ναπάται	10	Ν10	1.000000	121786	Γαλάται	0.714286	0.285714	ναπαται	ναπαται
137576	Νάπη		meineke_page_494.jpg	494	10730	ocr	OCR from image meineke_page_494.jpg (id=1666)	6b8081a49c9eb0ac257dd7944231d2555a420beffc78a2633d97ff52718e040c	11072	Νάπη	11	Ν11	1.000000	2329	Κάλπη	0.600000	0.400000	ναπη	ναπη
137577	Νάπις		meineke_page_494.jpg	494	10731	ocr	OCR from image meineke_page_494.jpg (id=1666)	d852699ed466c2b84cb2665f4ca43a11b99299eda2ff0362d504cf962bb24d37	11073	Νάπις	12	Ν12	1.000000	22182	Ἰαπίς	0.800000	0.200000	ναπισ	ναπισ
137578	Νάρεβον		meineke_page_494.jpg	494	10732	ocr	OCR from image meineke_page_494.jpg (id=1666)	132b070ee53ec8b5e1f1ea781d86c00ea981549f9b6c9e32780ddb644cef8804	11074	Νάρβων	13	Ν13	0.714286	13806	Δαρίειον	0.625000	0.089286	ναρεβον	ναρβων
137579	Ναρεβίς		meineke_page_494.jpg	494	10733	ocr	OCR from image meineke_page_494.jpg (id=1666)	c5b958e1866c1fd03a70a8225ec4d52b9aecec0c2f5ff26cdef809459a2c9d8b	11075	Ναρβίς	14	Ν14	0.857143	96938	Ἄραβις	0.714286	0.142857	ναρεβισ	ναρβισ
137580	Ναργηνίς		meineke_page_494.jpg	494	10734	ocr	OCR from image meineke_page_494.jpg (id=1666)	9b9dc727d768a0d2cc9a02a2d38ffe70e40deefbd2febcff215fe3fc1c47d497	11076	Ναρθηκίς	15	Ν15	0.750000	32057	Σάργαντις	0.666667	0.083333	ναργηνισ	ναρθηκισ
137581	Νάραμακας		meineke_page_494.jpg	494	10735	ocr	OCR from image meineke_page_494.jpg (id=1666)	3693f3017c58f3fb936b595174e38ebb4f1db30a43f3481a25c3879884bcea0e	9015	Μάρμακες	74	Μ74	0.666667	11077	Νάρμαλις	0.666667	0.000000	ναραμακασ	μαρμακεσ
137586	Ναυκεράτις		meineke_page_495.jpg	495	10740	ocr	OCR from image meineke_page_495.jpg (id=1667)	030cd6efebea601a5239dfaebbab1ff08061c4f38830b118552d7ecf681994a2	11082	Ναύκρατις	21	Ν21	0.900000	11066	Νάκρασος	0.600000	0.300000	ναυκερατισ	ναυκρατισ
137587	Ναυπάκτος		meineke_page_495.jpg	495	10741	ocr	OCR from image meineke_page_495.jpg (id=1667)	a7fa7376cdb23658d7bc7a6af1b663108c3ce59a6b802329cfd8774bdb49862d	11083	Ναύπακτος	22	Ν22	1.000000	2498	Κάρπαθος	0.555556	0.444444	ναυπακτοσ	ναυπακτοσ
137588	Ναυνιλία		meineke_page_495.jpg	495	10742	ocr	OCR from image meineke_page_495.jpg (id=1667)	200928038ca1ab5a541dc17c94d32aa7c33e71b78a5c9f5af2a2830a57190030	11084	Ναυπλία	23	Ν23	0.750000	11067	Νακολία	0.625000	0.125000	ναυνιλια	ναυπλια
137590	Ἡρακλέα – Νεῖλος		meineke_page_496.jpg	496	10744	ocr	OCR from image meineke_page_496.jpg (id=1668)	ccaa87e7e42d3c8b1b39f972f51ef5a864bcfd74fe1c4e2139a27f8668b55c7b	19531	Ἡρακλεούπολις	22	Η22	0.615385	8977	Μαλάνιος	0.538462	0.076923	ηρακλεανειλοσ	ηρακλεουπολισ
137591	Νέμανσος	1	meineke_page_497.jpg	497	10745	ocr	OCR from image meineke_page_497.jpg (id=1669)	e2abadae88daef071ab0c0f791e7bc7cda57e4fe4301c062a71aca02ceee6aef	11092	Νέμαυσος	31	Ν31	0.875000	9588	Μαυσός	0.625000	0.250000	νεμανσοσ	νεμαυσοσ
137592	Νεμέα	2	meineke_page_497.jpg	497	10746	ocr	OCR from image meineke_page_497.jpg (id=1669)	c33b095e00373272dc8d82986b95471a619615d2ca2b60682ff023ff78256b47	11093	Νεμέα	32	Ν32	1.000000	11088	Νέγλα	0.600000	0.400000	νεμεα	νεμεα
137593	Νεοκαισάρεια	3	meineke_page_497.jpg	497	10747	ocr	OCR from image meineke_page_497.jpg (id=1669)	15c24bd34fdb9a4a306e46e08be734e55f31f4a6adfce1fe449caad2bdacfdd7	11094	Νεοκαισάρεια	33	Ν33	1.000000	2079	Καισάρεια	0.750000	0.250000	νεοκαισαρεια	νεοκαισαρεια
137594	Νέον τεῖχος	4	meineke_page_497.jpg	497	10748	ocr	OCR from image meineke_page_497.jpg (id=1669)	06693cc4640099b7ab702f511f69e7cee575dc58fa2bb147e59a6af13125395a	11095	Νέον τεῖχος	34	Ν34	1.000000	131886	Χωλὸν τεῖχος	0.727273	0.272727	νεοντειχοσ	νεοντειχοσ
137595	Νέπητος	5	meineke_page_497.jpg	497	10749	ocr	OCR from image meineke_page_497.jpg (id=1669)	c7e1e8c9c1e17fd201f30a2ea2a3e6c4cda4fa81d51c72730e535ba1e11acb0d	11096	Νέπετος	35	Ν35	0.857143	11098	Νέστος	0.714286	0.142857	νεπητοσ	νεπετοσ
137596	Νέσσων	6	meineke_page_497.jpg	497	10750	ocr	OCR from image meineke_page_497.jpg (id=1669)	a99501762ba7b3babd43c2296862c267c9d950281834ab33d92556cce52a5714	11097	Νέσσων	36	Ν36	1.000000	11090	Νέδων	0.666667	0.333333	νεσσων	νεσσων
137597	Νέστος	7	meineke_page_497.jpg	497	10751	ocr	OCR from image meineke_page_497.jpg (id=1669)	4f5019c4e221a001408324269493627e0c83d5f37e531735e45bdb443baaf4bf	11098	Νέστος	37	Ν37	1.000000	11081	Νάστος	0.833333	0.166667	νεστοσ	νεστοσ
137598	Νευροί		meineke_page_498.jpg	498	10752	ocr	OCR from image meineke_page_498.jpg (id=1670)	a60b87ea841a1c13bd052943a4be2d3dbfb7715fd7cc2b21d34026b23e158f15	11099	Νευροί	38	Ν38	1.000000	48668	Τευκροί	0.714286	0.285714	νευροι	νευροι
137599	Νεφελοκοκκυγία		meineke_page_498.jpg	498	10753	ocr	OCR from image meineke_page_498.jpg (id=1670)	5b0c0128d207b3d0073f8310818ea8b92b7a10907bed1a196b3752b344b1e1f3	11100	Νεφελοκοκκυγία	39	Ν39	1.000000	3273	Κορκυρίς	0.357143	0.642857	νεφελοκοκκυγια	νεφελοκοκκυγια
137600	Νεφραλίται		meineke_page_498.jpg	498	10754	ocr	OCR from image meineke_page_498.jpg (id=1670)	e023407194ce306597ec19a06582bdcd72a1b5a03622eac10505c1601b47c5d8	11101	Νεφθαλῖται	40	Ν40	0.900000	3089	Κεβρανῖται	0.700000	0.200000	νεφραλιται	νεφθαλιται
137601	Νεών		meineke_page_498.jpg	498	10755	ocr	OCR from image meineke_page_498.jpg (id=1670)	f09f4f12608b78442b0c1f3f6fdf86a88538cbf24701789bed328a3de7d699bc	11102	Νεών	41	Ν41	1.000000	11090	Νέδων	0.800000	0.200000	νεων	νεων
137602	Νῆιον		meineke_page_498.jpg	498	10756	ocr	OCR from image meineke_page_498.jpg (id=1670)	d2addd95df765bda7b257b0a3fb77edde940bc8de3c2cdb9cd90daa0c7801002	11103	Νήιον	42	Ν42	1.000000	12744	Νότιον	0.666667	0.333333	νηιον	νηιον
137603	Νηνονία		meineke_page_498.jpg	498	10757	ocr	OCR from image meineke_page_498.jpg (id=1670)	51472a1072947c633a32692cbc762cc1175c8912d9076c264f27243ffdd4082b	11104	Νηκουίνα	43	Ν43	0.625000	8960	Μαιονία	0.571429	0.053571	νηνονια	νηκουινα
137604	Νηράβιος		meineke_page_498.jpg	498	10758	ocr	OCR from image meineke_page_498.jpg (id=1670)	31336fd002a1899762380ef50ad96c50970d5e1f8b8896f5e118400c9259a8d4	11105	Νήραβος	44	Ν44	0.875000	11075	Ναρβίς	0.625000	0.250000	νηραβιοσ	νηραβοσ
137605	Νήψεκος		meineke_page_498.jpg	498	10759	ocr	OCR from image meineke_page_498.jpg (id=1670)	7944cc82fdcb1d6316e8b61864f215ded1f45c6104b13d59d54440426ee92d48	11106	Νήρικος	45	Ν45	0.714286	11096	Νέπετος	0.571429	0.142857	νηψεκοσ	νηρικοσ
137606	Νηρεία		meineke_page_499.jpg	499	10760	ocr	OCR from image meineke_page_499.jpg (id=1671)	49cb612866f5c040ceb00da565716b3081dd95c61cff7e9b3f548073927ee371	28332	Πήρεια	143	Π143	0.833333	128415	Γήρεια	0.833333	0.000000	νηρεια	πηρεια
137607	Νηρείς		meineke_page_499.jpg	499	10761	ocr	OCR from image meineke_page_499.jpg (id=1671)	3c605a0350599708fd4e820a339e0d8a355b812759c90bbb1c3b7c8912c62fb4	11107	Νηρίς	46	Ν46	0.833333	11075	Ναρβίς	0.666667	0.166667	νηρεισ	νηρισ
137610	Νησωπή		meineke_page_499.jpg	499	10764	ocr	OCR from image meineke_page_499.jpg (id=1671)	7b61c92a243803a7348ebc34f7b6de7ca5fae002084280abcadff1f7acdfe396	11881	Νησώπη	49	Ν49	1.000000	2615	Κασσώπη	0.571429	0.428571	νησωπη	νησωπη
137612	Νιγήρτες		meineke_page_499.jpg	499	10766	ocr	OCR from image meineke_page_499.jpg (id=1671)	4bd9b95bdc3f20521ca4819669c4d63367624c952803504783b1b3e8b7f3e807	11883	Νίγρητες	51	Ν51	0.750000	8431	Λίγυρες	0.625000	0.125000	νιγηρτεσ	νιγρητεσ
137614	Νικαῖα	1	meineke_page_500.jpg	500	10768	ocr	OCR from image meineke_page_500.jpg (id=1672)	d409530b58bf1bdee869a0e19908da7296168da70703d78f59453eff66f3caa4	11884	Νίκαια	52	Ν52	1.000000	11885	Νικασία	0.857143	0.142857	νικαια	νικαια
137615	Νικατορεῖς	2	meineke_page_500.jpg	500	10769	ocr	OCR from image meineke_page_500.jpg (id=1672)	d19debe7d6ce31dcd86f72ec5382035ac0be4dcaff4e3edb495262de407fbc20	11886	Νικατορίς	54	Ν54	0.900000	11891	Νικόπολις	0.600000	0.300000	νικατορεισ	νικατορισ
137616	Νικηφόριον	3	meineke_page_500.jpg	500	10770	ocr	OCR from image meineke_page_500.jpg (id=1672)	c1e4c113fe9d00f977eff09ec1fcbd312d11a040fe2bc0ff50929ddd636c407b	11887	Νικηφόριον	55	Ν55	1.000000	135419	Φιληνόριον	0.700000	0.300000	νικηφοριον	νικηφοριον
137617	Νίκιον	4	meineke_page_500.jpg	500	10771	ocr	OCR from image meineke_page_500.jpg (id=1672)	23fa1c64b13eb2ed30e61ade7f162646687e71796e9e1719df43b31d83fa2e83	11888	Νικίου	56	Ν56	0.833333	135414	Φίκειον	0.714286	0.119048	νικιον	νικιου
137618	Νικομήδεια	5	meineke_page_500.jpg	500	10772	ocr	OCR from image meineke_page_500.jpg (id=1672)	b2eadd418d4855920b3eb5653a9032d8bb3de244e2b760c6d110870619dac549	11889	Νικομήδεια	57	Ν57	1.000000	11890	Νικομήδειον	0.818182	0.181818	νικομηδεια	νικομηδεια
137619	Νικόπολις	6	meineke_page_500.jpg	500	10773	ocr	OCR from image meineke_page_500.jpg (id=1672)	cc26a5a525f8d042029cea17c0e116c4198e279b282f1de3774cd269b66b7b59	11891	Νικόπολις	59	Ν59	1.000000	135426	Φινόπολις	0.777778	0.222222	νικοπολισ	νικοπολισ
137620	Νικωνία		meineke_page_501.jpg	501	10774	ocr	OCR from image meineke_page_501.jpg (id=1673)	eb54f68540fc1f3ed9671e85d353a03960f47f7626de268daebb74e2e4a124c7	11892	Νικωνία	60	Ν60	1.000000	10290	Μιλωνία	0.714286	0.285714	νικωνια	νικωνια
137621	Νίναϊα		meineke_page_501.jpg	501	10775	ocr	OCR from image meineke_page_501.jpg (id=1673)	6e26adcba5db972bb23c448d38ee126d8de202a47667ad63592396bb32e8ea08	11893	Νίναια	61	Ν61	1.000000	11884	Νίκαια	0.833333	0.166667	νιναια	νιναια
137622	Νινόη		meineke_page_501.jpg	501	10776	ocr	OCR from image meineke_page_501.jpg (id=1673)	034df4fbd074a5e680fabeee2e6a9aa31cbf14379ed98aab4efd4c8ca9c5137e	11894	Νινόη	62	Ν62	1.000000	11895	Νῖνος	0.800000	0.200000	νινοη	νινοη
137624	Νίασα		meineke_page_501.jpg	501	10778	ocr	OCR from image meineke_page_501.jpg (id=1673)	79170480f86e9ff26530a59021a6f1056ac863d4ba6ccdbfcaa0286d4512f8a6	11885	Νικασία	53	Ν53	0.714286	11884	Νίκαια	0.666667	0.047619	νιασα	νικασια
137625	Νιάβρις		meineke_page_501.jpg	501	10779	ocr	OCR from image meineke_page_501.jpg (id=1673)	ac25dc331f49cfefe3187b9ef1fef2a805605871c24a35efe15f463f739094db	8433	Λίηβρις	63	Λ63	0.714286	11882	Νίβις	0.714286	0.000000	νιαβρισ	λιηβρισ
137626	Νάσιβις		meineke_page_502.jpg	502	10780	ocr	OCR from image meineke_page_502.jpg (id=1674)	23bf0cd8567da2c24bc0bf6ba20440e2fe11fbf5cd0843888ff2b00f145e63e3	11897	Νίσιβις	65	Ν65	0.857143	11075	Ναρβίς	0.714286	0.142857	νασιβισ	νισιβισ
137627	Νῖνυφος		meineke_page_502.jpg	502	10781	ocr	OCR from image meineke_page_502.jpg (id=1674)	4dd08538aea9f026c7750778b49dc9be2ead9b1a239a986132eb4959eed84134	11895	Νῖνος	63	Ν63	0.714286	11898	Νίσυρος	0.714286	0.000000	νινυφοσ	νινοσ
137628	Ντειρία		meineke_page_502.jpg	502	10782	ocr	OCR from image meineke_page_502.jpg (id=1674)	7003bf02e5bbb9853bd40d0584210db1424a0be2e8b6e492bb8a441487faf296	41979	Στειριά	268	Σ268	0.857143	2056	Καβειρία	0.625000	0.232143	ντειρια	στειρια
137629	Νηφάτης		meineke_page_502.jpg	502	10783	ocr	OCR from image meineke_page_502.jpg (id=1674)	3bf0365f10988f382adb646f751033fd8c1d0733c7ebeebbc5d31cd8c7519602	11900	Νιφάτης	68	Ν68	0.857143	11105	Νήραβος	0.571429	0.285714	νηφατησ	νιφατησ
137630	Νῖψα		meineke_page_502.jpg	502	10784	ocr	OCR from image meineke_page_502.jpg (id=1674)	c0bb61c5951ebcfdecefbd1b210a5baa66cd60f3ade0df6744c80d773f54b8b1	11901	Νίψα	69	Ν69	1.000000	3088	Κάψα	0.500000	0.500000	νιψα	νιψα
137631	Νοᾶς		meineke_page_502.jpg	502	10785	ocr	OCR from image meineke_page_502.jpg (id=1674)	8b2b7ed1090146d6b3c4737c91f9150ba494b30b6ebce12f3d03948c1788e17b	11902	Νόαι	70	Ν70	0.750000	11085	Νέαι	0.500000	0.250000	νοασ	νοαι
137632	Νομαντία		meineke_page_503.jpg	503	10786	ocr	OCR from image meineke_page_503.jpg (id=1675)	092ebb327a7b66f28afa401bb7a9f6b4b64ffbbb51ff134f2ba43c04455ce858	12740	Νομαντία	71	Ν71	1.000000	82913	Ἀμαντία	0.750000	0.250000	νομαντια	νομαντια
137633	Νόμβα		meineke_page_503.jpg	503	10787	ocr	OCR from image meineke_page_503.jpg (id=1675)	fa3d5c3525214a3133871b08e6ea684bf65f72bcb81673589e9815d822b9e352	12741	Νόμβα	72	Ν72	1.000000	11903	Νοῦβαι	0.666667	0.333333	νομβα	νομβα
137634	Νόσοσσα		meineke_page_503.jpg	503	10788	ocr	OCR from image meineke_page_503.jpg (id=1675)	d3e66c71ab03cfc9fd51aed5a9a7d31c332af1d6eae4bbfd93d84dc7e4488d04	12742	Νόσορα	73	Ν73	0.714286	10305	Μολοσσία	0.625000	0.089286	νοσοσσα	νοσορα
137635	Νοστία		meineke_page_503.jpg	503	10789	ocr	OCR from image meineke_page_503.jpg (id=1675)	8201a7161d124b78dd38532d972cd0b7e439aaca56db293d3050fbe9702575bb	12743	Νοστία	74	Ν74	1.000000	11051	Μυστία	0.666667	0.333333	νοστια	νοστια
137636	Νότιον		meineke_page_503.jpg	503	10790	ocr	OCR from image meineke_page_503.jpg (id=1675)	f97db6da92254294a22f9c39556c3b43b100b85e427296f8366cfe0a30038a62	12744	Νότιον	75	Ν75	1.000000	3272	Κόριον	0.666667	0.333333	νοτιον	νοτιον
137639	Νουχρία		meineke_page_503.jpg	503	10793	ocr	OCR from image meineke_page_503.jpg (id=1675)	7762fabd627a3496efac55ea9b5db727640fbe4cd6289d4608dd016133d63699	11905	Νουκρία	78	Ν78	0.857143	8445	Λουκαρία	0.625000	0.232143	νουχρια	νουκρια
137641	Νύμφαιον		meineke_page_503.jpg	503	10795	ocr	OCR from image meineke_page_503.jpg (id=1675)	3d81c3988ff2fdb73a7e0f49906fdbfd3dae11ac29b0b387f48a50c50ab3e178	11907	Νύμφαιον	80	Ν80	1.000000	11906	Νυμφαία	0.750000	0.250000	νυμφαιον	νυμφαιον
137642	Νυμφαιεύς		meineke_page_504.jpg	504	10796	ocr	OCR from image meineke_page_504.jpg (id=1676)	326ee4820563f13b4003ed764f4e7a8beabdc4e4b402764e7ab2c742ed28e0e4	11906	Νυμφαία	79	Ν79	0.666667	11907	Νύμφαιον	0.666667	0.000000	νυμφαιευσ	νυμφαια
137643	Νύμφαι		meineke_page_504.jpg	504	10797	ocr	OCR from image meineke_page_504.jpg (id=1676)	069bfda82f3710d5bfc7f594183654fb2307ad316003f4539eee4fa6559c4370	11906	Νυμφαία	79	Ν79	0.857143	11908	Νυμφάς	0.833333	0.023810	νυμφαι	νυμφαια
137644	Νύραξ		meineke_page_504.jpg	504	10798	ocr	OCR from image meineke_page_504.jpg (id=1676)	704471777832b8a4927c4e769e154eb90a6d538be95df9dac63dd8933084193b	11909	Νύραξ	82	Ν82	1.000000	3265	Κόραξ	0.600000	0.400000	νυραξ	νυραξ
137645	Νῦσα		meineke_page_504.jpg	504	10799	ocr	OCR from image meineke_page_504.jpg (id=1676)	4f537677a84820dd0965427d2e792248f15124804d25d563217374f9193affa4	11910	Νῦσαι	83	Ν83	0.800000	11050	Μυσία	0.600000	0.200000	νυσα	νυσαι
137646	Νύλα		meineke_page_504.jpg	504	10800	ocr	OCR from image meineke_page_504.jpg (id=1676)	9cebfaacead1c41ff2f9c13ce2e658d7d422ff3030115385ddecd435ec1cff00	11911	Νῶλα	84	Ν84	0.750000	10336	Μυλαί	0.600000	0.150000	νυλα	νωλα
137647	Νουμεντός		meineke_page_504.jpg	504	10801	ocr	OCR from image meineke_page_504.jpg (id=1676)	edfb93f6dd7bf056b6f5ac2a23748d06a9cc5a3b21e7ab31d1052b166d102984	11914	Νωμεντός	87	Ν85	0.777778	8475	Λωμεντός	0.666667	0.111111	νουμεντοσ	νωμεντοσ
137648	Νώνακες		meineke_page_504.jpg	504	10802	ocr	OCR from image meineke_page_504.jpg (id=1676)	2d6513147908d514817a4f0c3561562342f8d961d0e73d2b5e35e08bc085cc04	11912	Νώνακρις	85	Ν86	0.750000	11916	Νώρακος	0.714286	0.035714	νωνακεσ	νωνακρισ
137649	Νωνακρῖται / Νωνακρῖτις		meineke_page_505.jpg	505	10803	ocr	OCR from image meineke_page_505.jpg (id=1677)	3b9ff9051f1b7ca836398a33a254ebb20d387006c2948bd9587e394c7c1c8cf8	2487	Καρκινῖτις	85	Κ85	0.400000	9586	Μαυριτανίαι	0.400000	0.000000	νωνακριταινωνακριτισ	καρκινιτισ
137650	Ξιφα		meineke_page_506.jpg	506	10804	ocr	OCR from image meineke_page_506.jpg (id=1678)	4fabbf1e5e8a504279a165ce3f30aac75b0defc08faec1eb41f5d95f163d901c	11923	Ξιλία	7	Ξ7	0.600000	41899	Σῖφαι	0.600000	0.000000	ξιφα	ξιλια
137651	Ξιλια		meineke_page_506.jpg	506	10805	ocr	OCR from image meineke_page_506.jpg (id=1678)	59a73783c314c929a391a0032a0f578be6e539a000a29ccfe6bea6d33b395b33	11923	Ξιλία	7	Ξ7	1.000000	61178	Αἰλία	0.800000	0.200000	ξιλια	ξιλια
137652	Ξιφρη		meineke_page_506.jpg	506	10806	ocr	OCR from image meineke_page_506.jpg (id=1678)	f5fa29fcec807eba74dd71c3a5425adc9db6538f28fd1e75b8ca24e07c41f3d8	11924	Ξιφήνη	8	Ξ8	0.666667	14848	Δίφροι	0.500000	0.166667	ξιφρη	ξιφηνη
137653	Ξιφρωνια		meineke_page_506.jpg	506	10807	ocr	OCR from image meineke_page_506.jpg (id=1678)	0a2e4e37773142b2f3a8ebfdd3984f864950f8b4184f560bae50c18178da7074	11925	Ξιφωνία	9	Ξ9	0.875000	10290	Μιλωνία	0.625000	0.250000	ξιφρωνια	ξιφωνια
137654	Ξοις		meineke_page_506.jpg	506	10808	ocr	OCR from image meineke_page_506.jpg (id=1678)	b3c80ea16f1e6fc781cb300cc31ae78c3eb36a0484e5e5c7fc2769e12b27f89e	11926	Ξόϊς	10	Ξ10	1.000000	11928	Ξοῦχις	0.666667	0.333333	ξοισ	ξοισ
137655	Ξουθια		meineke_page_506.jpg	506	10809	ocr	OCR from image meineke_page_506.jpg (id=1678)	57a2e7c55ecbdfd00a93996dcee4a9f1361d307b89ae50ef91bf16071811dff7	11927	Ξουθία	11	Ξ11	1.000000	115303	Βουθία	0.833333	0.166667	ξουθια	ξουθια
137656	Ξουχις		meineke_page_506.jpg	506	10810	ocr	OCR from image meineke_page_506.jpg (id=1678)	94fc37896d33bc349ad9e8a788988eee6935f94ad218532ec99f25e9e56aea59	11928	Ξοῦχις	12	Ξ12	1.000000	19503	Ζοῦχις	0.833333	0.166667	ξουχισ	ξουχισ
137657	Ξυλος		meineke_page_506.jpg	506	10811	ocr	OCR from image meineke_page_506.jpg (id=1678)	1f0f29c9eaf18ae01dff173f76e193bbaf9dffbeaf1601761c3199b9d24d0e02	11929	Ξύλος	13	Ξ13	1.000000	30135	Πύλος	0.800000	0.200000	ξυλοσ	ξυλοσ
137658	Ξυνια		meineke_page_506.jpg	506	10812	ocr	OCR from image meineke_page_506.jpg (id=1678)	d6ba052101a4f074af99b8e798c472dd88f5d6c5e5ae7e317844637024bb91d9	11930	Ξυνία	14	Ξ14	1.000000	20837	Θυνία	0.800000	0.200000	ξυνια	ξυνια
137659	Ξυνπετειον		meineke_page_506.jpg	506	10813	ocr	OCR from image meineke_page_506.jpg (id=1678)	5d5d8ef6631f42c29debb6887cfcd23f8c8806dafbd82aaecfdb9e9056a695a1	7219	Κυνέτεια	263	Κ263	0.600000	145235	Φύτειον	0.600000	0.000000	ξυνπετειον	κυνετεια
137660	Ξυστις	1	meineke_page_507.jpg	507	10814	ocr	OCR from image meineke_page_507.jpg (id=1679)	5403f2ffff4419b9f33779d0bfef6285c05db93b8907415c8673a97b2ff9c0b8	11932	Ξύστις	16	Ξ16	1.000000	4936	Δύστος	0.666667	0.333333	ξυστισ	ξυστισ
137661	Ὄσα	2	meineke_page_507.jpg	507	10815	ocr	OCR from image meineke_page_507.jpg (id=1679)	98dedd25375ba72bbbaa91ec1499494782a04244c64e09a09f2883d345d2b3bd	11933	Ὄα	1	Ο1	0.666667	3291	Κόσσα	0.600000	0.066667	οσα	οα
137662	Ὄσανος	3	meineke_page_507.jpg	507	10816	ocr	OCR from image meineke_page_507.jpg (id=1679)	3f406b4d44ef0d1fe21b3f047fcd53378d918a401b592f43be7d9255ceb455dd	11934	Ὄανος	2	Ο2	0.833333	11935	Ὄαξος	0.666667	0.166667	οσανοσ	οανοσ
137663	Ὄασος	4	meineke_page_507.jpg	507	10817	ocr	OCR from image meineke_page_507.jpg (id=1679)	87511ba2619de9648ddfa36da1c6b9dbf063ae1c2adfef3069d06cbf08d4d832	2607	Κάσος	107	Κ107	0.800000	11934	Ὄανος	0.800000	0.000000	οασοσ	κασοσ
137664	Ὄρβοδα	5	meineke_page_507.jpg	507	10818	ocr	OCR from image meineke_page_507.jpg (id=1679)	506b180feb40bb00137c828eb554e62cb2d6a6f760e46fffb42b75388a03890c	11936	Ὄβοδα	4	Ο4	0.833333	12855	Ὀρβῖται	0.571429	0.261905	ορβοδα	οβοδα
137665	Ὄρβιλον / Ὄρβοικλον	6	meineke_page_507.jpg	507	10819	ocr	OCR from image meineke_page_507.jpg (id=1679)	d18e0be944df4e44a5bdf3aef644b387f881e6ca52030f2fe697914ece798976	135419	Φιληνόριον	68	Φ68	0.500000	19530	Ἡρακλεοβουκόλοι	0.437500	0.062500	ορβιλονορβοικλον	φιληνοριον
137666	Ὄγκαίαι	7	meineke_page_507.jpg	507	10820	ocr	OCR from image meineke_page_507.jpg (id=1679)	cf40341c5f8955b3e4bce2dd06f493a746a492cb5810b5fcea085692c172c280	11938	Ὀγκαῖαι	6	Ο6	1.000000	17063	Ἐορδαῖαι	0.625000	0.375000	ογκαιαι	ογκαιαι
137667	Ὄγκεῖον	8	meineke_page_507.jpg	507	10821	ocr	OCR from image meineke_page_507.jpg (id=1679)	7d3f90cca3e605f7f70d1dccdfa6b44dcac73c0097c22510356e6a734278da1e	11939	Ὄγκειον	7	Ο7	1.000000	8457	Λύκειον	0.714286	0.285714	ογκειον	ογκειον
137668	Ὀγκησός	1	meineke_page_508.jpg	508	10822	ocr	OCR from image meineke_page_508.jpg (id=1680)	2350a3e798df01b3a6c731904e87c5da17bcd8646a54d70e2160bd77b191dfe4	11940	Ὀγχηστός	8	Ο8	0.750000	61092	Ἀγορησός	0.625000	0.125000	ογκησοσ	ογχηστοσ
137669	Ὀδόματτοι		meineke_page_509.jpg	509	10823	ocr	OCR from image meineke_page_509.jpg (id=1681)	e3dff2097eb6a517f8e98ad2f745b5c4aee889fc7640b4fed0f6839ec4a64c3c	11945	Ὀδόμαντοι	13	Ο13	0.888889	2789	Δαμαῖοι	0.555556	0.333333	οδοματτοι	οδομαντοι
137670	Ὀδύσσαι		meineke_page_509.jpg	509	10824	ocr	OCR from image meineke_page_509.jpg (id=1681)	01939ca8f327ef7a55f4d9d6c0b6d598d7cfa229404062217f4707bda188f8ea	12789	Ὀδυσσεῖς	15	Ο15	0.750000	11946	Ὀδρύσαι	0.714286	0.035714	οδυσσαι	οδυσσεισ
137671	Ὀδύσσεῖς		meineke_page_509.jpg	509	10825	ocr	OCR from image meineke_page_509.jpg (id=1681)	058b48165ca00e12165c65f503b8384810c6c46dc02a439ca9df0b2848bf05b6	12789	Ὀδυσσεῖς	15	Ο15	1.000000	61175	Αἰθυσσεῖς	0.666667	0.333333	οδυσσεισ	οδυσσεισ
137673	Ὀρφεωνός		meineke_page_509.jpg	509	10827	ocr	OCR from image meineke_page_509.jpg (id=1681)	1d86136648758581ef522c3bb89ac8b66382e930b483ceea4b950c0faae0ff5d	12791	Ὀθρωνός	17	Ο17	0.625000	18267	Ἐτεωνός	0.625000	0.000000	ορφεωνοσ	οθρωνοσ
137675	Οἰδάντιον	1	meineke_page_510.jpg	510	10829	ocr	OCR from image meineke_page_510.jpg (id=1682)	d009c98b643bcd8a8b21a8dcfeea6ce9eb7207e62015a4222b556759bb327c08	12793	Οἰδάντιον	19	Ο19	1.000000	10283	Μιδάειον	0.666667	0.333333	οιδαντιον	οιδαντιον
137677	Οἰκου̂ς	3	meineke_page_510.jpg	510	10831	ocr	OCR from image meineke_page_510.jpg (id=1682)	6e5b2ee4980926936aaa883d5ee061aff97e2866d736832d5c1e6c09df8ab87d	12795	Οἰκοῦς	21	Ο21	1.000000	12794	Οἶκος	0.833333	0.166667	οικουσ	οικουσ
137679	Οἰνεάδαι	5	meineke_page_510.jpg	510	10833	ocr	OCR from image meineke_page_510.jpg (id=1682)	ed9b73ce534070170527297ec41625f89dd3dc11f38a6e55d52bcbe50d4d49ce	12797	Οἰνειάδαι	23	Ο23	0.888889	12800	Οἰνόανδα	0.625000	0.263889	οινεαδαι	οινειαδαι
137680	Οἰνεών	6	meineke_page_510.jpg	510	10834	ocr	OCR from image meineke_page_510.jpg (id=1682)	6dfe22ddf13f9e24b5a329ab74d55b3a40df3871aeb54a110e4b24424765a504	12798	Οἰνεών	24	Ο24	1.000000	11102	Νεών	0.666667	0.333333	οινεων	οινεων
137682	Οἰνάσονθα		meineke_page_511.jpg	511	10836	ocr	OCR from image meineke_page_511.jpg (id=1683)	b3ef01ed2735a64db476a0aaa1d8bc2195c045628515a2be3744c84b5a11e894	12792	Οἰάνθη	18	Ο18	0.555556	12800	Οἰνόανδα	0.555556	0.000000	οινασονθα	οιανθη
137683	Οἴνωνη		meineke_page_511.jpg	511	10837	ocr	OCR from image meineke_page_511.jpg (id=1683)	6b03f3ccb47492082176af4ed561d58f68e1c9ac7abb4d64246743d590f8ba74	12804	Οἰνώνη	30	Ο30	1.000000	12798	Οἰνεών	0.666667	0.333333	οινωνη	οινωνη
137684	Οἰνούς		meineke_page_511.jpg	511	10838	ocr	OCR from image meineke_page_511.jpg (id=1683)	effbbd7cd0e1f188af9232680d910e37f2a567c9507048e0a6aa6c7bda38f2a8	12802	Οἰνοῦς	28	Ο28	1.000000	12795	Οἰκοῦς	0.833333	0.166667	οινουσ	οινουσ
137687	Οἰνωτία		meineke_page_511.jpg	511	10841	ocr	OCR from image meineke_page_511.jpg (id=1683)	00f8dea461cce1cb9462779d42ddbca15696e634eb7fd86765a9bf744ab2a0d2	12805	Οἰνωτρία	31	Ο31	0.875000	39832	Σιντία	0.714286	0.160714	οινωτια	οινωτρια
137688	Θετταλός		meineke_page_512.jpg	512	10842	ocr	OCR from image meineke_page_512.jpg (id=1684)	76efd4a7a2db78536e2ea28694079f10d39a58a78e4490d309ec597aa4daf564	8994	Μάνταλος	53	Μ53	0.625000	20804	Θέστωρος	0.625000	0.000000	θετταλοσ	μανταλοσ
137690	Οἶτος		meineke_page_512.jpg	512	10844	ocr	OCR from image meineke_page_512.jpg (id=1684)	612ba700ac5492e599e15cf7e7a77bdaf44bf7e2529a774b711f1bbfc540de5c	12794	Οἶκος	20	Ο20	0.800000	12807	Οἶος	0.800000	0.000000	οιτοσ	οικοσ
137691	Οἴσυμη		meineke_page_512.jpg	512	10845	ocr	OCR from image meineke_page_512.jpg (id=1684)	3bfe2d61abead1415ffcd48bafc3f4ef4a135434756d5a561e45d81ea651ab4b	12808	Οἰσύμη	34	Ο34	1.000000	61192	Αἰσύμη	0.833333	0.166667	οισυμη	οισυμη
137692	Οἶτη		meineke_page_512.jpg	512	10846	ocr	OCR from image meineke_page_512.jpg (id=1684)	d66f5d34eab2b7ef59125a95f27aa81ee3acbd9259ddcd71f222742d226353e0	12809	Οἴτη	35	Ο35	1.000000	12799	Οἴνη	0.750000	0.250000	οιτη	οιτη
137695	Οἰχαλία		meineke_page_513.jpg	513	10849	ocr	OCR from image meineke_page_513.jpg (id=1685)	9977ac7018130af7a651aa0fb50562664e3543d94c30748422e2938add94e6cb	12811	Οἰχαλία	37	Ο37	1.000000	23669	Ἰταλία	0.714286	0.285714	οιχαλια	οιχαλια
137696	Ὀλβηλος	1	meineke_page_514.jpg	514	10850	ocr	OCR from image meineke_page_514.jpg (id=1686)	e1ea4873205b872b21d65b99b976848b21dd4647730a1b2d79182176057a5bcc	12814	Ὄλβηλος	40	Ο40	1.000000	135382	Φάρβηλος	0.625000	0.375000	ολβηλοσ	ολβηλοσ
137697	Ὀλβία	2	meineke_page_514.jpg	514	10851	ocr	OCR from image meineke_page_514.jpg (id=1686)	cf0c42007cea73cb3d6778c3af418e8d2ac12e80d7fd79cd8c02203d5a89f290	12815	Ὀλβία	41	Ο41	1.000000	135433	Φοιβία	0.666667	0.333333	ολβια	ολβια
137698	Ὀλβίαστοι	3	meineke_page_514.jpg	514	10852	ocr	OCR from image meineke_page_514.jpg (id=1686)	0a574fb8b69f8200f61d0212e442696d7728a7149da277010afcd271120d43d3	12816	Ὀλβύσιοι	42	Ο42	0.666667	7648	Λαιαῖοι	0.555556	0.111111	ολβιαστοι	ολβυσιοι
137699	Ὀλξίων	4	meineke_page_514.jpg	514	10853	ocr	OCR from image meineke_page_514.jpg (id=1686)	5691646ee54b6eb05bba70cb5a8590cce51bcc74a357dd33ce455c09df89bb4b	12817	Ὀλιζών	43	Ο43	0.666667	12819	Ὄλκιον	0.666667	0.000000	ολξιων	ολιζων
137700	Ὀλχάδες	5	meineke_page_514.jpg	514	10854	ocr	OCR from image meineke_page_514.jpg (id=1686)	5fa7b7cfb7fb38f48abdf1cc6abfca772a72b7cd07b9e644119cf3aad24f1bb9	12818	Ὀλκάδες	44	Ο44	0.857143	41986	Στοιχάδες	0.666667	0.190476	ολχαδεσ	ολκαδεσ
137702	Ὀλύκααι	1	meineke_page_516.jpg	516	10856	ocr	OCR from image meineke_page_516.jpg (id=1688)	c54e82024a4859896b822956c9aa7b27c89bcad4b690be32fd953c283ed32878	12829	Ὄλυκα	55	Ο55	0.714286	8453	Λύκαια	0.571429	0.142857	ολυκααι	ολυκα
137703	Ὀλύμπη	2	meineke_page_516.jpg	516	10857	ocr	OCR from image meineke_page_516.jpg (id=1688)	22a5257c9d5d8d44e09d8fe6caf324588a300df61c84e137629b963a34e2be8f	12831	Ὀλύμπη	57	Ο57	1.000000	12832	Ὀλυμπία	0.714286	0.285714	ολυμπη	ολυμπη
137704	Ὀλυμπία	3	meineke_page_516.jpg	516	10858	ocr	OCR from image meineke_page_516.jpg (id=1688)	2477415ffb4ee1cd7fff539dad5d0d8ff812e6d1b7cf0b3e940cb5bfaa8a7609	12832	Ὀλυμπία	58	Ο58	1.000000	12831	Ὀλύμπη	0.714286	0.285714	ολυμπια	ολυμπια
137705	Ὀλυμπιεύς	4	meineke_page_516.jpg	516	10859	ocr	OCR from image meineke_page_516.jpg (id=1688)	cd83db1311e36cc0a3686f72a352b253547bf3f43d309204f2d390eceae81b3e	12833	Ὀλυμπιεῖον	59	Ο59	0.700000	12832	Ὀλυμπία	0.666667	0.033333	ολυμπιευσ	ολυμπιειον
137707	Ὀλυνθος	6	meineke_page_516.jpg	516	10861	ocr	OCR from image meineke_page_516.jpg (id=1688)	5c6671fb4b40600b2d8ff1dfa4297d4f021d08b4f6e6ba26eb42dc5f741cecc6	12835	Ὄλυνθος	61	Ο61	1.000000	7222	Κύνθος	0.714286	0.285714	ολυνθοσ	ολυνθοσ
137709	Ὀμάριον	8	meineke_page_516.jpg	516	10863	ocr	OCR from image meineke_page_516.jpg (id=1688)	366fdb0c596c30f2630a4d47bf8cc9195f1dde59429e2312de37e41b565f6af1	12837	Ὁμάριον	63	Ο63	1.000000	9013	Μάριον	0.857143	0.142857	ομαριον	ομαριον
137710	Ὅμβοι	1	meineke_page_517.jpg	517	10864	ocr	OCR from image meineke_page_517.jpg (id=1689)	fb7cb6aa4046b4b0526850e0fb39d5dec0cf82562ce02592e51e79ac4b9c9da3	12838	Ὄμβοι	64	Ο64	1.000000	125109	Γόμφοι	0.666667	0.333333	ομβοι	ομβοι
137711	Ὁμρηῖται	2	meineke_page_517.jpg	517	10865	ocr	OCR from image meineke_page_517.jpg (id=1689)	872b74960c586441ff4842d55c162d5a95e7f88fbcf3dffc8d7349737fa5b272	12840	Ὁμηρῖται	66	Ο66	0.750000	12855	Ὀρβῖται	0.750000	0.000000	ομρηιται	ομηριται
137713	Ὁμόλον		meineke_page_518.jpg	518	10867	ocr	OCR from image meineke_page_518.jpg (id=1690)	0ed8a7871fb634608d0556129f279baf6d7b78b19904f9e517ce5bfdfd336d3a	12842	Ὁμόλιον	68	Ο68	0.857143	12813	Ὄκωλον	0.666667	0.190476	ομολον	ομολιον
137714	Ὁμφάκη		meineke_page_518.jpg	518	10868	ocr	OCR from image meineke_page_518.jpg (id=1690)	1e0be4972c72bbee40dd4af3b6a6e0a0abe81fc4fe6dbb7fcc70d27f0edc6b70	12843	Ὀμφάκη	69	Ο69	1.000000	102821	Ἀφάκη	0.666667	0.333333	ομφακη	ομφακη
137715	Ὁμφάλιον		meineke_page_518.jpg	518	10869	ocr	OCR from image meineke_page_518.jpg (id=1690)	15f7caaee0a3972761463136f651e7dff24a075e2571d6a316ff55eb46efc4c6	12844	Ὀμφάλιον	70	Ο70	1.000000	12837	Ὁμάριον	0.750000	0.250000	ομφαλιον	ομφαλιον
137716	Ὀνειβατις		meineke_page_518.jpg	518	10870	ocr	OCR from image meineke_page_518.jpg (id=1690)	3d8c8d6c2365c3593ef6d316a59fc9dc05d46e902871c0ebd0f63930beaad643	12845	Ὀνείβατις	71	Ο71	1.000000	85703	Ἀντιπατρίς	0.600000	0.400000	ονειβατισ	ονειβατισ
137717	Ὀνθυρεον		meineke_page_518.jpg	518	10871	ocr	OCR from image meineke_page_518.jpg (id=1690)	a122943495905f326e93cb7e145cfd17543843c6a631b0847328f55c4d3f34d5	12846	Ὀνθύριον	72	Ο72	0.875000	12849	Ὀνύχιον	0.625000	0.250000	ονθυρεον	ονθυριον
137718	Ὀννη		meineke_page_518.jpg	518	10872	ocr	OCR from image meineke_page_518.jpg (id=1690)	ea3070498f722018627538ac66416406db529847b4bc68d488618c9cc7670e5b	12847	Ὄννη	73	Ο73	1.000000	12799	Οἴνη	0.750000	0.250000	οννη	οννη
137719	Ὀνουρψις		meineke_page_518.jpg	518	10873	ocr	OCR from image meineke_page_518.jpg (id=1690)	40ebdfc1d465bc49916c64996dcb059eeda7e8d22aa4e56ef699a45bf4bc422d	12848	Ὄνουφις	74	Ο74	0.750000	12825	Ὄλουρος	0.625000	0.125000	ονουρψισ	ονουφισ
137720	Ὀυνίκιον		meineke_page_518.jpg	518	10874	ocr	OCR from image meineke_page_518.jpg (id=1690)	fc629df37356d5fcae227db72c4e35be9fb7297c5c332f84703e2e4f4e6aaf2a	135434	Φοινίκαιον	83	Φ83	0.700000	14864	Δουλίχιον	0.666667	0.033333	ουνικιον	φοινικαιον
137722	Ὀξυθάκαι		meineke_page_519.jpg	519	10876	ocr	OCR from image meineke_page_519.jpg (id=1691)	c7c8cc8b283d048d5079417d55a5fa484f6bd9f897b88425bb293b4d792e032e	12851	Ὀξυδράκαι	77	Ο77	0.777778	26698	Παυσάρκαι	0.555556	0.222222	οξυθακαι	οξυδρακαι
137723	Ὀξυγένυχος		meineke_page_519.jpg	519	10877	ocr	OCR from image meineke_page_519.jpg (id=1691)	d2a9aedecb036744ab84a373204fa35e054a9f51864a49fb3c1166bf4a7abba4	12852	Ὀξύρυγχος	78	Ο78	0.600000	12835	Ὄλυνθος	0.500000	0.100000	οξυγενυχοσ	οξυρυγχοσ
137724	Ὄπικοι		meineke_page_519.jpg	519	10878	ocr	OCR from image meineke_page_519.jpg (id=1691)	f857441f3e66109090171e03593c1a75170bc7871ad5a36181d915886b9aa7c2	12853	Ὀπικοί	79	Ο79	1.000000	12794	Οἶκος	0.666667	0.333333	οπικοι	οπικοι
137725	Ὀποῦς		meineke_page_519.jpg	519	10879	ocr	OCR from image meineke_page_519.jpg (id=1691)	3958fe35f8e1598163e534e51f2f930f1435d4274d1efaaef99918ee73b28e35	12826	Ὀλοῦς	52	Ο52	0.800000	12795	Οἰκοῦς	0.666667	0.133333	οπουσ	ολουσ
137726	Ὀρέθα		meineke_page_519.jpg	519	10880	ocr	OCR from image meineke_page_519.jpg (id=1691)	0076e6813c1e83b9e9bb46081c5dbb55ed86bf34786ca8c80d236d41d8e7a163	12856	Ὄραθα	82	Ο81	0.800000	17087	Ἔρθα	0.600000	0.200000	ορεθα	οραθα
137728	Ὀρεγάμη		meineke_page_519.jpg	519	10882	ocr	OCR from image meineke_page_519.jpg (id=1691)	e6c5dae001dc461be9dfe492cd265ae1030e45105de16f74ff0816b2c25abc23	12857	Ὀργάμη	83	Ο83	0.857143	3518	Κρέμη	0.571429	0.285714	ορεγαμη	οργαμη
137729	Ὀργών		meineke_page_519.jpg	519	10883	ocr	OCR from image meineke_page_519.jpg (id=1691)	d2d5594e6b2264d16712804ef8417c3e8b8e747e9c667099d2a78cfcb050c7e5	12858	Ὀργών	84	Ο84	1.000000	31990	Ῥών	0.600000	0.400000	οργων	οργων
137730	Ὀρδαία		meineke_page_519.jpg	519	10884	ocr	OCR from image meineke_page_519.jpg (id=1691)	7ff20cf0e1a92b479ccd8b6a430fe4362c7a46b11fdc365fc410c229deb6984a	12859	Ὀρδαία	85	Ο85	1.000000	17063	Ἐορδαῖαι	0.750000	0.250000	ορδαια	ορδαια
137731	Ὀρθεσδάσιον		meineke_page_519.jpg	519	10885	ocr	OCR from image meineke_page_519.jpg (id=1691)	240fe4dae623d7ef9e0b653ecc3e964a76bc9ce829bf0e2179c48119bcb806a5	12860	Ὀρεσθάσιον	86	Ο86	0.818182	3287	Κορυφάσιον	0.545455	0.272727	ορθεσδασιον	ορεσθασιον
137732	Ὀρέστασι		meineke_page_519.jpg	519	10886	ocr	OCR from image meineke_page_519.jpg (id=1691)	830b2b69cb4bd0608250b969de55168234e13c283ea251c9059116458f0d4f90	12861	Ὀρέσται	87	Ο87	0.875000	12860	Ὀρεσθάσιον	0.700000	0.175000	ορεστασι	ορεσται
137733	'Ορεστης	1	meineke_page_520.jpg	520	10887	ocr	OCR from image meineke_page_520.jpg (id=1692)	06e3156b4dc8d5cd6c59cb5e69f340ac51b8ca649f7df503d00648f215d6e680	12862	Ὀρέστη	88	Ο88	0.857143	12861	Ὀρέσται	0.714286	0.142857	ορεστησ	ορεστη
137734	'Ορεστα	2	meineke_page_520.jpg	520	10888	ocr	OCR from image meineke_page_520.jpg (id=1692)	7940d30707ccfd46ef132f4789450e7c9429f1419eda4c837fa89d704ba3b612	12861	Ὀρέσται	87	Ο87	0.857143	12863	Ὀρεστία	0.857143	0.000000	ορεστα	ορεσται
137735	'Ορεστια	3	meineke_page_520.jpg	520	10889	ocr	OCR from image meineke_page_520.jpg (id=1692)	c806b6713829877e912ebb79a3e0a7d6179b9a3ee13b9a2249f04938089ccf61	12863	Ὀρεστία	89	Ο89	1.000000	12861	Ὀρέσται	0.714286	0.285714	ορεστια	ορεστια
137736	'Ορφυη	4	meineke_page_520.jpg	520	10890	ocr	OCR from image meineke_page_520.jpg (id=1692)	fc8652ec6bca14bb2e9ee1880cbc8af568c850ec0de48b3e721fc3cfc168e285	3277	Κορόπη	169	Κ170	0.500000	3289	Κορώνη	0.500000	0.000000	ορφυη	κοροπη
137737	'Ορσιον	5	meineke_page_520.jpg	520	10891	ocr	OCR from image meineke_page_520.jpg (id=1692)	c7fc416bdad46b8f5a5e56b0ce71bc026c137c9b995c68d8b279496d49b4ccb1	3523	Κρήσιον	215	Κ215	0.714286	2605	Κάσιον	0.666667	0.047619	ορσιον	κρησιον
137738	Ὀρνεαί ἢ Ὀρνεαί		meineke_page_521.jpg	521	10892	ocr	OCR from image meineke_page_521.jpg (id=1693)	be360183c2388b956c71dd35d6caff74fe4216383bbc3299c22e1ed1398c0f5f	12797	Οἰνειάδαι	23	Ο23	0.461538	30166	Ῥαφανέαι	0.461538	0.000000	ορνεαιηορνεαι	οινειαδαι
137739	Παληκή		meineke_page_521.jpg	521	10893	ocr	OCR from image meineke_page_521.jpg (id=1693)	8b050df1daa5757a855a7b2b9cdd9406d5c5cfe88014cb84d40b07fa37f653be	25133	Παλική	1	Π1	0.833333	25137	Παλλήνη	0.714286	0.119048	παληκη	παλικη
137742	Πάλληνη / Παλλήνη / Παλληνεύς	1	meineke_page_523.jpg	523	10896	ocr	OCR from image meineke_page_523.jpg (id=1695)	9486527a792ce6de13db3ca6c27925d43e2139a1d43324f9452c68a55002be70	25149	Πανέλληνες	17	Π17	0.391304	2473	Κάραλλις ἢ Καράλλεια	0.304348	0.086957	παλληνηπαλληνηπαλληνευσ	πανελληνεσ
137743	Πάλμυρα / Παλιμυρηνός	2	meineke_page_523.jpg	523	10897	ocr	OCR from image meineke_page_523.jpg (id=1695)	e935ab3ead003f237fbb46f13cf2906d88f532b6f885f0f81fd8f2d18fc8f6ed	26678	Παροπάνισσος	55	Π55	0.444444	26696	Πατρόκλου νῆσος	0.444444	0.000000	παλμυραπαλιμυρηνοσ	παροπανισσοσ
137744	Πάλτος	3	meineke_page_523.jpg	523	10898	ocr	OCR from image meineke_page_523.jpg (id=1695)	559c9ecea06a8b4f2f71df5c1aa4cd63356d6a6de008774f0a5bb316f48c2678	25139	Πάλτος	7	Π7	1.000000	82890	Ἄλτὸς	0.833333	0.166667	παλτοσ	παλτοσ
137745	Παμβουτάδαι / Παμβουτάδης	4	meineke_page_523.jpg	523	10899	ocr	OCR from image meineke_page_523.jpg (id=1695)	c1b2297929eaaaab53948cf0c71e8ee8acf0aa53a485ff63eb11378c2453739e	25140	Παμβωτάδαι	8	Π8	0.409091	61072	Ἀγαθοῦ δαίμονος	0.363636	0.045455	παμβουταδαιπαμβουταδησ	παμβωταδαι
137746	Παμφυλία / Παμφυλιεύς / Παμφυλιακός	5	meineke_page_523.jpg	523	10900	ocr	OCR from image meineke_page_523.jpg (id=1695)	9f14f457538416ba4bf5c24bf0c4b7a04283d40a68a09955fc926d35d7c09b91	105798	Ἀφύτη ἢ Ἄφυτις ἢ Ἄφυτος	561	Α561	0.448276	9023	Μασαισυλία	0.310345	0.137931	παμφυλιαπαμφυλιευσπαμφυλιακοσ	αφυτηηαφυτισηαφυτοσ
137748	Παναϊόυρα		meineke_page_524.jpg	524	10902	ocr	OCR from image meineke_page_524.jpg (id=1696)	39ccc4ac186ce2dbf212086dd89945a751e6dcfb435491062a55ff2a1b1df397	25143	Παναίουρα	11	Π11	1.000000	25142	Παναῖοι	0.666667	0.333333	παναιουρα	παναιουρα
137749	Πάνακτα		meineke_page_524.jpg	524	10903	ocr	OCR from image meineke_page_524.jpg (id=1696)	805705ea6aa5a1028c7c06e23c4b66209596eb2bdf0777137b770add8b92cf2b	25144	Πάνακρα	12	Π12	0.857143	25145	Πάνακτον	0.750000	0.107143	πανακτα	πανακρα
137750	Παῖδαι		meineke_page_524.jpg	524	10904	ocr	OCR from image meineke_page_524.jpg (id=1696)	75672c678629b5812d294b53de4b51c8885489b14699030838be2c58cf51ac73	25146	Πάνδαι	14	Π14	0.833333	8956	Μαιδοί	0.666667	0.166667	παιδαι	πανδαι
137751	Πανδοία		meineke_page_524.jpg	524	10905	ocr	OCR from image meineke_page_524.jpg (id=1696)	b66e04e9c8c09a1aea6cc65f2615d35713c633540d2dbf1c36c8a08a59d3dd98	25147	Πανδοσία	15	Π15	0.875000	25146	Πάνδαι	0.714286	0.160714	πανδοια	πανδοσια
137752	Πανεάς		meineke_page_524.jpg	524	10906	ocr	OCR from image meineke_page_524.jpg (id=1696)	25ac120a165874facd32c557b02a8c581d50d58a2108e0362f41b1524f696ea6	25148	Πανεάς	16	Π16	1.000000	25150	Πάνελος	0.714286	0.285714	πανεασ	πανεασ
137753	Πανέλληνες	1	meineke_page_525.jpg	525	10907	ocr	OCR from image meineke_page_525.jpg (id=1697)	cbaa9d74c4f106d342725b7ed324fd96f0f477cb7d42b1c1d8993b04d95d9652	25149	Πανέλληνες	17	Π17	1.000000	25137	Παλλήνη	0.600000	0.400000	πανελληνεσ	πανελληνεσ
137754	Πάνελιος	2	meineke_page_525.jpg	525	10908	ocr	OCR from image meineke_page_525.jpg (id=1697)	c05d812ff744a0755abe4eef2b3efd9dc4063d067527fcc9ab5029ee374f96af	25150	Πάνελος	18	Π18	0.875000	25166	Παρθένιος	0.666667	0.208333	πανελιοσ	πανελοσ
137755	Πανία	3	meineke_page_525.jpg	525	10909	ocr	OCR from image meineke_page_525.jpg (id=1697)	1c7173df758cf243552a7f8ecd142604741cc05cfd9ed58e79a9c47a2dbff06b	25151	Πανία	19	Π19	1.000000	2493	Καρνία	0.666667	0.333333	πανια	πανια
137756	Πανιώνιον	4	meineke_page_525.jpg	525	10910	ocr	OCR from image meineke_page_525.jpg (id=1697)	6e4e263b10b561125db532d154d5cb4dc097745e614c027acdce0f80a637e2ff	25152	Πανιώνιον	20	Π20	1.000000	7636	Λαβίνιον	0.666667	0.333333	πανιωνιον	πανιωνιον
137757	Πανδατερία	5	meineke_page_525.jpg	525	10911	ocr	OCR from image meineke_page_525.jpg (id=1697)	34f11be895711841ba73cdee459a5d1ae1c837755e7557e806ef1e6286797102	2457	Κάνδαρα	55	Κ55	0.600000	2461	Κανταβρία	0.600000	0.000000	πανδατερια	κανδαρα
137758	Πανόπη	6	meineke_page_525.jpg	525	10912	ocr	OCR from image meineke_page_525.jpg (id=1697)	be18a936ce3f6c2667574eefdc9f652b9307dff9ee8b7860c69f242c0584e4d6	25153	Πανόπη	22	Π22	1.000000	17059	Ἐνόπη	0.666667	0.333333	πανοπη	πανοπη
137759	Πάνορμος		meineke_page_526.jpg	526	10913	ocr	OCR from image meineke_page_526.jpg (id=1698)	d143cdebd7f28c9312ec43bb2dfd58d519a6b89503b3c312822ceea17bfba1d5	25154	Πάνορμος	23	Π23	1.000000	26690	Πάτουμος	0.750000	0.250000	πανορμοσ	πανορμοσ
137760	Πανός		meineke_page_526.jpg	526	10914	ocr	OCR from image meineke_page_526.jpg (id=1698)	210c4da2bca798544b61911648e8e2e60e135e66a0eb9f8384f19f0c2eafc717	11934	Ὄανος	2	Ο2	0.800000	26679	Πάρος	0.800000	0.000000	πανοσ	οανοσ
137761	Πανὸς πόλις		meineke_page_526.jpg	526	10915	ocr	OCR from image meineke_page_526.jpg (id=1698)	b4dd7f9596fac151f3ff314db37f98d5d6cf1ce362567ae8b96d5b9b2af50c56	2495	Καρόπολις	93	Κ93	0.700000	14843	Διὸς πόλις	0.700000	0.000000	πανοσπολισ	καροπολισ
137762	Παντικάπαιον		meineke_page_526.jpg	526	10916	ocr	OCR from image meineke_page_526.jpg (id=1698)	57cf0c42016daf309786e519925fbeffeb424cf35dbbb7c158d2eeeb03cd70bb	25157	Παντικάπαιον	26	Π26	1.000000	25158	Παντομάτριον	0.666667	0.333333	παντικαπαιον	παντικαπαιον
137763	πολίτης Παντικαπαιεύς. λέγεται καὶ Παντικαπαιάτης. ἔστι		meineke_page_527.jpg	527	10917	ocr	OCR from image meineke_page_527.jpg (id=1699)	ec2921675ca2d6f226f7c99acfa4c1d18c788cafaeca6fbaf95dcf2cdb03f57e	102796	Ἀτροπατία καὶ Ἀτροπάτιος	526	Α526	0.312500	8485	Μαδιηνοί καὶ Μαδιανῖται	0.291667	0.020833	πολιτησπαντικαπαιευσλεγεταικαιπαντικαπαιατησεστι	ατροπατιακαιατροπατιοσ
137764	Παντομάτειον		meineke_page_527.jpg	527	10918	ocr	OCR from image meineke_page_527.jpg (id=1699)	df36d8610a3d59af38d85a79c9810dd83ce9865aad24874d4f77dca3024701d5	25158	Παντομάτριον	27	Π27	0.916667	25157	Παντικάπαιον	0.666667	0.250000	παντοματειον	παντοματριον
137765	Παπίτιον		meineke_page_527.jpg	527	10919	ocr	OCR from image meineke_page_527.jpg (id=1699)	79aa65a9d3706bad6357900ab275da27277cf2640bd31f852ef200b3a3560bb4	25159	Παπίτιον	28	Π28	1.000000	105834	Βαίτιον	0.750000	0.250000	παπιτιον	παπιτιον
137766	Παπάρεμις		meineke_page_527.jpg	527	10920	ocr	OCR from image meineke_page_527.jpg (id=1699)	322c8f8820706b3ee7ecbfbf78ea52cff844c76ee2ba2ba0d8d1086e55739376	25160	Πάπρημις	29	Π29	0.777778	26663	Πάρεμφις	0.666667	0.111111	παπαρεμισ	παπρημισ
137767	Παράδεισος		meineke_page_527.jpg	527	10921	ocr	OCR from image meineke_page_527.jpg (id=1699)	71ff4583e7177319b95c62333f631349f0c86baf00e1ffcf5555ba3f4c634f03	25161	Παράδεισος	30	Π30	1.000000	25163	Παραισός	0.800000	0.200000	παραδεισοσ	παραδεισοσ
137768	Παραγειλαῖται ἰχθύες παρὰ τὸν αἰγιαλὸν εὑρισκόμε-		meineke_page_527.jpg	527	10922	ocr	OCR from image meineke_page_527.jpg (id=1699)	cdd94a9ce6379c661381880dd053c6bf917931f10e1979394ec550021ab021e5	80215	Ἁλαὶ Ἀραφηνίδες καὶ Ἁλαὶ Αἰξωνίδες	189	Α189	0.325581	22188	Ἰάων καὶ Ἰήων. καὶ ῥῆμα ἰαονίζω, ἀφ᾽ οὗ τὸ ἰαονιστὶ ἐπίρρημα. ἐκ δὲ τοῦ Ἰάων τὸ Ἰάν. λέγεται καὶ θηλυκῶς Ἰάς καὶ Ἰαονίς.	0.258065	0.067517	παραγειλαιταιιχθυεσπαρατοναιγιαλονευρισκομε	αλαιαραφηνιδεσκαιαλαιαιξωνιδεσ
137769	Παρασίος		meineke_page_527.jpg	527	10923	ocr	OCR from image meineke_page_527.jpg (id=1699)	3d68261789fa842b8df3812e702b97e48c2ba3aae16a0ed1471567fac64dacbd	25175	Παρνασσός	52	Π52	0.777778	25163	Παραισός	0.750000	0.027778	παρασιοσ	παρνασσοσ
137770	Παρασιάκα		meineke_page_527.jpg	527	10924	ocr	OCR from image meineke_page_527.jpg (id=1699)	53934ddd3ecafb6293fcaf2a64650499d738d63492eb7c4c3fc9de252a3a29cd	25164	Παραίτακα	33	Π33	0.777778	26681	Παρρασία	0.666667	0.111111	παρασιακα	παραιτακα
137771	Παρασιτόνιον		meineke_page_527.jpg	527	10925	ocr	OCR from image meineke_page_527.jpg (id=1699)	782fc966d3fd8a615c529b1cd3e4074cdd84bc78061fea3b4213586942aba1e1	25165	Παραιτόνιον	34	Π34	0.916667	2621	Κάστνιον	0.583333	0.333333	παρασιτονιον	παραιτονιον
137772	Πάφαλος		meineke_page_528.jpg	528	10926	ocr	OCR from image meineke_page_528.jpg (id=1700)	9f1649f490e5cff147795ceef5913ea35f82b5454e86099fe660e67a6e37466b	26658	Πάραλος	35	Π35	0.857143	26688	Πάταλος	0.857143	0.000000	παφαλοσ	παραλοσ
137773	Παραποταμία		meineke_page_528.jpg	528	10927	ocr	OCR from image meineke_page_528.jpg (id=1700)	c1742789b3e917cee583658ae06f97c109b228eee44062be04978ab1d959002b	26659	Παραποταμία	36	Π36	1.000000	25164	Παραίτακα	0.636364	0.363636	παραποταμια	παραποταμια
137774	Παραναύται		meineke_page_528.jpg	528	10928	ocr	OCR from image meineke_page_528.jpg (id=1700)	c902a21fc5b481b405a057fe99c392c6dec6effa850807845ca3f7d90fb8a160	30102	Προνάσται	247	Π247	0.700000	25162	Παραιγιαλῖται	0.615385	0.084615	παραναυται	προνασται
137775	Παραχελύπται		meineke_page_528.jpg	528	10929	ocr	OCR from image meineke_page_528.jpg (id=1700)	db06dde8bc961f7fb5a8c479e1b6a0991497051998e7c217bb4740f8cd4e1439	26661	Παραχελῳῖται	38	Π38	0.833333	25162	Παραιγιαλῖται	0.538462	0.294872	παραχελυπται	παραχελωιται
137776	Πάφεδρος		meineke_page_528.jpg	528	10930	ocr	OCR from image meineke_page_528.jpg (id=1700)	78aabedf84f810a2fa86efbd719e71133657736d9496660ebffe52ce26cef583	26662	Πάρεδρος	39	Π39	0.875000	25150	Πάνελος	0.625000	0.250000	παφεδροσ	παρεδροσ
137777	Παρέμφυς		meineke_page_528.jpg	528	10931	ocr	OCR from image meineke_page_528.jpg (id=1700)	18154af0c6e629727cf2502de6d6ebdc8bf431a2b92ce4fa03a8f8e714d6ac05	26663	Πάρεμφις	40	Π40	0.875000	26662	Πάρεδρος	0.625000	0.250000	παρεμφυσ	παρεμφισ
137778	Παρετηνός		meineke_page_528.jpg	528	10932	ocr	OCR from image meineke_page_528.jpg (id=1700)	fb78d24d80631e0a1b3216a14be7e00ffb9cd04158eb26ed07073a47c7f9fee6	26662	Πάρεδρος	39	Π39	0.666667	25149	Πανέλληνες	0.600000	0.066667	παρετηνοσ	παρεδροσ
137779	Παρθένιον		meineke_page_528.jpg	528	19461	ocr	OCR from image meineke_page_529.jpg (id=1701)	89cc431eea0c421d9c54437a6ea43b305bf5253be637d2af6a69869ef2684281	26665	Παρθένιον	42	Π42	1.000000	25166	Παρθένιος	0.888889	0.111111	παρθενιον	παρθενιον
137780	Παρφένιος		meineke_page_528.jpg	528	10934	ocr	OCR from image meineke_page_528.jpg (id=1700)	b517af26612486d13cabb8c8a7bd7dc7c661b3383123f15b6c1fb2283d2cba31	25166	Παρθένιος	43	Π43	0.888889	26665	Παρθένιον	0.777778	0.111111	παρφενιοσ	παρθενιοσ
137782	Παρενδίνη / Παρθενόπη	2	meineke_page_529.jpg	529	10936	ocr	OCR from image meineke_page_529.jpg (id=1701)	5ccbbfdace78b7cf8b885adf64c5d536287ea62ddfd09ee6d2c695db09c5329e	25167	Παρθενόπη	44	Π44	0.500000	25157	Παντικάπαιον	0.388889	0.111111	παρενδινηπαρθενοπη	παρθενοπη
137783	Πάρθος	1	meineke_page_530.jpg	530	10937	ocr	OCR from image meineke_page_530.jpg (id=1702)	90606e8b4317acbbe83a7834329eb70084c29d9a9f707572f23a1ba41fad7491	25170	Πάρθος	47	Π47	1.000000	26679	Πάρος	0.833333	0.166667	παρθοσ	παρθοσ
137784	Παρυθαιοί	2	meineke_page_530.jpg	530	10938	ocr	OCR from image meineke_page_530.jpg (id=1702)	191018d5f67f3e9dc937b6ec4367ba920f397873cbf7cf64d60bf66c3154b1f1	25171	Παρθυαῖοι	48	Π48	0.777778	26660	Παραυαῖοι	0.777778	0.000000	παρυθαιοι	παρθυαιοι
137785	Παρικατή	3	meineke_page_530.jpg	530	10939	ocr	OCR from image meineke_page_530.jpg (id=1702)	47344f53f24ff34753945d24ef5d36385ad1cab596c8bd9a4c093412b4398bd7	25172	Παρικάνη	49	Π49	0.875000	25133	Παλική	0.625000	0.250000	παρικατη	παρικανη
137786	Πάριον	4	meineke_page_530.jpg	530	10940	ocr	OCR from image meineke_page_530.jpg (id=1702)	62079f30c34a4ae0918f6ec8614bf8a08058b1772b047175860832fc97f858ef	25173	Πάριον	50	Π50	1.000000	9013	Μάριον	0.833333	0.166667	παριον	παριον
137787	Παρεμφ		meineke_page_531.jpg	531	10941	ocr	OCR from image meineke_page_531.jpg (id=1703)	4f1e9cba74c3c4f3a58387964b89f04210a07a442d4750b2fd5f8441972c9deb	26663	Πάρεμφις	40	Π40	0.750000	25174	Πάρμη	0.666667	0.083333	παρεμφ	παρεμφισ
137788	Παρηπάνισσος	1	meineke_page_532.jpg	532	10942	ocr	OCR from image meineke_page_532.jpg (id=1704)	532bb051fd453bf085d93bd5e5bd1bed6274a6ae394f0c693233f5116b68a309	26678	Παροπάνισσος	55	Π55	0.916667	25163	Παραισός	0.666667	0.250000	παρηπανισσοσ	παροπανισσοσ
137789	Πάρις / Πάρος	2	meineke_page_532.jpg	532	10943	ocr	OCR from image meineke_page_532.jpg (id=1704)	c944f04dc3d7c76f208c3d7eca97b84a38859a1d6ec48e209e45506eb30f4be4	99801	Ἄρειος πάγος	412	Α412	0.636364	2498	Κάρπαθος	0.600000	0.036364	παρισπαροσ	αρειοσπαγοσ
137790	Παραπαφων		meineke_page_533.jpg	533	10944	ocr	OCR from image meineke_page_533.jpg (id=1705)	e6bf20be130888883532e73005a18bf127348a9e237f265513d236f11417634a	26680	Παρπάρων	57	Π57	0.777778	9000	Μαραθών	0.555556	0.222222	παραπαφων	παρπαρων
137791	Παρῥασία		meineke_page_534.jpg	534	10945	ocr	OCR from image meineke_page_534.jpg (id=1706)	921b69a9ce2f6a3548c4b93394b384c2153649f249089ed2412743d50e0bba57	26681	Παρρασία	58	Π58	1.000000	2597	Καρπασία	0.750000	0.250000	παρρασια	παρρασια
137792	Παφωφέα		meineke_page_534.jpg	534	10946	ocr	OCR from image meineke_page_534.jpg (id=1706)	4deadc3a5fd4c69d3752b32018fee2530449f6e04d7448ce2072ebb3d2986ec2	26682	Παρώρεια	59	Π59	0.625000	9022	Μαρώνεια	0.500000	0.125000	παφωφεα	παρωρεια
137793	Πάσσα		meineke_page_534.jpg	534	10947	ocr	OCR from image meineke_page_534.jpg (id=1706)	a39a5504f93d59af6f970b98fdf38272a70147edcc0e0891ee811436d9afa4ac	26683	Πάσσα	60	Π60	1.000000	102762	Ἄσσα	0.800000	0.200000	πασσα	πασσα
137794	Πάσσαλα		meineke_page_534.jpg	534	10948	ocr	OCR from image meineke_page_534.jpg (id=1706)	01da75cfd425503e5a3fb397c4b03b03b5169c9c86cf932198cc8c915594a968	26684	Πάσσαλα	61	Π61	1.000000	9030	Μασσαλία	0.750000	0.250000	πασσαλα	πασσαλα
137795	Παστεῖρις		meineke_page_535.jpg	535	10949	ocr	OCR from image meineke_page_535.jpg (id=1707)	455d54d57c7dc228accccf3e89e9895381768d507e475cd36904be8e357df492	26686	Πάστερις	63	Π63	0.888889	2609	Κάσπειρος	0.666667	0.222222	παστειρισ	παστερισ
137796	Πάταλα		meineke_page_535.jpg	535	10950	ocr	OCR from image meineke_page_535.jpg (id=1707)	87d2a16b314ddc68348dd823c6f15a8dd30cac7c067d1267ab71647da1d64b34	26687	Πάταλα	64	Π64	1.000000	26689	Πάταρα	0.833333	0.166667	παταλα	παταλα
137797	Πάταλος		meineke_page_535.jpg	535	10951	ocr	OCR from image meineke_page_535.jpg (id=1707)	82279c264653db95e969b7dd4a293fdb29f9f497f15f8b62a30d362534fea463	26688	Πάταλος	65	Π65	1.000000	26658	Πάραλος	0.857143	0.142857	παταλοσ	παταλοσ
137798	Πάταρα		meineke_page_535.jpg	535	10952	ocr	OCR from image meineke_page_535.jpg (id=1707)	29d5ca6c9c9e4cc2bfa91616eeb52c64c5e862b3ff5219632910a39ad138659c	26689	Πάταρα	66	Π66	1.000000	26687	Πάταλα	0.833333	0.166667	παταρα	παταρα
137799	Παταρηνόν ὕδωρ / Πάταρα / Πατουμης		meineke_page_536.jpg	536	10953	ocr	OCR from image meineke_page_536.jpg (id=1708)	689fd99687ccef9ff036a8eb34af832392b93d6941394287842b9fc51412d10e	102796	Ἀτροπατία καὶ Ἀτροπάτιος	526	Α526	0.370370	80215	Ἁλαὶ Ἀραφηνίδες καὶ Ἁλαὶ Αἰξωνίδες	0.333333	0.037037	παταρηνονυδωρπαταραπατουμησ	ατροπατιακαιατροπατιοσ
137800	ἐπωνυμίαν ἔχουσα		meineke_page_537.jpg	537	10954	ocr	OCR from image meineke_page_537.jpg (id=1709)	03389d8c4236827314814f07d2f425891ebef591a23e58a9fa87fca51a87e926	17109	Ἐρύμανθος	133	Ε133	0.466667	18300	Εὐωνυμία	0.466667	0.000000	επωνυμιανεχουσα	ερυμανθοσ
137801	Πάτρασις		meineke_page_537.jpg	537	10955	ocr	OCR from image meineke_page_537.jpg (id=1709)	97e661a7470bbc0a2409490325b955e7be55bd17d129ad53ab634eec9021db32	26693	Πάτρασυς	70	Π70	0.875000	26681	Παρρασία	0.750000	0.125000	πατρασισ	πατρασυσ
137802	Πατρειαργάθαι		meineke_page_537.jpg	537	10956	ocr	OCR from image meineke_page_537.jpg (id=1709)	cfd353e05261db2ea2612bcc35dcd43049f71f07eccb1fe0670cd875ed113d8a	26694	Πατριαργάδαι	71	Π71	0.846154	26685	Πασσαργάδαι	0.615385	0.230769	πατρειαργαθαι	πατριαργαδαι
137803	Πατρίς		meineke_page_537.jpg	537	10957	ocr	OCR from image meineke_page_537.jpg (id=1709)	e090295d151019814aa6e89549179ec671828f0e81f79ebb273f0eba2c2294c9	26695	Πατρίς	72	Π72	1.000000	26686	Πάστερις	0.750000	0.250000	πατρισ	πατρισ
137804	Πατρόκλου νῆσος		meineke_page_537.jpg	537	10958	ocr	OCR from image meineke_page_537.jpg (id=1709)	4547abd61d5e94a2363f86eb1062c89c6267348eb5257e0948de5497e887fd30	26696	Πατρόκλου νῆσος	73	Π73	1.000000	30101	Προκόννησος	0.714286	0.285714	πατροκλουνησοσ	πατροκλουνησοσ
137805	Πάιυκος	1	meineke_page_538.jpg	538	10959	ocr	OCR from image meineke_page_538.jpg (id=1710)	bdf225f583393e8d64c017f4c4cbda338f300ccfc31cde05960d093bd41181d1	26697	Πάτυκος	74	Π74	0.857143	26702	Πάχυνος	0.714286	0.142857	παιυκοσ	πατυκοσ
137806	Ἱπποδοντίς	1	meineke_page_539.jpg	539	10960	ocr	OCR from image meineke_page_539.jpg (id=1711)	e271a898a8240a026d28bb3a54e686f9063680ae728b50685ea4f9f85bc5a2bd	30106	Προποντίς	251	Π251	0.700000	9637	Μεσοπόντιος	0.545455	0.154545	ιπποδοντισ	προποντισ
137807	Πελαγωνία	2	meineke_page_539.jpg	539	10961	ocr	OCR from image meineke_page_539.jpg (id=1711)	e3b8d8bbd4343fc7809cf526e9db475eb3adf6f37d4cdc656b7170cd40663a0c	26710	Πελαγονία	87	Π87	0.888889	28324	Πηλαγονία	0.777778	0.111111	πελαγωνια	πελαγονια
137808	Πελιυνα		meineke_page_540.jpg	540	10962	ocr	OCR from image meineke_page_540.jpg (id=1712)	26ec9dd01991104cb7a46c06d77c4b243e99fba2e82f188b6a6f6e8d5b8a0268	26714	Πέλιννα	91	Π91	0.857143	9609	Μέλινα	0.714286	0.142857	πελιυνα	πελιννα
137809	Πελλα		meineke_page_540.jpg	540	10963	ocr	OCR from image meineke_page_540.jpg (id=1712)	031620e0749daeaecb81747c88f3d7db5e0762f71e85c00a80514a18c43481cf	26715	Πέλλα	92	Π92	1.000000	18184	Ἕλλα	0.800000	0.200000	πελλα	πελλα
137810	Πελληνη		meineke_page_540.jpg	540	10964	ocr	OCR from image meineke_page_540.jpg (id=1712)	427a10638441d0c8ddc781d9b57170e8f5af3805871dea29a9eb0ab8e7377809	26716	Πελλήνη	93	Π93	1.000000	25137	Παλλήνη	0.857143	0.142857	πελληνη	πελληνη
137811	Πελοποννησος		meineke_page_540.jpg	540	10965	ocr	OCR from image meineke_page_540.jpg (id=1712)	41307d5323d480c0e3c8ad1855fdd7e5f141e4dbaf5c4665a635643c2779a61a	26718	Πελοπόννησος	95	Π95	1.000000	30101	Προκόννησος	0.750000	0.250000	πελοποννησοσ	πελοποννησοσ
137812	Πελταί		meineke_page_541.jpg	541	10966	ocr	OCR from image meineke_page_541.jpg (id=1713)	9334590599ed152b7bb555222e15b3f7ee34d28a04e008f41a7e7bc00d1d6760	26719	Πέλται	96	Π96	1.000000	13828	Δέλτα	0.666667	0.333333	πελται	πελται
137813	Περαῖα		meineke_page_542.jpg	542	10967	ocr	OCR from image meineke_page_542.jpg (id=1714)	2dc8b0dff8a9b9985e29d96a4c36c09a8d2ac926be5f61d248a923746adc1674	26725	Περαία	102	Π102	1.000000	13837	Δέραια	0.833333	0.166667	περαια	περαια
137817	Περγασίη		meineke_page_542.jpg	542	10970	ocr	OCR from image meineke_page_542.jpg (id=1714)	74707423ae0ea014c487e962a06db5a0eaa9b0cebfc8a8ffacee6204aba4b849	26729	Περγασή	106	Π106	0.875000	26681	Παρρασία	0.625000	0.250000	περγασιη	περγαση
137818	Πέρηνη		meineke_page_542.jpg	542	10971	ocr	OCR from image meineke_page_542.jpg (id=1714)	6a1e7ee6693e416082135648d1edd758bd911ab63e321807f04c9b8d8239a132	26736	Πέρνη	113	Π113	0.833333	30145	Πυρήνη	0.833333	0.000000	περηνη	περνη
137819	Περδίκα		meineke_page_542.jpg	542	10972	ocr	OCR from image meineke_page_542.jpg (id=1714)	8170c2170d627d38d4dbc1520a7e9f367eb555b911e629a6149127850f6abd8a	26731	Περδίκια	108	Π108	0.875000	26725	Περαία	0.714286	0.160714	περδικα	περδικια
137820	Περιϑοίδαι		meineke_page_542.jpg	542	10973	ocr	OCR from image meineke_page_542.jpg (id=1714)	9ec577d3a5516383655b4c3114a8616e63002150fe8563fc7dc301ae71f28613	26732	Περιθοῖδαι	109	Π109	1.000000	26740	Περρίδαι	0.700000	0.300000	περιθοιδαι	περιθοιδαι
137821	Περινϑος		meineke_page_542.jpg	542	10974	ocr	OCR from image meineke_page_542.jpg (id=1714)	53a9c3bf90e2c7466eab327569345c97f77b8729d5e6813d9d0a78988fe59657	26733	Πέρινθος	110	Π110	1.000000	3269	Κόρινθος	0.750000	0.250000	περινθοσ	περινθοσ
137822	Πειραστερή		meineke_page_542.jpg	542	10975	ocr	OCR from image meineke_page_542.jpg (id=1714)	de8169ef30e7d11ab4bfd89a4eaa59f89357c303dc634b591369cc0110c5cc6c	26734	Περιστερή	111	Π111	0.800000	26709	Πειρασία	0.600000	0.200000	πειραστερη	περιστερη
137823	Περκώτη		meineke_page_542.jpg	542	10976	ocr	OCR from image meineke_page_542.jpg (id=1714)	6d585a942cabe6c8b7a71b25b9d13c14c5a4f2ba7ae40a852a150cac9d7fcce7	30119	Πρωτή	264	Π264	0.714286	22201	Ἱερὰ κώμη	0.625000	0.089286	περκωτη	πρωτη
137824	Πέρηνη (Θρᾴκης)		meineke_page_542.jpg	542	10977	ocr	OCR from image meineke_page_542.jpg (id=1714)	9ec7778ddc1b03e2e802d5d61cc65bde7b2c17bacc964ab4b6e8ba8ac8b6242d	26733	Πέρινθος	110	Π110	0.500000	121820	Γεράνθραι	0.500000	0.000000	περηνηθρακησ	περινθοσ
137825	Περουσία		meineke_page_543.jpg	543	10978	ocr	OCR from image meineke_page_543.jpg (id=1715)	c371a5fdaf2aaeed10af7a1c08d483b4a7e61484cdf9fff3811775b91b9c475a	26737	Περουσία	114	Π114	1.000000	30115	Προῦσα	0.750000	0.250000	περουσια	περουσια
137826	Περαιβός		meineke_page_543.jpg	543	10979	ocr	OCR from image meineke_page_543.jpg (id=1715)	88fa1131747b5b26a649dde7ab0b38b617e786decf647b5a32c4355983bad71a	26738	Περραιβός	115	Π115	0.888889	25163	Παραισός	0.750000	0.138889	περαιβοσ	περραιβοσ
137827	Περαισίον		meineke_page_543.jpg	543	10980	ocr	OCR from image meineke_page_543.jpg (id=1715)	a2c6cc75b80fff673cfea35c0842c68c90c2379813855945c56dca2232321a36	26739	Περραίσιον	116	Π116	0.900000	26728	Περγάντιον	0.700000	0.200000	περαισιον	περραισιον
137828	Περείδαι		meineke_page_543.jpg	543	10981	ocr	OCR from image meineke_page_543.jpg (id=1715)	4b6b428dea2611ba80423368840b3b9225d08cb1bf104a5fdd9cae7285d4761e	26740	Περρίδαι	117	Π117	0.875000	17081	Ἐρεβίδαι	0.750000	0.125000	περειδαι	περριδαι
137829	Πέσσα		meineke_page_543.jpg	543	10982	ocr	OCR from image meineke_page_543.jpg (id=1715)	1496f0b882608140ca0080b5b47206813361e98d272df04b71cd820e946f1b27	26683	Πάσσα	60	Π60	0.800000	26741	Πέρσα	0.800000	0.000000	πεσσα	πασσα
137830	Πέτεια		meineke_page_543.jpg	543	10983	ocr	OCR from image meineke_page_543.jpg (id=1715)	e004a2bfce183a89071d04cd39ca035b46855df394293d2d0dcbddd43999af00	28313	Πετηλία	124	Π124	0.714286	28356	Πιτύεια	0.714286	0.000000	πετεια	πετηλια
137831	Περαισίων	1	meineke_page_544.jpg	544	10984	ocr	OCR from image meineke_page_544.jpg (id=1716)	3f15bc14826b1f64a046a3d12b081015ab9822664000ad35aee0f8fb94074df5	26739	Περραίσιον	116	Π116	0.800000	26728	Περγάντιον	0.600000	0.200000	περαισιων	περραισιον
137832	Περαέπολις	2	meineke_page_544.jpg	544	10985	ocr	OCR from image meineke_page_544.jpg (id=1716)	d092889d37e10996173b9c310df7c215c79c2952e56a777650a5a29fd152b24d	28309	Περσέπολις	120	Π120	0.900000	22203	Ἱερὰ πόλις	0.800000	0.100000	περαεπολισ	περσεπολισ
137833	Περαεύς	3	meineke_page_544.jpg	544	10986	ocr	OCR from image meineke_page_544.jpg (id=1716)	50b9d5e0314c1bb36088a648b7b9d99a7736b22d82b9170184a3a12b9642e155	28310	Περσεύς	121	Π121	0.857143	26693	Πάτρασυς	0.625000	0.232143	περαευσ	περσευσ
137834	Πεσανους	4	meineke_page_544.jpg	544	10987	ocr	OCR from image meineke_page_544.jpg (id=1716)	6d4b7dbc25029346d6c62458b01a24b7059da9ce23d6bad7ea8e6bdbb117197a	28311	Πεσσινοῦς	122	Π122	0.777778	32065	Σαρνοῦς	0.625000	0.152778	πεσανουσ	πεσσινουσ
137835	Πετεών	5	meineke_page_544.jpg	544	10988	ocr	OCR from image meineke_page_544.jpg (id=1716)	5c12e0b13d70f15c41ee3ef230d79f303dd6c8b6694b346ab06e9ff8a52aaced	28312	Πετεών	123	Π123	1.000000	10212	Μεδεών	0.666667	0.333333	πετεων	πετεων
137837	Πέτεροι	7	meineke_page_544.jpg	544	10990	ocr	OCR from image meineke_page_544.jpg (id=1716)	f4d5493269f74d7e91ab73e87bd0bd924cc66cccfac45b276032071125fbd6f5	28314	Πέτορσοι	125	Π125	0.750000	11099	Νευροί	0.571429	0.178571	πετεροι	πετορσοι
137839	Πετροσάκα	9	meineke_page_544.jpg	544	10992	ocr	OCR from image meineke_page_544.jpg (id=1716)	68689aba0474f009ca3e8f3ce0af187e7589371200348a8f6242513cf4193899	28316	Πετροσάκα	127	Π127	1.000000	28317	Πέτροσσα	0.777778	0.222222	πετροσακα	πετροσακα
137841	Πευκιαντες	11	meineke_page_544.jpg	544	10994	ocr	OCR from image meineke_page_544.jpg (id=1716)	2a3d3495e526ece4fc09e59f7e7c00def54c3128fb3dc1c9bb0d4af01c216380	28318	Πευκετίαντες	129	Π129	0.833333	28342	Πικίαντες	0.800000	0.033333	πευκιαντεσ	πευκετιαντεσ
137842	Πευκέτιοι		meineke_page_545.jpg	545	10995	ocr	OCR from image meineke_page_545.jpg (id=1717)	a64ee073bd6fe147f61ec3b4cc7fab0511ccf86cf0339cd4b24e08e37d059824	28319	Πευκέτιοι	130	Π130	1.000000	13825	Δεκέντιοι	0.666667	0.333333	πευκετιοι	πευκετιοι
137843	Πλήλης		meineke_page_546.jpg	546	10996	ocr	OCR from image meineke_page_546.jpg (id=1718)	9831a397dbddbb2ad6f79d2e5388b43921ad07cd89e2f5b33d0f6c85c0deb8b3	28325	Πήλη	136	Π136	0.666667	12814	Ὄλβηλος	0.571429	0.095238	πληλησ	πηλη
137844	Πήλιον		meineke_page_546.jpg	546	10997	ocr	OCR from image meineke_page_546.jpg (id=1718)	f1dd6eb7257837d5bb596d8cac8475ed525f7a7ed90008e2b44a9f0e9b7b8db9	28328	Πήλιον	139	Π139	1.000000	13841	Δήλιον	0.833333	0.166667	πηλιον	πηλιον
137846	Πηλούσιον		meineke_page_546.jpg	546	10999	ocr	OCR from image meineke_page_546.jpg (id=1718)	ead6775aab849259b4ed2995c4930c23a76355a28bb30433b5c251ad9755e04d	28330	Πηλούσιον	141	Π141	1.000000	30039	Πλούτιον	0.777778	0.222222	πηλουσιον	πηλουσιον
137847	Πῆρα		meineke_page_546.jpg	546	11000	ocr	OCR from image meineke_page_546.jpg (id=1718)	2c48c137a2c8e18d971ef46b97f000d0445c65862a8f28ea1d12c4ed1779abcc	28331	Πήρα	142	Π142	1.000000	11922	Ξήρα	0.750000	0.250000	πηρα	πηρα
137848	Πηρέα		meineke_page_546.jpg	546	11001	ocr	OCR from image meineke_page_546.jpg (id=1718)	c30acac5322acc8e6207dbb02bfa8463b9208262aba60ecfca728cc6edf1fbc7	28332	Πήρεια	143	Π143	0.833333	28331	Πήρα	0.800000	0.033333	πηρεα	πηρεια
137849	Πιακος		meineke_page_547.jpg	547	11002	ocr	OCR from image meineke_page_547.jpg (id=1719)	8f240be3fd71d34c6de19f8902bef69b7e0d2da15db610533f46e2975a0320f3	28333	Πίακος	144	Π144	1.000000	30083	Πρᾶκνος	0.714286	0.285714	πιακοσ	πιακοσ
137850	Πιαλέια		meineke_page_547.jpg	547	11003	ocr	OCR from image meineke_page_547.jpg (id=1719)	d51cb999978250f382951b1ae4801c53cf8d8526e5db0f19637a4944c0cd5a8e	28334	Πιάλεια	145	Π145	1.000000	28371	Ποδάλεια	0.750000	0.250000	πιαλεια	πιαλεια
137851	Πιάσται		meineke_page_547.jpg	547	11004	ocr	OCR from image meineke_page_547.jpg (id=1719)	681f3e0dd46f56269038ccd009d054bf7cbe3b050e84731a9165cba3d2ad5032	28335	Πιάσται	146	Π146	1.000000	30087	Πρασιαί	0.714286	0.285714	πιασται	πιασται
137852	Πιγύνδα		meineke_page_547.jpg	547	11005	ocr	OCR from image meineke_page_547.jpg (id=1719)	9db31fcb71dc81cc9f26da4bc6942f2f4277cecfd790eef8cdb5b8ff3fa2cdc5	28336	Πίγινδα	147	Π147	0.857143	2334	Κάλυνδα	0.571429	0.285714	πιγυνδα	πιγινδα
137853	Πιεθία		meineke_page_547.jpg	547	11006	ocr	OCR from image meineke_page_547.jpg (id=1719)	48662b8af8c4ddd9196993f98106d915ce9687dc28c4c218eeb5cbbbc1f873a8	28337	Πιερία	148	Π148	0.833333	28341	Πικεντία	0.625000	0.208333	πιεθια	πιερια
137854	Πιθηκούσσαι	1	meineke_page_548.jpg	548	11007	ocr	OCR from image meineke_page_548.jpg (id=1720)	46e3acf43d73aecd8a8556dae9231153f61b6966cda149c763b65d484307c380	28338	Πιθηκοῦσσαι	149	Π149	1.000000	28358	Πιτυοῦσσαι	0.727273	0.272727	πιθηκουσσαι	πιθηκουσσαι
137855	Πιθήκων κόλπος	2	meineke_page_548.jpg	548	11008	ocr	OCR from image meineke_page_548.jpg (id=1720)	df4bd3b84f330a53c1891feb3364770b035b926219613cb03d72a1dd98852883	28339	Πιθήκων κόλπος	150	Π150	1.000000	22209	Ἱερὸς κόλπος	0.538462	0.461538	πιθηκωνκολποσ	πιθηκωνκολποσ
137856	Πίθος	3	meineke_page_548.jpg	548	16074	ocr	OCR from image meineke_page_548.jpg (id=1720)	4b9d3a37c4343607bb58cf551f11c96c53c8486688999202dacf74b6477dc012	28340	Πίθος	151	Π151	1.000000	25170	Πάρθος	0.666667	0.333333	πιθοσ	πιθοσ
137857	Πικεντία	4	meineke_page_548.jpg	548	11010	ocr	OCR from image meineke_page_548.jpg (id=1720)	9e33d009d99720268729f1ed64a68807cdedb17631ed5d2711dd406f992aeb4b	28341	Πικεντία	152	Π152	1.000000	28360	Πλακεντία	0.777778	0.222222	πικεντια	πικεντια
137858	Πικιαντες	5	meineke_page_548.jpg	548	11011	ocr	OCR from image meineke_page_548.jpg (id=1720)	d20a201b604b4d969427a46701b0ba3ba2177914e2703b7e0c27487df7b2cb1d	28342	Πικίαντες	153	Π153	1.000000	28318	Πευκετίαντες	0.666667	0.333333	πικιαντεσ	πικιαντεσ
137859	Πίλυρος	6	meineke_page_548.jpg	548	11012	ocr	OCR from image meineke_page_548.jpg (id=1720)	0bb9906e928c84839e6d902e1ee4531d8539013b9cd9a7d0608a369ebba8f9e0	28343	Πίλωρος	154	Π154	0.857143	11898	Νίσυρος	0.714286	0.142857	πιλυροσ	πιλωροσ
137860	Πιμώλισσα	7	meineke_page_548.jpg	548	11013	ocr	OCR from image meineke_page_548.jpg (id=1720)	9ab9cfa2c6cbcf62bc86945562e04cee015378df06dc2758556b313214046e29	28344	Πιμώλισα	155	Π155	0.888889	9611	Μέλισσα	0.666667	0.222222	πιμωλισσα	πιμωλισα
137861	Πίναμος	8	meineke_page_548.jpg	548	11014	ocr	OCR from image meineke_page_548.jpg (id=1720)	a148bec8a492e121035c667ea647d54f2d305a1a70d78a75b64a4b1a1ee2b91b	28345	Πίναμυς	156	Π156	0.857143	28333	Πίακος	0.714286	0.142857	πιναμοσ	πιναμυσ
137864	Πισιδία	1	meineke_page_549.jpg	549	11017	ocr	OCR from image meineke_page_549.jpg (id=1721)	efb9fe3c8e9c1f52e3b083e7cf17b37a0a18a7516c7fab01c7c7730e8f43f86d	28348	Πισιδία	159	Π159	1.000000	28401	Ποτίδαια	0.625000	0.375000	πισιδια	πισιδια
137865	Πισσαΐον	2	meineke_page_549.jpg	549	11018	ocr	OCR from image meineke_page_549.jpg (id=1721)	80db156c9a91dc2b3694df49324a2cc75c66972f5e25ce8593ac9fc6dd4c83db	28350	Πισσαῖον	161	Π161	1.000000	9641	Μεσσάπιον	0.666667	0.333333	πισσαιον	πισσαιον
137866	Πιπύη	3	meineke_page_549.jpg	549	11019	ocr	OCR from image meineke_page_549.jpg (id=1721)	12371a2cd718f51325cc5471c044e21216471deb0261783a25d86fb149eb3831	28352	Πισύη	163	Π163	0.800000	28357	Πιτύη	0.800000	0.000000	πιπυη	πισυη
137867	Πιτάνη	4	meineke_page_549.jpg	549	11020	ocr	OCR from image meineke_page_549.jpg (id=1721)	e2bd10d4fd1ea350e3d1c0657ac7216ec7bf1cbf391f68b4d0f4d4f8ecc0f100	28353	Πιτάνη	164	Π164	1.000000	48705	Τιτάνη	0.833333	0.166667	πιτανη	πιτανη
137868	Μίδυμ		meineke_page_550.jpg	550	11021	ocr	OCR from image meineke_page_550.jpg (id=1722)	072a00d5b4a395e9c0f27896a4f0437e0297e2e81e37d32eb085674acd2351f8	14824	Δίδυμα	76	Δ76	0.666667	14825	Διδύμη	0.666667	0.000000	μιδυμ	διδυμα
137869	Πιτιπόσα		meineke_page_550.jpg	550	11022	ocr	OCR from image meineke_page_550.jpg (id=1722)	1c25882af22c1cd6a7a3f3af364888f3f70b1db458e7a02db10c3cd57511d47f	28351	Πίστιρος	162	Π162	0.625000	28355	Πίτνισσα	0.625000	0.000000	πιτιποσα	πιστιροσ
137870	Πιτυέα		meineke_page_550.jpg	550	11023	ocr	OCR from image meineke_page_550.jpg (id=1722)	870bd2fbf861fd1422a35fdb26e6c32d818023d08a63c719f489fe60fa918b8e	28356	Πιτύεια	167	Π167	0.857143	23671	Ἰτέα	0.666667	0.190476	πιτυεα	πιτυεια
137871	Πιτυή		meineke_page_550.jpg	550	11024	ocr	OCR from image meineke_page_550.jpg (id=1722)	52553906259855f29bbc907bed1b0d9ff6d5130484e66e3367420e8761b92ce7	28357	Πιτύη	168	Π168	1.000000	28352	Πισύη	0.800000	0.200000	πιτυη	πιτυη
137872	Πιτυοῦσαι		meineke_page_550.jpg	550	11025	ocr	OCR from image meineke_page_550.jpg (id=1722)	2cfb645e68561149ddf50e6d5ea71779ea9811ce5ca1534037c4d2d15767ef18	28358	Πιτυοῦσσαι	169	Π169	0.900000	28338	Πιθηκοῦσσαι	0.636364	0.263636	πιτυουσαι	πιτυουσσαι
137873	Πιταθαραῖοι		meineke_page_550.jpg	550	11026	ocr	OCR from image meineke_page_550.jpg (id=1722)	d2f3159dc2c2d196d71661e0aeab8f52c1ef5a2b31de60aea087649e5b12db2a	28359	Πλαδαραῖοι	170	Π170	0.727273	26660	Παραυαῖοι	0.636364	0.090909	πιταθαραιοι	πλαδαραιοι
137874	Πλακεντία		meineke_page_550.jpg	550	11027	ocr	OCR from image meineke_page_550.jpg (id=1722)	855b99105218d8401d81054fca200e455196991bffee50555093b1d64aebe396	28360	Πλακεντία	171	Π171	1.000000	28341	Πικεντία	0.777778	0.222222	πλακεντια	πλακεντια
137875	Πλάκη		meineke_page_550.jpg	550	11028	ocr	OCR from image meineke_page_550.jpg (id=1722)	ecea3220711d4301d0352307332a9462487242b69b91af498fb28f6b852bd7b6	8976	Μαλάκη	35	Μ35	0.666667	25133	Παλική	0.666667	0.000000	πλακη	μαλακη
137876	Πλάμος		meineke_page_550.jpg	550	11029	ocr	OCR from image meineke_page_550.jpg (id=1722)	8d7f49a831929af9e4940194038770dc96e53237674cd5cf39e0d3a3d8e23e61	28362	Πλάμος	173	Π173	1.000000	30140	Πύραμος	0.714286	0.285714	πλαμοσ	πλαμοσ
137877	Παρασαῖον		meineke_page_550.jpg	550	11030	ocr	OCR from image meineke_page_550.jpg (id=1722)	69dbecc3fc4b43d2572c94b7ab029a7b1fadabb6dfd6d841fadb9bab1a6b87bb	26660	Παραυαῖοι	37	Π37	0.777778	9014	Μάρκαιον	0.666667	0.111111	παρασαιον	παραυαιοι
137878	Παράσασα		meineke_page_550.jpg	550	11031	ocr	OCR from image meineke_page_550.jpg (id=1722)	2ce33bc5267a7d4ee51ec47141b0dd9c1c823455b5b1b52eda86df2b4440b659	25164	Παραίτακα	33	Π33	0.666667	8037	Λάρισσα	0.625000	0.041667	παρασασα	παραιτακα
137879	Παταταῖαι		meineke_page_550.jpg	550	11032	ocr	OCR from image meineke_page_550.jpg (id=1722)	de878e3afc796669816ff9c8c9397b3ab5b0204cb1bf3369dd22738c6e736c9b	28365	Πλαταιαί	176	Π176	0.777778	2086	Καλατίαι	0.666667	0.111111	παταταιαι	πλαταιαι
137880	Πλαταιαί		meineke_page_551.jpg	551	11033	ocr	OCR from image meineke_page_551.jpg (id=1723)	b75e2e0ad02ab85d62f108b1f1ffecac28da2950e5167807fdfa52eb8711f992	28365	Πλαταιαί	176	Π176	1.000000	28363	Πλαραῖοι	0.750000	0.250000	πλαταιαι	πλαταιαι
137881	νῆσος περὶ τῆς Λιβύης		meineke_page_552.jpg	552	11034	ocr	OCR from image meineke_page_552.jpg (id=1724)	7b8c179264553dbf2cabadf6ef509c46c28d384915da026e24c583e4306150f1	108951	Βῆλος ἡ καὶ Μῆλος	85	Β85	0.388889	48664	Τετράπολις τῆς Ἀττικῆς	0.350000	0.038889	νησοσπεριτησλιβυησ	βηλοσηκαιμηλοσ
137882	Πλούτιον	1	meineke_page_553.jpg	553	11035	ocr	OCR from image meineke_page_553.jpg (id=1725)	6397e9ac5f761ff8ce890224caf510254b52d4ff76cb86bb418ef60d7100ec3a	30039	Πλούτιον	184	Π184	1.000000	28330	Πηλούσιον	0.777778	0.222222	πλουτιον	πλουτιον
137883	Πλυνέαι	2	meineke_page_553.jpg	553	11036	ocr	OCR from image meineke_page_553.jpg (id=1725)	4c5728a43d371460a039799e9c9fc9a77f253cbec890bb37ff0fd5bff5e19d45	30040	Πλυνέαι	185	Π185	1.000000	105842	Βαλανέαι	0.625000	0.375000	πλυνεαι	πλυνεαι
137884	Πλώθεια	3	meineke_page_553.jpg	553	11037	ocr	OCR from image meineke_page_553.jpg (id=1725)	1b1533b4b7a6be939300843d8c3160b20570994c2cdd0cce51607876fa38d9f0	30041	Πλώθεια	186	Π186	1.000000	28367	Πλατεῖα	0.714286	0.285714	πλωθεια	πλωθεια
137885	Πνεβεύς	4	meineke_page_553.jpg	553	11038	ocr	OCR from image meineke_page_553.jpg (id=1725)	17b93b3f59352c17eafa6c4c003827064ff992b21fc23185a1bd7cd72e425b90	30042	Πνέβεβις	187	Π187	0.750000	28310	Περσεύς	0.571429	0.178571	πνεβευσ	πνεβεβισ
137886	Πνύξ	5	meineke_page_553.jpg	553	11039	ocr	OCR from image meineke_page_553.jpg (id=1725)	87e4b265702e2196da7392d02b7c5123b853d165b24887558b438c0113b576bd	28370	Πνύξ	188	Π188	1.000000	17111	Ἔρυξ	0.500000	0.500000	πνυξ	πνυξ
137887	ληξιν		meineke_page_554.jpg	554	11040	ocr	OCR from image meineke_page_554.jpg (id=1726)	20f454ccff2f4479f6c600da16213eba410e826ae0f66177293d51a15ef2ace3	80227	Ἀλήσιον	201		0.571429	7639	Λάγινα	0.500000	0.071429	ληξιν	αλησιον
137888	Ποδάλεια		meineke_page_555.jpg	555	11041	ocr	OCR from image meineke_page_555.jpg (id=1727)	e3b8bb734806d2df1ede3a5b9702edaa410763781b536f95e11d154e0663f972	28371	Ποδάλεια	189	Π189	1.000000	28334	Πιάλεια	0.750000	0.250000	ποδαλεια	ποδαλεια
137889	Ποιήεσσα		meineke_page_555.jpg	555	11042	ocr	OCR from image meineke_page_555.jpg (id=1727)	b7f452546bc7fde8fc2d3a4f9dcdf6335fce76ff68587f5218d737b54edcb3ee	28372	Ποιήεσσα	190	Π190	1.000000	3291	Κόσσα	0.500000	0.500000	ποιηεσσα	ποιηεσσα
137890	Ποιμανηόν		meineke_page_555.jpg	555	11043	ocr	OCR from image meineke_page_555.jpg (id=1727)	89b28a5d8f815e05522da668dc6838289a93368c28797809244cf564bc4e6d70	28373	Ποιμανηνόν	191	Π191	0.900000	28374	Ποιμήν	0.666667	0.233333	ποιμανηον	ποιμανηνον
137891	Πομπή		meineke_page_555.jpg	555	11044	ocr	OCR from image meineke_page_555.jpg (id=1727)	e11d90c69c7e7e67a8efceb7ccecfdc61d2392aca39da38de56a100609e6bc5c	26720	Πέμπτη	97	Π97	0.666667	28375	Ποίμνη	0.666667	0.000000	πομπη	πεμπτη
137892	Ποιμαίνιον		meineke_page_556.jpg	556	11045	ocr	OCR from image meineke_page_556.jpg (id=1728)	3780d7640af85a29bd347125c9e30f6961977711ebdf86dac6d8ce37389f2593	28373	Ποιμανηνόν	191	Π191	0.700000	12793	Οἰδάντιον	0.600000	0.100000	ποιμαινιον	ποιμανηνον
137893	Ποίμην		meineke_page_556.jpg	556	11046	ocr	OCR from image meineke_page_556.jpg (id=1728)	ea439a5849968188fe988fdf89d876ae2ceafafd3d5a4fe772c83bf68322d8c4	28374	Ποιμήν	192	Π192	1.000000	8438	Λιμήν	0.666667	0.333333	ποιμην	ποιμην
137896	Πολῆσαι		meineke_page_556.jpg	556	11049	ocr	OCR from image meineke_page_556.jpg (id=1728)	bf1a6e809a6471ca5556fe57d0ac02e42eb79ac2aacf61d5e3d3357346deae86	28378	Πολήσιοι	196	Π196	0.750000	61034	Ὑποθῆβαι	0.625000	0.125000	πολησαι	πολησιοι
137900	Πολίτεια		meineke_page_557.jpg	557	11053	ocr	OCR from image meineke_page_557.jpg (id=1729)	267ed607ec8fb760c8a25f2eccf2e580c9824abd75a7a41c0d405e3bc79ec0ae	28382	Πολιτεία	200	Π200	1.000000	28367	Πλατεῖα	0.750000	0.250000	πολιτεια	πολιτεια
137901	Πολιτώριον		meineke_page_557.jpg	557	11054	ocr	OCR from image meineke_page_557.jpg (id=1729)	8988c9e0e7458eec0d814ee312d9f0eabb58939d9e1ad81a2f513d606d663653	28383	Πολιτώριον	201	Π201	1.000000	28377	Πολεμώνιον	0.700000	0.300000	πολιτωριον	πολιτωριον
137902	Πολίνα		meineke_page_557.jpg	557	11055	ocr	OCR from image meineke_page_557.jpg (id=1729)	fdb868c93ea40f4d21071a4d8dc31490091ab907760a4ef4f7185bc42b555033	28384	Πολίχνα	202	Π202	0.857143	26714	Πέλιννα	0.714286	0.142857	πολινα	πολιχνα
137903	Πολλεντός		meineke_page_557.jpg	557	11056	ocr	OCR from image meineke_page_557.jpg (id=1729)	73de6e40afa4535287f2d0b04fb5f1e4826b8177149613f88ec3366f39322ab1	28385	Πολλεντός	203	Π203	1.000000	28392	Πόντος	0.666667	0.333333	πολλεντοσ	πολλεντοσ
137904	Πολιύσαρα		meineke_page_557.jpg	557	11057	ocr	OCR from image meineke_page_557.jpg (id=1729)	6d4e0c7569e51832b3f2e4b4d40d99206488640bd21c804faa149d84eb0c521d	28386	Πολύαρα	204	Π204	0.777778	28387	Πολυδώρα	0.666667	0.111111	πολιυσαρα	πολυαρα
137905	Πολυδύσσα		meineke_page_557.jpg	557	11058	ocr	OCR from image meineke_page_557.jpg (id=1729)	13a8d14fa433d02e051b0413ff7c665960590821ef6c7d8dd28777c487c4d783	28387	Πολυδώρα	205	Π205	0.666667	28388	Πολυπόδουσα	0.636364	0.030303	πολυδυσσα	πολυδωρα
137906	Πολυερρηνία		meineke_page_557.jpg	557	11059	ocr	OCR from image meineke_page_557.jpg (id=1729)	6ffabd198fa5ed25308d8076357b4cb7db528552762a51ea544652ec382bcb6f	28389	Πολυρρηνία	207	Π207	0.909091	23628	Ἰουερνία	0.636364	0.272727	πολυερρηνια	πολυρρηνια
137907	Πομπηιοῦπολις		meineke_page_557.jpg	557	11060	ocr	OCR from image meineke_page_557.jpg (id=1729)	a639873938a1f0745144fd5ef5e072c70ee854ea266169296dee54fbe6438dc9	28390	Πομπηιούπολις	208	Π208	1.000000	14858	Δομετιούπολις	0.769231	0.230769	πομπηιουπολισ	πομπηιουπολισ
137908	Πομησιόπολις		meineke_page_557.jpg	557	11061	ocr	OCR from image meineke_page_557.jpg (id=1729)	05de0266d74fa67bd92767f81cef679074d9cfade3639a29bb0e0c64d788d842	28390	Πομπηιούπολις	208	Π208	0.769231	28391	Πονηρόπολις	0.750000	0.019231	πομησιοπολισ	πομπηιουπολισ
137909	Πόντος		meineke_page_557.jpg	557	16082	ocr	OCR from image meineke_page_557.jpg (id=1729)	e9b692696e6330b0715536de5677cb17c96d6c3e7aaeec6a7f9dfa1fc2106ac3	28392	Πόντος	210	Π210	1.000000	25139	Πάλτος	0.666667	0.333333	ποντοσ	ποντοσ
137910	Ποπλίωνον		meineke_page_557.jpg	557	11063	ocr	OCR from image meineke_page_557.jpg (id=1729)	03bdbd13fd593655a07d291a71c34168c954ea5e1bf2517fc7bb9e660c62f31e	28393	Ποπλώνιον	211	Π211	0.777778	28379	Πολίειον	0.666667	0.111111	ποπλιωνον	ποπλωνιον
137911	Πορδοσελήνη		meineke_page_558.jpg	558	11064	ocr	OCR from image meineke_page_558.jpg (id=1730)	87bfa61af11afa147f9849fa915405b092d8a57dc88b217db3e4c061ffb653f4	28394	Πορδοσελήνη	212	Π212	1.000000	30107	Προσέληνοι	0.636364	0.363636	πορδοσεληνη	πορδοσεληνη
137912	Ποφμία καὶ Ποφμίον		meineke_page_558.jpg	558	11065	ocr	OCR from image meineke_page_558.jpg (id=1730)	0f68f3985a1acd062a7956e3982dbe4cc5d2098befed51b07acdcaa3a64e7bfd	25157	Παντικάπαιον	26	Π26	0.500000	25165	Παραιτόνιον	0.500000	0.000000	ποφμιακαιποφμιον	παντικαπαιον
137913	Πορφυρέων		meineke_page_558.jpg	558	11066	ocr	OCR from image meineke_page_558.jpg (id=1730)	a4dd91da46863a086a2d25d728e0f1a4ba85320e6282065ebe382e8546d47eac	28396	Πορφυρεών	214	Π214	1.000000	28397	Πορφυρῖτις	0.600000	0.400000	πορφυρεων	πορφυρεων
137915	Ποσειδεῖον		meineke_page_558.jpg	558	11068	ocr	OCR from image meineke_page_558.jpg (id=1730)	b240517df22bab5cd2bd3e597353371c30a3965bd2d4bdc18a115e81a4de2cb9	28398	Ποσείδειον	216	Π216	1.000000	20805	Θεστίδειον	0.700000	0.300000	ποσειδειον	ποσειδειον
137916	Ποσειδωνία		meineke_page_558.jpg	558	11069	ocr	OCR from image meineke_page_558.jpg (id=1730)	1b526e58f159e75b5db821c38e9e5831347eb95e8502e262a2bf5f8eaa1c80bc	28399	Ποσειδωνία	217	Π217	1.000000	28402	Ποτιδανία	0.700000	0.300000	ποσειδωνια	ποσειδωνια
137917	Ποταμοσάκων		meineke_page_558.jpg	558	11070	ocr	OCR from image meineke_page_558.jpg (id=1730)	2485d81346ecae0742e5ddfa6e0f048c8a0d6cf4c36d09224a5efe3973498999	28400	Ποταμοσάκων	218	Π218	1.000000	28316	Πετροσάκα	0.545455	0.454545	ποταμοσακων	ποταμοσακων
137918	Ποτιδαία		meineke_page_558.jpg	558	11071	ocr	OCR from image meineke_page_558.jpg (id=1730)	6f54cd1f4666c9dbe30c14966a4ef4312fb180e5e0e05a318ce9b3338c6b7f30	28401	Ποτίδαια	219	Π219	1.000000	28402	Ποτιδανία	0.888889	0.111111	ποτιδαια	ποτιδαια
137919	Ποτιδανία		meineke_page_558.jpg	558	11072	ocr	OCR from image meineke_page_558.jpg (id=1730)	75974b2145fe54bb53cb91ca5a9aa5e71d5c2b4247337920f9a3e6ba521bf9f6	28402	Ποτιδανία	220	Π220	1.000000	28401	Ποτίδαια	0.888889	0.111111	ποτιδανια	ποτιδανια
137920	Ποτιόλιοι		meineke_page_558.jpg	558	11073	ocr	OCR from image meineke_page_558.jpg (id=1730)	997a48947f88aa239c280d8d7a6b8e308652cdcb57182c9c0822daea8af8440e	28403	Ποτίολοι	221	Π221	0.888889	3496	Κοτιάειον	0.555556	0.333333	ποτιολιοι	ποτιολοι
137921	Πόνταια		meineke_page_558.jpg	558	11074	ocr	OCR from image meineke_page_558.jpg (id=1730)	0d67022c5f09eb0c321f7e0cf04af06212fdeb609bb18f53ae0f96e91dded885	26677	Παροιταία	54	Π54	0.666667	26699	Παυταλία	0.625000	0.041667	πονταια	παροιταια
137922	Πρεάσπα		meineke_page_558.jpg	558	11075	ocr	OCR from image meineke_page_558.jpg (id=1730)	cd76436b4393196455c8078fe272d133f4d64654926046a2fbb347a532e8eb6a	28405	Πράασπα	223	Π223	0.857143	135447	Φράασπα	0.714286	0.142857	πρεασπα	πραασπα
137923	Πραινεστός		meineke_page_558.jpg	558	11076	ocr	OCR from image meineke_page_558.jpg (id=1730)	0ad1e04d5fb780993fcfe1dab5a3794acacdd63638264f03b338775a0fe136d8	28406	Πραίνεστος	224	Π224	1.000000	28407	Πραισός	0.700000	0.300000	πραινεστοσ	πραινεστοσ
137924	Πραιστίνος		meineke_page_559.jpg	559	11077	ocr	OCR from image meineke_page_559.jpg (id=1731)	525ca8c42cd2ef48373131b194596728577a315c221629bd794e056f5860257a	28351	Πίστιρος	162	Π162	0.700000	28407	Πραισός	0.700000	0.000000	πραιστινοσ	πιστιροσ
137925	Πραισός		meineke_page_559.jpg	559	16084	ocr	OCR from image meineke_page_559.jpg (id=1731)	c95fa91cbdc22c994b7589dcbd5c76049bbfee82c910735bfe4013bb37af1031	28407	Πραισός	225	Π225	1.000000	25163	Παραισός	0.875000	0.125000	πραισοσ	πραισοσ
137926	Πραιστετία		meineke_page_559.jpg	559	11079	ocr	OCR from image meineke_page_559.jpg (id=1731)	7002d7a43739bafe321c1182cc1cf58543b7f85c3f359c5ac6eb8129b6a00f1d	30081	Πραιτετία	226	Π226	0.900000	20773	Ἡφαιστία	0.600000	0.300000	πραιστετια	πραιτετια
137927	Πραικία / Πραικες		meineke_page_559.jpg	559	11080	ocr	OCR from image meineke_page_559.jpg (id=1731)	e194b988125291e91e54b4e8a84092f2c3f0d5177ce22ea44070a4ac3dacb1f5	28342	Πικίαντες	153	Π153	0.500000	30082	Πρακίαι	0.500000	0.000000	πραικιαπραικεσ	πικιαντεσ
137928	Πραικνος		meineke_page_559.jpg	559	11081	ocr	OCR from image meineke_page_559.jpg (id=1731)	ce188a86b07680b693dbf49e3dc918799466967c082d646d9b2500169a10e6af	30083	Πρᾶκνος	228	Π228	0.875000	28407	Πραισός	0.750000	0.125000	πραικνοσ	πρακνοσ
137929	Πραιξιλος		meineke_page_559.jpg	559	11082	ocr	OCR from image meineke_page_559.jpg (id=1731)	6173d70e83b8ce6af186d1c81533401cdb4db6f0bfaf271b94a440ce91020b33	30084	Πράξιλος	229	Π229	0.888889	28407	Πραισός	0.666667	0.222222	πραιξιλοσ	πραξιλοσ
137930	Πρᾶξ		meineke_page_559.jpg	559	11083	ocr	OCR from image meineke_page_559.jpg (id=1731)	00bfb91fbc4569e05b54d818987607b229f23efdd0a8deae96d39fbeb7c4a74f	30086	Πρᾶς	231	Π230	0.750000	3265	Κόραξ	0.600000	0.150000	πραξ	πρασ
137931	Πραισαί		meineke_page_559.jpg	559	11084	ocr	OCR from image meineke_page_559.jpg (id=1731)	d299ea34a57315920dd7910f918d11471a5683b98bc3ba563c743543646524ae	28407	Πραισός	225	Π225	0.714286	30082	Πρακίαι	0.714286	0.000000	πραισαι	πραισοσ
137932	Πραισαίοι		meineke_page_559.jpg	559	11085	ocr	OCR from image meineke_page_559.jpg (id=1731)	de030e0a47f82ca5cfeadc7e41b8e9b806b0a11bafe6e36192a13058603a3aba	30089	Πράσσαιβοι	234	Π234	0.800000	30085	Πράσιοι	0.777778	0.022222	πραισαιοι	πρασσαιβοι
137933	Πρᾶσον		meineke_page_559.jpg	559	11086	ocr	OCR from image meineke_page_559.jpg (id=1731)	b5a162ae696b13a5da218abaf549e0e01f10195726388e8594b700fafc3937eb	30088	Πράσον	233	Π233	1.000000	28407	Πραισός	0.714286	0.285714	πρασον	πρασον
137934	Πραισάαβοι		meineke_page_559.jpg	559	11087	ocr	OCR from image meineke_page_559.jpg (id=1731)	eb2f8cc8602f6d8bab38d2f0d89d564199926bfeb50665cfeb141797966e2d52	30089	Πράσσαιβοι	234	Π234	0.800000	28407	Πραισός	0.600000	0.200000	πραισααβοι	πρασσαιβοι
137935	Πετανηκή		meineke_page_559.jpg	559	11088	ocr	OCR from image meineke_page_559.jpg (id=1731)	2e2a41901780d82e35312ddc56ef743f0100c2d88dbfaea840e1a67ed76d614e	30090	Πρετανική	235	Π235	0.777778	28353	Πιτάνη	0.625000	0.152778	πετανηκη	πρετανικη
137936	Πιαιασός		meineke_page_560.jpg	560	11089	ocr	OCR from image meineke_page_560.jpg (id=1732)	c1eb698e4bdaa07bb33f74723473bc7f61c175c99249763ecab405c654e41a80	28407	Πραισός	225	Π225	0.750000	11065	Ναϊσσός	0.625000	0.125000	πιαιασοσ	πραισοσ
137937	Πίαπος		meineke_page_560.jpg	560	11090	ocr	OCR from image meineke_page_560.jpg (id=1732)	98450f432e2f4ad74d74b1ba135ea661df01dfcb9eed6289c8c77dea9d692a72	30092	Πρίαπος	237	Π237	0.857143	28333	Πίακος	0.833333	0.023810	πιαποσ	πριαποσ
137938	Πηγίνή		meineke_page_560.jpg	560	11091	ocr	OCR from image meineke_page_560.jpg (id=1732)	78ded8f23c02450183e13f2a9e7be7f66dbe80593600518310790675315a2e8a	28336	Πίγινδα	147	Π147	0.571429	7639	Λάγινα	0.500000	0.071429	πηγινη	πιγινδα
137939	Πιγασσός		meineke_page_560.jpg	560	11092	ocr	OCR from image meineke_page_560.jpg (id=1732)	69bd743deaf1be7bd42534cfa26ff3306a5ca52081712cbdec9dcfb8bcf57cf0	30094	Πρινασσός	239	Π239	0.777778	61004	Ὑγασσός	0.750000	0.027778	πιγασσοσ	πρινασσοσ
137940	Πειθόια		meineke_page_560.jpg	560	11093	ocr	OCR from image meineke_page_560.jpg (id=1732)	3d7d4da5b57596e8d4082902ce8cffcf2f9f10c0987bd836da56208d7824cc80	26732	Περιθοῖδαι	109	Π109	0.700000	9607	Μελίβοια	0.625000	0.075000	πειθοια	περιθοιδαι
137941	Πιουέργος		meineke_page_560.jpg	560	11094	ocr	OCR from image meineke_page_560.jpg (id=1732)	39dba7586fb53b2a7552247e54814a0ffd1c9c989db4867c0de9dde43623bdd9	30096	Πριούερνος	241	Π241	0.800000	11898	Νίσυρος	0.555556	0.244444	πιουεργοσ	πριουερνοσ
137942	Πιόφανα		meineke_page_560.jpg	560	11095	ocr	OCR from image meineke_page_560.jpg (id=1732)	ab011722886e8c0cb69ad29ddb57b537bc9a0387dc82927283914e9eabea78e0	12836	Ὄμανα	62	Ο62	0.571429	23632	Ἵπανα	0.571429	0.000000	πιοφανα	ομανα
137943	Προβαλλίνθος		meineke_page_560.jpg	560	11096	ocr	OCR from image meineke_page_560.jpg (id=1732)	ca1fc2a553cb482c5b2deb33ab9e6bc6ebd2528451848f79404280d21c39d6d8	30098	Προβάλινθος	243	Π243	0.916667	28385	Πολλεντός	0.583333	0.333333	προβαλλινθοσ	προβαλινθοσ
137944	Προγασαία		meineke_page_560.jpg	560	11097	ocr	OCR from image meineke_page_560.jpg (id=1732)	842a7d53fd1c6588fc3ff63952f9ceb2e05545f5e93bae0ad9f6d8b5f1a3f248	30099	Προγάσεια	244	Π244	0.888889	30102	Προνάσται	0.666667	0.222222	προγασαια	προγασεια
137945	Πρόκλῃ		meineke_page_561.jpg	561	11098	ocr	OCR from image meineke_page_561.jpg (id=1733)	e2fb8598b06e4e5a19777303d1bd08514932077105822fa9d02981aec4b245ec	30100	Πρόκλη	245	Π245	1.000000	10303	Μόκλη	0.666667	0.333333	προκλη	προκλη
137946	Προκόνησος		meineke_page_561.jpg	561	11099	ocr	OCR from image meineke_page_561.jpg (id=1733)	66a55b0d4b7df7973691b369b164439609e3790e78f74ca7176068a719df5a2e	30101	Προκόννησος	246	Π246	0.909091	99821	Ἀρκόνησος	0.800000	0.109091	προκονησοσ	προκοννησοσ
137947	Προνάστααι		meineke_page_561.jpg	561	11100	ocr	OCR from image meineke_page_561.jpg (id=1733)	88e3d6f533b49e5702f12230264857a84000c587a3aba657e125c8fa489d5046	30102	Προνάσται	247	Π247	0.900000	26721	Πενέσται	0.600000	0.300000	προναστααι	προνασται
137948	Πρόνεκτος		meineke_page_561.jpg	561	11101	ocr	OCR from image meineke_page_561.jpg (id=1733)	cd951eb9745cf3142437e7855725e71547d04dfb3a28c2aa9fe68828ec406a7f	30103	Πρόνεκτος	248	Π248	1.000000	28406	Πραίνεστος	0.700000	0.300000	προνεκτοσ	προνεκτοσ
137949	Πρόπαλαι		meineke_page_561.jpg	561	11102	ocr	OCR from image meineke_page_561.jpg (id=1733)	180b76b46eca496ff9a6343dab7d42b2063f6422631101dfe1e74fb718f1c603	30104	Πρόπαλαι	249	Π249	1.000000	30102	Προνάσται	0.666667	0.333333	προπαλαι	προπαλαι
137950	Προξενόπολις		meineke_page_561.jpg	561	11103	ocr	OCR from image meineke_page_561.jpg (id=1733)	f3f89a4e3303611ceab19d4fe0e9126f95ce91ac5eff1b39304d7c12d94eb5f9	30105	Προξενούπολις	250	Π250	0.923077	25168	Παρθενόπολις	0.750000	0.173077	προξενοπολισ	προξενουπολισ
137951	Προποντίς		meineke_page_561.jpg	561	11104	ocr	OCR from image meineke_page_561.jpg (id=1733)	74c4aa9dc22333e8d65b9a48f1c423e86261deb444210aaaa18f2c426bbffbae	30106	Προποντίς	251	Π251	1.000000	9637	Μεσοπόντιος	0.636364	0.363636	προποντισ	προποντισ
137952	Προσεληνοί		meineke_page_561.jpg	561	11105	ocr	OCR from image meineke_page_561.jpg (id=1733)	1fd9b6c6669783692bf93b578387dd52b9570f9efac9d1418c8be76673b77d34	30107	Προσέληνοι	252	Π252	1.000000	28394	Πορδοσελήνη	0.636364	0.363636	προσεληνοι	προσεληνοι
137953	Προσαλάτα		meineke_page_561.jpg	561	11106	ocr	OCR from image meineke_page_561.jpg (id=1733)	43a15935d68a667dbdfa46233d8d7b9ff7c88ff4a9253614005de822a1df6104	30108	Πρόσπαλτα	253	Π253	0.777778	30104	Πρόπαλαι	0.666667	0.111111	προσαλατα	προσπαλτα
137954	Προστερόπαπα		meineke_page_561.jpg	561	11107	ocr	OCR from image meineke_page_561.jpg (id=1733)	0d53a804357a55db6aaccad95057d0987a76d7db10aca672d65e0c0faf453f3e	30109	Προστρόπαια	254	Π254	0.833333	28316	Πετροσάκα	0.500000	0.333333	προστεροπαπα	προστροπαια
137955	Πρόσυμα		meineke_page_561.jpg	561	11108	ocr	OCR from image meineke_page_561.jpg (id=1733)	97508636832f5c491b3cdadc73f2a386a348674da26d3bdc9820bad19276f907	30110	Πρόσυμνα	255	Π255	0.875000	30115	Προῦσα	0.714286	0.160714	προσυμα	προσυμνα
137956	Πρόσχιον		meineke_page_561.jpg	561	11109	ocr	OCR from image meineke_page_561.jpg (id=1733)	b035c6257d6021f8547126c7b6d634f99879500ff08b17fcf22b05e7e1dd2cee	30111	Πρόσχιον	256	Π256	1.000000	30114	Πρόσωπον	0.750000	0.250000	προσχιον	προσχιον
137957	Προσωπίς		meineke_page_561.jpg	561	11110	ocr	OCR from image meineke_page_561.jpg (id=1733)	353dcb6edf6ee12ab4b03056938299cf436f31f6276613bc58351051717ff839	30112	Προσωπίς	257	Π257	1.000000	30113	Προσωπῖτις	0.800000	0.200000	προσωπισ	προσωπισ
137960	Προχυνᾶ	3	meineke_page_562.jpg	562	11113	ocr	OCR from image meineke_page_562.jpg (id=1734)	5b8bc7f36f3d963b8dbdc2532166bb5932f971f309287355f4d1e71889586704	30110	Πρόσυμνα	255	Π255	0.750000	30097	Πρόαρνα	0.714286	0.035714	προχυνα	προσυμνα
137961	Πρυμνησία	4	meineke_page_562.jpg	562	11114	ocr	OCR from image meineke_page_562.jpg (id=1734)	a0b5b68932eb6df48f597369dcf2ddc920d0f2a31912b3d10a4cab4de59aa6e8	30117	Πρυμνησία	262	Π262	1.000000	125136	Γυμνησίαι	0.666667	0.333333	πρυμνησια	πρυμνησια
137962	Πρώανα	5	meineke_page_562.jpg	562	11115	ocr	OCR from image meineke_page_562.jpg (id=1734)	f49aa686d19b80748d5b3cc5092058820ed84827f4fd0151162abf7915d61f56	30118	Πρώανα	263	Π263	1.000000	30097	Πρόαρνα	0.714286	0.285714	πρωανα	πρωανα
137963	Πρωτίς	6	meineke_page_562.jpg	562	11116	ocr	OCR from image meineke_page_562.jpg (id=1734)	019904ff574c590612f59ea83d0fce648cef76608e9d901998ee50b96b982da1	30119	Πρωτή	264	Π264	0.666667	30112	Προσωπίς	0.625000	0.041667	πρωτισ	πρωτη
137964	Πτελέα	7	meineke_page_562.jpg	562	11117	ocr	OCR from image meineke_page_562.jpg (id=1734)	bb68804fdc786e119b4ae4e0bf400ae35bd12eebbf7b5cc8498b102d42617090	30120	Πτελέα	265	Π265	1.000000	30121	Πτελεόν	0.714286	0.285714	πτελεα	πτελεα
137965	Πτελεόν	8	meineke_page_562.jpg	562	11118	ocr	OCR from image meineke_page_562.jpg (id=1734)	60a0532a53fd53058fe09bb643192ee549d7699a8d80aeccd5f83c44bec6aee6	30121	Πτελεόν	266	Π266	1.000000	30120	Πτελέα	0.714286	0.285714	πτελεον	πτελεον
137966	Πτελεατης		meineke_page_563.jpg	563	11119	ocr	OCR from image meineke_page_563.jpg (id=1735)	c56a2481be0b860b4be10ecfbd48271e828afcc8552f038cf2ee0038fb96151a	30120	Πτελέα	265	Π265	0.666667	17085	Ἐρευάτης	0.555556	0.111111	πτελεατησ	πτελεα
137967	Πτερον		meineke_page_563.jpg	563	11120	ocr	OCR from image meineke_page_563.jpg (id=1735)	f2baf953a629f29e5feb1b37ab92f79b34f3f200e1d5433d57e320625825d84d	30122	Πτέριον	267	Π267	0.857143	30121	Πτελεόν	0.714286	0.142857	πτερον	πτεριον
137968	Πτολεμαϊς		meineke_page_563.jpg	563	11121	ocr	OCR from image meineke_page_563.jpg (id=1735)	6348f7558b52a4962789d5ea8df2abe993fe78b30a5389075274f2fa1dec97bd	30123	Πτολεμαΐς	268	Π268	1.000000	26663	Πάρεμφις	0.555556	0.444444	πτολεμαισ	πτολεμαισ
137969	Πτινυια		meineke_page_563.jpg	563	11122	ocr	OCR from image meineke_page_563.jpg (id=1735)	de02cb2549d038e4ab62466b0b373a046f1208ec7befcb324692d5d76e596701	28401	Ποτίδαια	219	Π219	0.625000	10294	Μινύα	0.571429	0.053571	πτινυια	ποτιδαια
137970	Πυγελα		meineke_page_563.jpg	563	11123	ocr	OCR from image meineke_page_563.jpg (id=1735)	4d429c3acb85dfb0756e9faa605bdf5117b17baecd3a6ea5fb336e04a71ea815	30125	Πύγελα	270	Π270	1.000000	7261	Κύψελα	0.666667	0.333333	πυγελα	πυγελα
137972	Πυθης		meineke_page_563.jpg	563	11125	ocr	OCR from image meineke_page_563.jpg (id=1735)	fc4a7a28524e59fc7f3ba9e8176edb4d5cb8639fcc43e44d5d7d1d1e4a7b3e39	30127	Πύδης	272	Π272	0.800000	7245	Κύρης	0.600000	0.200000	πυθησ	πυδησ
137973	Πυδνα		meineke_page_563.jpg	563	11126	ocr	OCR from image meineke_page_563.jpg (id=1735)	a5dbeb14a451789821ee73ac0d65d9ae15e864625726b2ad4006cd8c7fcb3b24	30128	Πύδνα	273	Π273	1.000000	3557	Κύδνα	0.800000	0.200000	πυδνα	πυδνα
137974	Πυγνις		meineke_page_563.jpg	563	11127	ocr	OCR from image meineke_page_563.jpg (id=1735)	8bbfb85e0bd4d46088b577b29b10e654f4414bd938cc4fa56b64c4dfc38b99b2	30129	Πυῆνις	274	Π274	0.833333	30136	Πύξις	0.666667	0.166667	πυγνισ	πυηνισ
137975	Πυθιον		meineke_page_563.jpg	563	11128	ocr	OCR from image meineke_page_563.jpg (id=1735)	0fb074cff5ac8d6f8a7d7b962e9ca4f2a45a9e32a854af990377878ad00460a6	30130	Πύθιον	275	Π275	1.000000	125134	Γύθειον	0.714286	0.285714	πυθιον	πυθιον
137976	Πύθιος		meineke_page_564.jpg	564	11129	ocr	OCR from image meineke_page_564.jpg (id=1736)	86bbed5dd596fc2f2c2db90ddb948cfcd09c3596e728828bf7e67065cdb76854	30130	Πύθιον	275	Π275	0.833333	7213	Κύθνος	0.666667	0.166667	πυθιοσ	πυθιον
137977	Πυληνη		meineke_page_565.jpg	565	11130	ocr	OCR from image meineke_page_565.jpg (id=1737)	cd53b18dbf111ececcec0421c9c0512e5c98a79d503345854fe817aeca723cc0	30134	Πυλήνη	279	Π279	1.000000	30145	Πυρήνη	0.833333	0.166667	πυληνη	πυληνη
137978	Πυλος		meineke_page_565.jpg	565	11131	ocr	OCR from image meineke_page_565.jpg (id=1737)	58a53cf26dd590f0edaa631feba5efb5146820bb79556d096ca4e8c73209ca1b	30135	Πύλος	280	Π280	1.000000	11929	Ξύλος	0.800000	0.200000	πυλοσ	πυλοσ
137979	Πυξις		meineke_page_565.jpg	565	11132	ocr	OCR from image meineke_page_565.jpg (id=1737)	ce471aa9f4552af2465508450dc31730268e77f738ea8bd9265fcca333b80d41	30136	Πύξις	281	Π281	1.000000	30129	Πυῆνις	0.666667	0.333333	πυξισ	πυξισ
137980	Πυδου̑ς		meineke_page_565.jpg	565	11133	ocr	OCR from image meineke_page_565.jpg (id=1737)	6e9d2079154f85c04b95990b474d3c061937b4f7b63d69e82e711376cbaead21	30137	Πυξοϋς	282	Π282	0.833333	11034	Μυοῦς	0.666667	0.166667	πυδουσ	πυξουσ
137981	Πυραια		meineke_page_565.jpg	565	11134	ocr	OCR from image meineke_page_565.jpg (id=1737)	ebfee77d39adcd44d2060ea5c57bab4a69931f69de4910f73e0ec496c7594b0a	30138	Πυραία	283	Π283	1.000000	26725	Περαία	0.833333	0.166667	πυραια	πυραια
137982	Πυραμἱδες		meineke_page_565.jpg	565	11135	ocr	OCR from image meineke_page_565.jpg (id=1737)	20d133d48fcbaf2b6625a5b5e5683d79c3cd40ad46b48ab252354ce1f9fc34a3	30139	Πυραμίδες	284	Π284	1.000000	3513	Κρανίδες	0.666667	0.333333	πυραμιδεσ	πυραμιδεσ
137983	Πυρεσμος		meineke_page_565.jpg	565	11136	ocr	OCR from image meineke_page_565.jpg (id=1737)	c20728e96beb543563c68f20a258c8c06641e51cd3dd22c6d32d3d2b0bd844f8	30140	Πύραμος	285	Π285	0.750000	30142	Πύρασος	0.750000	0.000000	πυρεσμοσ	πυραμοσ
137984	Πίρανθος		meineke_page_566.jpg	566	11137	ocr	OCR from image meineke_page_566.jpg (id=1738)	75ad54f4e6a1fca24fdf7682a4d7cab1c4d5c42d62cf61c08afa0d356a936e80	30141	Πύρανθος	286	Π286	0.875000	26733	Πέρινθος	0.750000	0.125000	πιρανθοσ	πυρανθοσ
137985	Πίρησσος		meineke_page_566.jpg	566	11138	ocr	OCR from image meineke_page_566.jpg (id=1738)	547fc1da186e73ca24d6cdd11b82d9293393d9f82e99ad2d1c3787228122a530	3268	Κορησσός	160	Κ160	0.750000	2478	Καρδησσός	0.666667	0.083333	πιρησσοσ	κορησσοσ
137986	Πιήρησσα		meineke_page_566.jpg	566	11139	ocr	OCR from image meineke_page_566.jpg (id=1738)	2071231f1ef5cdd4c278520719f7f62ee327cda1bc7ad75bec0f56bd14a23eda	3522	Κρῆσσα	214	Κ214	0.625000	28317	Πέτροσσα	0.625000	0.000000	πιηρησσα	κρησσα
137987	Πίεργος		meineke_page_566.jpg	566	11140	ocr	OCR from image meineke_page_566.jpg (id=1738)	1429f8b035e6b6da9754d347fe8719680e33a1e9d40102a04ad0dbb9c8117e91	26727	Πέργαμος	104	Π104	0.625000	30096	Πριούερνος	0.600000	0.025000	πιεργοσ	περγαμοσ
137988	Πιερήνη		meineke_page_566.jpg	566	11141	ocr	OCR from image meineke_page_566.jpg (id=1738)	2a61bb8a727dfa447b3f63b740eb6df3538ec8be7acd7816e34a99cbe6928ef2	22208	Ἰέρνη	38	Ι38	0.714286	26736	Πέρνη	0.714286	0.000000	πιερηνη	ιερνη
137989	Πίεινθος		meineke_page_566.jpg	566	11142	ocr	OCR from image meineke_page_566.jpg (id=1738)	2d9039585edb3a10016027342e9a4b50fbab8560d1b7d30568957499d354a706	26733	Πέρινθος	110	Π110	0.750000	3269	Κόρινθος	0.625000	0.125000	πιεινθοσ	περινθοσ
137990	Πίγειρος		meineke_page_566.jpg	566	11143	ocr	OCR from image meineke_page_566.jpg (id=1738)	5fa59245f187262dcf8aba1221a8b8facae1a3690679546ecd957792f1352429	28351	Πίστιρος	162	Π162	0.750000	61145	Αἰγειροῦσσα	0.636364	0.113636	πιγειροσ	πιστιροσ
137993	Πυλίς καὶ Σῖγνος		meineke_page_566.jpg	566	11146	ocr	OCR from image meineke_page_566.jpg (id=1738)	042d9c9957708aae0e3fa117d5e9d57caef53087de95ce11854609bd25979f25	30150	Πῶλις καὶ Σῆνος	295	Π295	0.785714	2074	Καικῖνον	0.428571	0.357143	πυλισκαισιγνοσ	πωλισκαισηνοσ
137994	Ῥάφα		meineke_page_566.jpg	566	11147	ocr	OCR from image meineke_page_566.jpg (id=1738)	788b44a7ffbe7f2c1630c48dae1da258e11e50518369a6d19ff2ec8c3c4cd5a0	30151	Ῥάβα	1	Ρ1	0.750000	30155	Ῥάγα	0.750000	0.000000	ραφα	ραβα
137995	Ῥαβδάψυμβα		meineke_page_566.jpg	566	11148	ocr	OCR from image meineke_page_566.jpg (id=1738)	5b9ececb4dc23cfb57958d2e4e427ff981fceba04f221404f114a6c1da63b152	30152	Ῥαββάθμωβα	2	Ρ2	0.600000	2458	Κάνδυβα	0.500000	0.100000	ραβδαψυμβα	ραββαθμωβα
137996	Ῥαββατάμμανα	1	meineke_page_567.jpg	567	11149	ocr	OCR from image meineke_page_567.jpg (id=1739)	ebcef8754116fa017dd7e5303e1cd0b4366f783abbb476d5cdba3ab5fab999bc	30153	Ῥαββατάμμανα	3	Ρ3	1.000000	30152	Ῥαββάθμωβα	0.583333	0.416667	ραββαταμμανα	ραββαταμμανα
137997	Ῥάβεννα	2	meineke_page_567.jpg	567	11150	ocr	OCR from image meineke_page_567.jpg (id=1739)	ff87570fcd3a4df50dcf85c1798abb7f331134068a1ef24479a32deccddde96d	30154	Ῥάβεννα	4	Ρ4	1.000000	108933	Βέννα	0.714286	0.285714	ραβεννα	ραβεννα
137998	Ῥάγα	3	meineke_page_567.jpg	567	11151	ocr	OCR from image meineke_page_567.jpg (id=1739)	61e2bad36ff5b605ce3ffba275caed5a8036a189988d0b6c40d929873a8688fa	30155	Ῥάγα	5	Ρ5	1.000000	30151	Ῥάβα	0.750000	0.250000	ραγα	ραγα
137999	Ῥαδανονία	4	meineke_page_567.jpg	567	11152	ocr	OCR from image meineke_page_567.jpg (id=1739)	48b7aa3df898e6213c1cda1bb3ad3164e13b803f95556f51a32a4165eb6a6752	30156	Ῥαδανουσία	6	Ρ6	0.800000	31964	Ῥοδανουσία	0.700000	0.100000	ραδανονια	ραδανουσια
138000	Ῥαίαι	5	meineke_page_567.jpg	567	11153	ocr	OCR from image meineke_page_567.jpg (id=1739)	1ff1d6f744b00f6b99425d738e3b314895d130d01bc79c9bcf636af288664070	30157	Ῥαία	7	Ρ7	0.800000	30082	Πρακίαι	0.714286	0.085714	ραιαι	ραια
138001	Ῥαιτοί		meineke_page_568.jpg	568	11154	ocr	OCR from image meineke_page_568.jpg (id=1740)	00662a2d4e5824e4e6adcd43f697513e54b1070c22a203371317e4485046ec56	30158	Ῥαιτοί	8	Ρ8	1.000000	115324	Βραισοί	0.714286	0.285714	ραιτοι	ραιτοι
138002	Ῥέατιον		meineke_page_569.jpg	569	11155	ocr	OCR from image meineke_page_569.jpg (id=1741)	e6c2fcfa259da1e558bfe139cbf396989ed50a8e837a99d18f0577c91801509a	30168	Ῥεάτιον	18	Ρ18	1.000000	31984	Ῥύτιον	0.714286	0.285714	ρεατιον	ρεατιον
138006	Ῥίβας		meineke_page_569.jpg	569	11159	ocr	OCR from image meineke_page_569.jpg (id=1741)	04c9cf0703b48a97885f9f60153d73c3027848dfe8524202e2aeab9594685b99	30172	Ῥήβας	22	Ρ22	0.800000	22134	Θιβαΐς	0.666667	0.133333	ριβασ	ρηβασ
138007	Ῥηγίλλος		meineke_page_569.jpg	569	11160	ocr	OCR from image meineke_page_569.jpg (id=1741)	cc5096b90beef4e5066e36e6a33cf2714f43e0cf5a0cbb904b7830e033cd1b7e	30173	Ῥήγιον	23	Ρ24	0.625000	50999	Τράγιλος	0.625000	0.000000	ρηγιλλοσ	ρηγιον
138011	Ῥήγνοι		meineke_page_569.jpg	569	11164	ocr	OCR from image meineke_page_569.jpg (id=1741)	addfcf1d4a437577d769e72a0adb73505362051e1291b22d3403d493672d1284	30176	Ῥῆνοι	26	Ρ27	0.833333	30173	Ῥήγιον	0.666667	0.166667	ρηγνοι	ρηνοι
138012	Ῥιτύνια		meineke_page_569.jpg	569	11165	ocr	OCR from image meineke_page_569.jpg (id=1741)	2f2210c80b88de9f14b170283f834f487ca90475d4a7743dbc3452ad5923c07e	30181	Ῥιθυμνία	32	Ρ32	0.750000	28356	Πιτύεια	0.714286	0.035714	ριτυνια	ριθυμνια
138014	Ῥιτοῦς	2	meineke_page_570.jpg	570	11167	ocr	OCR from image meineke_page_570.jpg (id=1742)	1ebd26a8ba0b93381a13497d853bae402cf3867d54e5b6e424bdd7cfa6923109	30179	Ῥιζοῦς	30	Ρ30	0.833333	12795	Οἰκοῦς	0.666667	0.166667	ριτουσ	ριζουσ
138016	Ῥιθυμία	4	meineke_page_570.jpg	570	11169	ocr	OCR from image meineke_page_570.jpg (id=1742)	e46d42e6572446ad2d92585935c657ebac263a885a0eb1aaa3409e6f14271332	30181	Ῥιθυμνία	32	Ρ32	0.875000	108964	Βιθυνία	0.714286	0.160714	ριθυμια	ριθυμνια
138017	Ῥινοκούνουρα	5	meineke_page_570.jpg	570	11170	ocr	OCR from image meineke_page_570.jpg (id=1742)	bb950091a88f19aba788f74934528994cabd5da9a2c24027e5e8d140447b18b0	30182	Ῥινοκούρουρα	33	Ρ33	0.916667	7229	Κύνουρα	0.583333	0.333333	ρινοκουνουρα	ρινοκουρουρα
138022	Ῥοδανουσία		meineke_page_571.jpg	571	11175	ocr	OCR from image meineke_page_571.jpg (id=1743)	c15fc6406afb5baeba33529130e9cd33c72578e37e80d85f86c905f06dfc3946	31964	Ῥοδανουσία	38	Ρ38	1.000000	30156	Ῥαδανουσία	0.900000	0.100000	ροδανουσια	ροδανουσια
138023	Ῥοδαί		meineke_page_571.jpg	571	11176	ocr	OCR from image meineke_page_571.jpg (id=1743)	0a0263d491fdca56e9a1c13c19ecf5aabfe8bf0154e9a7b0f81a09a9aaded1d6	31965	Ῥοδαί	39	Ρ39	1.000000	17102	Ἐροιάδαι	0.625000	0.375000	ροδαι	ροδαι
138024	Ῥόδη		meineke_page_571.jpg	571	11177	ocr	OCR from image meineke_page_571.jpg (id=1743)	7eabd1abe695932d1f3f53d9bcd3783d99352530202c14b330c7c98896e93f26	31966	Ῥόδη	40	Ρ40	1.000000	31968	Ῥοδόη	0.800000	0.200000	ροδη	ροδη
138025	Ῥοδία		meineke_page_571.jpg	571	11178	ocr	OCR from image meineke_page_571.jpg (id=1743)	a49fdf31a9a9bbe82426a1e20a2a7815ac094dbdc204bda246a927882dfa3455	31967	Ῥοδία	41	Ρ41	1.000000	31963	Ῥόβεια	0.666667	0.333333	ροδια	ροδια
138026	Ῥοδότη		meineke_page_571.jpg	571	11179	ocr	OCR from image meineke_page_571.jpg (id=1743)	b3ac1560a6770f1d705efebed5e588e4bdcb8ace6391543b6859329bb05b2fb4	31968	Ῥοδόη	42	Ρ42	0.833333	31969	Ῥοδόπη	0.833333	0.000000	ροδοτη	ροδοη
138027	Ῥοδόπη		meineke_page_571.jpg	571	11180	ocr	OCR from image meineke_page_571.jpg (id=1743)	96f21c94ab1e850ea46dbf29ce7639460741d2f8bcac73d3623e7a3337461dea	31969	Ῥοδόπη	43	Ρ43	1.000000	31968	Ῥοδόη	0.833333	0.166667	ροδοπη	ροδοπη
138028	Ῥόδος		meineke_page_571.jpg	571	11181	ocr	OCR from image meineke_page_571.jpg (id=1743)	0c06512c83b8f2a0d8108526ff5fc7719d3b4aa781faad91be889938fea82a76	31970	Ῥόδος	44	Ρ44	1.000000	11944	Ὁδός	0.800000	0.200000	ροδοσ	ροδοσ
138029	Ῥοδουντία		meineke_page_572.jpg	572	11182	ocr	OCR from image meineke_page_572.jpg (id=1744)	0373931ea9047e0d42779e0d93ee3b62b0a9586d768948ad5b572c2d8219bbff	31971	Ῥοδουντία	45	Ρ45	1.000000	31972	Ῥοδοῦσσα	0.666667	0.333333	ροδουντια	ροδουντια
138030	Ῥοδούννουσα		meineke_page_572.jpg	572	11183	ocr	OCR from image meineke_page_572.jpg (id=1744)	f7e8806d835ce7a614513d7bafd479379c7e869824d1089ae8f8d8a234c11ec4	31964	Ῥοδανουσία	38	Ρ38	0.636364	31971	Ῥοδουντία	0.636364	0.000000	ροδουννουσα	ροδανουσια
138031	Ῥοῖζος		meineke_page_572.jpg	572	11184	ocr	OCR from image meineke_page_572.jpg (id=1744)	c4e1087545ee8366f9edef8756f2e781ecf02ee157bd3b97768bb2d627c3c1c0	31973	Ῥοῖξος	47	Ρ47	0.833333	12794	Οἶκος	0.666667	0.166667	ροιζοσ	ροιξοσ
138032	Ῥοϊτεῖον		meineke_page_572.jpg	572	11185	ocr	OCR from image meineke_page_572.jpg (id=1744)	84068fbebc0d1f12c4bd6838b50eea74b0d58f48b9a47b5e69246c5c057c59eb	31974	Ῥοίτειον	48	Ρ48	1.000000	19501	Ζοίτειον	0.875000	0.125000	ροιτειον	ροιτειον
138033	Ῥοτια		meineke_page_572.jpg	572	11186	ocr	OCR from image meineke_page_572.jpg (id=1744)	134014fc3511fbabcbaa6bfa06da26dd80d90661fa8261b914886572c8b76158	31975	Ῥοιτία	49	Ρ49	0.833333	31967	Ῥοδία	0.800000	0.033333	ροτια	ροιτια
138035	Ῥοζονοκαιαία		meineke_page_572.jpg	572	11188	ocr	OCR from image meineke_page_572.jpg (id=1744)	b49f59071221d87a1c09f87f9ca13b1e79c11a56010c3382aa461b5aa3635056	31977	Ῥοξονοκαία	51	Ρ51	0.750000	11938	Ὀγκαῖαι	0.500000	0.250000	ροζονοκαιαια	ροξονοκαια
138036	Ῥοπείς		meineke_page_572.jpg	572	11189	ocr	OCR from image meineke_page_572.jpg (id=1744)	ec2d40c41dd8383f495302aee2dba54abedca67ac1769094fea1847d89b7de1c	31978	Ῥοπεῖς	52	Ρ52	1.000000	12854	Ὀπόεις	0.666667	0.333333	ροπεισ	ροπεισ
138037	Ῥύβδος		meineke_page_572.jpg	572	11190	ocr	OCR from image meineke_page_572.jpg (id=1744)	631d53e7f4e1623ca8c539f11319842eb3c7ba382759a680545135d7c4f03840	31979	Ῥύβδος	53	Ρ53	1.000000	3554	Κύβος	0.666667	0.333333	ρυβδοσ	ρυβδοσ
138038	Ῥύγχαι		meineke_page_572.jpg	572	11191	ocr	OCR from image meineke_page_572.jpg (id=1744)	a047f3120ffe595b311c1993e3e65efaf913f7a4c60523c2371290f4be097317	31980	Ῥύγχαι	54	Ρ54	1.000000	31983	Ῥύπαι	0.666667	0.333333	ρυγχαι	ρυγχαι
138039	Ῥύμη		meineke_page_572.jpg	572	11192	ocr	OCR from image meineke_page_572.jpg (id=1744)	cfd6608585b219d5c92f95581326919e0955f0c9c34288c34f1b5cbfaa83dab3	31981	Ῥύμη	55	Ρ55	1.000000	14882	Δρύμη	0.800000	0.200000	ρυμη	ρυμη
138040	Ῥύνδακος		meineke_page_573.jpg	573	11193	ocr	OCR from image meineke_page_573.jpg (id=1745)	a54544a3532c616645cfdb00c6f31875f753489947f0c6ab166cf4113d54fa59	31982	Ῥύνδακος	56	Ρ56	1.000000	42031	Σύνδικος	0.750000	0.250000	ρυνδακοσ	ρυνδακοσ
138041	Ῥύπαι		meineke_page_573.jpg	573	11194	ocr	OCR from image meineke_page_573.jpg (id=1745)	25d7f6588872f24ed385f5549b9195254bae5d72e1b2e550805b644d5b76e6b3	31983	Ῥύπαι	57	Ρ57	1.000000	30184	Ῥιπαῖα	0.666667	0.333333	ρυπαι	ρυπαι
138042	Ῥίτιον		meineke_page_573.jpg	573	11195	ocr	OCR from image meineke_page_573.jpg (id=1745)	cfd059025735a68059e09ae4b1c5df293800b57cb980c6ab2ca10f291138125d	31984	Ῥύτιον	58	Ρ58	0.833333	31974	Ῥοίτειον	0.750000	0.083333	ριτιον	ρυτιον
138043	Ῥωγάγη		meineke_page_573.jpg	573	11196	ocr	OCR from image meineke_page_573.jpg (id=1745)	e8f9b75d8b4faa1c759aae0339214c6fc754a25f655168a3152ed7eedef8e30b	31985	Ῥωγάνη	59	Ρ59	0.833333	31986	Ῥώγη	0.666667	0.166667	ρωγαγη	ρωγανη
138044	Ῥώγη		meineke_page_573.jpg	573	11197	ocr	OCR from image meineke_page_573.jpg (id=1745)	75ad356c5f3bc719b07ab3dded27642dc025fe9e0c1c0a814048a5ecc95633e0	31986	Ῥώγη	60	Ρ60	1.000000	31988	Ῥώμη	0.750000	0.250000	ρωγη	ρωγη
138045	Ῥωμηλί		meineke_page_573.jpg	573	11198	ocr	OCR from image meineke_page_573.jpg (id=1745)	41330d877023d955b1f4a4b2c8d550f2e564dbc30451ae47dff548303881adb1	31989	Ῥωμυλία	63	Ρ63	0.714286	31988	Ῥώμη	0.666667	0.047619	ρωμηλι	ρωμυλια
138046	Ῥώμη		meineke_page_573.jpg	573	11199	ocr	OCR from image meineke_page_573.jpg (id=1745)	3d9d17b369453112535170c802f55fbf8b05d7accbe790a2568b5c0dc0a74e48	31988	Ῥώμη	62	Ρ62	1.000000	7266	Κώμη	0.750000	0.250000	ρωμη	ρωμη
138047	Ῥωμυλία		meineke_page_573.jpg	573	11200	ocr	OCR from image meineke_page_573.jpg (id=1745)	f74f3d46e6df63836988361b26c7140a9d08c03bc8a0bbad0fa395275df21fa2	31989	Ῥωμυλία	63	Ρ63	1.000000	32036	Σαμυλία	0.714286	0.285714	ρωμυλια	ρωμυλια
138048	Ῥών		meineke_page_573.jpg	573	11201	ocr	OCR from image meineke_page_573.jpg (id=1745)	8e26a9a14aa522b61bf042f0f23968c644ffbedcce8fce29e6a83c0215007e0a	31990	Ῥών	64	Ρ64	1.000000	6659	Ἑβρών	0.600000	0.400000	ρων	ρων
138049	Ῥωσός		meineke_page_573.jpg	573	11202	ocr	OCR from image meineke_page_573.jpg (id=1745)	4c6424501eb7d8a820d1823ad76ab27812a44122662cbfbdecec987ec4bca987	31991	Ῥωσός	65	Ρ65	1.000000	17083	Ἔρεσος	0.666667	0.333333	ρωσοσ	ρωσοσ
138050	Σάβαι		meineke_page_573.jpg	573	11203	ocr	OCR from image meineke_page_573.jpg (id=1745)	dc144539d75346687f32a8180b0bf8a0fc00d4cea5414e68d48dd664ff2983d3	31992	Σαβαί	1	Σ1	1.000000	7633	Λάβαι	0.800000	0.200000	σαβαι	σαβαι
138051	Σαβαϊα		meineke_page_574.jpg	574	11204	ocr	OCR from image meineke_page_574.jpg (id=1746)	61e6bf5d1e202199e6be614dbde9dcaf753916a31a265b2477f24c78cfbdfa93	31992	Σαβαί	1	Σ1	0.833333	31993	Σαββατία	0.750000	0.083333	σαβαια	σαβαι
138052	Σαββατία		meineke_page_574.jpg	574	11205	ocr	OCR from image meineke_page_574.jpg (id=1746)	800a66dd6c48cabb8f8cdf185c0dd66960566b0d8999dee7ff9bc5c0c5491a24	31993	Σαββατία	2	Σ2	1.000000	31992	Σαβαί	0.625000	0.375000	σαββατια	σαββατια
138054	Σάβοι		meineke_page_574.jpg	574	11207	ocr	OCR from image meineke_page_574.jpg (id=1746)	622841fa0ccd048bef4a220a04bce3fe1573c11d5d43a4ab07e26650736d4983	31995	Σάβοι	4	Σ4	1.000000	31992	Σαβαί	0.800000	0.200000	σαβοι	σαβοι
138055	Σαβώ		meineke_page_574.jpg	574	11208	ocr	OCR from image meineke_page_574.jpg (id=1746)	7aa26a391ba408ba816978c08446e46863953ceffdb07456500d4974420f3a42	31996	Σαβώ	5	Σ5	1.000000	31992	Σαβαί	0.600000	0.400000	σαβω	σαβω
138056	Σαγαλασσός		meineke_page_574.jpg	574	11209	ocr	OCR from image meineke_page_574.jpg (id=1746)	5e23d4d9ef79cfb02695ee857711e7685cf7bcd69dfbb851b311e36d59516fbe	31997	Σαγαλασσός	6	Σ6	1.000000	61198	Ἀκαλησσός	0.700000	0.300000	σαγαλασσοσ	σαγαλασσοσ
138057	Σαγαρεία		meineke_page_574.jpg	574	11210	ocr	OCR from image meineke_page_574.jpg (id=1746)	50abe5586b7cab4af888edcfbd907dd1b955d0bfd9d2e871e9b2eda5b5c611c4	31998	Σαγαρτία	7	Σ7	0.875000	32026	Σαμάρεια	0.875000	0.000000	σαγαρεια	σαγαρτια
138058	Σαγγαρεῖος		meineke_page_574.jpg	574	11211	ocr	OCR from image meineke_page_574.jpg (id=1746)	1610c471ed0952d51151876921f764ca18dbf3ffdd8f3027924e91766a0e4274	31999	Σαγγάριος	8	Σ8	0.900000	121799	Γαργαρεῖς	0.700000	0.200000	σαγγαρειοσ	σαγγαριοσ
138059	Σαγούντιον		meineke_page_574.jpg	574	11212	ocr	OCR from image meineke_page_574.jpg (id=1746)	63e6b0e574ea99fe77f3e41ebc9c4c0731bce4f1d0eedafa78a6ac80a5a8b120	8423	Λαούντιον	39	Λ39	0.800000	32000	Σάγουντος	0.800000	0.000000	σαγουντιον	λαουντιον
138060	Σάδᾱλις		meineke_page_574.jpg	574	11213	ocr	OCR from image meineke_page_574.jpg (id=1746)	5bb5a6f87aaef06811e9af5c913da9fd944a07da77128ff65cbb66ee858ff1fa	32001	Σάδαλις	10	Σ10	1.000000	2054	Καβαλίς	0.714286	0.285714	σαδαλισ	σαδαλισ
138061	Σάζοι		meineke_page_574.jpg	574	11214	ocr	OCR from image meineke_page_574.jpg (id=1746)	91632539f8a965a4916f2302ef0df1e0130ebf7d37f074e98931f18416f67930	32002	Σάζοι	11	Σ11	1.000000	7647	Λαζοί	0.800000	0.200000	σαζοι	σαζοι
138062	Σαδινή		meineke_page_574.jpg	574	11215	ocr	OCR from image meineke_page_574.jpg (id=1746)	554f52a111ecac71afbce54ee2b6883c1f16c355d022e9b1780f56641523092c	32003	Σαιδηνή	12	Σ12	0.714286	32043	Σάνη	0.666667	0.047619	σαδινη	σαιδηνη
138063	Σαΐτσαι		meineke_page_575.jpg	575	11216	ocr	OCR from image meineke_page_575.jpg (id=1747)	5e23ba330029283ed02dc7c07ea6bccd942d01baf60763436ac807d2cf00ac1b	32004	Σαΐξαι	13	Σ13	0.714286	32073	Σάτραι	0.714286	0.000000	σαιτσαι	σαιξαι
138064	Σᾶις		meineke_page_575.jpg	575	11217	ocr	OCR from image meineke_page_575.jpg (id=1747)	3fbcf7e59eee65559ba141a47e79ce68850e13057e0a727e855a0c5d2ee3efc4	32005	Σάϊς	14	Σ14	1.000000	32049	Σάος	0.750000	0.250000	σαισ	σαισ
138065	Σάκαι		meineke_page_575.jpg	575	11218	ocr	OCR from image meineke_page_575.jpg (id=1747)	dd19ce2f03a6abda328dd56996564d0ab30e9505c87e2fa22718ef9a0e204a69	32006	Σάκαι	15	Σ15	1.000000	8962	Μάκαι	0.800000	0.200000	σακαι	σακαι
138066	Σάκος		meineke_page_575.jpg	575	11219	ocr	OCR from image meineke_page_575.jpg (id=1747)	d81ad52442bd6939504649b6c7ca64d1758fe93ea87712be8b82a5faaa3dc718	32007	Σάκος	16	Σ16	1.000000	32033	Σάμος	0.800000	0.200000	σακοσ	σακοσ
138067	Σακχυνοί		meineke_page_575.jpg	575	11220	ocr	OCR from image meineke_page_575.jpg (id=1747)	90d59ce5c57385c0729073fc77d4af9deac37291291754e3ff0133af75208769	32008	Σακχηνοί	17	Σ17	0.875000	80209	Ἀκχηνοί	0.750000	0.125000	σακχυνοι	σακχηνοι
138068	Σάλαγγος		meineke_page_575.jpg	575	11221	ocr	OCR from image meineke_page_575.jpg (id=1747)	cc0d65400e562387c4415e131748cbd32afd09fb99668529eca5d352654bf118	32011	Σάλαγγος	20	Σ18	1.000000	42030	Σύναγγος	0.750000	0.250000	σαλαγγοσ	σαλαγγοσ
138069	Σαλάβιοι		meineke_page_575.jpg	575	11222	ocr	OCR from image meineke_page_575.jpg (id=1747)	9ae152fc0dec89d40964bbce7745bcbe7f88a13b49e0296490238810fba29df5	32009	Σαλάμιοι	18	Σ19	0.875000	32015	Σαλήσιοι	0.750000	0.125000	σαλαβιοι	σαλαμιοι
138070	Σαλαμίς		meineke_page_576.jpg	576	11223	ocr	OCR from image meineke_page_576.jpg (id=1748)	b5ceaf2fcd25dcba0483dfbc218bc4bd8337a89ed39d2e364560692fe517d9cb	32010	Σαλαμίς	19	Σ20	1.000000	32009	Σαλάμιοι	0.750000	0.250000	σαλαμισ	σαλαμισ
138071	Σάλαξ		meineke_page_576.jpg	576	11224	ocr	OCR from image meineke_page_576.jpg (id=1748)	585429db40c6bd0ebc07158b30a77cf050398320950a6141c771b1f0c4d5aaf1	32012	Σάλαρς	21	Σ21	0.666667	32014	Σάλγας	0.666667	0.000000	σαλαξ	σαλαρσ
138072	Σαλυανεύς		meineke_page_576.jpg	576	11225	ocr	OCR from image meineke_page_576.jpg (id=1748)	0102ac47162841e58141e13894d59f61f7923996550d0c4ddd04c01e63ecb1f1	32013	Σαλγανεύς	22	Σ22	0.888889	8977	Μαλάνιος	0.555556	0.333333	σαλυανευσ	σαλγανευσ
138073	Σάλγα		meineke_page_576.jpg	576	11226	ocr	OCR from image meineke_page_576.jpg (id=1748)	ce4c6c6417faa4581a61f42acac9128d39067625765d42e9f3b9b84c844b0a50	32014	Σάλγας	23	Σ23	0.833333	135368	Φάλγα	0.800000	0.033333	σαλγα	σαλγασ
138074	Σαλγιοί		meineke_page_576.jpg	576	11227	ocr	OCR from image meineke_page_576.jpg (id=1748)	ed96de221411530ad05455171bcbf957de1c14f45b83de869181e7a87d618d83	32009	Σαλάμιοι	18	Σ19	0.750000	32015	Σαλήσιοι	0.750000	0.000000	σαλγιοι	σαλαμιοι
138075	Σαλλεντία		meineke_page_576.jpg	576	11228	ocr	OCR from image meineke_page_576.jpg (id=1748)	1990026283fbf1a13262e8fe150009eaaba1bfb9700f7c8a86010924375c47a5	32016	Σαλλεντία	25	Σ25	1.000000	25135	Παλλαντία	0.777778	0.222222	σαλλεντια	σαλλεντια
138076	Σάλλυες		meineke_page_576.jpg	576	11229	ocr	OCR from image meineke_page_576.jpg (id=1748)	1a5c8b3bd01c1cd4a2900c18330c9d31308af5f5b3fe44c56f488baa288ff63b	32017	Σάλλυες	26	Σ26	1.000000	37839	Σίλλυος	0.714286	0.285714	σαλλυεσ	σαλλυεσ
138077	Σαλμακίς		meineke_page_576.jpg	576	11230	ocr	OCR from image meineke_page_576.jpg (id=1748)	050f1a4c0d8a33e59cd94b7264348d6b75ccbc17cff7afb45824c0902c6345b3	32018	Σαλμακίς	27	Σ27	1.000000	32010	Σαλαμίς	0.750000	0.250000	σαλμακισ	σαλμακισ
138078	Σακμηνοί		meineke_page_576.jpg	576	11231	ocr	OCR from image meineke_page_576.jpg (id=1748)	cf151219a9804da8f1f6dbf82b8e66b61b13539bd36fcf8e031dcdbdba3fb66b	32008	Σακχηνοί	17	Σ17	0.875000	32019	Σαλμηνοί	0.875000	0.000000	σακμηνοι	σακχηνοι
138079	Σάλμος		meineke_page_576.jpg	576	11232	ocr	OCR from image meineke_page_576.jpg (id=1748)	4aa97119b2ca28ac864081374d5a0b6b2db2f06dddaaf4a9d62feb03825258f0	32020	Σάλμος	29	Σ29	1.000000	32033	Σάμος	0.833333	0.166667	σαλμοσ	σαλμοσ
138080	Σαλημησσός		meineke_page_576.jpg	576	11233	ocr	OCR from image meineke_page_576.jpg (id=1748)	bc4bfffa289d650c75813462f1485272e9aa0cc03da1629a448b969731a569fd	32021	Σαλμυδησσός	30	Σ30	0.727273	32059	Σαρδησσός	0.700000	0.027273	σαλημησσοσ	σαλμυδησσοσ
138082	Σαλμυσα		meineke_page_577.jpg	577	11235	ocr	OCR from image meineke_page_577.jpg (id=1749)	ca6b3303d4dc7250dd4628ca514b9e0e9f1f3a00cba17ecf965b1867f76a695b	32022	Σάλμυκα	31	Σ31	0.857143	25138	Πάλμυρα	0.714286	0.142857	σαλμυσα	σαλμυκα
138083	Σάμβος		meineke_page_578.jpg	578	11236	ocr	OCR from image meineke_page_578.jpg (id=1750)	3874431e86219daf7d35cec38d8f258cd2845196389558facf399942be7cd170	32027	Σάμβος	36	Σ36	1.000000	32033	Σάμος	0.833333	0.166667	σαμβοσ	σαμβοσ
138084	Σαμηνοί		meineke_page_578.jpg	578	11237	ocr	OCR from image meineke_page_578.jpg (id=1750)	3c84dc0b39a5203db94ffa1b3156003ef10a3e70426cdb22d0571f3b56772f65	32028	Σαμηνοί	37	Σ37	1.000000	32019	Σαλμηνοί	0.875000	0.125000	σαμηνοι	σαμηνοι
138085	Σαμηνόν		meineke_page_578.jpg	578	11238	ocr	OCR from image meineke_page_578.jpg (id=1750)	086604f6d81eabe2c3b90cd3274a3a4e67eff76079d828932fc8e419ac090a10	32028	Σαμηνοί	37	Σ37	0.857143	32019	Σαλμηνοί	0.750000	0.107143	σαμηνον	σαμηνοι
138086	Σάμιον		meineke_page_578.jpg	578	11239	ocr	OCR from image meineke_page_578.jpg (id=1750)	559f99f007e4c947fb6195c0cadae2a8ff753afcc36d7f48e87ac867243215e8	32029	Σαμικόν	38	Σ38	0.857143	32030	Σάμνιον	0.857143	0.000000	σαμιον	σαμικον
138087	Σαμοθράκη		meineke_page_578.jpg	578	11240	ocr	OCR from image meineke_page_578.jpg (id=1750)	a9934fc29a2b2dcbd14f2353fea8243b1d8c29b4fa17688106a9a7866511e962	32031	Σαμοθρᾴκη	40	Σ40	1.000000	32035	Σαμυδάκη	0.666667	0.333333	σαμοθρακη	σαμοθρακη
138088	Σάμοργα καὶ Σάμοργος		meineke_page_578.jpg	578	11241	ocr	OCR from image meineke_page_578.jpg (id=1750)	b7d781790dc02b516e56600fe3e808ba173543c0a2e3631d6eb14f17b67770f7	31997	Σαγαλασσός	6	Σ6	0.444444	61093	Ἄγρα καὶ Ἄγραι	0.444444	0.000000	σαμοργακαισαμοργοσ	σαγαλασσοσ
138089	Σάμος		meineke_page_578.jpg	578	11242	ocr	OCR from image meineke_page_578.jpg (id=1750)	e8f1164ec3d88d780543b3af66efefab12ac0460b0880ee766d1ad08e4418914	32033	Σάμος	42	Σ42	1.000000	32020	Σάλμος	0.833333	0.166667	σαμοσ	σαμοσ
138090	Σαμόσατα		meineke_page_579.jpg	579	11243	ocr	OCR from image meineke_page_579.jpg (id=1751)	16d07865704d9b988b6e9bea1bd2ba660f5d4969637f2c57b935c0e68fb27419	32034	Σαμόσατα	43	Σ43	1.000000	10302	Μόκατα	0.625000	0.375000	σαμοσατα	σαμοσατα
138091	Σάννα	1	meineke_page_580.jpg	580	11244	ocr	OCR from image meineke_page_580.jpg (id=1752)	804d9076ad77cbc1d0740fba00bc073ab7b903de33fb76a2ff91d7ef5e595138	32044	Σανίνα	53	Σ53	0.833333	85691	Ἄννα	0.800000	0.033333	σαννα	σανινα
138092	Σαννίται	2	meineke_page_580.jpg	580	11245	ocr	OCR from image meineke_page_580.jpg (id=1752)	ba543946bd17d71abee5e29acde3cbb9e3b838b36d7baf56c8e510b541c285fd	32045	Σαννίγαι	54	Σ54	0.875000	32078	Σαυνῖται	0.875000	0.000000	σαννιται	σαννιγαι
138093	Σάντις	3	meineke_page_580.jpg	580	11246	ocr	OCR from image meineke_page_580.jpg (id=1752)	830f8ed8bd73ff2054f1bcd38974a003ae200053c7beaebbff7b9817122befdd	32046	Σάντις	55	Σ55	1.000000	2464	Κάνυτις	0.714286	0.285714	σαντισ	σαντισ
138094	Σάντονες	4	meineke_page_580.jpg	580	11247	ocr	OCR from image meineke_page_580.jpg (id=1752)	2b47c2aef71b2bd2172811ae815427234265d49bcdfeaea628e7c16514d86110	32047	Σάντονες	56	Σ56	1.000000	32048	Σάξονες	0.750000	0.250000	σαντονεσ	σαντονεσ
138095	Σάνδονες	5	meineke_page_580.jpg	580	11248	ocr	OCR from image meineke_page_580.jpg (id=1752)	bb8e9fc4960754fe859f5443f214afd988b0294b95dcfd31ea5a715fff2f52b8	32047	Σάντονες	56	Σ56	0.875000	9007	Μαρδόνες	0.750000	0.125000	σανδονεσ	σαντονεσ
138096	Σάιοι	6	meineke_page_580.jpg	580	11249	ocr	OCR from image meineke_page_580.jpg (id=1752)	c48e1fd18e5939b0fd7756c6014e26187648ec988aeb036cf2cc752ab780ca51	39842	Σκαιοί	193	Σ193	0.833333	31995	Σάβοι	0.800000	0.033333	σαιοι	σκαιοι
138097	Σάπαι	7	meineke_page_580.jpg	580	11250	ocr	OCR from image meineke_page_580.jpg (id=1752)	4f61b439fcf25f1e9c2f3cb44baae5d9a18a36a21b5e25f8ae40b100fd65afd2	32050	Σάπαι	59	Σ59	1.000000	2467	Κάπαι	0.800000	0.200000	σαπαι	σαπαι
138098	Σάπειρες	8	meineke_page_580.jpg	580	11251	ocr	OCR from image meineke_page_580.jpg (id=1752)	71f9d772b9e2b90e7e616c99e4c04294a07ac83113f73f5a038e194c56385f37	32051	Σάπειρες	60	Σ60	1.000000	2609	Κάσπειρος	0.666667	0.333333	σαπειρεσ	σαπειρεσ
138099	Σαπφειρηνή		meineke_page_581.jpg	581	11252	ocr	OCR from image meineke_page_581.jpg (id=1753)	c538e2c7af71d9172a8c1cb63f6097a6b69277de5117653b6f0dccbfcd890bfa	32052	Σαπφειρηνή	61	Σ61	1.000000	32003	Σαιδηνή	0.600000	0.400000	σαπφειρηνη	σαπφειρηνη
138100	Σάφακα		meineke_page_581.jpg	581	11253	ocr	OCR from image meineke_page_581.jpg (id=1753)	29c45a73646a7951117c832d44111b787b79079052808d0310a1c0285e91c5b5	32053	Σάρακα	62	Σ62	0.833333	8487	Μάζακα	0.666667	0.166667	σαφακα	σαρακα
138101	Σάραπις		meineke_page_581.jpg	581	11254	ocr	OCR from image meineke_page_581.jpg (id=1753)	c47833d8c051567da58e84e9f2fea9b065fc5b28e6e93b6dfb378ffc27266bf0	32054	Σάραπις	63	Σ63	1.000000	32001	Σάδαλις	0.714286	0.285714	σαραπισ	σαραπισ
138102	Σάραπτα		meineke_page_581.jpg	581	11255	ocr	OCR from image meineke_page_581.jpg (id=1753)	ebbf3c90500a2219f69a6af5bd79fb615b7058c84ee138df760ee0949cd91989	32055	Σάραπτα	64	Σ64	1.000000	30162	Ῥάπτα	0.714286	0.285714	σαραπτα	σαραπτα
138103	Σάργαψα		meineke_page_581.jpg	581	11256	ocr	OCR from image meineke_page_581.jpg (id=1753)	35292abb58298c338bbd53f8d009095b5ec445ca935ae9433b9e11fc85d883f3	32056	Σάργανθα	65	Σ65	0.750000	9004	Μάργαια	0.714286	0.035714	σαργαψα	σαργανθα
138104	Σάργαντις		meineke_page_581.jpg	581	11257	ocr	OCR from image meineke_page_581.jpg (id=1753)	05b64f71d8696625e1bed2444f5e9b4e77af718d194ba44d31ef5a642489ade4	32057	Σάργαντις	66	Σ66	1.000000	2476	Καρβανίς	0.666667	0.333333	σαργαντισ	σαργαντισ
138105	Σάθδαιον		meineke_page_581.jpg	581	11258	ocr	OCR from image meineke_page_581.jpg (id=1753)	4aeecd60d2edc790498d5c36e7f5730c289b62a0a5fab436ef4cce4b1bfd553f	32058	Σάρδαιον	67	Σ67	0.875000	32040	Σανδάλιον	0.777778	0.097222	σαθδαιον	σαρδαιον
138106	Σαθρησσός		meineke_page_581.jpg	581	11259	ocr	OCR from image meineke_page_581.jpg (id=1753)	b15484f441fed7ceb9cfd027d862425638ba9f7c672123ed04813246bd96e0d7	32059	Σαρδησσός	68	Σ68	0.777778	2478	Καρδησσός	0.666667	0.111111	σαθρησσοσ	σαρδησσοσ
138107	Σάθδις		meineke_page_581.jpg	581	11260	ocr	OCR from image meineke_page_581.jpg (id=1753)	003e883b4957692cbf129f39919cd9b53c86d369286a16fc4ee17527c14f0fdd	32060	Σάρδις	69	Σ69	0.833333	32005	Σάϊς	0.666667	0.166667	σαθδισ	σαρδισ
138108	Σάθδος		meineke_page_581.jpg	581	11261	ocr	OCR from image meineke_page_581.jpg (id=1753)	9ce674e1be4101b6de7cf1798bd2b3010b76c9f8fb4d001796ce6c5bc3f3e520	32061	Σάρδος	70	Σ70	0.833333	32007	Σάκος	0.666667	0.166667	σαθδοσ	σαρδοσ
138109	Σαθδώ		meineke_page_581.jpg	581	11262	ocr	OCR from image meineke_page_581.jpg (id=1753)	30b6d57d8cb417ce5f9ac753f8e3245c80b2e4b40d57cd974a84431ece22e45e	32062	Σαρδώ	71	Σ71	0.800000	32041	Σάνδων	0.666667	0.133333	σαθδω	σαρδω
138110	Σάριχα		meineke_page_582.jpg	582	11263	ocr	OCR from image meineke_page_582.jpg (id=1754)	6af78461a4ef1182a457c3006120b669ae8b1c320ea5f4d59838d729d1f446be	32063	Σάριχα	72	Σ72	1.000000	2484	Καρία	0.666667	0.333333	σαριχα	σαριχα
138111	Σαρμάται		meineke_page_582.jpg	582	11264	ocr	OCR from image meineke_page_582.jpg (id=1754)	f705ae5c35f8dc03aafca8b75b04889d6978d87c9386d51bec8c5d0bb95f9294	32064	Σαρμάται	73	Σ73	1.000000	42038	Συρμάται	0.875000	0.125000	σαρμαται	σαρμαται
138112	Σαρωνεύς		meineke_page_582.jpg	582	11265	ocr	OCR from image meineke_page_582.jpg (id=1754)	7044c19459b730f0a7ad12a4e6497aa0ea591af13db3177c9c01cec9bfa4740d	32065	Σαρνοῦς	74	Σ74	0.750000	32013	Σαλγανεύς	0.666667	0.083333	σαρωνευσ	σαρνουσ
138113	Σαρπηδών		meineke_page_582.jpg	582	11266	ocr	OCR from image meineke_page_582.jpg (id=1754)	f13972080d95a9d3921358c3bd9e127bc3acd125e1ef6c43210934bc1be3c566	32066	Σαρπηδών	75	Σ75	1.000000	2604	Καρχηδών	0.750000	0.250000	σαρπηδων	σαρπηδων
138114	Σάρπη		meineke_page_582.jpg	582	11267	ocr	OCR from image meineke_page_582.jpg (id=1754)	dd9ae8e5bca9fd57ab27bafec8f87d3cd8aa7203eb68735fe8780697eb963955	32067	Σάρτη	76	Σ76	0.800000	44238	Τάρπη	0.800000	0.000000	σαρπη	σαρτη
138115	Σάφων		meineke_page_582.jpg	582	11268	ocr	OCR from image meineke_page_582.jpg (id=1754)	b712027d330d6e36f5d5189280be66d6b42c27cb6903fe599b02f5e8d8b24efe	32068	Σάρων	77	Σ77	0.800000	32024	Σάλωνα	0.666667	0.133333	σαφων	σαρων
138116	Σάτρα		meineke_page_582.jpg	582	11269	ocr	OCR from image meineke_page_582.jpg (id=1754)	a161e76e959fe23d36e1a801ebc9da112bf9b47b9a501c82a2e8a39800fa8d06	32069	Σάτρα	78	Σ78	1.000000	32073	Σάτραι	0.833333	0.166667	σατρα	σατρα
138117	Σατορνία		meineke_page_582.jpg	582	11270	ocr	OCR from image meineke_page_582.jpg (id=1754)	dc479de82386fe42c2533eb79fc70deda568440168edb3214a972319d97115e8	32070	Σατορνία	79	Σ79	1.000000	32032	Σάμορνα	0.750000	0.250000	σατορνια	σατορνια
138118	Σάταλα		meineke_page_582.jpg	582	11271	ocr	OCR from image meineke_page_582.jpg (id=1754)	461db6480247482f899ce7ec4d1ce43d556b2e07e6ebb6702a5930aff9328eef	32071	Σάταλα	80	Σ80	1.000000	26687	Πάταλα	0.833333	0.166667	σαταλα	σαταλα
138119	Σατικόλα		meineke_page_582.jpg	582	11272	ocr	OCR from image meineke_page_582.jpg (id=1754)	838a9b8c61233bbcfa5b6567e5c5be4e0e1a209d119d8d365bf5b3480c732030	32072	Σατίκολα	81	Σ81	1.000000	12812	Ὀκρίκολα	0.625000	0.375000	σατικολα	σατικολα
138120	Σάτραι		meineke_page_582.jpg	582	11273	ocr	OCR from image meineke_page_582.jpg (id=1754)	0c354974087b4c1bd5263408cb6693b5d649bb05c365d9295d353fad5e57632a	32073	Σάτραι	82	Σ82	1.000000	26692	Πάτραι	0.833333	0.166667	σατραι	σατραι
138121	Σατεία		meineke_page_583.jpg	583	11274	ocr	OCR from image meineke_page_583.jpg (id=1755)	f20aaa7a942c2c875006b811427a4730f2753edc14a97605b10e43da706d8841	32042	Σάνεια	51	Σ51	0.833333	32074	Σατρία	0.833333	0.000000	σατεια	σανεια
138122	Σατείριον		meineke_page_583.jpg	583	11275	ocr	OCR from image meineke_page_583.jpg (id=1755)	8c123615aeaa393b95c03fb2943d51652be9be77d00dbc030957b9f505eab1de	32076	Σατύριον	85	Σ85	0.777778	102787	Ἀτέριον	0.777778	0.000000	σατειριον	σατυριον
138123	Σάυα		meineke_page_583.jpg	583	11276	ocr	OCR from image meineke_page_583.jpg (id=1755)	c100c9a61f82ea89fe938c377c848cd6cd023e13a47307cf555fdf6c2bac2cf8	32077	Σαῦα	86	Σ86	1.000000	32079	Σαῦρα	0.800000	0.200000	σαυα	σαυα
138124	Σαννῖται		meineke_page_583.jpg	583	11277	ocr	OCR from image meineke_page_583.jpg (id=1755)	840d18c95895c7ceb96c000c422b82155461ec4ad84bd8a0245255d9f470427e	32045	Σαννίγαι	54	Σ54	0.875000	32078	Σαυνῖται	0.875000	0.000000	σαννιται	σαννιγαι
138125	Σατεῖρα		meineke_page_583.jpg	583	11278	ocr	OCR from image meineke_page_583.jpg (id=1755)	c4855270f10d3caa0de53d5bf4af04d9dbfbdd43e3c75a8713ad8845516615d7	42056	Σώτειρα	345	Σ345	0.857143	20828	Θυάτειρα	0.750000	0.107143	σατειρα	σωτειρα
138126	Σανυρομάται		meineke_page_583.jpg	583	11279	ocr	OCR from image meineke_page_583.jpg (id=1755)	8eec8e2e7c8d32563fe593235326eff684eec14a2822985d3f46141b846e3d13	32080	Σαυρομάται	89	Σ89	0.909091	32064	Σαρμάται	0.727273	0.181818	σανυρομαται	σαυρομαται
138128	Σέβεδα		meineke_page_583.jpg	583	11281	ocr	OCR from image meineke_page_583.jpg (id=1755)	71a04f57b35a563a94851d7247ea1756c92c41ea53710165ba6c4e7109b2ffec	37771	Σέβεδα	92	Σ92	1.000000	37807	Σίβδα	0.666667	0.333333	σεβεδα	σεβεδα
138129	Σεβεννυτός		meineke_page_583.jpg	583	11282	ocr	OCR from image meineke_page_583.jpg (id=1755)	d0f8b969a088bc3d8354b9a9aa20be73e2f0c917a04936232910ab31c72eedd9	37772	Σεβέννυτος	93	Σ93	1.000000	37780	Σέλευκος	0.600000	0.400000	σεβεννυτοσ	σεβεννυτοσ
138130	Σγίδα	1	meineke_page_584.jpg	584	11283	ocr	OCR from image meineke_page_584.jpg (id=1756)	c97f2c1c9310d67b890c1b37a7d01a368bddce32dd3e752fb212dd8622f13062	37807	Σίβδα	128	Σ128	0.600000	37822	Σίδη	0.600000	0.000000	σγιδα	σιβδα
138131	Σεφώρη	2	meineke_page_584.jpg	584	11284	ocr	OCR from image meineke_page_584.jpg (id=1756)	7c03957f62dd5bc299416bed61604032da0932048a04f48a49a3c7077ed3bc07	41981	Στεφάνη	270	Σ270	0.571429	9598	Μεθώνη	0.500000	0.071429	σεφωρη	στεφανη
138132	Σειρήνουσα	4	meineke_page_584.jpg	584	11285	ocr	OCR from image meineke_page_584.jpg (id=1756)	c02290d202fe490630a5db07dabb893e6f7fb73cd43ec206d0be1ba240a4174e	37775	Σειρηνοῦσσαι	96	Σ96	0.833333	32065	Σαρνοῦς	0.600000	0.233333	σειρηνουσα	σειρηνουσσαι
138133	Σεκκέλα	11	meineke_page_584.jpg	584	11286	ocr	OCR from image meineke_page_584.jpg (id=1756)	497f8649bcbb5d4c8057a83351f67cc68d75b1b1c334b7e597046e02ae85ed15	37776	Σέκελλα	97	Σ97	0.714286	37771	Σέβεδα	0.571429	0.142857	σεκκελα	σεκελλα
138134	Σελασία	13	meineke_page_584.jpg	584	11287	ocr	OCR from image meineke_page_584.jpg (id=1756)	fb168d9ba94072ce3ddc854d39c560c8468ec6c506962a36b4ddff4fdd6c065a	37777	Σελασία	98	Σ98	1.000000	37784	Σελλασία	0.875000	0.125000	σελασια	σελασια
138135	Σέλγη		meineke_page_585.jpg	585	11288	ocr	OCR from image meineke_page_585.jpg (id=1757)	a2801b867b90ef43dc2468d2fe539de61e29b3aea658031e7f326809e505b4c4	37778	Σέλγη	99	Σ99	1.000000	26713	Πέλη	0.600000	0.400000	σελγη	σελγη
138136	Σελεύκεια		meineke_page_585.jpg	585	11289	ocr	OCR from image meineke_page_585.jpg (id=1757)	9aebb1bd5be3a94470f1569026a66ba8424ae9c53324d44ae91c9eab5f24e77e	37779	Σελεύκεια	100	Σ100	1.000000	15967	Ἐλέγεια	0.666667	0.333333	σελευκεια	σελευκεια
138137	Σέλευκος		meineke_page_585.jpg	585	11290	ocr	OCR from image meineke_page_585.jpg (id=1757)	4787935a3d6de939c1b27a10367f9d38ce18ce0ae5733b9a96a72ca3550ab62a	37780	Σέλευκος	101	Σ101	1.000000	37779	Σελεύκεια	0.666667	0.333333	σελευκοσ	σελευκοσ
138138	Σελευκόβηλος		meineke_page_585.jpg	585	11291	ocr	OCR from image meineke_page_585.jpg (id=1757)	16828512f5bd0467b28ee4914ca44b2421f92b6a963940d6ba55740afc90857e	37781	Σελευκόβηλος	102	Σ102	1.000000	37780	Σέλευκος	0.666667	0.333333	σελευκοβηλοσ	σελευκοβηλοσ
138139	Σελήνη	1	meineke_page_585.jpg	585	11292	ocr	OCR from image meineke_page_585.jpg (id=1757)	43739cbd7f471f08259745a991db56ff799ceb941f3d73573d2dde818080309a	37782	Σελήνης	103	Σ103	0.857143	26716	Πελλήνη	0.714286	0.142857	σεληνη	σεληνησ
138140	Σελι-	2	meineke_page_585.jpg	585	11293	ocr	OCR from image meineke_page_585.jpg (id=1757)	07443ad75a41acfe812c3fe4e6f213f6549ccbde9b7203a66c67a2242551c7f2	37785	Σελλοί	106	Σ106	0.666667	9606	Μελία	0.600000	0.066667	σελι	σελλοι
138141	Σελασία		meineke_page_586.jpg	586	11294	ocr	OCR from image meineke_page_586.jpg (id=1758)	9e3bc00b994ce2b1c4720c64082d56bc123f3f8a73566d2083bf17fb33dd6c97	37777	Σελασία	98	Σ98	1.000000	37784	Σελλασία	0.875000	0.125000	σελασια	σελασια
138142	Σέλλοι		meineke_page_586.jpg	586	11295	ocr	OCR from image meineke_page_586.jpg (id=1758)	82a77c584043ab6c3508f9ff3279bf064e32e7e58ff6b96fdfdbc755be47aab3	37785	Σελλοί	106	Σ106	1.000000	13829	Δελφοί	0.666667	0.333333	σελλοι	σελλοι
138143	Σέψη		meineke_page_586.jpg	586	11296	ocr	OCR from image meineke_page_586.jpg (id=1758)	ace217e9ad415490c2ab9c3f11908178d17e25ef229bcfb65df8b7082e768693	37778	Σέλγη	99	Σ99	0.600000	37788	Σέμφη	0.600000	0.000000	σεψη	σελγη
138145	Σενοσσανοί		meineke_page_586.jpg	586	11298	ocr	OCR from image meineke_page_586.jpg (id=1758)	a437a6f14d72a1eb006845df5f04e88506bbde35e7f79ec1fe9d7586214e3352	37787	Σενοεσσανοί	108	Σ109	0.909091	121815	Γενοαῖοι	0.600000	0.309091	σενοσσανοι	σενοεσσανοι
138147	Σεφιμύλια		meineke_page_586.jpg	586	11300	ocr	OCR from image meineke_page_586.jpg (id=1758)	f4ad654d846a69fa6993abec4d4dd33a5889bef36e65beee732fce1590019467	37790	Σερμυλία	111	Σ111	0.777778	32036	Σαμυλία	0.666667	0.111111	σεφιμυλια	σερμυλια
138148	Σερετείον		meineke_page_586.jpg	586	11301	ocr	OCR from image meineke_page_586.jpg (id=1758)	92911155e7728325ad29153be5bd1db1b4becb7943f9211b6d39d2e9ec6489ef	37791	Σέρρειον	112	Σ112	0.777778	17080	Ἐργέτιον	0.666667	0.111111	σερετειον	σερρειον
138149	Σεσαρηθος		meineke_page_587.jpg	587	11302	ocr	OCR from image meineke_page_587.jpg (id=1759)	9a7f65a65c2ff21cf5c7165508b0472cc4960301f9947ce9d0f952c9640bd6fe	37792	Σεσάρηθος	113	Σ113	1.000000	26724	Πεπάρηθος	0.777778	0.222222	σεσαρηθοσ	σεσαρηθοσ
138150	Σεσινδιον		meineke_page_587.jpg	587	11303	ocr	OCR from image meineke_page_587.jpg (id=1759)	f973f459a5d1a5805bbe3be3b66392924fc4239ff9c46383884630992d9fd442	37793	Σεσίνδιον	114	Σ114	1.000000	37838	Σιλίνδιον	0.777778	0.222222	σεσινδιον	σεσινδιον
138151	Σεστιον		meineke_page_587.jpg	587	11304	ocr	OCR from image meineke_page_587.jpg (id=1759)	4000be835379f4ecaa27d8fa1d3bf54c1e8052bd0b43d5a53e04cbc74dd77e07	37794	Σέστιον	115	Σ115	1.000000	30168	Ῥεάτιον	0.714286	0.285714	σεστιον	σεστιον
138152	Σηκοαρις		meineke_page_587.jpg	587	11305	ocr	OCR from image meineke_page_587.jpg (id=1759)	fc25455ec09bb59652b371f5a2a300483f53049251f13b364f54515a37892087	37795	Σηκόανος	116	Σ116	0.750000	39862	Σκόλις	0.625000	0.125000	σηκοαρισ	σηκοανοσ
138153	Σηλιμβρια		meineke_page_587.jpg	587	11306	ocr	OCR from image meineke_page_587.jpg (id=1759)	0b0ca06314e6e460bda03461086b9adc2f1b2d06b4abd2121201d6e53e8ff006	37796	Σηλυμβρία	117	Σ117	0.888889	2080	Καλαβρία	0.555556	0.333333	σηλιμβρια	σηλυμβρια
138154	Σημαχιδαι		meineke_page_587.jpg	587	11307	ocr	OCR from image meineke_page_587.jpg (id=1759)	6af272eec7d76da64b4c5430458a39a0068c4160557c55952ac1331d227060d7	37797	Σημαχίδαι	118	Σ118	1.000000	115366	Βωταχίδαι	0.666667	0.333333	σημαχιδαι	σημαχιδαι
138155	Σηνη		meineke_page_587.jpg	587	11308	ocr	OCR from image meineke_page_587.jpg (id=1759)	de4b06affffa65f4a4619709e5c19da8cd66038475d09778d9211aaa2fc26281	37798	Σήνη	119	Σ119	1.000000	42019	Συήνη	0.800000	0.200000	σηνη	σηνη
138156	Σηνος		meineke_page_587.jpg	587	11309	ocr	OCR from image meineke_page_587.jpg (id=1759)	51f1652365f9acd528ea0837c7acdb713b6b046b71a589d436da42ea6b212924	37799	Σῆνος	120	Σ120	1.000000	48680	Τῆνος	0.800000	0.200000	σηνοσ	σηνοσ
138157	Σηνες		meineke_page_587.jpg	587	11310	ocr	OCR from image meineke_page_587.jpg (id=1759)	152bf8eeb657a57de5cf0b8cbf482c3e315704d596371ab2e1dc0b51df5c66c0	37799	Σῆνος	120	Σ120	0.800000	37800	Σῆρες	0.800000	0.000000	σηνεσ	σηνοσ
138158	Σησαμον		meineke_page_587.jpg	587	11311	ocr	OCR from image meineke_page_587.jpg (id=1759)	dc27f20be76b659defae219eeaaebae99782eb588e7ee88918aa81ff508dd2c6	37801	Σήσαμον	122	Σ122	1.000000	37803	Σηταῖον	0.714286	0.285714	σησαμον	σησαμον
138159	Σηστός		meineke_page_588.jpg	588	11312	ocr	OCR from image meineke_page_588.jpg (id=1760)	16f2eb803f356bd9d2c9bd6389929790c4c5c713c93a51769e8bd46411654636	37802	Σηστός	123	Σ123	1.000000	42047	Σφηττός	0.714286	0.285714	σηστοσ	σηστοσ
138160	Σηταϊον		meineke_page_588.jpg	588	11313	ocr	OCR from image meineke_page_588.jpg (id=1760)	f758628de377e87f252378a77c1d306504733fe92b50d9907939ae488497642a	37803	Σηταῖον	124	Σ124	1.000000	41973	Σπήλαιον	0.750000	0.250000	σηταιον	σηταιον
138161	Σητία		meineke_page_588.jpg	588	11314	ocr	OCR from image meineke_page_588.jpg (id=1760)	181d985eebe1cc942e9a9d3b5496938db017c5cbdc7361e5108da43ca090cfda	37804	Σητία	125	Σ125	1.000000	32074	Σατρία	0.666667	0.333333	σητια	σητια
138162	Σταγαναγευροί		meineke_page_588.jpg	588	11315	ocr	OCR from image meineke_page_588.jpg (id=1760)	5a5898f319c1558a42ed203bcd648d5e7e27cf9b2caaa0c8dc4a69146c2208d8	37805	Σιαγαθουργοί	126	Σ126	0.538462	11099	Νευροί	0.461538	0.076923	σταγαναγευροι	σιαγαθουργοι
138163	Σῖβαι		meineke_page_588.jpg	588	11316	ocr	OCR from image meineke_page_588.jpg (id=1760)	0864767f1fc7579ffd28f51706dde45ed2253d0f6e4b3af8688414f9e12d4b40	37806	Σίβαι	127	Σ127	1.000000	31992	Σαβαί	0.800000	0.200000	σιβαι	σιβαι
138164	Σίβδα		meineke_page_588.jpg	588	11317	ocr	OCR from image meineke_page_588.jpg (id=1760)	d159fd16ccd92276b5a326863f86f765c5ed63e28d15abd3481a996075f0761a	37807	Σίβδα	128	Σ128	1.000000	37847	Σίνδα	0.800000	0.200000	σιβδα	σιβδα
138165	Σίβεργεν		meineke_page_588.jpg	588	11318	ocr	OCR from image meineke_page_588.jpg (id=1760)	7e9d942208df503000bfe32d3909e27bc6dcd95cb3acfd90bcbe15769c001109	37808	Σιβερίνη	129	Σ129	0.625000	37809	Σίβυρτος	0.500000	0.125000	σιβεργεν	σιβερινη
138166	Σίβυρτος		meineke_page_588.jpg	588	11319	ocr	OCR from image meineke_page_588.jpg (id=1760)	091f236fb11225159f2a8eb5ff5a0a36b1d4b4c79fc7ff6c57551a52b93a3a2e	37809	Σίβυρτος	130	Σ130	1.000000	37843	Σίμυρος	0.750000	0.250000	σιβυρτοσ	σιβυρτοσ
138167	Σίγαθα		meineke_page_589.jpg	589	11320	ocr	OCR from image meineke_page_589.jpg (id=1761)	549f2e873117c6d31e5db7d58cfa5281348fd1828b81e4bb53af36d9a4fb2649	37810	Σίγαθα	131	Σ131	1.000000	37812	Σίγγαρα	0.714286	0.285714	σιγαθα	σιγαθα
138169	Σίγυμνος		meineke_page_590.jpg	590	11322	ocr	OCR from image meineke_page_590.jpg (id=1762)	f49cf8397de771b2c65e4337baec6fbea4f509c221a8183f3b0660df67e58f8d	37819	Σίγυννος	140	Σ140	0.875000	37809	Σίβυρτος	0.625000	0.250000	σιγυμνοσ	σιγυννοσ
138171	Σιδαρῶτις		meineke_page_590.jpg	590	11324	ocr	OCR from image meineke_page_590.jpg (id=1762)	e3cfbaf02d93c5b556424f2f297c658a79e838ce61b34089a8b18c550141d994	37821	Σιδαροῦς	142	Σ142	0.666667	8437	Λιμενῶτις	0.555556	0.111111	σιδαρωτισ	σιδαρουσ
138175	Σιδούς		meineke_page_590.jpg	590	11328	ocr	OCR from image meineke_page_590.jpg (id=1762)	a1bbca5e526c60a5b7459e27669cb6202a1511dbf406fc584e137b027fa25ed6	37825	Σιδοῦς	146	Σ146	1.000000	37826	Σίδουσα	0.857143	0.142857	σιδουσ	σιδουσ
138176	Σίδουσα		meineke_page_591.jpg	591	11329	ocr	OCR from image meineke_page_591.jpg (id=1763)	8c94dbc5152e048d587837a04f362bf77abac8f97c56f95c601c16697129ebd2	37826	Σίδουσα	147	Σ147	1.000000	37825	Σιδοῦς	0.857143	0.142857	σιδουσα	σιδουσα
138177	Σίδυμα		meineke_page_591.jpg	591	11330	ocr	OCR from image meineke_page_591.jpg (id=1763)	e168ac42185963c7776d5f74c04c6f71bf0daa616ee04345fd9be1536171324a	37827	Σίδυμα	148	Σ148	1.000000	14824	Δίδυμα	0.833333	0.166667	σιδυμα	σιδυμα
138178	Σιδών		meineke_page_591.jpg	591	11331	ocr	OCR from image meineke_page_591.jpg (id=1763)	63c30f14f714e87aee7886caca0b881336804c271479e2d6a6aaf5c2df86d819	37828	Σιδών	149	Σ149	1.000000	37829	Σιδωνία	0.714286	0.285714	σιδων	σιδων
138179	Σιδωνία		meineke_page_591.jpg	591	11332	ocr	OCR from image meineke_page_591.jpg (id=1763)	cf681dc18c811ab1d92735e7772cd158847999ebb18f9059417bc02c878f608a	37829	Σιδωνία	150	Σ150	1.000000	37831	Σιθωνία	0.857143	0.142857	σιδωνια	σιδωνια
138180	Σιδηνοί		meineke_page_591.jpg	591	11333	ocr	OCR from image meineke_page_591.jpg (id=1763)	bda861e028fa68e498884fb805a48e2c9dac3c12e366465c89910c05aea44bb4	37830	Σιθηνοί	151	Σ151	0.857143	32028	Σαμηνοί	0.714286	0.142857	σιδηνοι	σιθηνοι
138181	Σιθωνία		meineke_page_591.jpg	591	11334	ocr	OCR from image meineke_page_591.jpg (id=1763)	d731b04a77f95aa4a6fdf5ebcf3878bbf0610b6c1541cb1a13a1c54e6e7f626d	37831	Σιθωνία	152	Σ152	1.000000	37829	Σιδωνία	0.857143	0.142857	σιθωνια	σιθωνια
138182	Σιχάων		meineke_page_591.jpg	591	11335	ocr	OCR from image meineke_page_591.jpg (id=1763)	1da58000ad8ee34283a3091105cb13ee7427b349f87cd12d8b10683c5fb422a3	37828	Σιδών	149	Σ149	0.666667	37837	Σικυών	0.666667	0.000000	σιχαων	σιδων
138183	Σιχανία		meineke_page_591.jpg	591	11336	ocr	OCR from image meineke_page_591.jpg (id=1763)	a0d6b8e49cf7791dafdfe2b138b083ce119fefc77fea70cbc8a9b8df376f1d00	37833	Σικανία	154	Σ154	0.857143	12811	Οἰχαλία	0.714286	0.142857	σιχανια	σικανια
138184	Σικελία		meineke_page_591.jpg	591	19507	ocr	OCR from image meineke_page_592.jpg (id=1764)	0605e70217c1ef11598196c4e28478b0f4fed73a7038e4a10f5d0cc7c6c8a023	37834	Σικελία	155	Σ155	1.000000	37776	Σέκελλα	0.714286	0.285714	σικελια	σικελια
138186	Κῦρνος	1	meineke_page_593.jpg	593	11339	ocr	OCR from image meineke_page_593.jpg (id=1765)	29111534bf0f4dc0c4962ac304e246e1e881b7c40338fd9cf6a5f3b84869b540	7247	Κύρνος	291	Κ291	1.000000	2494	Κάρνος	0.833333	0.166667	κυρνοσ	κυρνοσ
138187	Σικελοί	2	meineke_page_593.jpg	593	11340	ocr	OCR from image meineke_page_593.jpg (id=1765)	36e45e3626912dd3eb299b1f3077810fa38f5c6362d51741c2f54a29f160558e	37834	Σικελία	155	Σ155	0.714286	7265	Κῶλοι	0.571429	0.142857	σικελοι	σικελια
138188	Σίκμηος	3	meineke_page_593.jpg	593	11341	ocr	OCR from image meineke_page_593.jpg (id=1765)	ba21602036d6e83c7d654bba023b8b880406e918286f66de584b8cdf696d386d	37835	Σίκημος	156	Σ156	0.714286	37836	Σίκινος	0.714286	0.000000	σικμηοσ	σικημοσ
138189	Σίκανος	4	meineke_page_593.jpg	593	11342	ocr	OCR from image meineke_page_593.jpg (id=1765)	aa1ad8d5031385525b220386943a27b1b86ddc244c3031aed2aeef1a86d99ffe	37836	Σίκινος	157	Σ157	0.857143	37795	Σηκόανος	0.750000	0.107143	σικανοσ	σικινοσ
138190	Σικυών		meineke_page_594.jpg	594	11343	ocr	OCR from image meineke_page_594.jpg (id=1766)	5a4fe92d81b3120105122d55f7f74a2dc91a7184e7e30b3dcfa0a4f4b68a33c7	37837	Σικυών	158	Σ158	1.000000	37828	Σιδών	0.666667	0.333333	σικυων	σικυων
138191	Σιλίνδιον		meineke_page_594.jpg	594	11344	ocr	OCR from image meineke_page_594.jpg (id=1766)	b5f2a00dec3b36b08282894cdda7e058ec9a2da9b4078beb72486bb3ba7fe95f	37838	Σιλίνδιον	159	Σ159	1.000000	37793	Σεσίνδιον	0.777778	0.222222	σιλινδιον	σιλινδιον
138192	Σίλλυνος		meineke_page_594.jpg	594	11345	ocr	OCR from image meineke_page_594.jpg (id=1766)	6924461e7eccd0bd48c38244654059f529217709366ff8bc1e4535ee241c6eed	37839	Σίλλυος	160	Σ160	0.875000	20851	Ἰαλυσός	0.625000	0.250000	σιλλυνοσ	σιλλυοσ
138193	Σίμανα		meineke_page_594.jpg	594	11346	ocr	OCR from image meineke_page_594.jpg (id=1766)	1f579888e0346bf24460eaf06f105725c99ceebe399b3b3e9f4ed5e5950297bd	37840	Σίμανα	161	Σ161	1.000000	37841	Σίμηνα	0.833333	0.166667	σιμανα	σιμανα
138194	Σίμψρα		meineke_page_594.jpg	594	11347	ocr	OCR from image meineke_page_594.jpg (id=1766)	69ecab757c0d252b101e10e191cf2fdda731306bddd88f3595d0f0285be8e77a	8893	Λίμυρα	71	Λ71	0.666667	22228	Ἱμέρα	0.666667	0.000000	σιμψρα	λιμυρα
138195	Σίμοις		meineke_page_594.jpg	594	11348	ocr	OCR from image meineke_page_594.jpg (id=1766)	8dde6c98c22b5359c62684ccf52e8145842a3f3f38d7044ede7c9c9b8ca5c3f5	37842	Σιμόεις	163	Σ163	0.857143	32033	Σάμος	0.666667	0.190476	σιμοισ	σιμοεισ
138196	Σίμυρα		meineke_page_594.jpg	594	11349	ocr	OCR from image meineke_page_594.jpg (id=1766)	8d579e97b97d82d20d88c746fd4c8612b2ae651c42d383e13904968d085efb0b	8893	Λίμυρα	71	Λ71	0.833333	22229	Ἴμυρα	0.833333	0.000000	σιμυρα	λιμυρα
138197	Σινά		meineke_page_594.jpg	594	11350	ocr	OCR from image meineke_page_594.jpg (id=1766)	105386efa01f69de82ff2ef913220d4eee1c5c50fdf34043c4a26f449500c89a	37844	Σίναι	165	Σ165	0.800000	37847	Σίνδα	0.800000	0.000000	σινα	σιναι
138198	Σινδησόδος		meineke_page_594.jpg	594	11351	ocr	OCR from image meineke_page_594.jpg (id=1766)	3179b4f3b5c3b0ab11145c63f0a846b74307d74ccb0ca952f3c406edd83d35e1	37845	Σινδησσός	166	Σ166	0.800000	32059	Σαρδησσός	0.600000	0.200000	σινδησοδοσ	σινδησσοσ
138199	Σινδύα		meineke_page_594.jpg	594	11352	ocr	OCR from image meineke_page_594.jpg (id=1766)	4b3a7a7058f9cf31a1a6e22ed668d92705644472ad81edbd73821bc106b7d409	37846	Σινδία	167	Σ167	0.833333	37847	Σίνδα	0.833333	0.000000	σινδυα	σινδια
138200	Σίνδα		meineke_page_594.jpg	594	11353	ocr	OCR from image meineke_page_594.jpg (id=1766)	9f5a761262bf7153cd674b6e321e8d5586111125695fd03e6d66b900740da171	37847	Σίνδα	168	Σ168	1.000000	37846	Σινδία	0.833333	0.166667	σινδα	σινδα
138201	Σίνδοι		meineke_page_594.jpg	594	11354	ocr	OCR from image meineke_page_594.jpg (id=1766)	500a531232129d3299fd2d9cbb92295adfb98ddef419397194f2c3539f64d8aa	37848	Σινδοί	169	Σ169	1.000000	23653	Ἴσινδος	0.714286	0.285714	σινδοι	σινδοι
138202	Σινδωναῖοι		meineke_page_595.jpg	595	11355	ocr	OCR from image meineke_page_595.jpg (id=1767)	ec5e45da94ab4bf88c3d9a268d6ad778f2c5582b1b71b6aec1c8207e043c0f5b	37849	Σινδοναῖοι	170	Σ170	0.900000	8894	Λινδόνιον	0.600000	0.300000	σινδωναιοι	σινδοναιοι
138203	Σίγγηρα		meineke_page_595.jpg	595	11356	ocr	OCR from image meineke_page_595.jpg (id=1767)	6f772e3db7ba228223ce7e8023992c9b855cadcf574d125f1a85afcdcd17e8b2	37812	Σίγγαρα	133	Σ133	0.857143	37811	Σίγγα	0.714286	0.142857	σιγγηρα	σιγγαρα
138204	Σίνδυος		meineke_page_595.jpg	595	11357	ocr	OCR from image meineke_page_595.jpg (id=1767)	8673f147de1737b39410c75491415adb192fb235504f508b4a22e2b66c99d9b0	8895	Λίνδος	73	Λ73	0.714286	22234	Ἰνδός	0.714286	0.000000	σινδυοσ	λινδοσ
138205	Σινέσσα		meineke_page_595.jpg	595	11358	ocr	OCR from image meineke_page_595.jpg (id=1767)	fba67471b1d6299ec2cd4686f31d25cc72421492c682acea6fa97d876ee277b6	37852	Σινόεσσα	173	Σ173	0.875000	42018	Σύεσσα	0.714286	0.160714	σινεσσα	σινοεσσα
138206	Σινωσσανός		meineke_page_595.jpg	595	11359	ocr	OCR from image meineke_page_595.jpg (id=1767)	adefa708cb97719b56f01a88fa378d713a6bb5eb74ee547817692fc9210af265	37787	Σενοεσσανοί	108	Σ109	0.636364	23617	Ἰνυσσός	0.600000	0.036364	σινωσσανοσ	σενοεσσανοι
138207	Σίντια		meineke_page_595.jpg	595	11360	ocr	OCR from image meineke_page_595.jpg (id=1767)	00225cebb53812992a5a0f1d39e3c2901aeed5aff2bd3417a1de3709fc2a959c	39832	Σιντία	174	Σ174	1.000000	37846	Σινδία	0.833333	0.166667	σιντια	σιντια
138208	Σίντιον		meineke_page_596.jpg	596	11361	ocr	OCR from image meineke_page_596.jpg (id=1768)	06cdef4132a720b7c4c3a2562615b6d8044a8557f52e7357d53429885c658dee	39833	Σίντοιον	175	Σ175	0.875000	39885	Σμίνθιον	0.750000	0.125000	σιντιον	σιντοιον
138210	Σίβων καὶ Σιβωνίς		meineke_page_597.jpg	597	11363	ocr	OCR from image meineke_page_597.jpg (id=1769)	a9787735bb1c165b99139883de56153504f495583e3b9b4fc1beee1f1a6da957	11897	Νίσιβις	65	Ν65	0.466667	2476	Καρβανίς	0.400000	0.066667	σιβωνκαισιβωνισ	νισιβισ
138211	Σίγες		meineke_page_597.jpg	597	11364	ocr	OCR from image meineke_page_597.jpg (id=1769)	d52e988bd89465513e99b6d441e35663d738b17e25abc7aa4b77b263108d7980	39838	Σίρες	180	Σ181	0.800000	37813	Σίγγος	0.666667	0.133333	σιγεσ	σιρεσ
138212	Σίγις		meineke_page_597.jpg	597	11365	ocr	OCR from image meineke_page_597.jpg (id=1769)	0a551bc269d118413c01453f1bd857885a1f92602ceb7fc36f8c7fa28ed78d23	39840	Σῖρις	182	Σ182	0.800000	37813	Σίγγος	0.666667	0.133333	σιγισ	σιρισ
138213	Σίμμιον		meineke_page_597.jpg	597	11366	ocr	OCR from image meineke_page_597.jpg (id=1769)	72111b46878b48d3d95fc3856750087098082365b0c0d67584975185a8880a58	41895	Σίρμιον	183	Σ183	0.857143	32030	Σάμνιον	0.714286	0.142857	σιμμιον	σιρμιον
138214	Σίρρα		meineke_page_597.jpg	597	11367	ocr	OCR from image meineke_page_597.jpg (id=1769)	750dd426086773b0f302843a1cd040516a48e702c2e766f77694e7cbbf3e8900	41896	Σίρρα	184	Σ184	1.000000	37850	Σίνηρα	0.666667	0.333333	σιρρα	σιρρα
138215	Σισιγύλης		meineke_page_597.jpg	597	11368	ocr	OCR from image meineke_page_597.jpg (id=1769)	3ff98da3f0c3ecbba90ca89cbcf8b7aeee136258ac2580108ebeed736ef951b8	41897	Σισίγυλις	185	Σ185	0.888889	39837	Σίπυλος	0.555556	0.333333	σισιγυλησ	σισιγυλισ
138216	Σίσνερβα		meineke_page_597.jpg	597	11369	ocr	OCR from image meineke_page_597.jpg (id=1769)	9f2514dc6b09f2f2cef206c8dad50f6c0c53f85a636c538cb75d5bb0054ec678	41898	Σίσυρβα	186	Σ186	0.750000	10299	Μίσκερα	0.625000	0.125000	σισνερβα	σισυρβα
138217	Σιτικὸν		meineke_page_597.jpg	597	11370	ocr	OCR from image meineke_page_597.jpg (id=1769)	a6ea0acf4062e58dad05c9b359c03a55db6ebce00a96647d21fbaaa34bb3cf91	41900	Σιτικόν	188	Σ187	1.000000	32029	Σαμικόν	0.714286	0.285714	σιτικον	σιτικον
138218	Σιτάκη		meineke_page_597.jpg	597	11371	ocr	OCR from image meineke_page_597.jpg (id=1769)	5d4535f96185ff4f36976b27003a036dda18ca1961c50e88519fceb88c871ba3	41901	Σιττάκη	189	Σ188	0.857143	37820	Σιδάκη	0.833333	0.023810	σιτακη	σιττακη
138220	Σίγνος	2	meineke_page_598.jpg	598	11373	ocr	OCR from image meineke_page_598.jpg (id=1770)	cf625e214b7eda0640877efccc6dd1905cdf7064676cd1defc9d1a1d77c1ad67	37813	Σίγγος	134	Σ134	0.833333	41902	Σίφνος	0.833333	0.000000	σιγνοσ	σιγγοσ
138221	Σιωνία	3	meineke_page_598.jpg	598	11374	ocr	OCR from image meineke_page_598.jpg (id=1770)	751bb3c4991db4a3a456ec0ab5ffa2885fe9de8d24cf8b90bfdd4ce14f71bb49	41903	Σιωνία	191	Σ191	1.000000	37829	Σιδωνία	0.857143	0.142857	σιωνια	σιωνια
138222	Σκάρβαλα	4	meineke_page_598.jpg	598	11375	ocr	OCR from image meineke_page_598.jpg (id=1770)	144ed06189c6f5279e3a23b18a6df87b0cd7c2a740de3aeb57f6cff80b1b4677	39841	Σκάβαλα	192	Σ192	0.875000	2475	Κάρανα	0.625000	0.250000	σκαρβαλα	σκαβαλα
138223	Σκαυί	5	meineke_page_598.jpg	598	11376	ocr	OCR from image meineke_page_598.jpg (id=1770)	4d37ec6020cbc37729c492f23fc0c87e520fc9cf5aacd2c9483309ecf289f80f	39842	Σκαιοί	193	Σ193	0.666667	39847	Σκάροι	0.666667	0.000000	σκαυι	σκαιοι
138224	Σκάμανδρος	6	meineke_page_598.jpg	598	11377	ocr	OCR from image meineke_page_598.jpg (id=1770)	fa3261142f03db37fb92436fcc167538a3d34d68a2d210cbe6f72f0ff990a380	39843	Σκάμανδρος	194	Σ194	1.000000	44233	Τάρανδρος	0.700000	0.300000	σκαμανδροσ	σκαμανδροσ
138225	Σκαμβωνίδαι	7	meineke_page_598.jpg	598	11378	ocr	OCR from image meineke_page_598.jpg (id=1770)	2d4f0d14c95887e64a8d869fb41df6ff42dcfdba2f8db6668333fe31fc4d2614	39844	Σκαμβωνίδαι	195	Σ195	1.000000	25140	Παμβωτάδαι	0.636364	0.363636	σκαμβωνιδαι	σκαμβωνιδαι
138226	Σκανδία	8	meineke_page_598.jpg	598	11379	ocr	OCR from image meineke_page_598.jpg (id=1770)	8ef3e1b749da9eb91811c33fde97e7ad30c3286f9f33ae1294de5c7c43b31c6d	39845	Σκάνδεια	196	Σ196	0.875000	2479	Καρδία	0.714286	0.160714	σκανδια	σκανδεια
138227	Σκαπηστούλη	9	meineke_page_598.jpg	598	11380	ocr	OCR from image meineke_page_598.jpg (id=1770)	19fdbe9d231300aa367e6d16c1f14e3f8578f9faed23614f68858ad63e520344	39846	Σκαπτησύλη	197	Σ197	0.727273	2058	Καβύλη	0.454545	0.272727	σκαπηστουλη	σκαπτησυλη
138228	Σκάφοι	10	meineke_page_598.jpg	598	11381	ocr	OCR from image meineke_page_598.jpg (id=1770)	15c6adc9aae94e45c393e4aebdd39f8d1a565ad319c887dddb17b57d642b0ff9	39842	Σκαιοί	193	Σ193	0.833333	39847	Σκάροι	0.833333	0.000000	σκαφοι	σκαιοι
138229	Σκαφεῖα		meineke_page_599.jpg	599	11382	ocr	OCR from image meineke_page_599.jpg (id=1771)	f958b90605b15948ddf8f11f7798543a213c5e433abbff8dd9e53367519ef97f	39848	Σκάρφεια	199	Σ199	0.875000	39845	Σκάνδεια	0.750000	0.125000	σκαφεια	σκαρφεια
138230	Σκέμπφα		meineke_page_599.jpg	599	11383	ocr	OCR from image meineke_page_599.jpg (id=1771)	7f1472aa247b8693cfb02461749611b3e14c768e234256a560b78568064f766f	39849	Σκέμψα	200	Σ200	0.714286	37788	Σέμφη	0.571429	0.142857	σκεμπφα	σκεμψα
138231	Σκῆναι		meineke_page_599.jpg	599	11384	ocr	OCR from image meineke_page_599.jpg (id=1771)	0aad88990d2312af52b3d095afae9cab4e0b05673719dcd7f1ab8c84131f6189	39850	Σκηναί	201	Σ201	1.000000	10333	Μυκῆναι	0.714286	0.285714	σκηναι	σκηναι
138232	Σκήψις		meineke_page_599.jpg	599	11385	ocr	OCR from image meineke_page_599.jpg (id=1771)	f197aedce36abdc2e3dc8dc48bba8435a884036655e224d542023869c0e1dd43	39851	Σκῆψις	202	Σ202	1.000000	39862	Σκόλις	0.666667	0.333333	σκηψισ	σκηψισ
138233	Σκιάθος		meineke_page_599.jpg	599	11386	ocr	OCR from image meineke_page_599.jpg (id=1771)	2487a06946605528be741e2c0a96384ad01a6a950638fdbbf77a1e73bf9765d3	39852	Σκίαθος	203	Σ203	1.000000	37851	Σίνθος	0.714286	0.285714	σκιαθοσ	σκιαθοσ
138234	Σκιάποδες		meineke_page_599.jpg	599	11387	ocr	OCR from image meineke_page_599.jpg (id=1771)	9b3c7d61c7d7c4e2dc723ed3423b5087e3b20b402ca51fede5ebd82e0e22bfd0	39853	Σκιάποδες	204	Σ204	1.000000	22183	Ἰάποδες	0.777778	0.222222	σκιαποδεσ	σκιαποδεσ
138235	Σκιάς		meineke_page_599.jpg	599	11388	ocr	OCR from image meineke_page_599.jpg (id=1771)	5ee8377ba859559af8526b582ba46be73462c035d81262c5bbe6eab2d133e5aa	39854	Σκιάς	205	Σ205	1.000000	39852	Σκίαθος	0.714286	0.285714	σκιασ	σκιασ
138236	Σκίδαι		meineke_page_599.jpg	599	11389	ocr	OCR from image meineke_page_599.jpg (id=1771)	56f30640a7dcd9f44f1d433c0ab407b5966d522f72acd5a13b3ea735372f5688	39855	Σκίθαι	206	Σ206	0.833333	39860	Σκίρφαι	0.714286	0.119048	σκιδαι	σκιθαι
138237	Σκίδρος		meineke_page_600.jpg	600	11390	ocr	OCR from image meineke_page_600.jpg (id=1772)	438829753394d1754daa8f5880bf3c81f73b36fb71abb88a6623cd7cfb364a82	39858	Σκίρος	210	Σ210	0.857143	39852	Σκίαθος	0.714286	0.142857	σκιδροσ	σκιροσ
138239	Σκιείτις		meineke_page_600.jpg	600	11392	ocr	OCR from image meineke_page_600.jpg (id=1772)	80eec8d42012e6a75e8dfb0a968218a35513eb1c097f47e43917d72bbfa36732	39857	Σκιρῖτις	209	Σ209	0.875000	2487	Καρκινῖτις	0.600000	0.275000	σκιειτισ	σκιριτισ
138240	Σκίρος		meineke_page_600.jpg	600	11393	ocr	OCR from image meineke_page_600.jpg (id=1772)	090c6bbd0ee949e0933626db20bad307a11d58f27d717141e6b79facc6a982a4	39858	Σκίρος	210	Σ210	1.000000	39879	Σκῦρος	0.833333	0.166667	σκιροσ	σκιροσ
138241	Σκιρων		meineke_page_601.jpg	601	11394	ocr	OCR from image meineke_page_601.jpg (id=1773)	2cc3b0a49c179070f634ff82e2467ef74736959f321dfbdabdfcc3abfdd06194	32068	Σάρων	77	Σ77	0.666667	37828	Σιδών	0.666667	0.000000	σκιρων	σαρων
138242	Σκιρτωνιον		meineke_page_601.jpg	601	11395	ocr	OCR from image meineke_page_601.jpg (id=1773)	0cbfb7e47673d547b6b954540a61afd65b8e57b1a2441c51b8467b21d16aca5e	39859	Σκιρτώνιον	211	Σ211	1.000000	7253	Κυρτώνιος	0.700000	0.300000	σκιρτωνιον	σκιρτωνιον
138243	Σκιφερα		meineke_page_601.jpg	601	11396	ocr	OCR from image meineke_page_601.jpg (id=1773)	9ee7cce04ca01969fde8b8e6269f7f4e7f37f98eee6d39ae6ab652775793fc52	39848	Σκάρφεια	199	Σ199	0.625000	22228	Ἱμέρα	0.571429	0.053571	σκιφερα	σκαρφεια
138244	Σκιωνη		meineke_page_601.jpg	601	11397	ocr	OCR from image meineke_page_601.jpg (id=1773)	8beb65c7e213ba946d431ce4947a7b58b0f47172e029fb1db5a1be0f4e1204be	39861	Σκιώνη	213	Σ213	1.000000	23679	Ἰώνη	0.666667	0.333333	σκιωνη	σκιωνη
138245	Σκινωπεύς		meineke_page_602.jpg	602	11398	ocr	OCR from image meineke_page_602.jpg (id=1774)	482eb165e69130e5a214052743ba0bd3615979b221905c976f25957672455bef	2465	Κάνωπος	63	Κ63	0.555556	39834	Σινώπη	0.555556	0.000000	σκινωπευσ	κανωποσ
138246	Σκόλις		meineke_page_602.jpg	602	11399	ocr	OCR from image meineke_page_602.jpg (id=1774)	0856dc7dae3075124bbc2c051297167ee0191104eb2cbd0cc66de236537b2b97	39862	Σκόλις	214	Σ214	1.000000	28381	Πόλις	0.666667	0.333333	σκολισ	σκολισ
138247	Σκορθίδαι		meineke_page_602.jpg	602	11400	ocr	OCR from image meineke_page_602.jpg (id=1774)	610351a2efe053b6556fd3b1b28f9f1786957a666bcc49bcffa211ca093a8399	42016	Συβρίδαι	305	Σ305	0.666667	39877	Σκυμνιάδαι	0.600000	0.066667	σκορθιδαι	συβριδαι
138248	Σκοπιανός		meineke_page_602.jpg	602	11401	ocr	OCR from image meineke_page_602.jpg (id=1774)	8d23b54f60a6e2ff695096b212eeb99584f42e0af6649e3085a8548eef2bbabd	39864	Σκορπιανός	216	Σ216	0.900000	37795	Σηκόανος	0.666667	0.233333	σκοπιανοσ	σκορπιανοσ
138249	Σκότινα		meineke_page_602.jpg	602	11402	ocr	OCR from image meineke_page_602.jpg (id=1774)	c8a9ff1a5ec63d7cdbafec86db9d44c6acf0a66d21552755be0f9657d3d51290	39865	Σκότινα	217	Σ217	1.000000	7256	Κύτινα	0.714286	0.285714	σκοτινα	σκοτινα
138250	Σκότουσσα		meineke_page_603.jpg	603	11403	ocr	OCR from image meineke_page_603.jpg (id=1775)	a70093e817bd8bf4b3e3276f4f8dd9e30b4d9420b921f77dd9f9c9b80eea8a17	39866	Σκότουσσα	218	Σ218	1.000000	31972	Ῥοδοῦσσα	0.666667	0.333333	σκοτουσσα	σκοτουσσα
138251	Σκούποι		meineke_page_603.jpg	603	11404	ocr	OCR from image meineke_page_603.jpg (id=1775)	fba972477a03c6d566f48e88fdd166a3e70be2eef8200b0ccd4b5d020af4442e	39867	Σκοῦποι	219	Σ219	1.000000	3502	Κούριοι	0.571429	0.428571	σκουποι	σκουποι
138252	Σκύβρος		meineke_page_603.jpg	603	11405	ocr	OCR from image meineke_page_603.jpg (id=1775)	87044f050eefead629bbfbe2c239ca9387e49446987f9360ac44d19568a05c09	39868	Σκύβρος	220	Σ220	1.000000	39879	Σκῦρος	0.857143	0.142857	σκυβροσ	σκυβροσ
138253	Σκύθαι		meineke_page_603.jpg	603	11406	ocr	OCR from image meineke_page_603.jpg (id=1775)	ff34b3fb86fb9718a37b8f6959faee211c8480efd62fd80d1f229b9d3d7ee9f8	39870	Σκύθαι	222	Σ222	1.000000	39855	Σκίθαι	0.833333	0.166667	σκυθαι	σκυθαι
138254	Σκυθόπολις		meineke_page_603.jpg	603	11407	ocr	OCR from image meineke_page_603.jpg (id=1775)	8f5b5cfc42e1f4176078477969c7d2ba56adec87369b24a31c76ea7a172dcc90	39872	Σκυθόπολις	224	Σ224	1.000000	39880	Σκυτόπολις	0.900000	0.100000	σκυθοπολισ	σκυθοπολισ
138255	Συβιῆς (Συβίων)		meineke_page_604.jpg	604	11408	ocr	OCR from image meineke_page_604.jpg (id=1776)	0e25fb891eec361668715c89c980fa08b6faaab24f7822f5a799f49503c05bfa	23661	Ἰσσώριον	109	Ι109	0.416667	28350	Πισσαῖον	0.416667	0.000000	συβιησσυβιων	ισσωριον
138256	Συλάκη		meineke_page_604.jpg	604	11409	ocr	OCR from image meineke_page_604.jpg (id=1776)	7711ac07ce0ac972018dc2f090f3dc8009e13155f12ba71121c1cd200658f28b	39873	Σκυλάκη	225	Σ225	0.857143	145227	Φυλάκη	0.833333	0.023810	συλακη	σκυλακη
138257	Σκύλιαιον		meineke_page_604.jpg	604	11410	ocr	OCR from image meineke_page_604.jpg (id=1776)	3d7368e2346acc58cb5ed090a917beca65c19c28c7dcb38cc2a783df87a633c2	39874	Σκύλλαιον	226	Σ226	0.888889	39876	Σκύλλιον	0.777778	0.111111	σκυλιαιον	σκυλλαιον
138258	Σκυλλῆτιον		meineke_page_604.jpg	604	11411	ocr	OCR from image meineke_page_604.jpg (id=1776)	a6e0d7e6ae31a96aeed4a743f6524c4a65379fb1be63c25384426995536f6f01	39875	Σκυλλήτιον	227	Σ227	1.000000	39874	Σκύλλαιον	0.800000	0.200000	σκυλλητιον	σκυλλητιον
138259	Σκύλλιον		meineke_page_604.jpg	604	11412	ocr	OCR from image meineke_page_604.jpg (id=1776)	c7e2f218846447623e642ccbba8303f44ebb592a5134bc88e8fac8bf08289e9a	39876	Σκύλλιον	228	Σ228	1.000000	39874	Σκύλλαιον	0.888889	0.111111	σκυλλιον	σκυλλιον
138260	Σκυμνιάδαι		meineke_page_604.jpg	604	11413	ocr	OCR from image meineke_page_604.jpg (id=1776)	932e13e877b2a85158e57a9ea50c0638561edb8db101a9dc99fe1ec6b17c5a43	39877	Σκυμνιάδαι	229	Σ229	1.000000	39844	Σκαμβωνίδαι	0.636364	0.363636	σκυμνιαδαι	σκυμνιαδαι
138261	Σκύριμος		meineke_page_604.jpg	604	11414	ocr	OCR from image meineke_page_604.jpg (id=1776)	2426c8038b7b464a1ceab5f98e0b674173fad67f434e1a9b0eebe62593c78467	39878	Σκύρμος	230	Σ230	0.875000	39879	Σκῦρος	0.750000	0.125000	σκυριμοσ	σκυρμοσ
138262	Σκῦρος		meineke_page_604.jpg	604	11415	ocr	OCR from image meineke_page_604.jpg (id=1776)	daafe6a267a3b0e37dcab544abde1f930a041fb541cb446b8687f010dea22e44	39879	Σκῦρος	231	Σ231	1.000000	39868	Σκύβρος	0.857143	0.142857	σκυροσ	σκυροσ
138263	Σκυτηπολις		meineke_page_605.jpg	605	11416	ocr	OCR from image meineke_page_605.jpg (id=1777)	e4bc44eed76ff43ecb0756745c60b4613b5e306dfa305a57aac615511d7f1edd	39880	Σκυτόπολις	232	Σ232	0.900000	39872	Σκυθόπολις	0.800000	0.100000	σκυτηπολισ	σκυτοπολισ
138264	Σκυφία		meineke_page_605.jpg	605	11417	ocr	OCR from image meineke_page_605.jpg (id=1777)	014668c4aa7adbe03590daef866385a745dc6a35a6b43ac2bbd8924bc85d2639	39881	Σκυφία	233	Σ233	1.000000	39869	Σκύδρα	0.666667	0.333333	σκυφια	σκυφια
138265	Σκύλος		meineke_page_605.jpg	605	11418	ocr	OCR from image meineke_page_605.jpg (id=1777)	2bcab4f7177281acb239f327ab29ed982297e7c22a445aebf8fad4fd3bc4f1ad	39879	Σκῦρος	231	Σ231	0.833333	39882	Σκῶλος	0.833333	0.000000	σκυλοσ	σκυροσ
138266	Σμίλα		meineke_page_605.jpg	605	11419	ocr	OCR from image meineke_page_605.jpg (id=1777)	6116f3f2f34db833e1d735d9ce135078e815d9ea511bb3501af73225bbea3ce7	39883	Σμίλα	235	Σ235	1.000000	41974	Σπῖνα	0.600000	0.400000	σμιλα	σμιλα
138267	Σμίνθη		meineke_page_605.jpg	605	11420	ocr	OCR from image meineke_page_605.jpg (id=1777)	a48c9444e40efb01ee60a0f2ae76edb9cf951e77ce2b37b586361c4dd4370dce	39884	Σμίνθη	236	Σ236	1.000000	99814	Ἀρίνθη	0.666667	0.333333	σμινθη	σμινθη
138268	Σμίνθιον		meineke_page_605.jpg	605	11421	ocr	OCR from image meineke_page_605.jpg (id=1777)	c5793a3584476e130ff196fbef432e58b3684bb61d09a3137f5329afee799ede	39885	Σμίνθιον	237	Σ237	1.000000	37793	Σεσίνδιον	0.666667	0.333333	σμινθιον	σμινθιον
138269	Σμύρνα		meineke_page_605.jpg	605	11422	ocr	OCR from image meineke_page_605.jpg (id=1777)	7e3b5e815fa5859ef030bafc7ce8c10d9128bc80ae495fadc7d8bb9207634588	39886	Σμύρνα	238	Σ238	1.000000	32032	Σάμορνα	0.714286	0.285714	σμυρνα	σμυρνα
138270	Σάνεις		meineke_page_606.jpg	606	11423	ocr	OCR from image meineke_page_606.jpg (id=1778)	f084a7d59fc58ff1aa424820de41ba32e91ba623e893ceeb2d054dcc8c39297c	32042	Σάνεια	51	Σ51	0.833333	32046	Σάντις	0.833333	0.000000	σανεισ	σανεια
138271	Σογδιανή		meineke_page_606.jpg	606	11424	ocr	OCR from image meineke_page_606.jpg (id=1778)	21becde3976fd431cfcee9baef3f845289fd304f81e378d8eff1e5c3dd220514	39888	Σογδιανή	240	Σ240	1.000000	3276	Κορομάνη	0.500000	0.500000	σογδιανη	σογδιανη
138272	Σόδομα		meineke_page_606.jpg	606	11425	ocr	OCR from image meineke_page_606.jpg (id=1778)	bc394b96548db4af24c2594a24b7f6dad8ec36b3b2ab71a929ea61fff1c2bb47	39889	Σόδομα	241	Σ241	1.000000	37827	Σίδυμα	0.666667	0.333333	σοδομα	σοδομα
138273	Σόκλοι		meineke_page_606.jpg	606	11426	ocr	OCR from image meineke_page_606.jpg (id=1778)	715ffb1747183892a864edaa8dea54df234456cf2655913e5730f6e9e6617de1	39892	Σόλοι	244	Σ244	0.833333	37785	Σελλοί	0.666667	0.166667	σοκλοι	σολοι
138274	Σόλλιον		meineke_page_606.jpg	606	11427	ocr	OCR from image meineke_page_606.jpg (id=1778)	8c18411e3799dd3cd0bf42c32c1b8bc1b662f9152b2df1c86bac9a9e26007b22	39891	Σόλλιον	243	Σ243	1.000000	39876	Σκύλλιον	0.750000	0.250000	σολλιον	σολλιον
138275	Σόλοι (Κιλικίας)		meineke_page_606.jpg	606	11428	ocr	OCR from image meineke_page_606.jpg (id=1778)	9d07f91d9d3830313ae7052a5d18b6581b4b75f2c0ae60413cd1ca1aa27f5be1	37834	Σικελία	155	Σ155	0.461538	39857	Σκιρῖτις	0.461538	0.000000	σολοικιλικιασ	σικελια
138276	Σόλους (Σικελίας)		meineke_page_606.jpg	606	11429	ocr	OCR from image meineke_page_606.jpg (id=1778)	ea0c1a43e5113194c982b8207c28a85c701aefc968ce8d7a1d974e174a3c7590	8447	Λουσιτανία	89	Λ89	0.500000	10305	Μολοσσία	0.500000	0.000000	σολουσσικελιασ	λουσιτανια
138277	Σολυγεία		meineke_page_606.jpg	606	11430	ocr	OCR from image meineke_page_606.jpg (id=1778)	d15c33df1b3ee1a54237b132321f62a1cc97579b9316f9c38ca192559ed23c89	39894	Σολύγεια	246	Σ246	1.000000	10308	Μολύνδεια	0.666667	0.333333	σολυγεια	σολυγεια
138278	Σόλυμα		meineke_page_606.jpg	606	11431	ocr	OCR from image meineke_page_606.jpg (id=1778)	e47ad4b1057722cde4c2932f365266de8e6d55485b1289de212628020a127120	39895	Σόλυμα	247	Σ247	1.000000	39896	Σόλυμοι	0.714286	0.285714	σολυμα	σολυμα
138279	Σουάγγελα	5	meineke_page_607.jpg	607	11432	ocr	OCR from image meineke_page_607.jpg (id=1779)	c38e669c206c44e899cd3d995335edf80014f25321325c63beb425b8a894222e	39897	Σουάγγελα	249	Σ249	1.000000	20782	Θεάγγελα	0.666667	0.333333	σουαγγελα	σουαγγελα
138280	Σουκαῖται	6	meineke_page_607.jpg	607	11433	ocr	OCR from image meineke_page_607.jpg (id=1779)	0afe0194679dfef88865a63796461efe7c169d6cc0cd3c6c6eb9d1c15e5e5307	11938	Ὀγκαῖαι	6	Ο6	0.666667	32078	Σαυνῖται	0.666667	0.000000	σουκαιται	ογκαιαι
138281	Σουματίαι	7	meineke_page_607.jpg	607	11434	ocr	OCR from image meineke_page_607.jpg (id=1779)	3af56daf5fec0585493978251445b97ed74dd9f5428b4c6115f628cc99640e67	39899	Σουματία	251	Σ251	0.888889	32064	Σαρμάται	0.666667	0.222222	σουματιαι	σουματια
138282	Σοῦνιον	8	meineke_page_607.jpg	607	11435	ocr	OCR from image meineke_page_607.jpg (id=1779)	ccdeba55d990fbb304b2174325ca6eae63034f1d4fdaa4625da9363298c4e285	39900	Σούνιον	252	Σ252	1.000000	39903	Σούτριον	0.750000	0.250000	σουνιον	σουνιον
138283	Σούρα	9	meineke_page_607.jpg	607	11436	ocr	OCR from image meineke_page_607.jpg (id=1779)	5af3daecffbc29c5355c7e007b500e1101ae674e94e7e052899ced11aab5ac6a	39901	Σοῦρα	253	Σ253	1.000000	14867	Δοῦρα	0.800000	0.200000	σουρα	σουρα
138284	Σούσα	1	meineke_page_608.jpg	608	11437	ocr	OCR from image meineke_page_608.jpg (id=1780)	7858acfab7e0a4d5f62fb83baf3203f66f5cc4fb61083d68e60fb3b763692cb4	39902	Σοῦσα	254	Σ254	1.000000	39901	Σοῦρα	0.800000	0.200000	σουσα	σουσα
138285	Σοντέρειον	2	meineke_page_608.jpg	608	11438	ocr	OCR from image meineke_page_608.jpg (id=1780)	ea13f7eae69ed39703f8413f8889f5ac317571db8975804b7845c857002e8025	39903	Σούτριον	255	Σ255	0.700000	3496	Κοτιάειον	0.600000	0.100000	σοντερειον	σουτριον
138287	Σπαρτάκος	4	meineke_page_608.jpg	608	11440	ocr	OCR from image meineke_page_608.jpg (id=1780)	e8e02885b044f8551c4365f383a6a2558ec27be67eadd243ecd694546599a67b	39905	Σπάρτακος	257	Σ257	1.000000	41971	Σπάρτωλος	0.777778	0.222222	σπαρτακοσ	σπαρτακοσ
138288	Σπαλαθεφθ	5	meineke_page_608.jpg	608	11441	ocr	OCR from image meineke_page_608.jpg (id=1780)	022875e0cffd7ee3ef1b92c012aee6a5c773de01b0acb9303d5dde164a60977b	102757	Ἀσπαλάθεια	482	Α482	0.700000	39906	Σπαλέθρη	0.555556	0.144444	σπαλαθεφθ	ασπαλαθεια
138290	Σπάγγρηνδε	1	meineke_page_609.jpg	609	11443	ocr	OCR from image meineke_page_609.jpg (id=1781)	512d9d004b211f25b68fa62640651abc6e7d47632b2022751fd76ee8d1b2c1e3	2337	Καμαρηνοί	43	Κ43	0.400000	2482	Καρήνη	0.400000	0.000000	σπαγγρηνδε	καμαρηνοι
138291	Σπαρτέωλος	3	meineke_page_609.jpg	609	11444	ocr	OCR from image meineke_page_609.jpg (id=1781)	c379d4500a3985f7b9d10b5ced407e38b039c98f83a41fc55969a2218096f22d	41971	Σπάρτωλος	260	Σ260	0.900000	39905	Σπάρτακος	0.700000	0.200000	σπαρτεωλοσ	σπαρτωλοσ
138292	Σπασίων χάραξ	5	meineke_page_609.jpg	609	11445	ocr	OCR from image meineke_page_609.jpg (id=1781)	797e968c15a5bce5c9235a5bf351b7acf762ffdf0c922dafba899758224dc761	41972	Σπασίνου χάραξ	261	Σ261	0.769231	28346	Πίναρα	0.500000	0.269231	σπασιωνχαραξ	σπασινουχαραξ
138293	Σπήλαιον	9	meineke_page_609.jpg	609	11446	ocr	OCR from image meineke_page_609.jpg (id=1781)	a66b87765a2bb297869a0d2e065386ce92cc7f8a781c70bb7eadb067ecfa0a0e	41973	Σπήλαιον	262	Σ262	1.000000	28328	Πήλιον	0.750000	0.250000	σπηλαιον	σπηλαιον
138294	Σπίνα	12	meineke_page_609.jpg	609	11447	ocr	OCR from image meineke_page_609.jpg (id=1781)	d3211c430e91ab4d53d320268edba7ece62cc818cc99b6a09d671e68d49cbea5	41974	Σπῖνα	263	Σ263	1.000000	32044	Σανίνα	0.666667	0.333333	σπινα	σπινα
138295	Σποργίλος	15	meineke_page_609.jpg	609	11448	ocr	OCR from image meineke_page_609.jpg (id=1781)	6bb370d7572ec68ca44d6bf947949c6df8a3e89f7213da21eac7416540c9191b	41975	Σπόργιλος	264	Σ264	1.000000	41971	Σπάρτωλος	0.666667	0.333333	σποργιλοσ	σποργιλοσ
138296	Στάγειρα	16	meineke_page_609.jpg	609	11449	ocr	OCR from image meineke_page_609.jpg (id=1781)	ce898c961ca2dc8780d497aadeaf83eba7269649c5b08f3689963e9a8fffdebf	41976	Στάγειρα	265	Σ265	1.000000	2627	Κατάνειρα	0.666667	0.333333	σταγειρα	σταγειρα
138297	Σταμῆν	18	meineke_page_609.jpg	609	11450	ocr	OCR from image meineke_page_609.jpg (id=1781)	134e285f2592791e9884e147b5ef789cd9d774876d99d34e698b2fa8b47ddf82	41977	Σταμένη	266	Σ266	0.714286	32028	Σαμηνοί	0.571429	0.142857	σταμην	σταμενη
138298	Στάσις	20	meineke_page_609.jpg	609	11451	ocr	OCR from image meineke_page_609.jpg (id=1781)	6b061b845958b3b57c6798c06b0c14ad9c11989efd4facb4ce500a9b643beba5	41978	Στάσις	267	Σ267	1.000000	32005	Σάϊς	0.666667	0.333333	στασισ	στασισ
138299	Ἀντίοχος		meineke_page_610.jpg	610	11452	ocr	OCR from image meineke_page_610.jpg (id=1782)	f15403bb11b938955a725b28cb49995cf3d833b1afa2638dd44757bdc374618d	85700	Ἀντιγονίς	332	Α330	0.666667	85702	Ἀντιόχεια	0.666667	0.000000	αντιοχοσ	αντιγονισ
138300	Στειρία		meineke_page_610.jpg	610	11453	ocr	OCR from image meineke_page_610.jpg (id=1782)	fd73b38eb40e186aa3b9193963113699859cfa46fa9b6c8e66f194267bc9393b	41979	Στειριά	268	Σ268	1.000000	42048	Σχερία	0.714286	0.285714	στειρια	στειρια
138301	Στενύχληρος		meineke_page_610.jpg	610	11454	ocr	OCR from image meineke_page_610.jpg (id=1782)	4a72aa070179391581405095a1d68192f021fc9ce0b83cbd13db3669b7f162c1	41980	Στενύκληρος	269	Σ269	0.909091	131894	Ψένηρος	0.545455	0.363636	στενυχληροσ	στενυκληροσ
138302	Στεφάνη		meineke_page_610.jpg	610	11455	ocr	OCR from image meineke_page_610.jpg (id=1782)	8cc9e858b1a36b161759e4d4574ecaf191fcf6d179438b7dcacd55e9cbb1070b	41981	Στεφάνη	270	Σ270	1.000000	41982	Στεφανίς	0.750000	0.250000	στεφανη	στεφανη
138303	Στεφανίς		meineke_page_610.jpg	610	11456	ocr	OCR from image meineke_page_610.jpg (id=1782)	a23dda9e75ee286b2f0b268a3aa0de70717b3378fc1ba2e74ead03c0cfd72f63	41982	Στεφανίς	271	Σ271	1.000000	41981	Στεφάνη	0.750000	0.250000	στεφανισ	στεφανισ
138304	Στήλαι		meineke_page_610.jpg	610	11457	ocr	OCR from image meineke_page_610.jpg (id=1782)	ec2a142eb9496d2210eb82f56462f18792fc038e9bc3aca3d19df48e9138dfeb	41983	Στῆλαι	272	Σ272	1.000000	41984	Στίλπαι	0.714286	0.285714	στηλαι	στηλαι
138305	Στίλπα		meineke_page_610.jpg	610	11458	ocr	OCR from image meineke_page_610.jpg (id=1782)	5a21e7f853788b3dc920a826c5b018089864b4abf81e281526a6467f9179cb1b	41984	Στίλπαι	273	Σ273	0.857143	39883	Σμίλα	0.666667	0.190476	στιλπα	στιλπαι
138306	Στοῖα		meineke_page_610.jpg	610	11459	ocr	OCR from image meineke_page_610.jpg (id=1782)	438f2248f7330ee9b6d4390880e648f39a5c73c34e78055ef73626a40f922f28	41985	Στοῖαι	274	Σ274	0.833333	23664	Ἰστρία	0.666667	0.166667	στοια	στοιαι
138307	Στοιχάδες		meineke_page_610.jpg	610	11460	ocr	OCR from image meineke_page_610.jpg (id=1782)	3e4cb1c450319b2f68609cdd8a8fa209bfda173a74a006de1e54144fc5d31c6e	41986	Στοιχάδες	275	Σ275	1.000000	41999	Στροφάδες	0.666667	0.333333	στοιχαδεσ	στοιχαδεσ
138308	Στοῦνος		meineke_page_611.jpg	611	11461	ocr	OCR from image meineke_page_611.jpg (id=1783)	12f8cf25a1247e580915c969a1e75de7d18688c9b490b441c58a5b103a16c5d8	41987	Στουῖνος	276	Σ276	0.875000	41994	Στρῆνος	0.714286	0.160714	στουνοσ	στουινοσ
138309	Στεῖνος		meineke_page_612.jpg	612	11462	ocr	OCR from image meineke_page_612.jpg (id=1784)	b9c7f764971be5061c9dbcc81ed6246179c1a1138dadb1c63cd25a18ad1c1f7e	41987	Στουῖνος	276	Σ276	0.750000	18267	Ἐτεωνός	0.714286	0.035714	στεινοσ	στουινοσ
138310	Στεῖβης		meineke_page_612.jpg	612	11463	ocr	OCR from image meineke_page_612.jpg (id=1784)	5365fc78cc8b290bdc0de3f9740092e51aceef5f303fa5e5af492f551dc01736	41979	Στειριά	268	Σ268	0.571429	41995	Στρόβος	0.571429	0.000000	στειβησ	στειρια
138311	Στεοργύλη		meineke_page_612.jpg	612	11464	ocr	OCR from image meineke_page_612.jpg (id=1784)	2689bce8909734d685950b46117a99a3a36ce2bb3f59bc275bed02a2d076a996	41996	Στρογγύλη	285	Σ285	0.777778	41998	Στρόγωλα	0.555556	0.222222	στεοργυλη	στρογγυλη
138312	Στεόφυλα		meineke_page_612.jpg	612	11465	ocr	OCR from image meineke_page_612.jpg (id=1784)	a0ce1dc37e2cf7da564178993767653a8d0ee9b6fc698f7d822d2b076c0338d1	41998	Στρόγωλα	287	Σ286	0.625000	41996	Στρογγύλη	0.555556	0.069444	στεοφυλα	στρογωλα
138313	Στεούθεια		meineke_page_612.jpg	612	11466	ocr	OCR from image meineke_page_612.jpg (id=1784)	a1b131ee1fc592100aac457ae4f8ff7d2a32daf14f487e8c8c86a1f759c5f1ea	41997	Στρούθεια	286	Σ287	0.888889	17103	Ἐρύθεια	0.666667	0.222222	στεουθεια	στρουθεια
138314	Στροφαδες		meineke_page_612.jpg	612	11467	ocr	OCR from image meineke_page_612.jpg (id=1784)	0141a32d271772ec3de6449daf900fbc7f3b363e1934bcd679df0fd8eab05bf0	41999	Στροφάδες	288	Σ288	1.000000	41986	Στοιχάδες	0.666667	0.333333	στροφαδεσ	στροφαδεσ
138315	Στερυβία		meineke_page_612.jpg	612	11468	ocr	OCR from image meineke_page_612.jpg (id=1784)	03836f212f8fe8039a836fe65e056bc53b17b39db7895f31ee4033655631acce	42000	Στρυβία	289	Σ289	0.875000	105740	Ἀστερουσία	0.700000	0.175000	στερυβια	στρυβια
138316	Στερυμη		meineke_page_612.jpg	612	11469	ocr	OCR from image meineke_page_612.jpg (id=1784)	2ec8913f2201acff738444610e84a1136f8d7912f5e9b3d2f39309f69ae93714	42001	Στρύμη	290	Σ290	0.857143	14882	Δρύμη	0.571429	0.285714	στερυμη	στρυμη
138318	Στρέων	2	meineke_page_613.jpg	613	11471	ocr	OCR from image meineke_page_613.jpg (id=1785)	8de27e6a024a0a47f68c98297d2e62ec2906596e35b6389d4f174336df74bc36	42002	Στρυμών	291	Σ291	0.714286	32068	Σάρων	0.666667	0.047619	στρεων	στρυμων
138320	Στυλλάγαρον	4	meineke_page_613.jpg	613	11473	ocr	OCR from image meineke_page_613.jpg (id=1785)	0639ec4422db5fa65295ba66296846cf4c7e83afd1948408dc8054568a8a4eca	42005	Στυλλάγιον	294	Σ294	0.818182	39874	Σκύλλαιον	0.636364	0.181818	στυλλαγαρον	στυλλαγιον
138322	Σύνεια	6	meineke_page_613.jpg	613	11475	ocr	OCR from image meineke_page_613.jpg (id=1785)	93a534bd04268f7402c60420b0c99b52daab652a75b4efc0e6f2dd113e96db00	32042	Σάνεια	51	Σ51	0.833333	8452	Λύζεια	0.666667	0.166667	συνεια	σανεια
138323	Στυρεάκιον	7	meineke_page_613.jpg	613	11476	ocr	OCR from image meineke_page_613.jpg (id=1785)	d052562eedad19e6184fac4e2d2dd6ead1a121a307ccd06518f3082aaf31f26b	42008	Στυράκιον	297	Σ297	0.900000	41990	Στράτιον	0.700000	0.200000	στυρεακιον	στυρακιον
138324	Στῦλος	8	meineke_page_613.jpg	613	11477	ocr	OCR from image meineke_page_613.jpg (id=1785)	2fb4cb0b065023908e5509959e2c85fdd8f7a01da0cf029958dff4c846902bda	42009	Στῶλος	298	Σ298	0.833333	12810	Οἴτυλος	0.714286	0.119048	στυλοσ	στωλοσ
138325	Σινάγεα	9	meineke_page_613.jpg	613	11478	ocr	OCR from image meineke_page_613.jpg (id=1785)	68bdf9812fbcb5f667661cda3965b4fd9a6c5446f938c1c767ac63b41a044fbd	11893	Νίναια	61	Ν61	0.571429	22231	Ἰναχία	0.571429	0.000000	σιναγεα	νιναια
138326	Σύαλες	10	meineke_page_613.jpg	613	11479	ocr	OCR from image meineke_page_613.jpg (id=1785)	959c06981573727e7f9747ef5389b96fff86e0feba312a03eac273aabf1c7c26	42011	Σύαλις	300	Σ300	0.833333	3550	Κύαλος	0.666667	0.166667	συαλεσ	συαλισ
138327	Συνασσός	11	meineke_page_613.jpg	613	11480	ocr	OCR from image meineke_page_613.jpg (id=1785)	d7aa9990f60941f6f77d92b27eacd805d2867a714b2ae6f4f9cfd638c9363b79	42012	Συασσός	301	Σ301	0.875000	3552	Κυβασσός	0.750000	0.125000	συνασσοσ	συασσοσ
138328	Σύβαρις	1	meineke_page_614.jpg	614	11481	ocr	OCR from image meineke_page_614.jpg (id=1786)	ab09f4586006ff51c1df4d282633d473f873353092d693d6ae4f5e0d697d0f99	42013	Σύβαρις	302	Σ302	1.000000	42011	Σύαλις	0.714286	0.285714	συβαρισ	συβαρισ
138329	Σύβρεγχος / Σύβρεγχον	2	meineke_page_614.jpg	614	11482	ocr	OCR from image meineke_page_614.jpg (id=1786)	0b822d89c287b8091a027a27d5cdd58f2ad1c64e99715db5e086a1bfff783c7a	7260	Κυχρεῖος πάγος	304	Κ304	0.388889	3294	Κόσσυρος	0.333333	0.055556	συβρεγχοσσυβρεγχον	κυχρειοσπαγοσ
138331	Συβρίδαι	4	meineke_page_614.jpg	614	11484	ocr	OCR from image meineke_page_614.jpg (id=1786)	f068b2a2743b1ed92ae3a46d37baf52d3fecbece8e1302ed279a52b5253f9810	42016	Συβρίδαι	305	Σ305	1.000000	18287	Εὐπυρίδαι	0.666667	0.333333	συβριδαι	συβριδαι
138332	Σύδερα	5	meineke_page_614.jpg	614	11485	ocr	OCR from image meineke_page_614.jpg (id=1786)	dd33b77d759812f06bb53d8ae926273c8073b19c88dc59f18727466731b0c425	51050	Τύδερτα	213	Τ213	0.714286	13834	Δέρα	0.666667	0.047619	συδερα	τυδερτα
138333	Σύεσσα		meineke_page_615.jpg	615	11486	ocr	OCR from image meineke_page_615.jpg (id=1787)	9f81fffcfad5d4a76e5da2a8e32c728655d5a8db0674dd0fcb21770ed1724bec	42018	Σύεσσα	307	Σ307	1.000000	42017	Σύεδρα	0.666667	0.333333	συεσσα	συεσσα
138334	Συνήν		meineke_page_615.jpg	615	11487	ocr	OCR from image meineke_page_615.jpg (id=1787)	a53eecaebc2dfc809ef89efbf20e5b305a203e05d175d6e5adaa6c85e195368a	7220	Κυνή	264	Κ264	0.600000	20836	Θύνη	0.600000	0.000000	συνην	κυνη
138335	Συτά		meineke_page_615.jpg	615	11488	ocr	OCR from image meineke_page_615.jpg (id=1787)	60d333fc2e8762798ef2b3ac7cd6ef172aab5c02436f862b23cd7450964655dc	7254	Κύτα	298	Κ298	0.750000	42020	Συΐα	0.750000	0.000000	συτα	κυτα
138336	Σῦις		meineke_page_615.jpg	615	11489	ocr	OCR from image meineke_page_615.jpg (id=1787)	c657a240cb2579e4415bd6091b0d6632758dae100b8ddeaebc7cc1f65c6d9760	42021	Σύϊς	310	Σ310	1.000000	32005	Σάϊς	0.750000	0.250000	συισ	συισ
138337	Συκαί		meineke_page_615.jpg	615	11490	ocr	OCR from image meineke_page_615.jpg (id=1787)	908c67847802d3eed4d799d113e313bb7295684ac09e054f6c50c865381ca613	42022	Συκαί	311	Σ311	1.000000	32006	Σάκαι	0.800000	0.200000	συκαι	συκαι
138338	Συκάς ἢ Συκήρ ἢ Συκοῦντα ἢ Συκώνα		meineke_page_616.jpg	616	11491	ocr	OCR from image meineke_page_616.jpg (id=1788)	f387e0a27b3b1a9f4d23f85f876b6b8e065abc557ef8e99d107569de08b657bc	7644	Λαδισακίτης κόλπος	13	Λ13	0.296296	10332	Μυκαλησσός	0.296296	0.000000	συκασησυκηρησυκουνταησυκωνα	λαδισακιτησκολποσ
138339	Συκαμίτιον		meineke_page_616.jpg	616	11492	ocr	OCR from image meineke_page_616.jpg (id=1788)	271912b90fa2e3eee02c97b865f7cddd4ae347e245c5b1e036a886dcc01b36b8	42023	Συκάμινον	312	Σ312	0.800000	25159	Παπίτιον	0.600000	0.200000	συκαμιτιον	συκαμινον
138340	Σύκλον		meineke_page_616.jpg	616	11493	ocr	OCR from image meineke_page_616.jpg (id=1788)	fe0925eab7db840cdf0b4b5e893de29309fb9817e1b50158042de43fb61015b2	145231	Φῦλον	114	Φ114	0.666667	39876	Σκύλλιον	0.625000	0.041667	συκλον	φυλον
138341	Σύλειον		meineke_page_616.jpg	616	11494	ocr	OCR from image meineke_page_616.jpg (id=1788)	6b22885bb9da5a53a0bebbc1c2a395b267b04c95fffb7a815e0905d60d903831	42025	Σύλειον	314	Σ314	1.000000	39876	Σκύλλιον	0.750000	0.250000	συλειον	συλειον
138342	Συλῖονες		meineke_page_616.jpg	616	11495	ocr	OCR from image meineke_page_616.jpg (id=1788)	59e6ea132300e692cd366eabb44fa0a923bc62846fd6fab771aba751a4659490	42026	Συλίονες	315	Σ315	1.000000	14854	Δολίονες	0.750000	0.250000	συλιονεσ	συλιονεσ
138343	Σύμαθα		meineke_page_616.jpg	616	11496	ocr	OCR from image meineke_page_616.jpg (id=1788)	2d9146a4dfefaea4eb28148a9b5e84c3e6e73a4e1d2704eb083a697f45d5ecbc	42027	Σύμαιθα	316	Σ316	0.857143	14866	Δούμαθα	0.714286	0.142857	συμαθα	συμαιθα
138344	Σύμβρα		meineke_page_616.jpg	616	11497	ocr	OCR from image meineke_page_616.jpg (id=1788)	f3ebfc7192782c184045dd1ef840905960c59962ad996c834a7edd109197f529	42028	Σύμβρα	317	Σ317	1.000000	20832	Θύμβρα	0.833333	0.166667	συμβρα	συμβρα
138345	Σύμη		meineke_page_616.jpg	616	11498	ocr	OCR from image meineke_page_616.jpg (id=1788)	faf6acc522bc5bac5a7b08d084dfff6767e726e46186025c569190ea33d45e08	42029	Σύμη	318	Σ318	1.000000	3842	Δύμη	0.750000	0.250000	συμη	συμη
138346	Συνάγωγος		meineke_page_616.jpg	616	11499	ocr	OCR from image meineke_page_616.jpg (id=1788)	c972ec1c436f2496801a4de0d02f8ce6530653059419ea6dc5d3dd8882581893	42030	Σύναγγος	319	Σ319	0.888889	32011	Σάλαγγος	0.666667	0.222222	συναγωγοσ	συναγγοσ
138349	Συπαληττός	3	meineke_page_617.jpg	617	11502	ocr	OCR from image meineke_page_617.jpg (id=1789)	092979aacf7ecd4a7a33bb77950247592b397e4cb4091cb088c60ebfbb253ccd	42033	Συπαληττός	322	Σ322	1.000000	10332	Μυκαλησσός	0.600000	0.400000	συπαληττοσ	συπαληττοσ
138351	Συβαχνούσιος		meineke_page_618.jpg	618	11504	ocr	OCR from image meineke_page_618.jpg (id=1790)	55b5ee0c186f7d6afd21eaae7134652ce13d112fb0d7b5825c54177d49810fb6	105857	Βαργούσιοι	39	Β39	0.583333	2061	Καδούσιοι	0.500000	0.083333	συβαχνουσιοσ	βαργουσιοι
138352	Σύννοιαι		meineke_page_619.jpg	619	11505	ocr	OCR from image meineke_page_619.jpg (id=1791)	e876cf5017b88a7c94085e915a46e31385469a1b6a730da8b60b8e84feda4279	32045	Σαννίγαι	54	Σ54	0.625000	41985	Στοῖαι	0.625000	0.000000	συννοιαι	σαννιγαι
138354	Συρέντιον		meineke_page_619.jpg	619	11507	ocr	OCR from image meineke_page_619.jpg (id=1791)	1ee9c2e33d8295d077311457c07d368b58ff3da1d3e70fced935d35d81543c92	42042	Συρρέντιον	331	Σ331	0.900000	26664	Παρέντιον	0.777778	0.122222	συρεντιον	συρρεντιον
138355	Συῶπιοι		meineke_page_619.jpg	619	11508	ocr	OCR from image meineke_page_619.jpg (id=1791)	2d4b07e8f0a801370abc9ae17e2bbbb9d318c1c81a3c4d6b9aa63ba365fb6e27	42043	Συώπιοι	332	Σ332	1.000000	9028	Μάσπιοι	0.571429	0.428571	συωπιοι	συωπιοι
138356	Σφακτηρία		meineke_page_619.jpg	619	11509	ocr	OCR from image meineke_page_619.jpg (id=1791)	8aa9d0dc158592a8d609e1073d2de9e0334030d803e63643d950f7726d72d93e	42044	Σφακτήρια	333	Σ333	1.000000	32074	Σατρία	0.666667	0.333333	σφακτηρια	σφακτηρια
138357	Σφαγῖτις	1	meineke_page_620.jpg	620	11510	ocr	OCR from image meineke_page_620.jpg (id=1792)	721ba7b94794a34b7534a4fa84e637be328b776e4ec4dbb1c96ec16fbf7eabfa	32046	Σάντις	55	Σ55	0.625000	39857	Σκιρῖτις	0.625000	0.000000	σφαγιτισ	σαντισ
138358	Σφενδάλη	4	meineke_page_620.jpg	620	11511	ocr	OCR from image meineke_page_620.jpg (id=1792)	407d8a3d784ecd3e05f953d60ed1c0f40146c0ac64da48531ef14e44bea2095a	42045	Σφενδαλή	334	Σ334	1.000000	9620	Μένδη	0.500000	0.500000	σφενδαλη	σφενδαλη
138359	Σφήκεια	7	meineke_page_620.jpg	620	11512	ocr	OCR from image meineke_page_620.jpg (id=1792)	74cca2ee1d3a46b3aaf517d22054d1554e89170ea7134ba76717df59c0dc559a	42046	Σφήκεια	335	Σ335	1.000000	135405	Φήγεια	0.714286	0.285714	σφηκεια	σφηκεια
138360	Σφηττός	13	meineke_page_620.jpg	620	11513	ocr	OCR from image meineke_page_620.jpg (id=1792)	26b3c430c4d0a45bf7d958a873fb65c9099b163f06330829e2bd93f16e3eede5	42047	Σφηττός	336	Σ336	1.000000	37802	Σηστός	0.714286	0.285714	σφηττοσ	σφηττοσ
138361	Σχερία	19	meineke_page_620.jpg	620	11514	ocr	OCR from image meineke_page_620.jpg (id=1792)	4a5bae680056ba72a7712cd7ceb95c2a742f77ff78ac8a315a15e1061c554750	42048	Σχερία	337	Σ337	1.000000	18263	Ἑσπερία	0.714286	0.285714	σχερια	σχερια
138362	Σχινόυσσα	20	meineke_page_620.jpg	620	11515	ocr	OCR from image meineke_page_620.jpg (id=1792)	0f108b86598ab109db62b0c3ec5c609d144c2d6d662ff44820a3cb3ea4f60cb3	42049	Σχινοῦσσα	338	Σ338	1.000000	37852	Σινόεσσα	0.777778	0.222222	σχινουσσα	σχινουσσα
138363	Σχοινους		meineke_page_621.jpg	621	11516	ocr	OCR from image meineke_page_621.jpg (id=1793)	8d6335741cfeabd49693ae3323bc97ca61cb905e5b6519c01205847defffef3f	42050	Σχοινοῦς	339	Σ339	1.000000	12802	Οἰνοῦς	0.750000	0.250000	σχοινουσ	σχοινουσ
138364	Σωβαλα		meineke_page_621.jpg	621	11517	ocr	OCR from image meineke_page_621.jpg (id=1793)	8edceb26dbe6cc7c1eca90baabe227584f1c841a7fbe6613b1231d5197ca782a	42051	Σώβαλα	340	Σ340	1.000000	39841	Σκάβαλα	0.714286	0.285714	σωβαλα	σωβαλα
138365	Σώζουσα		meineke_page_621.jpg	621	11518	ocr	OCR from image meineke_page_621.jpg (id=1793)	757f0e63014bf0fd651506f8bc6eeb4dfe9147034e7f44557350eb76eb3b9c06	42052	Σώζουσαι	341	Σ341	0.875000	37826	Σίδουσα	0.714286	0.160714	σωζουσα	σωζουσαι
138366	Σώλιμα		meineke_page_621.jpg	621	11519	ocr	OCR from image meineke_page_621.jpg (id=1793)	c0cfe0dcf2ce68a9586861bd0d4174ac4d5c76f55d97a496d583b925c4fa8020	42053	Σώλιμνα	342	Σ342	0.857143	39895	Σόλυμα	0.666667	0.190476	σωλιμα	σωλιμνα
138367	Σωσαθρα		meineke_page_621.jpg	621	11520	ocr	OCR from image meineke_page_621.jpg (id=1793)	b7f08eefcb5cb1ec0c1e41908a9d72adc1cc365b256a45c2022a5bbb196fb05c	42054	Σωσάνδρα	343	Σ343	0.750000	32069	Σάτρα	0.571429	0.178571	σωσαθρα	σωσανδρα
138368	Σωτείρα		meineke_page_621.jpg	621	11521	ocr	OCR from image meineke_page_621.jpg (id=1793)	cf37c610539df4051d8b73f5c0edb5be9401e4777bb9074df4edb90bcb770911	42056	Σώτειρα	345	Σ345	1.000000	41979	Στειριά	0.714286	0.285714	σωτειρα	σωτειρα
138369	Σωφρηνή		meineke_page_622.jpg	622	11522	ocr	OCR from image meineke_page_622.jpg (id=1794)	70368f46e4aea3141a2792fcf8d4c70309767f95ee06b9305c3d276f2578f9ac	42055	Σωφηνή	344	Σ344	0.857143	125140	Γωγαρηνή	0.625000	0.232143	σωφρηνη	σωφηνη
138370	Τάβατι		meineke_page_622.jpg	622	11523	ocr	OCR from image meineke_page_622.jpg (id=1794)	9c57b768762ba1836ed0dd44e039cc511cb39bd31fc15525b3cb85c98f17f43f	44207	Τάβαι	1	Τ1	0.833333	7633	Λάβαι	0.666667	0.166667	ταβατι	ταβαι
138371	Ταβηνοί		meineke_page_622.jpg	622	11524	ocr	OCR from image meineke_page_622.jpg (id=1794)	f6db331ef7a35e421e32a56375071cc78c9ac9934e59ab9aa5606cc8d90ae0fb	44208	Ταβηνοί	2	Τ2	1.000000	44211	Ταηνοί	0.857143	0.142857	ταβηνοι	ταβηνοι
138372	Τάβαι		meineke_page_622.jpg	622	11525	ocr	OCR from image meineke_page_622.jpg (id=1794)	c4cc182405a5fbb5d4a1ab407e4ca58523428c97cc41cb3a629857899803499f	44207	Τάβαι	1	Τ1	1.000000	7633	Λάβαι	0.800000	0.200000	ταβαι	ταβαι
138373	Τάβης		meineke_page_622.jpg	622	11526	ocr	OCR from image meineke_page_622.jpg (id=1794)	5112fa3bda93ea77cad9e2a4b3e47471e62bd6a4b06022f086903cb8dbfa6edd	44210	Τάβις	4	Τ4	0.800000	9025	Μάσης	0.600000	0.200000	ταβησ	ταβισ
138374	Ταβᾶθα		meineke_page_623.jpg	623	11527	ocr	OCR from image meineke_page_623.jpg (id=1795)	629664ad3de28bad873a4c0bc8d65a3412e255839c881c55cc4134a9b2716477	2345	Κάναθα	51	Κ51	0.666667	7634	Λάβαρα	0.666667	0.000000	ταβαθα	καναθα
138375	Ταηγοί		meineke_page_623.jpg	623	11528	ocr	OCR from image meineke_page_623.jpg (id=1795)	0f8ee13ec20423037843d4e863e1a271e31b44bca25df517811f5ea77193dc69	44211	Ταηνοί	6	Τ6	0.833333	44208	Ταβηνοί	0.714286	0.119048	ταηγοι	ταηνοι
138376	Ταιναρος		meineke_page_623.jpg	623	11529	ocr	OCR from image meineke_page_623.jpg (id=1795)	9b140f171bf0261c826a14d07a6287fd5782ee7451b4c3c01c95339947500315	44212	Ταίναρος	7	Τ7	1.000000	8958	Μαίναλος	0.750000	0.250000	ταιναροσ	ταιναροσ
138377	Τάχοριμος		meineke_page_623.jpg	623	11530	ocr	OCR from image meineke_page_623.jpg (id=1795)	357dc02c8858161b38e4009f404a2008327bbf948f1f20d7d23049be3ba75216	25154	Πάνορμος	23	Π23	0.666667	20786	Θεμβρίμος	0.555556	0.111111	ταχοριμοσ	πανορμοσ
138378	Ταλαια		meineke_page_624.jpg	624	11531	ocr	OCR from image meineke_page_624.jpg (id=1796)	fb6918b9b29e2b708a209a2f768d462a8403f1c36625104726283103f0ecbd97	44214	Ταλαρία	9	Τ9	0.857143	51000	Τραλλία	0.714286	0.142857	ταλαια	ταλαρια
138379	Τάμασσος		meineke_page_624.jpg	624	11532	ocr	OCR from image meineke_page_624.jpg (id=1796)	68eb6d81da504e6393aedb3cbd1490d0a5fb7426759d19017683d56fdc1cf20b	44215	Τάμασος	10	Τ10	0.875000	82911	Ἀμαμασσός	0.777778	0.097222	ταμασσοσ	ταμασοσ
138380	Τάμβηραξ		meineke_page_624.jpg	624	11533	ocr	OCR from image meineke_page_624.jpg (id=1796)	0988eebf265b82165da2fba74c0ea9b8b2444f63ce9c1c07c93e21505f6a19e3	44216	Τάμβραξ	11	Τ11	0.875000	2336	Καμάρα	0.500000	0.375000	ταμβηραξ	ταμβραξ
138381	Ταμιὰδις		meineke_page_624.jpg	624	11534	ocr	OCR from image meineke_page_624.jpg (id=1796)	ff96521d2cbe63a9a46ee28406874132d483ef6911f197ba365e7b381fb80301	44221	Ταμίαθις	16	Τ12	0.875000	44215	Τάμασος	0.625000	0.250000	ταμιαδισ	ταμιαθισ
138386	Τάναγρα		meineke_page_625.jpg	625	11539	ocr	OCR from image meineke_page_625.jpg (id=1797)	8cd9adb2bb37b48919fc85ce0201e1ce2e6e8d4d30d4a426503d4d89864be8fe	44222	Τάναγρα	17	Τ17	1.000000	25144	Πάνακρα	0.714286	0.285714	ταναγρα	ταναγρα
138387	Γαῖαι / Ταναῒς / Τάνις		meineke_page_626.jpg	626	11540	ocr	OCR from image meineke_page_626.jpg (id=1798)	ed44726ee7480c64a6ab7316da0fa64519c173af180d900e7dc48a99395f3e6a	9586	Μαυριτανίαι	100	Μ100	0.500000	61139	Αἰανῖτις	0.500000	0.000000	γαιαιταναιστανισ	μαυριτανιαι
138388	Τᾶνος		meineke_page_627.jpg	627	11541	ocr	OCR from image meineke_page_627.jpg (id=1799)	936f1559ea325415f889915dc894c27d9d89d86a51fcbb471ac762e03f0f9a44	44225	Τάνος	20	Τ20	1.000000	23670	Ἰτανός	0.833333	0.166667	τανοσ	τανοσ
138389	Τάνταλος		meineke_page_627.jpg	627	11542	ocr	OCR from image meineke_page_627.jpg (id=1799)	f1bd8ddce026513a5cb7aaa2f9812ba1a333230df7c6e3f7154ac38190eb3a0f	44226	Τάνταλος	21	Τ21	1.000000	8994	Μάνταλος	0.875000	0.125000	τανταλοσ	τανταλοσ
138390	Ταξιάνα		meineke_page_627.jpg	627	11543	ocr	OCR from image meineke_page_627.jpg (id=1799)	36f4d57bc939b47450fb6d85b29332612cded264c3c551eeb7443606616d01c7	44227	Ταξίανα	22	Τ22	1.000000	44228	Τάξιλα	0.714286	0.285714	ταξιανα	ταξιανα
138391	Τάξιλα		meineke_page_627.jpg	627	11544	ocr	OCR from image meineke_page_627.jpg (id=1799)	d2cff534bf76e70f6053376c8daeef47443b82afb3b6eb7aa2eda38029ff5c52	44228	Τάξιλα	23	Τ23	1.000000	44227	Ταξίανα	0.714286	0.285714	ταξιλα	ταξιλα
138392	Τάχοι		meineke_page_627.jpg	627	11545	ocr	OCR from image meineke_page_627.jpg (id=1799)	534c48189c049010aa8f3d0a1a646edfb43f495442cb5cde729380bf1c456385	44229	Τάοχοι	24	Τ24	0.833333	44209	Τάβιοι	0.666667	0.166667	ταχοι	ταοχοι
138393	Ταποσείρις		meineke_page_627.jpg	627	11546	ocr	OCR from image meineke_page_627.jpg (id=1799)	0dcc312a5ec7f61b7349089aea503ebb1e45746b6dbbf575150ba24aff705ac6	44230	Ταπόσειρις	25	Τ25	1.000000	2085	Καλασίρις	0.600000	0.400000	ταποσειρισ	ταποσειρισ
138394	Ταπροβάνη		meineke_page_627.jpg	627	11547	ocr	OCR from image meineke_page_627.jpg (id=1799)	cd6547721ca1ead8dfdc05f7374aeef3521a8799ae9fe427f6861015fa623c1a	44231	Ταπροβάνη	26	Τ26	1.000000	3276	Κορομάνη	0.555556	0.444444	ταπροβανη	ταπροβανη
138395	Τάπυρεοι		meineke_page_627.jpg	627	11548	ocr	OCR from image meineke_page_627.jpg (id=1799)	0d51fc9b5eae266fbc9625a425b7c24a2826f5f8214928184779b252d9fda76d	44232	Τάπυρροι	27	Τ27	0.875000	30144	Πύργοι	0.625000	0.250000	ταπυρεοι	ταπυρροι
138396	Τάφανος		meineke_page_627.jpg	627	11549	ocr	OCR from image meineke_page_627.jpg (id=1799)	b6d87d3b0df9c098e3c2521649b63ea876fc5cd3ffea216186958797a87fec29	44215	Τάμασος	10	Τ10	0.714286	44225	Τάνος	0.714286	0.000000	ταφανοσ	ταμασοσ
138397	Τάρας		meineke_page_628.jpg	628	11550	ocr	OCR from image meineke_page_628.jpg (id=1800)	057eee73c123c54c528107bcbe3ed69e76f53fd5bf649f3a6e3ccba277143889	44234	Τάρας	29	Τ29	1.000000	60982	Τύρας	0.800000	0.200000	ταρασ	ταρασ
138398	Ταρσέαι		meineke_page_628.jpg	628	11551	ocr	OCR from image meineke_page_628.jpg (id=1800)	46ce2e9ad9fb6a1ce65e166d190d0554fc9818ea41b2a3529f82b8b520c8da01	44235	Ταριχέαι	30	Τ30	0.750000	3281	Κορσεαί	0.714286	0.035714	ταρσεαι	ταριχεαι
138399	Ταρκυνία		meineke_page_628.jpg	628	11552	ocr	OCR from image meineke_page_628.jpg (id=1800)	d1be7060322f0de0927559c502fb152bcd696d320fcba63011fa6a196643cfcf	44236	Ταρκυνία	31	Τ31	1.000000	2488	Καρμανία	0.625000	0.375000	ταρκυνια	ταρκυνια
138400	Τάρην	1	meineke_page_629.jpg	629	11553	ocr	OCR from image meineke_page_629.jpg (id=1801)	6642635f877f5951f6082ad90c02bf7154043c09a71787a463e79d78c0ae3486	2482	Καρήνη	80	Κ80	0.666667	105859	Βαρήνη	0.666667	0.000000	ταρην	καρηνη
138401	Ταρσός	1	meineke_page_630.jpg	630	11554	ocr	OCR from image meineke_page_630.jpg (id=1802)	12ef7c6d733e935ceccab6a0c4da95d216bd583fba61bed69e008890db381bf6	44244	Ταρσός	39	Τ39	1.000000	44215	Τάμασος	0.714286	0.285714	ταρσοσ	ταρσοσ
138402	Βιθυνιακῶν Τάφσειαν		meineke_page_631.jpg	631	11555	ocr	OCR from image meineke_page_631.jpg (id=1803)	cfa223c1e5069408e889d7cc4257518e0b5c4114a08077834d33897f5aae415e	7630	Κωστάντεια	316	Κ316	0.388889	11885	Νικασία	0.388889	0.000000	βιθυνιακωνταφσειαν	κωσταντεια
138403	Τάφεταρος		meineke_page_631.jpg	631	11556	ocr	OCR from image meineke_page_631.jpg (id=1803)	d4e6344f2b14fe286787eeea92f6bcce7ba449c521d1f8fb3044f8fc5c3dc5ab	44245	Τάρταρος	40	Τ40	0.777778	44212	Ταίναρος	0.666667	0.111111	ταφεταροσ	ταρταροσ
138404	Ταρτησσός		meineke_page_631.jpg	631	11557	ocr	OCR from image meineke_page_631.jpg (id=1803)	fe2f079daba3f87f5be50e02ff193ef8bb00a2e17323a0972b1e3dd87b5f3a53	44246	Ταρτησσός	41	Τ41	1.000000	2478	Καρδησσός	0.777778	0.222222	ταρτησσοσ	ταρτησσοσ
138405	Τάφραφα		meineke_page_631.jpg	631	11558	ocr	OCR from image meineke_page_631.jpg (id=1803)	6ed8b758a2412d5fe503f5e7d9dbd5958fbab8eb48983e4843be07d32e9e1bad	2475	Κάρανα	73	Κ73	0.571429	12879	Δάραψα	0.571429	0.000000	ταφραφα	καρανα
138406	Τάφρη		meineke_page_631.jpg	631	11559	ocr	OCR from image meineke_page_631.jpg (id=1803)	5c2c7e71204fdac48a10f822651a680de68eb4c76434c16796faa75a6adc6def	2077	Καιρή	14	Κ15	0.600000	2630	Κάτρη	0.600000	0.000000	ταφρη	καιρη
138407	Ταχιᾶνα		meineke_page_632.jpg	632	11560	ocr	OCR from image meineke_page_632.jpg (id=1804)	dfe4f9e85bb7f0b289499d0119f27f45013a1fbf9a9e9d7053062307fcc8081f	44227	Ταξίανα	22	Τ22	0.857143	2469	Καπίννα	0.571429	0.285714	ταχιανα	ταξιανα
138408	Ταχώνιον		meineke_page_632.jpg	632	11561	ocr	OCR from image meineke_page_632.jpg (id=1804)	cd82eb111bb0c4736fe1e59c9e56e9591987caf2baa925245d64c78cb8f63eea	51041	Τριχώνιον	204	Τ204	0.777778	48694	Τιμώνιον	0.750000	0.027778	ταχωνιον	τριχωνιον
138409	Ταῦα		meineke_page_632.jpg	632	20141	csv_fallback	Backfilled from meineke_headwords.greek_paragraph	a1e5961d9af8566b58e401585069b71a26b909ef8b293cd4dc552c364ef73d48	32077	Σαῦα	86	Σ86	0.750000	44219	Τάμυνα	0.666667	0.083333	ταυα	σαυα
138410	Ταύακα		meineke_page_632.jpg	632	11563	ocr	OCR from image meineke_page_632.jpg (id=1804)	33764d9d67f3e7697e9029bdf1946711d62620080412496a94d0c8587ba9cf75	51007	Τραύαλα	170	Τ170	0.714286	8487	Μάζακα	0.666667	0.047619	ταυακα	τραυαλα
138411	Ταΰγετον		meineke_page_632.jpg	632	11564	ocr	OCR from image meineke_page_632.jpg (id=1804)	087a62ce32f24589faf929b14a4fba10c25b7419e59423c5635938778fa73fbf	44217	Ταμιεῖον	12	Τ13	0.625000	2633	Καύδιον	0.500000	0.125000	ταυγετον	ταμιειον
138412	Ταυλάντιοι		meineke_page_632.jpg	632	11565	ocr	OCR from image meineke_page_632.jpg (id=1804)	cba17626486b042ad3f6e8c5cc0a495689b784fba426fb083dd907346d992023	25136	Παλλάντιον	4	Π4	0.700000	2086	Καλατίαι	0.600000	0.100000	ταυλαντιοι	παλλαντιον
138413	Ταυρακία		meineke_page_632.jpg	632	11566	ocr	OCR from image meineke_page_632.jpg (id=1804)	57b8db27bc2205fe0a370d5290c867153d4c096597d40c777c69c5dd87ec24c9	44240	Ταρρακῖνα	35	Τ35	0.777778	20776	Θαυμακία	0.750000	0.027778	ταυρακια	ταρρακινα
138414	Ταυρική		meineke_page_632.jpg	632	11567	ocr	OCR from image meineke_page_632.jpg (id=1804)	bda8c8231925a3bf25daaa9859e4a6df0c972340fcf77383a5aea537ba40773c	44220	Ταμυράκη	15	Τ16	0.750000	11037	Μυρίκη	0.714286	0.035714	ταυρικη	ταμυρακη
138415	Ταυρικός		meineke_page_633.jpg	633	11568	ocr	OCR from image meineke_page_633.jpg (id=1805)	2236c2cfdeaf945dd49f707b2d85a038de56f9054c2b25b06931e3f30511f385	2341	Καμικός	47	Κ47	0.625000	2485	Καρικόν	0.625000	0.000000	ταυρικοσ	καμικοσ
138416	Ταυρῖσκοι		meineke_page_633.jpg	633	11569	ocr	OCR from image meineke_page_633.jpg (id=1805)	a813300a3c16e2931abc5cb671d16c97c2fc3d63a224ac0069fd258493d744c1	2637	Καυλίκοι	137	Κ137	0.666667	2485	Καρικόν	0.555556	0.111111	ταυρισκοι	καυλικοι
138417	Ταυρόεις		meineke_page_633.jpg	633	11570	ocr	OCR from image meineke_page_633.jpg (id=1805)	8fd51e47e1c7404f4802cd1b654a0fc70dc1830912fd624af6523bcc321ab2cb	8982	Μαλόεις	41	Μ41	0.625000	11919	Ξαῦρος	0.625000	0.000000	ταυροεισ	μαλοεισ
138418	Ταυρομένιον		meineke_page_633.jpg	633	11571	ocr	OCR from image meineke_page_633.jpg (id=1805)	887b358c145fc508cdcdb0d6194e19845d4a69220f64bf12dc7374fbd3086c66	60985	Τυρμένιοι	230	Τ230	0.727273	80217	Ἀλαλκομένιον	0.666667	0.060606	ταυρομενιον	τυρμενιοι
138419	Ταυροπόλιον		meineke_page_633.jpg	633	11572	ocr	OCR from image meineke_page_633.jpg (id=1805)	a05cffd08800c5930db9d28d5e38dba31931158c503bd41987c29db9a4005686	2495	Καρόπολις	93	Κ93	0.636364	3504	Κουρόπολις	0.636364	0.000000	ταυροπολιον	καροπολισ
138420	Ταυρόπολις		meineke_page_633.jpg	633	11573	ocr	OCR from image meineke_page_633.jpg (id=1805)	ce14aaf751c37a91a4fafdaa8e5dbb773a1abdefa0af75fe61bd7790a9ddba61	2495	Καρόπολις	93	Κ93	0.800000	3504	Κουρόπολις	0.800000	0.000000	ταυροπολισ	καροπολισ
138421	Ταῦρος		meineke_page_633.jpg	633	20142	csv_fallback	Backfilled from meineke_headwords.greek_paragraph	e3c7aae045b8a0af62c6a2eef0cbace04e201e426537250d0e79be2de5fcf9d2	11919	Ξαῦρος	3	Ξ3	0.833333	60988	Τύρος	0.833333	0.000000	ταυροσ	ξαυροσ
138422	Ταυγέχεια		meineke_page_633.jpg	633	11575	ocr	OCR from image meineke_page_633.jpg (id=1805)	0d6707f30454a2f2122dbafe20f3a17c4e012d1b03038a87f33f6f33d98ad03e	3553	Κυβέλεια	245	Κ245	0.555556	7219	Κυνέτεια	0.555556	0.000000	ταυγεχεια	κυβελεια
138424	Τάφος	2	meineke_page_634.jpg	634	11577	ocr	OCR from image meineke_page_634.jpg (id=1806)	6b86c7cca5b1752178f7c8b72532c5f44414dfb6cafa77c620949be98a87b9ae	26701	Πάφος	78	Π78	0.800000	44225	Τάνος	0.800000	0.000000	ταφοσ	παφοσ
138425	Ταφουσίς	3	meineke_page_634.jpg	634	11578	ocr	OCR from image meineke_page_634.jpg (id=1806)	4a6881c7b37c10e2857298e26c92456566f5a8899d3211b46cf2a822b8d30115	3541	Κρουσίς	233	Κ232	0.625000	61109	Ἄδουλις	0.625000	0.000000	ταφουσισ	κρουσισ
138426	Τάφειρα / Τάφρη	4	meineke_page_634.jpg	634	11579	ocr	OCR from image meineke_page_634.jpg (id=1806)	187d785f255f731f8d61096f958228249e9d9d6a256ee17b432b56531d8c5dbd	2056	Καβειρία	3	Κ3	0.416667	13805	Δαριστάνη	0.416667	0.000000	ταφειραταφρη	καβειρια
138427	Ταχεμβώ	5	meineke_page_634.jpg	634	11580	ocr	OCR from image meineke_page_634.jpg (id=1806)	b0a7ffd83f5449295cbb3aa918773ac8c4caee4a2a1b17c49036ada4d020f41b	131904	Ψιττάχεμμις	14	Ψ14	0.454545	31996	Σαβώ	0.428571	0.025974	ταχεμβω	ψιτταχεμμισ
138428	Τεανόν	6	meineke_page_634.jpg	634	11581	ocr	OCR from image meineke_page_634.jpg (id=1806)	f4d20994fadecee205ee3712428eb6ce64db372ed3b298393bc22b909dffc0c2	28321	Πέφνον	132	Π132	0.666667	44225	Τάνος	0.666667	0.000000	τεανον	πεφνον
138429	Τέβερις	7	meineke_page_634.jpg	634	11582	ocr	OCR from image meineke_page_634.jpg (id=1806)	32d80e35b44c39b298e9540c429c548f7acab22e4d1d4a9622d9e62c158c2c81	48683	Τιβεριάς	119	Τ119	0.750000	48684	Τίβυρις	0.714286	0.035714	τεβερισ	τιβεριασ
138430	Τεγέα	8	meineke_page_634.jpg	634	16134	ocr	OCR from image meineke_page_634.jpg (id=1806)	7ad89307741b44258aedfa4f647659615cda4a5d4982441ee0f57f02d87af066	48653	Τενέα	89	Τ89	0.800000	30120	Πτελέα	0.666667	0.133333	τεγεα	τενεα
138431	Τεγεάτης καὶ Μαίνᾶλος		meineke_page_635.jpg	635	11584	ocr	OCR from image meineke_page_635.jpg (id=1807)	392c55009192239ac0ee96dc28066aee8aadce36c968f88f951f3f3bc529c97f	8958	Μαίναλος	17	Μ17	0.421053	39843	Σκάμανδρος	0.421053	0.000000	τεγεατησκαιμαιναλοσ	μαιναλοσ
138432	Τεγέσταρα		meineke_page_635.jpg	635	11585	ocr	OCR from image meineke_page_635.jpg (id=1807)	286300c470a1a3212a2df59d73eeaa2efe0a5bfa9c360dad9fd67150af52f3f7	15961	Ἔγεστα	8	Ε8	0.666667	9592	Μέγαρα	0.555556	0.111111	τεγεσταρα	εγεστα
138433	Τεγησσός		meineke_page_636.jpg	636	11586	ocr	OCR from image meineke_page_636.jpg (id=1808)	99ffe62060ac7d53e86166437c34dd0883d3bda974cd20c321243d6991cb112f	48663	Τερμησσός	99	Τ99	0.777778	48669	Τευμησσός	0.777778	0.000000	τεγησσοσ	τερμησσοσ
138434	Τελία		meineke_page_636.jpg	636	11587	ocr	OCR from image meineke_page_636.jpg (id=1808)	906623e6132afcc2089569e4ae2fdeac2986464a41389ba220db580679d2e44f	9606	Μελία	126	Μ126	0.800000	9609	Μέλινα	0.666667	0.133333	τελια	μελια
138435	Τεκιόθεις		meineke_page_636.jpg	636	11588	ocr	OCR from image meineke_page_636.jpg (id=1808)	58ab40086859e979fb4874339cdf58f6c9e891a0d0fae23a0e7a0670ca5993ab	26704	Πεδιεῖς	81	Π81	0.555556	44221	Ταμίαθις	0.555556	0.000000	τεκιοθεισ	πεδιεισ
138436	Τειχιοῦσσα		meineke_page_636.jpg	636	11589	ocr	OCR from image meineke_page_636.jpg (id=1808)	0cb2053f7f2ab71d74e6ad72e6f379dac1cfde87b3cadfd1c0f80f64f58caec0	17089	Ἐρικοῦσσα	113	Ε113	0.600000	42049	Σχινοῦσσα	0.600000	0.000000	τειχιουσσα	ερικουσσα
138437	Τεῖχος		meineke_page_636.jpg	636	20143	csv_fallback	Backfilled from meineke_headwords.greek_paragraph	6d1fea8aa1fb917ab02607e3acfad557227e178592bbb2fde0e8a0b2ba0d3a18	11091	Νεῖλος	30	Ν30	0.666667	46446	Τελχίς	0.666667	0.000000	τειχοσ	νειλοσ
138438	Τέκμων		meineke_page_636.jpg	636	11591	ocr	OCR from image meineke_page_636.jpg (id=1808)	4d64e60fbcb4a1a121b6dfdedf72916a3e2d1b3f71b3aed506c4b07f993e47c8	46440	Τελαμών	75	Τ75	0.714286	42002	Στρυμών	0.571429	0.142857	τεκμων	τελαμων
138439	Τεκτόσαγες		meineke_page_636.jpg	636	11592	ocr	OCR from image meineke_page_636.jpg (id=1808)	eb04a4680d43efd0e56762a19e7c07014838e04ed3d2c3e03d75c8dfdf68a366	46439	Τεκτόσαξ	74	Τ74	0.700000	7225	Κυνόσαργες	0.500000	0.200000	τεκτοσαγεσ	τεκτοσαξ
138442	Τελέφριον		meineke_page_637.jpg	637	11595	ocr	OCR from image meineke_page_637.jpg (id=1809)	1ef8f8a49a0f0771860a08378065e18450f30a35a2cf9849e6da850529963995	46442	Τελέθριον	77	Τ77	0.888889	48654	Τενέβριον	0.777778	0.111111	τελεφριον	τελεθριον
138444	Τελμυσσός		meineke_page_637.jpg	637	11597	ocr	OCR from image meineke_page_637.jpg (id=1809)	c6d0ac942c6cc2f2d701a4ec88fa3849420b5a357c70cd56ea8af47908a16d58	46444	Τελμισσός	79	Τ79	0.888889	48663	Τερμησσός	0.777778	0.111111	τελμυσσοσ	τελμισσοσ
138445	Τελρουσα		meineke_page_638.jpg	638	11598	ocr	OCR from image meineke_page_638.jpg (id=1810)	3af796931253ac18f1e9ed3fcdb8146ec82b5c7fa4a21b8988842fbff0bdab66	46445	Τέλφουσα	80	Τ80	0.875000	17047	Ἐλοῦσα	0.750000	0.125000	τελρουσα	τελφουσα
138446	Τελχις		meineke_page_639.jpg	639	11599	ocr	OCR from image meineke_page_639.jpg (id=1811)	43679fdea621b67fd1788fdbb40eafea9700a58afb2f6a3c1e972e9a53984459	46446	Τελχίς	81	Τ81	1.000000	48672	Τεύωχις	0.714286	0.285714	τελχισ	τελχισ
138447	Τεμβρειον		meineke_page_639.jpg	639	11600	ocr	OCR from image meineke_page_639.jpg (id=1811)	9d2d049189bd7d5e3ac0aeae6d94c258c1e428ea1cce280e7b1dcdb6fc73bed2	48646	Τέμβριον	82	Τ82	0.888889	121794	Γάμβρειον	0.777778	0.111111	τεμβρειον	τεμβριον
138448	Τέμβρος		meineke_page_639.jpg	639	11601	ocr	OCR from image meineke_page_639.jpg (id=1811)	340fa8e04736d0f7fb8924aa533f8a562e907697ed0229d38f1074a243409d05	48647	Τέμβρος	83	Τ83	1.000000	48646	Τέμβριον	0.750000	0.250000	τεμβροσ	τεμβροσ
138449	Τεμένεια		meineke_page_639.jpg	639	11602	ocr	OCR from image meineke_page_639.jpg (id=1811)	e22340199f22823b648459711f00f97c49ce856c4d797cf27dc9c9fd17c6ede1	48648	Τεμένεια	84	Τ84	1.000000	18282	Εὐμένεια	0.750000	0.250000	τεμενεια	τεμενεια
138450	Τέμενος		meineke_page_639.jpg	639	11603	ocr	OCR from image meineke_page_639.jpg (id=1811)	9f8873b4140af0dab6b34b5ee4a07807568d40508af3a01338e52e8472d7c5e5	48649	Τέμενος	85	Τ85	1.000000	48647	Τέμβρος	0.714286	0.285714	τεμενοσ	τεμενοσ
138451	Τεμέση	1	meineke_page_640.jpg	640	11604	ocr	OCR from image meineke_page_640.jpg (id=1812)	5e4cf970ff82a726d69bf0c9e0f2675a111a734c87436bda088850086720ea9e	48650	Τεμέση	86	Τ86	1.000000	121812	Γενέση	0.666667	0.333333	τεμεση	τεμεση
138452	Τένδηβα	2	meineke_page_640.jpg	640	11605	ocr	OCR from image meineke_page_640.jpg (id=1812)	b305dd7e198f761d0cf042c938e659b8f9ff1f61b51a89dde7ee83ffa8f9608f	48652	Τένδηβα	88	Τ88	1.000000	2458	Κάνδυβα	0.571429	0.428571	τενδηβα	τενδηβα
138453	Τενέα	3	meineke_page_640.jpg	640	11606	ocr	OCR from image meineke_page_640.jpg (id=1812)	e2958fddab4316c27047e46150b3950a5e2ece255bc6b2cc40ef7548d1025e6e	48653	Τενέα	89	Τ89	1.000000	121811	Γενέα	0.800000	0.200000	τενεα	τενεα
138454	Τενέβριον	4	meineke_page_640.jpg	640	11607	ocr	OCR from image meineke_page_640.jpg (id=1812)	c1860b476d3a619726b7306b212b1d3d5a528861df9d4f7888b2e534b896e5be	48654	Τενέβριον	90	Τ90	1.000000	46442	Τελέθριον	0.777778	0.222222	τενεβριον	τενεβριον
138455	Τένεδος	5	meineke_page_640.jpg	640	11608	ocr	OCR from image meineke_page_640.jpg (id=1812)	4a7fb6fa7218b0f92bcb91addf235a18c3ea1646d63d0598f0ce65d2d49ad93d	48655	Τένεδος	91	Τ91	1.000000	48649	Τέμενος	0.714286	0.285714	τενεδοσ	τενεδοσ
138458	Τεσάφη		meineke_page_641.jpg	641	11610	ocr	OCR from image meineke_page_641.jpg (id=1813)	5e1cd04f3eac21362fb52b3da3ffd19377c7ea14736551ae28ca6beea10abe85	22206	Ἱεράφη	36	Ι36	0.666667	46441	Τελάνη	0.666667	0.000000	τεσαφη	ιεραφη
138459	Τεβρτία		meineke_page_641.jpg	641	11611	ocr	OCR from image meineke_page_641.jpg (id=1813)	d0c167fff264cc2badb63cda2928357cfa74a7476c447157cc1189697b6c5227	48658	Τερβητία	94	Τ94	0.750000	3090	Κεβρηνία	0.625000	0.125000	τεβρτια	τερβητια
138461	Τερηδών	1	meineke_page_642.jpg	642	11613	ocr	OCR from image meineke_page_642.jpg (id=1814)	03415942afeec70094be8473b5e89444eb8d5d3c185f4ad2d4fcb31554cf49bd	48660	Τερηδών	96	Τ96	1.000000	2604	Καρχηδών	0.625000	0.375000	τερηδων	τερηδων
138462	Τέρρινα	2	meineke_page_642.jpg	642	11614	ocr	OCR from image meineke_page_642.jpg (id=1814)	deb4ce21357663fe338ced26ebf54cb926d4435bceb1da2993b77bdc3611c801	48661	Τέρινα	97	Τ97	0.857143	44240	Ταρρακῖνα	0.666667	0.190476	τερρινα	τερινα
138463	Τέμεσεα	3	meineke_page_642.jpg	642	11615	ocr	OCR from image meineke_page_642.jpg (id=1814)	8e0c19b9e2f438cc610434f0318b25050369db40c3e6135b42f300a902eb9252	48648	Τεμένεια	84	Τ84	0.750000	48650	Τεμέση	0.714286	0.035714	τεμεσεα	τεμενεια
138464	Τερημψοδός	4	meineke_page_642.jpg	642	11616	ocr	OCR from image meineke_page_642.jpg (id=1814)	f8f69281c5868f07c2da080b62a9a039c1f0b7442e51d93676458f7f0ca1212e	17086	Ἔρημος	110	Ε110	0.600000	48663	Τερμησσός	0.600000	0.000000	τερημψοδοσ	ερημοσ
138465	Τετραπόλις		meineke_page_643.jpg	643	11617	ocr	OCR from image meineke_page_643.jpg (id=1815)	55f41ce6d6db97a677c9ba42a3f0374b45ef11cd1768594433fe6146e7147bcb	22203	Ἱερὰ πόλις	33	Ι33	0.800000	10281	Μητρόπολις	0.700000	0.100000	τετραπολισ	ιεραπολισ
138466	Τεννρίς		meineke_page_643.jpg	643	11618	ocr	OCR from image meineke_page_643.jpg (id=1815)	1292c488fdc9446fdfdfd2a721c33163d9e6720131e368d3879f8e7ea3ed0b2c	48656	Τέντυρις	92	Τ92	0.750000	131895	Ψένυρις	0.714286	0.035714	τεννρισ	τεντυρισ
138467	Τενυδανία		meineke_page_643.jpg	643	11619	ocr	OCR from image meineke_page_643.jpg (id=1815)	d8c3b44a4d6167805d08a2286309892a400562d79e77792933014c01f7f3ad10	48667	Τευθρανία	103	Τ103	0.666667	85678	Ἀνδανία	0.666667	0.000000	τενυδανια	τευθρανια
138468	Τεύκρησι		meineke_page_643.jpg	643	11620	ocr	OCR from image meineke_page_643.jpg (id=1815)	b91a0f395cdd02fce710728a64c254ec79158ffc61c7e8373083a81884e7206a	48668	Τευκροί	104	Τ104	0.750000	18297	Εὔτρησις	0.625000	0.125000	τευκρησι	τευκροι
138470	Τειλουσα		meineke_page_644.jpg	644	11622	ocr	OCR from image meineke_page_644.jpg (id=1816)	8b3eec6b55d91d948387bd3e0ce2f8744117daf757e0cf97227c41e46decad66	48670	Τεύτλουσα	106	Τ106	0.777778	17047	Ἐλοῦσα	0.750000	0.027778	τειλουσα	τευτλουσα
138471	Τενωψις		meineke_page_644.jpg	644	11623	ocr	OCR from image meineke_page_644.jpg (id=1816)	56f231dc26f52c59ca88f826431e8e6164cd7a8fdb5213a8583479539baaf435	48672	Τεύωχις	108	Τ107	0.714286	48656	Τέντυρις	0.625000	0.089286	τενωψισ	τευωχισ
138472	Τεως		meineke_page_644.jpg	644	11624	ocr	OCR from image meineke_page_644.jpg (id=1816)	e741a4652e240cb34fd1a4fe9fc8b821d8d41276abf7b14ad90bf0f5bf7736ec	48671	Τέως	107	Τ108	1.000000	48709	Τλῶς	0.750000	0.250000	τεωσ	τεωσ
138474	Τημένιον		meineke_page_646.jpg	646	11626	ocr	OCR from image meineke_page_646.jpg (id=1818)	781d000d40d73b82c3ecda2fe1cb1404128bd44ca199f270a46a494c1e03a982	48677	Τημένιον	113	Τ113	1.000000	51054	Τυμέναιον	0.777778	0.222222	τημενιον	τημενιον
138476	Τήνεον		meineke_page_646.jpg	646	11628	ocr	OCR from image meineke_page_646.jpg (id=1818)	760b848f3b7a2bae513d6e0d15f2f99a8d2b8f3e9cac9713af8ecda27a9eb11f	48679	Τήνειον	115	Τ115	0.857143	48680	Τῆνος	0.666667	0.190476	τηνεον	τηνειον
138478	Τῆνος / Τηνεῖς		meineke_page_647.jpg	647	11630	ocr	OCR from image meineke_page_647.jpg (id=1819)	a7e4dba2630891e8e5f3cc8ef8fc49539d17ca27dbcf1d0d91fcb3e42abc6e90	7225	Κυνόσαργες	269	Κ269	0.454545	8995	Μαντίνεια	0.454545	0.000000	τηνοστηνεισ	κυνοσαργεσ
138479	Τιβαρηνία		meineke_page_647.jpg	647	11631	ocr	OCR from image meineke_page_647.jpg (id=1819)	77643bbdb7f555dc5c199f658aa30d79461df5749c6afbd3917b0220811337a9	48681	Τιβαρηνία	117	Τ117	1.000000	3090	Κεβρηνία	0.666667	0.333333	τιβαρηνια	τιβαρηνια
138480	Τίβειον		meineke_page_647.jpg	647	11632	ocr	OCR from image meineke_page_647.jpg (id=1819)	70c99816e183db9cdaa95c7c150ec2efda83ebf8c00dc6ecadaef292a0d40051	48682	Τίβειον	118	Τ118	1.000000	23650	Ἰσεῖον	0.714286	0.285714	τιβειον	τιβειον
138481	Τιβεριάς		meineke_page_647.jpg	647	11633	ocr	OCR from image meineke_page_647.jpg (id=1819)	d654937773895f578ae3081039d7177b464928965d93341e6e9deef7ed1edc3a	48683	Τιβεριάς	119	Τ119	1.000000	48684	Τίβυρις	0.750000	0.250000	τιβεριασ	τιβεριασ
138482	Τίβυρις		meineke_page_647.jpg	647	11634	ocr	OCR from image meineke_page_647.jpg (id=1819)	fb74180ea52e233a37ba98073255cd9d601685dc37f353d81e1d10acbf81c53b	48684	Τίβυρις	120	Τ120	1.000000	48683	Τιβεριάς	0.750000	0.250000	τιβυρισ	τιβυρισ
138483	Τιβυρεῖνος · Τίγγις · Τιγεανόκερτα · Τιθοραία	1	meineke_page_648.jpg	648	11635	ocr	OCR from image meineke_page_648.jpg (id=1820)	83885227154350651a7c3ed92ce2c163c322f957a4daf90b935adb2e4c2b1f6d	39863	Σκορδίσκοι καὶ Σκίρτιοι	215	Σ215	0.305556	48686	Τιγρανόκερτα	0.305556	0.000000	τιβυρεινοστιγγιστιγεανοκερτατιθοραια	σκορδισκοικαισκιρτιοι
138484	Τίθρεας		meineke_page_649.jpg	649	11636	ocr	OCR from image meineke_page_649.jpg (id=1821)	34f990cd09aca1de3b66733fac0b9da12d7ddf2569786518b3639f03d16bea7e	48688	Τίθρας	124	Τ124	0.857143	48683	Τιβεριάς	0.625000	0.232143	τιθρεασ	τιθρασ
138485	Τιθφῶνιον		meineke_page_649.jpg	649	11637	ocr	OCR from image meineke_page_649.jpg (id=1821)	359bf9d4f286dd29af24da92a9b9469e103e044e00c1dd52532b386c09249281	48689	Τιθρώνιον	125	Τ125	0.888889	48694	Τιμώνιον	0.777778	0.111111	τιθφωνιον	τιθρωνιον
138486	Τίχινος		meineke_page_649.jpg	649	11638	ocr	OCR from image meineke_page_649.jpg (id=1821)	61bc2f7f2e153cd89a8e7631071acce979102d970bc85deac593123a94e78a55	48690	Τίκινος	126	Τ126	0.857143	37836	Σίκινος	0.714286	0.142857	τιχινοσ	τικινοσ
138487	Τιλατατίοι		meineke_page_649.jpg	649	11639	ocr	OCR from image meineke_page_649.jpg (id=1821)	422f4efeb7071b9a7854a324371f6cb7083c401b4b4bac5a8f66fe8ff3b08c49	48691	Τιλαταῖοι	127	Τ127	0.900000	7648	Λαιαῖοι	0.600000	0.300000	τιλατατιοι	τιλαταιοι
138488	Τιλφωσαῖον		meineke_page_649.jpg	649	11640	ocr	OCR from image meineke_page_649.jpg (id=1821)	5e07796c39296c58f4fd0432222dfa9c5780fa353247b0ce1dd4e4edb27eacbb	48692	Τιλφωσσαῖον	128	Τ128	0.909091	8436	Λιλύβαιον	0.600000	0.309091	τιλφωσαιον	τιλφωσσαιον
138492	Τῖος		meineke_page_649.jpg	649	11644	ocr	OCR from image meineke_page_649.jpg (id=1821)	4df74432896ccd0f46b0da742117d869eb67441c930b2017e5d6036be9e2a200	48696	Τίος	132	Τ132	1.000000	12807	Οἶος	0.750000	0.250000	τιοσ	τιοσ
138493	Τιπανίται		meineke_page_650.jpg	650	11645	ocr	OCR from image meineke_page_650.jpg (id=1822)	1d653b3e908caec12218d2de6569800ab08bf7f45d1456dfeb650b2caefbfd87	48697	Τιπανίσαι	133	Τ133	0.888889	17065	Ἐπαρῖται	0.666667	0.222222	τιπανιται	τιπανισαι
138494	Τιγέζα		meineke_page_650.jpg	650	11646	ocr	OCR from image meineke_page_650.jpg (id=1822)	a2800e9eec751d13008063f9b68dbcd0bed4eb0e07c8eee88a4f0788747b02ba	10285	Μίεζα	183	Μ183	0.666667	48698	Τίριζα	0.666667	0.000000	τιγεζα	μιεζα
138495	Τιγέσα		meineke_page_650.jpg	650	11647	ocr	OCR from image meineke_page_650.jpg (id=1822)	b9e70b2f78cb26a73609ac25ec804770460064661e1a87b96ce9a42851dae106	51037	Τρίτεια	200	Τ200	0.571429	61144	Αἴγειρα	0.571429	0.000000	τιγεσα	τριτεια
138496	Τίγυς		meineke_page_650.jpg	650	11648	ocr	OCR from image meineke_page_650.jpg (id=1822)	7ba55b537dfe4413069aeff98c91fecffc3e0546bb976a0614300d4130cc212e	61162	Αἶγυς	113	Α113	0.800000	48685	Τίγγις	0.666667	0.133333	τιγυσ	αιγυσ
138497	Τίςια		meineke_page_651.jpg	651	11649	ocr	OCR from image meineke_page_651.jpg (id=1823)	e36590b52ef043b8eb416b747dc13780088d637b9510daaaeca202c627f0b692	48701	Τισία	137	Τ137	1.000000	48702	Τῖσις	0.800000	0.200000	τισια	τισια
138498	Τιτάνου τε λευκὰ κάρηνα	1	meineke_page_652.jpg	652	11650	ocr	OCR from image meineke_page_652.jpg (id=1824)	c261a63e0a1fa93a5208741f04b18a62a8403a01120a875e466d211a0ea7f20d	8992	Μαννάκαρτα	51	Μ51	0.350000	17032	Ἐλεύθερνα	0.350000	0.000000	τιτανουτελευκακαρηνα	μαννακαρτα
138499	Τίγγες	2	meineke_page_652.jpg	652	11651	ocr	OCR from image meineke_page_652.jpg (id=1824)	38697541338e7c884858d2b238302c6622a501fd967aa101e72e071048bd21f9	48685	Τίγγις	121	Τ121	0.833333	37813	Σίγγος	0.666667	0.166667	τιγγεσ	τιγγισ
138501	Τυννός	4	meineke_page_652.jpg	652	11653	ocr	OCR from image meineke_page_652.jpg (id=1824)	b708caef63bfce8092313095ab9eb5ea23f8e0cb6aed06d389a4c9779d3751b8	60976	Τύμνος	221	Τ221	0.833333	115312	Βοῦννος	0.714286	0.119048	τυννοσ	τυμνοσ
138502	Τολέριον	5	meineke_page_652.jpg	652	11654	ocr	OCR from image meineke_page_652.jpg (id=1824)	b28385748f71d056c91609ff79444797b201bee0565c7ebaf2e271ecda99e68e	48711	Τολέριον	147	Τ147	1.000000	46442	Τελέθριον	0.777778	0.222222	τολεριον	τολεριον
138504	Τολοφών		meineke_page_653.jpg	653	11656	ocr	OCR from image meineke_page_653.jpg (id=1825)	298bc503c723ddd368ad51946f9558a1ddc66c8f5d89dfe3e7fb31bccebbfcf4	48713	Τολοφών	149	Τ149	1.000000	12817	Ὀλιζών	0.571429	0.428571	τολοφων	τολοφων
138505	Τόμαρος		meineke_page_653.jpg	653	11657	ocr	OCR from image meineke_page_653.jpg (id=1825)	b44944c53f53e5eaef7b552644d0ac3583e9678f513e315d056723f5f64e675c	48714	Τόμαρος	150	Τ150	1.000000	23655	Ἴσμαρος	0.714286	0.285714	τομαροσ	τομαροσ
138506	Τόμηυς		meineke_page_653.jpg	653	11658	ocr	OCR from image meineke_page_653.jpg (id=1825)	a2aef3d3a05ebd4a731d01b8c9962583e006ab62f0b94ffbb33a9765e4be3ab0	48715	Τομεύς	151	Τ151	0.833333	51056	Τύμης	0.666667	0.166667	τομηυσ	τομευσ
138507	Τόμισσα		meineke_page_653.jpg	653	11659	ocr	OCR from image meineke_page_653.jpg (id=1825)	dc4e755cdf5afc5ee1354306f43be59a17c07d351e592bf7790d6e45361a9b63	48716	Τόμισα	152	Τ152	0.857143	3291	Κόσσα	0.571429	0.285714	τομισσα	τομισα
138508	Τοπαζος		meineke_page_653.jpg	653	11660	ocr	OCR from image meineke_page_653.jpg (id=1825)	0bd701dc02892f7e4bc575c17b4713f736f46610b157296e8bd17feb46726330	48718	Τόπαζος	154	Τ154	1.000000	48714	Τόμαρος	0.714286	0.285714	τοπαζοσ	τοπαζοσ
138509	Τόφεηβος		meineke_page_653.jpg	653	11661	ocr	OCR from image meineke_page_653.jpg (id=1825)	664c84cbf82e8780d7fa57ba45d374b94d355cd6d35614eca06aa3cab7c54532	50993	Τόρρηβος	156	Τ156	0.750000	60992	Τυφρηστός	0.555556	0.194444	τοφεηβοσ	τορρηβοσ
138510	Τορηβία		meineke_page_654.jpg	654	11662	ocr	OCR from image meineke_page_654.jpg (id=1826)	df903a8af11e52a9d3dd07cb1332e76163e8f450f2c1c48abc9da6c667f28717	48658	Τερβητία	94	Τ94	0.625000	50993	Τόρρηβος	0.625000	0.000000	τορηβια	τερβητια
138511	Τορόμιον		meineke_page_654.jpg	654	11663	ocr	OCR from image meineke_page_654.jpg (id=1826)	c8ef76b3b5b2b47cf3915a23705b0ade3284676b9bade61dd2b9a0fa2d6cc893	50994	Τορτόμιον	157	Τ157	0.888889	3272	Κόριον	0.625000	0.263889	τορομιον	τορτομιον
138512	Τορώμη		meineke_page_654.jpg	654	11664	ocr	OCR from image meineke_page_654.jpg (id=1826)	2e982343965fff749001ffef89474704a4b03cb8ed977aaf0a8e1d7b356b3961	50995	Τορώνη	158	Τ158	0.833333	3289	Κορώνη	0.666667	0.166667	τορωμη	τορωνη
138513	Τονευτανία		meineke_page_654.jpg	654	11665	ocr	OCR from image meineke_page_654.jpg (id=1826)	0cd49a87c3e1076e755b9a1f61d9b54f28fd14498ac760dbeaae557593d47250	50996	Τουρδητανία	159	Τ159	0.636364	8447	Λουσιτανία	0.600000	0.036364	τονευτανια	τουρδητανια
138514	Τυρσηνός		meineke_page_654.jpg	654	11666	ocr	OCR from image meineke_page_654.jpg (id=1826)	37fff30bce7dfaf5aa8351a7c4b7a77214370e3586927c44d5bd38586c8e98d5	11047	Μύρσινος	257	Μ257	0.750000	7247	Κύρνος	0.625000	0.125000	τυρσηνοσ	μυρσινοσ
138515	Τραγασαί		meineke_page_655.jpg	655	16150	ocr	OCR from image meineke_page_655.jpg (id=1827)	74d61f8328cc9ff54fed40255f695061818ed046655b5679e9118477e2ac723d	50997	Τραγασαί	160	Τ160	1.000000	14871	Δράγγαι	0.625000	0.375000	τραγασαι	τραγασαι
138516	Τραγία		meineke_page_655.jpg	655	11668	ocr	OCR from image meineke_page_655.jpg (id=1827)	ab1d54c1956f5c6bcca3ed49a046cde56a9dd45a8aa121635665ac524190e498	50998	Τραγία	161	Τ161	1.000000	41988	Στρατία	0.714286	0.285714	τραγια	τραγια
138517	Τραγίλος		meineke_page_655.jpg	655	11669	ocr	OCR from image meineke_page_655.jpg (id=1827)	98bfcdb4c0c1b667daa15cdcb82e40e360282b216ad941beddf6948e6c42c3f5	50999	Τράγιλος	162	Τ162	1.000000	51047	Τρώγιλος	0.875000	0.125000	τραγιλοσ	τραγιλοσ
138518	Τραλλία		meineke_page_655.jpg	655	11670	ocr	OCR from image meineke_page_655.jpg (id=1827)	a880569d729ffaa23d7b9ed313fbb637ea1a4af2f8a1c32b2aef7f5bd8c63396	51000	Τραλλία	163	Τ163	1.000000	51001	Τράλλις	0.857143	0.142857	τραλλια	τραλλια
138519	Τραλλίς		meineke_page_655.jpg	655	11671	ocr	OCR from image meineke_page_655.jpg (id=1827)	9c3e06c9e711a06a73f54f5b332f3acd1e69844ef7579ceb6db75143b1449b52	51001	Τράλλις	164	Τ164	1.000000	51000	Τραλλία	0.857143	0.142857	τραλλισ	τραλλισ
138520	Τεάμπη		meineke_page_656.jpg	656	11672	ocr	OCR from image meineke_page_656.jpg (id=1828)	a3def2e0bf72bc1bf4d41d367115b095b71d337adb73f8c451e61b820f5105c3	51002	Τράμπη	165	Τ165	0.833333	44238	Τάρπη	0.666667	0.166667	τεαμπη	τραμπη
138521	Τεαυσοι		meineke_page_657.jpg	657	11673	ocr	OCR from image meineke_page_657.jpg (id=1829)	65e099cc7adaffffc0a88c03b594b31317fcb437511c541276f1fe13e3489bf8	51009	Τραυσοί	172	Τ172	0.857143	11092	Νέμαυσος	0.625000	0.232143	τεαυσοι	τραυσοι
138522	Τεαφη		meineke_page_657.jpg	657	11674	ocr	OCR from image meineke_page_657.jpg (id=1829)	0a463fc2746f8c4c7bfc64533f841811679830efbfd625cdcc4ada7407510f4d	51010	Τράφη	173	Τ173	0.800000	22206	Ἱεράφη	0.666667	0.133333	τεαφη	τραφη
138523	Τεαφεια		meineke_page_657.jpg	657	11675	ocr	OCR from image meineke_page_657.jpg (id=1829)	4dc8e83a536f35a0dd6ca6f246cf55ed4af20370008d5e0e3a55b34030a8646b	51011	Τράφεια	174	Τ174	0.857143	30167	Ῥάφεια	0.714286	0.142857	τεαφεια	τραφεια
138524	Τεαχεια		meineke_page_657.jpg	657	11676	ocr	OCR from image meineke_page_657.jpg (id=1829)	ca82d93328ff576b88dca7f736f0f8bc7cb03aecdc1b504b6892b6d0912556f5	51012	Τραχεῖα	175	Τ175	0.857143	51011	Τράφεια	0.714286	0.142857	τεαχεια	τραχεια
138525	Τεαχις		meineke_page_657.jpg	657	11677	ocr	OCR from image meineke_page_657.jpg (id=1829)	20c7c823e5069a7cd403ed85c33f0a9d180d8a13d52630a4a35aeed651fc23b2	46446	Τελχίς	81	Τ81	0.833333	51013	Τραχίς	0.833333	0.000000	τεαχισ	τελχισ
138526	Τερημδυς		meineke_page_657.jpg	657	11678	ocr	OCR from image meineke_page_657.jpg (id=1829)	76576030ce2cbd61927fc3b03f586a157c73d5a33c36f45334fe99b9db2d7bbf	17086	Ἔρημος	110	Ε110	0.625000	48660	Τερηδών	0.625000	0.000000	τερημδυσ	ερημοσ
138527	Τρεμιλη-		meineke_page_658.jpg	658	11679	ocr	OCR from image meineke_page_658.jpg (id=1830)	7c56994ba720e546c45dfd8f2d1741e46cc9a6ff0782cf48fc9baa546ba05399	51015	Τρεμίλη	178	Τ178	1.000000	3518	Κρέμη	0.571429	0.428571	τρεμιλη	τρεμιλη
138528	Τρῆχος		meineke_page_659.jpg	659	11680	ocr	OCR from image meineke_page_659.jpg (id=1831)	9b8135e2adc530196201cc8d395805c0718116367d0151337abcd3f693c91318	51016	Τρῆρος	179	Τ179	0.833333	51017	Τρῆχις	0.833333	0.000000	τρηχοσ	τρηροσ
138529	Τρήχις		meineke_page_659.jpg	659	11681	ocr	OCR from image meineke_page_659.jpg (id=1831)	7aeb0525fd85c87b46416ec0404f1a058f370462afffabdddc5a4685d31e1cb6	51017	Τρῆχις	180	Τ180	1.000000	51013	Τραχίς	0.833333	0.166667	τρηχισ	τρηχισ
138530	Τριβαλλοι		meineke_page_659.jpg	659	11682	ocr	OCR from image meineke_page_659.jpg (id=1831)	834c1b601d4e4442f14db3ab13726bf61e65033db65501ab3a4c8a1c8c81526f	51018	Τριβαλλοί	181	Τ181	1.000000	51022	Τρίκαλον	0.666667	0.333333	τριβαλλοι	τριβαλλοι
138531	Τριξοι		meineke_page_659.jpg	659	11683	ocr	OCR from image meineke_page_659.jpg (id=1831)	11ce1e14dd3fa0d1be94ac6921be040b4e251be96f1135b335af1ed2f58f6452	51019	Τριζοί	182	Τ182	0.833333	145223	Φρίξος	0.666667	0.166667	τριξοι	τριζοι
138532	Τρηηες		meineke_page_659.jpg	659	11684	ocr	OCR from image meineke_page_659.jpg (id=1831)	4ed3b5c55b1b83b45078399eca22f6dea1ea9076ef4c0014dfd1d8a1decfd98f	51020	Τριῆρες	183	Τ183	0.714286	48708	Τλῆτες	0.666667	0.047619	τρηηεσ	τριηρεσ
138533	Τρηηη		meineke_page_659.jpg	659	11685	ocr	OCR from image meineke_page_659.jpg (id=1831)	dc1599ca218bafbb45bf10b390592f11dadbf2cdb21f817afb44712909e41e24	102794	Ἀτρήνη	524	Α524	0.666667	3525	Κρήτη	0.600000	0.066667	τρηηη	ατρηνη
138534	Τεκλαον / Τεκλαλα		meineke_page_659.jpg	659	11686	ocr	OCR from image meineke_page_659.jpg (id=1831)	df43b96cace85007439f99c85379efb370e35030c2435decb8811d82d9d447d4	17060	Ἔντελλα	84	Ε84	0.500000	2616	Καστάβαλα	0.428571	0.071429	τεκλαοντεκλαλα	εντελλα
138535	Τεκτσεαρον		meineke_page_659.jpg	659	11687	ocr	OCR from image meineke_page_659.jpg (id=1831)	f4d1e3660fd649e490d96bca0f87360a154ead706648fafdf691d35641b98816	9646	Μέταον	166	Μ166	0.500000	44245	Τάρταρος	0.500000	0.000000	τεκτσεαρον	μεταον
138536	Τειχηη		meineke_page_660.jpg	660	11688	ocr	OCR from image meineke_page_660.jpg (id=1832)	bb46772aa1152b02b01180bf26d14b5dfc5ba09379eea8a6c4fde5829e63a980	9614	Μελιτηνή	134	Μ134	0.500000	13823	Δείρη	0.500000	0.000000	τειχηη	μελιτηνη
138537	Τεικάλωνοι		meineke_page_660.jpg	660	11689	ocr	OCR from image meineke_page_660.jpg (id=1832)	6a9a7e1f24e9060df074f475d07788bb39f241914c9d0aafd9adfe8b18195e61	51025	Τρικόλωνοι	188	Τ188	0.800000	18270	Εὐαληνοί	0.600000	0.200000	τεικαλωνοι	τρικολωνοι
138538	Τεικορυνθόν		meineke_page_660.jpg	660	11690	ocr	OCR from image meineke_page_660.jpg (id=1832)	dde3aadf9021bb3517aded2528b54a1022cae9b3987b98d1e90adf555965f228	51026	Τρικόρυνθον	189	Τ189	0.909091	51023	Τρικάρανον	0.636364	0.272727	τεικορυνθον	τρικορυνθον
138539	Τεινακεία		meineke_page_660.jpg	660	11691	ocr	OCR from image meineke_page_660.jpg (id=1832)	b431d85349ee077eaa2997d56267e515522051f21550b7fbec219d6e18fa0376	51027	Τρινακρία	190	Τ190	0.777778	135386	Φαρνάκεια	0.666667	0.111111	τεινακεια	τρινακρια
138540	Τεινεμεῖς		meineke_page_660.jpg	660	11692	ocr	OCR from image meineke_page_660.jpg (id=1832)	f3fd490dd0134eb748871792649108c06fb0c90430ad515e3671ff4e81f77c5d	51028	Τρινεμεῖς	191	Τ191	0.888889	15963	Ἐγχελεῖς	0.555556	0.333333	τεινεμεισ	τρινεμεισ
138541	Τριγέμεια	1	meineke_page_661.jpg	661	11693	ocr	OCR from image meineke_page_661.jpg (id=1833)	2753a68470773eaeda4212cc43703fd0fab0c93b7816a2a201f9e5723107dca5	51028	Τρινεμεῖς	191	Τ191	0.777778	51037	Τρίτεια	0.666667	0.111111	τριγεμεια	τρινεμεισ
138542	Τριόδος	2	meineke_page_661.jpg	661	11694	ocr	OCR from image meineke_page_661.jpg (id=1833)	733f9e4e7e4512d58dfdbfc35ba12972aaf1966dc44835b1bd9f033a5282690d	51030	Τρίοδος	193	Τ193	1.000000	31970	Ῥόδος	0.714286	0.285714	τριοδοσ	τριοδοσ
138543	Τριόπιον	3	meineke_page_661.jpg	661	11695	ocr	OCR from image meineke_page_661.jpg (id=1833)	5e0c816e24c1264a6d74b8eed0cc0d1be419f343c8e7c70b7ea15c324a7a4074	51031	Τριόπιον	194	Τ194	1.000000	50994	Τορτόμιον	0.666667	0.333333	τριοπιον	τριοπιον
138544	Τριποδίσκος καὶ Τριποδίσκοι	1	meineke_page_662.jpg	662	11696	ocr	OCR from image meineke_page_662.jpg (id=1834)	8928420945681d594ce1df5ffeb2f7884eaa1675715046998d54132e870b092c	39863	Σκορδίσκοι καὶ Σκίρτιοι	215	Σ215	0.480000	48717	Τόξιοι καὶ Τοξιανοί	0.480000	0.000000	τριποδισκοσκαιτριποδισκοι	σκορδισκοικαισκιρτιοι
138546	Τριπολίσσοι	3	meineke_page_662.jpg	662	11698	ocr	OCR from image meineke_page_662.jpg (id=1834)	65a77a32a3507ef21a10f9aad19a926078ba64941826d121b5088dc191edf57d	51034	Τριπόλισσοι	197	Τ197	1.000000	51033	Τρίπολις	0.727273	0.272727	τριπολισσοι	τριπολισσοι
138549	Τρείτη	1	meineke_page_663.jpg	663	11701	ocr	OCR from image meineke_page_663.jpg (id=1835)	2e96e613d99037abb87df696837cbd4631a1900fde5527c35f0a3bbb246948ed	51038	Τρίτη	201	Τ201	0.833333	51015	Τρεμίλη	0.714286	0.119048	τρειτη	τριτη
138550	Τρείτωνος	2	meineke_page_663.jpg	663	11702	ocr	OCR from image meineke_page_663.jpg (id=1835)	89da9126fabca72710bf10fea70623364043f1f5620b88e4d1a413acb323056d	51039	Τρίτωνος	202	Τ202	0.888889	135403	Φερεντῖνος	0.600000	0.288889	τρειτωνοσ	τριτωνοσ
138551	Τριφυλία	3	meineke_page_663.jpg	663	16154	ocr	OCR from image meineke_page_663.jpg (id=1835)	83bdb9e09e531cc29205e2e085121d24579fb191a1aed60cb912e7bb5bebb746	51040	Τριφυλία	203	Τ203	1.000000	25141	Παμφυλία	0.625000	0.375000	τριφυλια	τριφυλια
138552	Τρεχύνιον	4	meineke_page_663.jpg	663	11704	ocr	OCR from image meineke_page_663.jpg (id=1835)	bbd75384189197249f49d9560208a7677ee269e681c0462e5386a4966a71e244	51041	Τριχώνιον	204	Τ204	0.777778	17093	Ἑρκύνιον	0.666667	0.111111	τρεχυνιον	τριχωνιον
138553	Τροία	5	meineke_page_663.jpg	663	11705	ocr	OCR from image meineke_page_663.jpg (id=1835)	886689c40cfa7e45486e6afe02e1bd06b8907afa3ffcd51aa8ea97d0214dbe74	51042	Τροία	205	Τ205	1.000000	50998	Τραγία	0.666667	0.333333	τροια	τροια
138554	Τροιζην		meineke_page_664.jpg	664	11706	ocr	OCR from image meineke_page_664.jpg (id=1836)	ad2dda8e63b54cbd5acf83dd153cd1e3b740f130d79e085ff8ee77973178acb6	51043	Τροιζήν	206	Τ206	1.000000	28374	Ποιμήν	0.571429	0.428571	τροιζην	τροιζην
138555	Τροχμοι		meineke_page_664.jpg	664	11707	ocr	OCR from image meineke_page_664.jpg (id=1836)	31145cf9e15cd0c028f3011ff506b5742fb751d544492b5fd72e35f51ce6d560	51044	Τροκμοί	207	Τ207	0.857143	44229	Τάοχοι	0.714286	0.142857	τροχμοι	τροκμοι
138556	Τρωπις		meineke_page_664.jpg	664	11708	ocr	OCR from image meineke_page_664.jpg (id=1836)	407228029dc26a17d1a1eb676ffaa6dff919d00196a9bd261033783060a52f4e	51045	Τρόπις	208	Τ208	0.833333	3546	Κρωπιά	0.666667	0.166667	τρωπισ	τροπισ
138557	Τευξαι		meineke_page_664.jpg	664	11709	ocr	OCR from image meineke_page_664.jpg (id=1836)	8e7a64f6e7baab30adc1303b2cc68f99a465162e56746f1a641da79a1320ad19	18283	Εὐναί	160	Ε160	0.666667	51046	Τρῦχαι	0.666667	0.000000	τευξαι	ευναι
138558	Τρωγυλος		meineke_page_664.jpg	664	11710	ocr	OCR from image meineke_page_664.jpg (id=1836)	b3e02f23a314bf08c3e2ef59875a175ddc4f7a026ae54af1f97d3a0b751cefc9	51047	Τρώγιλος	210	Τ210	0.875000	50999	Τράγιλος	0.750000	0.125000	τρωγυλοσ	τρωγιλοσ
138559	Τρωγίλος		meineke_page_665.jpg	665	11711	ocr	OCR from image meineke_page_665.jpg (id=1837)	5c8b09a695feb14e4121b0084e93a55f130eb66de3df7b699ae588961dd29882	51047	Τρώγιλος	210	Τ210	1.000000	50999	Τράγιλος	0.875000	0.125000	τρωγιλοσ	τρωγιλοσ
138561	Τύδεστα		meineke_page_665.jpg	665	11713	ocr	OCR from image meineke_page_665.jpg (id=1837)	5ccc048b2120f7b7fa9a91f4bdbbfab284d69a0963e5f6660c0432ef96b6940e	51050	Τύδερτα	213	Τ213	0.857143	13828	Δέλτα	0.571429	0.285714	τυδεστα	τυδερτα
138562	Τυγνίς		meineke_page_665.jpg	665	11714	ocr	OCR from image meineke_page_665.jpg (id=1837)	96cdb30aef93b402b1feff45a79655d4d2f167345a63839a6c789538d023dc6e	51051	Τυῆνις	214	Τ214	0.833333	30129	Πυῆνις	0.666667	0.166667	τυγνισ	τυηνισ
138563	Τυλησσός		meineke_page_665.jpg	665	11715	ocr	OCR from image meineke_page_665.jpg (id=1837)	39522057a3b64e86dc71b2c974a875be2511b305c2c9a23b989b6b41cef6adb6	51052	Τυλησσός	215	Τ215	1.000000	48669	Τευμησσός	0.777778	0.222222	τυλησσοσ	τυλησσοσ
138564	Τυμναῖον		meineke_page_665.jpg	665	11716	ocr	OCR from image meineke_page_665.jpg (id=1837)	b8c7f0fe7458576e0ba0650545caf65d5c98ed27257cc6c9a081ceacf2ee06d8	51054	Τυμέναιον	217	Τ217	0.888889	11907	Νύμφαιον	0.750000	0.138889	τυμναιον	τυμεναιον
138565	Τύμνηα		meineke_page_665.jpg	665	11717	ocr	OCR from image meineke_page_665.jpg (id=1837)	050973905a90a9d8df5fd1dcc2e63dea60251dd00942c1b89f07b87d89e11ed6	44218	Τάμνα	13	Τ14	0.666667	51049	Τύανα	0.666667	0.000000	τυμνηα	ταμνα
138566	Τύμης	1	meineke_page_666.jpg	666	11718	ocr	OCR from image meineke_page_666.jpg (id=1838)	ef069ebce23d9ac474b54b82e3f3faa3d3110566d0e47fecda1c4c993e8f32c5	51056	Τύμης	219	Τ219	1.000000	60979	Τύνης	0.800000	0.200000	τυμησ	τυμησ
138567	Τυμνησσός	2	meineke_page_666.jpg	666	11719	ocr	OCR from image meineke_page_666.jpg (id=1838)	48ba777b213a78f7bfb1fcaf45544c75e47cb84192b1ff8411fc2a06c2bbd327	60975	Τυμνησσός	220	Τ220	1.000000	8471	Λυρνησσός	0.777778	0.222222	τυμνησσοσ	τυμνησσοσ
138568	Τύμνος	3	meineke_page_666.jpg	666	11720	ocr	OCR from image meineke_page_666.jpg (id=1838)	77b01d3a23d2c5cba1eeb96687e3c9ac7ee0e8c15da9800763cf50688f6e77ee	60976	Τύμνος	221	Τ221	1.000000	48678	Τῆμνος	0.833333	0.166667	τυμνοσ	τυμνοσ
138569	Τύμφη	4	meineke_page_666.jpg	666	11721	ocr	OCR from image meineke_page_666.jpg (id=1838)	1e95bdaef962119cc9e5a8ec4632b94323e4f525505ed8716914f3157a4b5e2c	60977	Τύμφη	222	Τ222	1.000000	3842	Δύμη	0.600000	0.400000	τυμφη	τυμφη
138570	Τύμβυλος	5	meineke_page_666.jpg	666	11722	ocr	OCR from image meineke_page_666.jpg (id=1838)	f9acbdf98a7a4ccae5f9b69cc4a8553b9f9ec2527d496cba8d5969eb3e275137	60978	Τύμωλος	223	Τ223	0.750000	42006	Στύμφαλος	0.666667	0.083333	τυμβυλοσ	τυμωλοσ
138571	Τύνη	6	meineke_page_666.jpg	666	11723	ocr	OCR from image meineke_page_666.jpg (id=1838)	d2320f08983e51d3575a85155b75dcbed670a05a49402aa883bb246ac524623a	60979	Τύνης	224	Τ224	0.800000	7220	Κυνή	0.750000	0.050000	τυνη	τυνησ
138572	Τυπαῖον		meineke_page_667.jpg	667	11724	ocr	OCR from image meineke_page_667.jpg (id=1839)	3c0cf5c98106f46393340371cf0d87877298b6a78bc0545cea2f58168dc82c3a	60980	Τύπαιον	225	Τ225	1.000000	20839	Θυραῖον	0.714286	0.285714	τυπαιον	τυπαιον
138573	Τυπανέαι		meineke_page_667.jpg	667	11725	ocr	OCR from image meineke_page_667.jpg (id=1839)	e2a4ab32892539f683470bc39a49af67313281b7a6844764e1238f7c5210e697	60981	Τυπανέαι	226	Τ226	1.000000	48697	Τιπανίσαι	0.666667	0.333333	τυπανεαι	τυπανεαι
138574	Τυρεκάιναι		meineke_page_667.jpg	667	11726	ocr	OCR from image meineke_page_667.jpg (id=1839)	10ae67c06f43041e1f0401e930c49cbc578e59fa132e8e85baeb60293afc2f6d	60983	Τυρακῖναι	228	Τ228	0.800000	9600	Μελαιναί	0.600000	0.200000	τυρεκαιναι	τυρακιναι
138575	Τυρετάκη		meineke_page_667.jpg	667	11727	ocr	OCR from image meineke_page_667.jpg (id=1839)	05ebcb0a304994cd106af86278951f9f48be1748a1b985a2639885cd78bcc33a	60984	Τυριτάκη	229	Τ229	0.875000	48719	Τορέται	0.625000	0.250000	τυρετακη	τυριτακη
138576	Τυρεμέλιοι		meineke_page_667.jpg	667	11728	ocr	OCR from image meineke_page_667.jpg (id=1839)	0bf7d83704626b33d4ee36481173ba73ad7525a33b7236368d0ea92dcc65f1e9	60985	Τυρμένιοι	230	Τ230	0.800000	4384	Δυρβαῖοι	0.500000	0.300000	τυρεμελιοι	τυρμενιοι
138577	Τυρεμίδαι		meineke_page_667.jpg	667	11729	ocr	OCR from image meineke_page_667.jpg (id=1839)	a10489407b72baf82fb20e8b477154e2df5c26759654eaadade7e8c4e3031e24	60986	Τυρμίδαι	231	Τ231	0.888889	17081	Ἐρεβίδαι	0.666667	0.222222	τυρεμιδαι	τυρμιδαι
138578	Τυρεθόζα		meineke_page_667.jpg	667	11730	ocr	OCR from image meineke_page_667.jpg (id=1839)	f50ce7aeb60540957c7c2bf194390f4651d4e754dbc933419328243009dd287e	60987	Τυρόδιζα	232	Τ232	0.625000	20840	Θυρέα	0.500000	0.125000	τυρεθοζα	τυροδιζα
138579	Τυροείζαι	1	meineke_page_668.jpg	668	11731	ocr	OCR from image meineke_page_668.jpg (id=1840)	da265bcabdfec79b0ba0dbd89ba59a3f7bb0fb3eed259ed308197e9f5efa3545	60987	Τυρόδιζα	232	Τ232	0.777778	60983	Τυρακῖναι	0.666667	0.111111	τυροειζαι	τυροδιζα
138580	Τύρος	2	meineke_page_668.jpg	668	11732	ocr	OCR from image meineke_page_668.jpg (id=1840)	1c7418cc821042bef18cde0e480bbd9f61f6e8729566d02c288546c8cacda60f	60988	Τύρος	233	Τ233	1.000000	42041	Σῦρος	0.800000	0.200000	τυροσ	τυροσ
138581	Τυρηνία	3	meineke_page_668.jpg	668	11733	ocr	OCR from image meineke_page_668.jpg (id=1840)	9a6af64516e843f2f91d438138d7a0aebbb9eb2c47b5b8192b2a60a5ce4e1c3a	60989	Τυρρηνία	234	Τ234	0.875000	51051	Τυῆνις	0.714286	0.160714	τυρηνια	τυρρηνια
138583	Τύσκολος	5	meineke_page_668.jpg	668	11735	ocr	OCR from image meineke_page_668.jpg (id=1840)	0d02c291101bba0152366833a2be6c019f25205d9c77e261e674aee3a33f872b	60991	Τύσκλος	236	Τ236	0.875000	10335	Μύκονος	0.625000	0.250000	τυσκολοσ	τυσκλοσ
138584	Τυρηφιστός	6	meineke_page_668.jpg	668	11736	ocr	OCR from image meineke_page_668.jpg (id=1840)	af8e9b35141a850481dd5bb5c7f24898390f29b946e00d60e13b628b59431ffa	60992	Τυφρηστός	237	Τ237	0.700000	11045	Μυρμισσός	0.600000	0.100000	τυρηφιστοσ	τυφρηστοσ
138585	Τύχη		meineke_page_669.jpg	669	11737	ocr	OCR from image meineke_page_669.jpg (id=1841)	83534eff08cc9fbe152c8e652bbc65f88c8a212c1275757ad818c131efeac8b4	60993	Τύχη	238	Τ238	1.000000	23672	Ἰτύκη	0.600000	0.400000	τυχη	τυχη
138586	Ὑαία		meineke_page_669.jpg	669	11738	ocr	OCR from image meineke_page_669.jpg (id=1841)	e30fb4b114be85c449b23c811c22f31025b694b5fbd1eefbfeb8ec5a0c80f614	60994	Ὑαία	1	Υ1	1.000000	61016	Ὑλαία	0.800000	0.200000	υαια	υαια
138587	Θουκυδίδης τρίτῃ		meineke_page_669.jpg	669	11739	ocr	OCR from image meineke_page_669.jpg (id=1841)	eec24fff1e1faaf5fe85da3bd2b29441758c9e04578eceab9d5cbde6c529e435	8482	Μαγιστρική	4	Μ4	0.400000	3085	Καΰστριον	0.333333	0.066667	θουκυδιδηστριτη	μαγιστρικη
138588	Ὑάμεια		meineke_page_669.jpg	669	11740	ocr	OCR from image meineke_page_669.jpg (id=1841)	1fb938584f10e48a0dae492246b4b46baf92f961d126651f9440463f2fac4d95	60995	Ὑάμεια	2	Υ2	1.000000	60999	Ὑάπεια	0.833333	0.166667	υαμεια	υαμεια
138589	Ὑάμιον		meineke_page_669.jpg	669	11741	ocr	OCR from image meineke_page_669.jpg (id=1841)	2994b66be623a511a6daba61fe3fa7f167b765dda40dfbe69a5a5637dc58ffda	60996	Ὑάμιον	3	Υ3	1.000000	2788	Δάλμιον	0.714286	0.285714	υαμιον	υαμιον
138590	Ὑάμπολις		meineke_page_669.jpg	669	11742	ocr	OCR from image meineke_page_669.jpg (id=1841)	e489a7f632423afa7e5df394178e4c679a76a4758883094723dff1651f1a129c	60997	Ὑάμπολις	4	Υ4	1.000000	2495	Καρόπολις	0.666667	0.333333	υαμπολισ	υαμπολισ
138591	Ὑάντες		meineke_page_669.jpg	669	11743	ocr	OCR from image meineke_page_669.jpg (id=1841)	cf81a10372fcf0751ad05aff8b6ce8d9aaf16169af3ce30ebde9ad40fc91b17d	60998	Ὕαντες	5	Υ5	1.000000	115354	Βύζαντες	0.750000	0.250000	υαντεσ	υαντεσ
138592	Ὑάπεια		meineke_page_669.jpg	669	11744	ocr	OCR from image meineke_page_669.jpg (id=1841)	8e1b85ad44a09d26e4e4e3688f0ed9ba70279929bae819682eb9ebcd1bcd064b	60999	Ὑάπεια	6	Υ6	1.000000	60995	Ὑάμεια	0.833333	0.166667	υαπεια	υαπεια
138593	Ὑᾶσις		meineke_page_669.jpg	669	11745	ocr	OCR from image meineke_page_669.jpg (id=1841)	4e08639117d9d05eada5acea964e306665b5a84bde1843ccae083db377405a7e	61000	Ὕασις	7	Υ7	1.000000	102803	Αὔασις	0.833333	0.166667	υασισ	υασισ
138594	Ὑβα		meineke_page_669.jpg	669	11746	ocr	OCR from image meineke_page_669.jpg (id=1841)	59f0572f46d4b47a41c29d4c3d9eb2c20d7894db844af9bb96b97362cd637dbe	61001	Ὕβα	8	Υ8	1.000000	61003	Ὕβλαι	0.600000	0.400000	υβα	υβα
138595	Ὑβέλη		meineke_page_669.jpg	669	11747	ocr	OCR from image meineke_page_669.jpg (id=1841)	58798ce837326d6ebf6745a6f9164bbdf29a68d0354b5bca25377b35856fcea5	61002	Ὑβέλη	9	Υ9	1.000000	96958	Ἀρβέλη	0.666667	0.333333	υβελη	υβελη
138596	Ὑβλα		meineke_page_669.jpg	669	11748	ocr	OCR from image meineke_page_669.jpg (id=1841)	ef1c4c5d7a98a11c7644d68475d963f00e403bb941245658c3079b22941993d7	61003	Ὕβλαι	10	Υ10	0.800000	61001	Ὕβα	0.750000	0.050000	υβλα	υβλαι
138597	Ἡραια		meineke_page_670.jpg	670	16157	ocr	OCR from image meineke_page_670.jpg (id=1842)	ebc90eb160b05dd3d84c7f3f334f430da850657a6916c4716cdc348db3cd4d7a	19527	Ἥραια	18	Η18	1.000000	30157	Ῥαία	0.800000	0.200000	ηραια	ηραια
138598	Ὑγασσος		meineke_page_670.jpg	670	11750	ocr	OCR from image meineke_page_670.jpg (id=1842)	21399db90e25691747068a3e76c23989eb7d30318cb446b5f606c251c08342a3	61004	Ὑγασσός	11	Υ11	1.000000	3552	Κυβασσός	0.750000	0.250000	υγασσοσ	υγασσοσ
138599	Ὑδακαι		meineke_page_670.jpg	670	11751	ocr	OCR from image meineke_page_670.jpg (id=1842)	7b03626e79d6f58cb492e505e50f1f31816f076fa394035c4e3170dccf3755a8	61005	Ὑδάρκαι	12	Υ12	0.857143	2781	Δάαι	0.666667	0.190476	υδακαι	υδαρκαι
138600	Ὑδη		meineke_page_670.jpg	670	11752	ocr	OCR from image meineke_page_670.jpg (id=1842)	a32b8f5a880f13928d42fe4c8592031e90f498f5f18aeb8510f4dd482c61d4d5	61006	Ὕδη	13	Υ13	1.000000	22195	Ἴδη	0.666667	0.333333	υδη	υδη
138601	Ὑδασσοι		meineke_page_670.jpg	670	11753	ocr	OCR from image meineke_page_670.jpg (id=1842)	c412facfaa8e6c36593d3eb8623469f036e22be15cc8050fd16fe5874f36630f	61004	Ὑγασσός	11	Υ11	0.714286	61007	Ὑδισσός	0.714286	0.000000	υδασσοι	υγασσοσ
138604	Ὑδρήμα		meineke_page_671.jpg	671	11756	ocr	OCR from image meineke_page_671.jpg (id=1843)	19ec8a31102c2022689b8f79c09dd1194db7f83dbfb33a0e37798774dcd430eb	61011	Ὕδρηλα	18	Υ18	0.833333	61009	Ὑδραμία	0.714286	0.119048	υδρημα	υδρηλα
138605	Ὑδρός		meineke_page_671.jpg	671	11757	ocr	OCR from image meineke_page_671.jpg (id=1843)	a9ad6c7af252e3710fcc0d67b141c9bcd94a10bb462784656d664d68ae4da507	61012	Ὑδροῦς	19	Υ19	0.833333	7239	Κύπρος	0.666667	0.166667	υδροσ	υδρουσ
138606	Ὑγητός		meineke_page_671.jpg	671	11758	ocr	OCR from image meineke_page_671.jpg (id=1843)	bc9f179470caabe2795885e440e8fe7663fc57d19865e83d90a29d055400d200	61022	Ὑμηττός	29	Υ29	0.714286	19532	Ἠρητός	0.666667	0.047619	υγητοσ	υμηττοσ
138607	Ὑγύμισαι		meineke_page_671.jpg	671	11759	ocr	OCR from image meineke_page_671.jpg (id=1843)	3647d22e5ed9f4d0ce3bac620ed8e0dc97006220ed78b3bdfb7b6eb3fdc15102	61014	Ὑθμῖται	21	Υ21	0.625000	18301	Εὐωνυμῖται	0.600000	0.025000	υγυμισαι	υθμιται
138608	Ὑγκαρον		meineke_page_671.jpg	671	11760	ocr	OCR from image meineke_page_671.jpg (id=1843)	01cc9b38cfa10398c77ec34d11cece90927df9c48e09c7975c39c027ea9700d8	61015	Ὕκαρον	22	Υ22	0.857143	61084	Ἀγκύριον	0.625000	0.232143	υγκαρον	υκαρον
138609	Ύχαρα		meineke_page_672.jpg	672	11761	ocr	OCR from image meineke_page_672.jpg (id=1844)	cf946c7035ab7817e6dbb2aabfff515a0a2701f1a6258818d8ddc72d99b96513	19500	Ζόαρα	25	Ζ25	0.600000	23674	Ἴχανα	0.600000	0.000000	υχαρα	ζοαρα
138610	Ύλαία		meineke_page_672.jpg	672	11762	ocr	OCR from image meineke_page_672.jpg (id=1844)	e7fc37d260b35d5d1ed0538aba62fb23dc0f29c89207b42b4e4dedc531c0476e	61016	Ὑλαία	23	Υ23	1.000000	60994	Ὑαία	0.800000	0.200000	υλαια	υλαια
138611	Ύλαμοι		meineke_page_672.jpg	672	11763	ocr	OCR from image meineke_page_672.jpg (id=1844)	d4bc7fc6040b6fa4e40d83b4bf5084584b8fd869f22a8a5c86db032e91bb6efa	61017	Ὕλαμοι	24	Υ24	1.000000	7647	Λαζοί	0.666667	0.333333	υλαμοι	υλαμοι
138613	Ύλακαρίμ		meineke_page_672.jpg	672	11765	ocr	OCR from image meineke_page_672.jpg (id=1844)	c20e7367cf253d9300cdadb0ef05d06a7a57de9b20b9c7547c641e274a379367	7638	Λαγαρία	7	Λ7	0.625000	61019	Ὑλλάριμα	0.625000	0.000000	υλακαριμ	λαγαρια
138615	Ὕλλις		meineke_page_673.jpg	673	11767	ocr	OCR from image meineke_page_673.jpg (id=1845)	9e5dba8fd4f8758f163a659902ad8f601054e20705d8394bb234d09303c3599f	61020	Ὑλλεῖς	27	Υ27	0.833333	115357	Βύλλις	0.833333	0.000000	υλλισ	υλλεισ
138616	Ὑλαύλα		meineke_page_674.jpg	674	11768	ocr	OCR from image meineke_page_674.jpg (id=1846)	62a82764294094331eb14ab8ab0e3f9225d0c200f35c462e19dda6763d8a8179	61016	Ὑλαία	23	Υ23	0.666667	61021	Ὑλλούαλα	0.625000	0.041667	υλαυλα	υλαια
138617	Ὑμηττός		meineke_page_674.jpg	674	11769	ocr	OCR from image meineke_page_674.jpg (id=1846)	b868bb832c38742c7bd462f013d9724cf5efc6559a4a594f02500edf8ab2c34d	61022	Ὑμηττός	29	Υ29	1.000000	61013	Ὑηττός	0.857143	0.142857	υμηττοσ	υμηττοσ
138618	Ῑολφ		meineke_page_674.jpg	674	11770	ocr	OCR from image meineke_page_674.jpg (id=1846)	feeae83e2cc5cc29eeb3a4cc5e1f3fc3d8fddb50f61b2b14c5d474bc27d4b3e0	23624	Ἰόπη	72	Ι73	0.500000	23626	Ἴος	0.500000	0.000000	ιολφ	ιοπη
138619	Ὑπαίπα		meineke_page_674.jpg	674	11771	ocr	OCR from image meineke_page_674.jpg (id=1846)	19f9669b6612ede82d854001ea46c1d65057a037bf168a47e2e58f5d79537278	61024	Ὕπαιπα	31	Υ31	1.000000	7233	Κύπαιθα	0.714286	0.285714	υπαιπα	υπαιπα
138620	Ὑπαλόχιοι		meineke_page_674.jpg	674	11772	ocr	OCR from image meineke_page_674.jpg (id=1846)	06858a8bec1cde9296849d5977b0eac69ef30357fb65fe5ddaf91ed01482fdbf	61025	Ὑπαιλόχιοι	32	Υ32	0.900000	25142	Παναῖοι	0.555556	0.344444	υπαλοχιοι	υπαιλοχιοι
138621	Ὑπάνα		meineke_page_674.jpg	674	11773	ocr	OCR from image meineke_page_674.jpg (id=1846)	bf8bef1dfa35d5add40198b0309def7e2fe3d516409ba8d679c4461792f28a19	61026	Ὕπανα	33	Υ33	1.000000	23632	Ἵπανα	0.800000	0.200000	υπανα	υπανα
138622	Ὑπανις		meineke_page_674.jpg	674	11774	ocr	OCR from image meineke_page_674.jpg (id=1846)	89a05935e2c5c1a225728dafd5c910a25aa6e8b854d3902a71478b564d7873b2	61027	Ὕπανις	34	Υ34	1.000000	7237	Κύπασις	0.714286	0.285714	υπανισ	υπανισ
138625	Ὑπερβόρειοι		meineke_page_675.jpg	675	11777	ocr	OCR from image meineke_page_675.jpg (id=1847)	e86ba54eaf89404ab35c31b8b69226ccf329eae8d4b86e881836e41d6f32c265	61030	Ὑπερβόρεοι	37	Υ37	0.909091	6658	Ἑβραῖοι	0.545455	0.363636	υπερβορειοι	υπερβορεοι
138626	Ὑπερδέξιον		meineke_page_675.jpg	675	11778	ocr	OCR from image meineke_page_675.jpg (id=1847)	9ccdd432d040951f616af93e708406871175787b1fcda4d47c23871c8d9cba44	61031	Ὑπερδέξιον	38	Υ38	1.000000	17080	Ἐργέτιον	0.600000	0.400000	υπερδεξιον	υπερδεξιον
138627	Ὑπερησία		meineke_page_675.jpg	675	11779	ocr	OCR from image meineke_page_675.jpg (id=1847)	fa09a85c7f6fd925ef6c3f3b761545aa0b61661bc37e85064822fa19f4f79240	61032	Ὑπερησία	39	Υ39	1.000000	61029	Ὑπερασία	0.875000	0.125000	υπερησια	υπερησια
138629	Ὑποδήβηα		meineke_page_676.jpg	676	11781	ocr	OCR from image meineke_page_676.jpg (id=1848)	2ff5216bbce250a5cb9617190e5ecfd3886d59d691355acfc38118c5bd978a05	61034	Ὑποθῆβαι	41	Υ41	0.625000	48652	Τένδηβα	0.500000	0.125000	υποδηβηα	υποθηβαι
138630	Ὑπογαλακίς		meineke_page_676.jpg	676	11782	ocr	OCR from image meineke_page_676.jpg (id=1848)	76e45476215d25816a7aed36aadf7c5b55fa2915daf7efeae22e620317c9ef7e	61035	Ὑποχαλκίς	42	Υ42	0.800000	28361	Πλακία	0.500000	0.300000	υπογαλακισ	υποχαλκισ
138631	Ὕρεια		meineke_page_676.jpg	676	11783	ocr	OCR from image meineke_page_676.jpg (id=1848)	1a055003ac9762d0c0380d940e68056a3ed2525a7b6251693071e89e4c1b54df	61036	Ὑρία	43	Υ43	0.800000	11042	Μύρλεια	0.714286	0.085714	υρεια	υρια
138632	Καλλκάδωνος	1	meineke_page_677.jpg	677	11784	ocr	OCR from image meineke_page_677.jpg (id=1849)	b08e12a297e82af761de49812a68d67a9562fbc3b82f1c990064ca69522903ed	2118	Καλλάτηβος	29	Κ29	0.636364	2326	Καλλίαρος	0.636364	0.000000	καλλκαδωνοσ	καλλατηβοσ
138633	Ὑκανία	2	meineke_page_677.jpg	677	11785	ocr	OCR from image meineke_page_677.jpg (id=1849)	a93d1cf16bb567522d5b27274fc5fb08ad01b22106d59d24a470e514da471ae2	61037	Ὑρκανία	44	Υ44	0.857143	8454	Λυκαονία	0.750000	0.107143	υκανια	υρκανια
138634	Ὑψίμη	3	meineke_page_677.jpg	677	11786	ocr	OCR from image meineke_page_677.jpg (id=1849)	8bddeac71e2c84738d7b27522f679932bcca9d69b07d4a4ee41c87d2dbe152cf	11037	Μυρίκη	247	Μ247	0.500000	28374	Ποιμήν	0.500000	0.000000	υψιμη	μυρικη
138636	Ὑστακός	5	meineke_page_677.jpg	677	11788	ocr	OCR from image meineke_page_677.jpg (id=1849)	5ec4a74830dc9cba291c5439d178d832e9749e380da927ce677f4abb77d812e4	61041	Ὑρτακός	48	Υ48	0.857143	102771	Ἀστακός	0.857143	0.000000	υστακοσ	υρτακοσ
138637	Ύσσακίνος		meineke_page_678.jpg	678	11789	ocr	OCR from image meineke_page_678.jpg (id=1850)	b24f81e96af72b0e588170963f834025726d2c7cdaa351b84a9b1ad36a806b75	37836	Σίκινος	157	Σ157	0.666667	102763	Ἀσσακηνοί	0.666667	0.000000	υσσακινοσ	σικινοσ
138638	Ὑσσαεῖς		meineke_page_678.jpg	678	11790	ocr	OCR from image meineke_page_678.jpg (id=1850)	a97cfd5ef62f143be333c3d2dcce4eab6abc623633156f6653181a434e50e96f	61042	Ὑσαεῖς	49	Υ49	0.857143	12789	Ὀδυσσεῖς	0.625000	0.232143	υσσαεισ	υσαεισ
138639	Ὑσβη		meineke_page_678.jpg	678	11791	ocr	OCR from image meineke_page_678.jpg (id=1850)	844a82291db3c4bea7ec28e7821a10215593d62afb8698168fe28b0f4c3f803c	61043	Ὕσβη	50	Υ50	1.000000	7242	Κύρβη	0.600000	0.400000	υσβη	υσβη
138640	Ὑσία		meineke_page_678.jpg	678	11792	ocr	OCR from image meineke_page_678.jpg (id=1850)	9094c1ed80f5f12f2d4b3fead52d473b06bf198b4f5e79a3003066ac9f1053ff	61044	Ὑσία	51	Υ51	1.000000	11050	Μυσία	0.800000	0.200000	υσια	υσια
138641	Ὑσακεννα		meineke_page_678.jpg	678	11793	ocr	OCR from image meineke_page_678.jpg (id=1850)	f19719b72d011c4874639219dfc0392dab00216b4a16df197341fd6a60105b5d	30154	Ῥάβεννα	4	Ρ4	0.625000	61045	Ὕσκανα	0.625000	0.000000	υσακεννα	ραβεννα
138642	Ὑστατάστα		meineke_page_678.jpg	678	11794	ocr	OCR from image meineke_page_678.jpg (id=1850)	b55527efbc616b7685ac95a9e46b210ee1a9782278bbeaaf52e5a2b29eb70d94	23683	Ἰωτάπατα	131	Ι131	0.555556	32055	Σάραπτα	0.555556	0.000000	υσταταστα	ιωταπατα
138643	Ὑστεννα		meineke_page_678.jpg	678	11795	ocr	OCR from image meineke_page_678.jpg (id=1850)	6db1e78fd5471620facde5ed919cbe78ff177c54e5d076c64d90d29fa9f18d3b	61047	Ὕτεννα	54	Υ54	0.857143	17058	Ἔννα	0.571429	0.285714	υστεννα	υτεννα
138644	Ὑψηλις		meineke_page_678.jpg	678	11796	ocr	OCR from image meineke_page_678.jpg (id=1850)	43b480e71631ad0898de3855538f89bf3b5aca4f709cdbafafdc6addc074ead0	61048	Ὕψηλις	55	Υ55	1.000000	19519	Ἦλις	0.666667	0.333333	υψηλισ	υψηλισ
138646	Ὑώμη		meineke_page_678.jpg	678	11798	ocr	OCR from image meineke_page_678.jpg (id=1850)	a94e8ed3f1ebe267877eb0862f04f30588f3349a8b289c0d7a1ce71cbaa9251a	7266	Κώμη	310	Κ310	0.750000	31988	Ῥώμη	0.750000	0.000000	υωμη	κωμη
138647	Φαβία		meineke_page_679.jpg	679	11799	ocr	OCR from image meineke_page_679.jpg (id=1851)	11e9c759b870902bae696ce4981c3f855d7ae39b7ccfeeaf42d27105b457fff9	135353	Φαβία	1	Φ1	1.000000	96937	Ἀραβία	0.666667	0.333333	φαβια	φαβια
138648	Φαβεντία		meineke_page_679.jpg	679	11800	ocr	OCR from image meineke_page_679.jpg (id=1851)	a6e8bc9523e94bd3a3ea6f2336fd4edd568dd5e57d86aa348d58bd6dc5fa11d3	135354	Φαβεντία	2	Φ2	1.000000	28360	Πλακεντία	0.666667	0.333333	φαβεντια	φαβεντια
138649	Φάγρης		meineke_page_679.jpg	679	11801	ocr	OCR from image meineke_page_679.jpg (id=1851)	c9a25007c05a26bdcd33bde0a2f066b84fe5e538bb48915715b6f48cec0af837	135355	Φάγρης	3	Φ3	1.000000	61096	Ἄγρη	0.666667	0.333333	φαγρησ	φαγρησ
138650	Φαγωρίον		meineke_page_679.jpg	679	11802	ocr	OCR from image meineke_page_679.jpg (id=1851)	d8e146ca07335611902940bc3eeac28209ee5316165f90b5126ae89fb7157957	2623	Κασώριον	123	Κ123	0.750000	135369	Φαλέριον	0.750000	0.000000	φαγωριον	κασωριον
138651	Φαιάξ / Φαιακία		meineke_page_679.jpg	679	11803	ocr	OCR from image meineke_page_679.jpg (id=1851)	92c67cb4195354404ca3ca6c837cd9c42d598801ceb7a0f2f928b910f181cfb2	135357	Φαίαξ καὶ Φαιακία	5	Φ5	0.800000	102793	Ἄτραξ καὶ Ἀτρακία	0.533333	0.266667	φαιαξφαιακια	φαιαξκαιφαιακια
138652	Φαιστός		meineke_page_679.jpg	679	11804	ocr	OCR from image meineke_page_679.jpg (id=1851)	8299fffcdaa8641b1c7084afd9c676358a3882279e807ac3fb5f46050daae46c	135358	Φαιστός	6	Φ6	1.000000	8967	Μάκιστος	0.750000	0.250000	φαιστοσ	φαιστοσ
138653	Φάκιον		meineke_page_679.jpg	679	11805	ocr	OCR from image meineke_page_679.jpg (id=1851)	03a0e81ed3c0805f3f635a5826a7f7286a72c73a72e84c854c53e4ad4570a7b2	135359	Φάκιον	7	Φ7	1.000000	135414	Φίκειον	0.714286	0.285714	φακιον	φακιον
138654	Φάκουσα		meineke_page_680.jpg	680	11806	ocr	OCR from image meineke_page_680.jpg (id=1852)	cbf03c9eee61ad0810b9a5911929821a5bad10da0581e37938cfc4d23a3381d0	135360	Φάκουσα	8	Φ8	1.000000	145226	Φυκοῦς	0.714286	0.285714	φακουσα	φακουσα
138655	Φαλασίαι		meineke_page_680.jpg	680	11807	ocr	OCR from image meineke_page_680.jpg (id=1852)	028915af96182f83cd0ac007c25227ecb7d3855b764f5cdcc9ca5df5345603a0	135361	Φαλαισίαι	9	Φ9	0.888889	2086	Καλατίαι	0.750000	0.138889	φαλασιαι	φαλαισιαι
138656	Φαλάκρααι		meineke_page_680.jpg	680	11808	ocr	OCR from image meineke_page_680.jpg (id=1852)	a7180ddf2042b27e60044bdd10a4c8a6a817c7c3e980f56b071b15088e8a1df4	135362	Φαλάκραι	10	Φ10	0.888889	121784	Γαλάδραι	0.666667	0.222222	φαλακρααι	φαλακραι
138657	Φαλανθος		meineke_page_680.jpg	680	11809	ocr	OCR from image meineke_page_680.jpg (id=1852)	c8c2ff93af389948ece819e307b8496ef3297e02e581394768fbe244f2de161e	135363	Φάλανθος	11	Φ11	1.000000	8977	Μαλάνιος	0.750000	0.250000	φαλανθοσ	φαλανθοσ
138658	Φάλαννα		meineke_page_680.jpg	680	11810	ocr	OCR from image meineke_page_680.jpg (id=1852)	f03af2dc7ad78591ee7c0c9685887212f178bfb45a47bc8ec8a8f5aaba08d4f1	135364	Φάλαννα	12	Φ12	1.000000	135365	Φαλάνναια	0.777778	0.222222	φαλαννα	φαλαννα
138659	Φαλάνναια		meineke_page_681.jpg	681	11811	ocr	OCR from image meineke_page_681.jpg (id=1853)	9c9cc20e4d6f18bd80ce14d11c48a904f93e19e021da39ef90985f03d42f970f	135365	Φαλάνναια	13	Φ13	1.000000	135364	Φάλαννα	0.777778	0.222222	φαλανναια	φαλανναια
138660	Φαλώρεια	1	meineke_page_682.jpg	682	11812	ocr	OCR from image meineke_page_682.jpg (id=1854)	ef01152a4ffbfd7fdcc6aeec1014e133e5f8154dab0e94a84e14ed0db976d3dc	26682	Παρώρεια	59	Π59	0.750000	32025	Σαλώνεια	0.750000	0.000000	φαλωρεια	παρωρεια
138661	Φαμιζών	2	meineke_page_682.jpg	682	11813	ocr	OCR from image meineke_page_682.jpg (id=1854)	708eed198bba78d094bc3c59afc008ec2fa069f5a9d0b4084d409e461fcabf42	135374	Φαμιζών	22	Φ22	1.000000	12817	Ὀλιζών	0.571429	0.428571	φαμιζων	φαμιζων
138662	Φαναγόρεια	3	meineke_page_682.jpg	682	11814	ocr	OCR from image meineke_page_682.jpg (id=1854)	d0d489ee3d57d400f9ebe0fe15361a4c829202a942e4e8c3fbcb3c3d5c684460	135375	Φαναγόρεια	23	Φ23	1.000000	2087	Καλαύρεια	0.600000	0.400000	φαναγορεια	φαναγορεια
138663	Φάνα	4	meineke_page_682.jpg	682	11815	ocr	OCR from image meineke_page_682.jpg (id=1854)	0a65a22b2046d2a885b3c1858ba8de56b31c00338cabbab0e47568c15637bd29	135376	Φάναι	24	Φ24	0.800000	102820	Ἀφάναι	0.666667	0.133333	φανα	φαναι
138664	Φανασταῖς	5	meineke_page_682.jpg	682	11816	ocr	OCR from image meineke_page_682.jpg (id=1854)	7601e3375b77b3bfa20925b33e758285d56e2112be2dab86248489b2b0926351	82922	Ἄμαστρις	262	Α262	0.666667	135395	Φάσταια	0.666667	0.000000	φανασταισ	αμαστρισ
138665	Φάραγθος	6	meineke_page_682.jpg	682	11817	ocr	OCR from image meineke_page_682.jpg (id=1854)	fdb1193641e84ea74b865f77cb3e0f7aa4685ae4e80cd88b6eed84648a962235	135381	Φάρβαιθος	29	Φ29	0.777778	8998	Μάραθος	0.750000	0.027778	φαραγθοσ	φαρβαιθοσ
138666	Ἰουδαϊκής ἀρχαιολογίας		meineke_page_683.jpg	683	11818	ocr	OCR from image meineke_page_683.jpg (id=1855)	5a9ad40e18ba6e8027cd5d42caa8a5f236c1a0367ebc85492833b92f421fe4f1	125137	Γυναικόσπολις	119	Γ119	0.428571	14829	Δικαιάρχεια	0.380952	0.047619	ιουδαικησαρχαιολογιασ	γυναικοσπολισ
138667	Φαρνάκεια		meineke_page_684.jpg	684	11819	ocr	OCR from image meineke_page_684.jpg (id=1856)	62fc77bde5f5236f11517af07eeb41e1a5e515568a40a0c7d85a4abefdcae372	135386	Φαρνάκεια	34	Φ34	1.000000	85671	Ἀνακαία	0.666667	0.333333	φαρνακεια	φαρνακεια
138668	Φάρος		meineke_page_684.jpg	684	11820	ocr	OCR from image meineke_page_684.jpg (id=1856)	fe0cfd219025a2210c51526f2663ea62bcfa09ddb0bef8c7dd1263990bed8433	135387	Φάρος	35	Φ35	1.000000	26679	Πάρος	0.800000	0.200000	φαροσ	φαροσ
138669	Φαρουσίοι		meineke_page_684.jpg	684	11821	ocr	OCR from image meineke_page_684.jpg (id=1856)	6dc3f7265a9f2307cb47f4441c123e3f7d3d07d447b5e9bfd1850bf5d5c28a6b	135388	Φαρούσιοι	36	Φ36	1.000000	105857	Βαργούσιοι	0.800000	0.200000	φαρουσιοι	φαρουσιοι
138670	Φάρσαλος		meineke_page_684.jpg	684	11822	ocr	OCR from image meineke_page_684.jpg (id=1856)	dc0e5e30f557c4be36dd8d3625fc1d11b7a8ba08a8c19932867e7b897231567e	135389	Φάρσαλος	37	Φ37	1.000000	26658	Πάραλος	0.750000	0.250000	φαρσαλοσ	φαρσαλοσ
138671	Φαρυγα		meineke_page_684.jpg	684	11823	ocr	OCR from image meineke_page_684.jpg (id=1856)	320d1b5992b2603a29e7aa7208e8328d162b6b6a45b4b220bcb002722863291b	135390	Φαρύγαι	38	Φ38	0.857143	2601	Καρύα	0.666667	0.190476	φαρυγα	φαρυγαι
138672	Φασαηλίς		meineke_page_685.jpg	685	11824	ocr	OCR from image meineke_page_685.jpg (id=1857)	cd76c31a608f200294769051804b1f8f56858875ea64d6e40af0b8bad2670fdf	135391	Φασαηλίς	39	Φ39	1.000000	135392	Φάσηλις	0.875000	0.125000	φασαηλισ	φασαηλισ
138673	Κήλχιος		meineke_page_686.jpg	686	11825	ocr	OCR from image meineke_page_686.jpg (id=1858)	38aeadfb11de73c42b942c2b40b33491cb4ef0b01378e67fbe5c454b4d760f02	2114	Κάλβιος	25	Κ25	0.714286	2116	Κάληρος	0.571429	0.142857	κηλχιοσ	καλβιοσ
138674	Φασταῖα		meineke_page_686.jpg	686	11826	ocr	OCR from image meineke_page_686.jpg (id=1858)	4b9071a588741935f8d7b9dcf359246301227258fd0f4c9d35ed1f546b55cb14	135395	Φάσταια	43	Φ43	1.000000	2617	Κασταλία	0.750000	0.250000	φασταια	φασταια
138675	Φαντία		meineke_page_686.jpg	686	20144	csv_fallback	Backfilled from meineke_headwords.greek_paragraph	3acfe96b06df89d3e5288067b7b3d761f19df5f4c7bb171dc6aed585e38aba8b	105850	Βαντία	32	Β32	0.833333	135354	Φαβεντία	0.750000	0.083333	φαντια	βαντια
138676	Φεᾶ		meineke_page_686.jpg	686	11828	ocr	OCR from image meineke_page_686.jpg (id=1858)	dcb9f5487c181ca2083213c2f34ca280aa7445f9e376138c6e4af3411dd69c66	135396	Φεά	45	Φ45	1.000000	20781	Θέα	0.666667	0.333333	φεα	φεα
138679	Φελλίς		meineke_page_686.jpg	686	11831	ocr	OCR from image meineke_page_686.jpg (id=1858)	36d9d1bdfaf3f26ace048eee5b4b31f685a4c225ba5cfcb3847232e0aa5bafbd	135399	Φελλός	48	Φ48	0.833333	145229	Φυλλίς	0.833333	0.000000	φελλισ	φελλοσ
138680	Φενεβηϑις		meineke_page_687.jpg	687	11832	ocr	OCR from image meineke_page_687.jpg (id=1859)	9ec67d72d221616341c68bc9168144eb9fcc86bdfced0eb087c32a88b5c3c895	135400	Φενέβηθις	49	Φ49	1.000000	9625	Μένουθις	0.555556	0.444444	φενεβηθισ	φενεβηθισ
138681	Φενεός		meineke_page_687.jpg	687	11833	ocr	OCR from image meineke_page_687.jpg (id=1859)	8ea4906f87764e6a75957816659498838096efe1cdca9f2b3e5fec2c3d14e942	135401	Φενεός	50	Φ50	1.000000	48655	Τένεδος	0.714286	0.285714	φενεοσ	φενεοσ
138682	Φεραί		meineke_page_687.jpg	687	11834	ocr	OCR from image meineke_page_687.jpg (id=1859)	bbfb5ee9d3ad1895b8d47ccddadbe95a14fe88f5ab00747c8ce30e2a062170fb	135402	Φεραί	51	Φ51	1.000000	135379	Φαραί	0.800000	0.200000	φεραι	φεραι
138683	Φερετῖνος		meineke_page_687.jpg	687	11835	ocr	OCR from image meineke_page_687.jpg (id=1859)	185ed3f063a39a8f78ed8272baccdae6fd1d3263b2eaaf5f61910921ce9edb76	135403	Φερεντῖνος	52	Φ52	0.900000	121817	Γεντῖνος	0.666667	0.233333	φερετινοσ	φερεντινοσ
138685	Φηγεια		meineke_page_688.jpg	688	11837	ocr	OCR from image meineke_page_688.jpg (id=1860)	cb45b7e73998bd9177f1fb4b491739821b0768c85eb7721ae8569e0321a79f47	135405	Φήγεια	54	Φ54	1.000000	135404	Φηγαιά	0.833333	0.166667	φηγεια	φηγεια
138686	Φηγούς		meineke_page_688.jpg	688	11838	ocr	OCR from image meineke_page_688.jpg (id=1860)	feb797ba6b8260e600855230ba1c6a632a45edead17f8599839313df6b92378f	135406	Φηγοῦς	55	Φ55	1.000000	28329	Πηλοῦς	0.666667	0.333333	φηγουσ	φηγουσ
138687	Φημιαί		meineke_page_688.jpg	688	11839	ocr	OCR from image meineke_page_688.jpg (id=1860)	f448fd90adaa5012753620e28664ef73d7d2330d52a4dc03bc560b05e6fdb173	135407	Φημίαι	56	Φ56	1.000000	61014	Ὑθμῖται	0.571429	0.428571	φημιαι	φημιαι
138689	Φθιᾶς		meineke_page_689.jpg	689	11841	ocr	OCR from image meineke_page_689.jpg (id=1861)	3529bb759152e2d10b27b4bafb9b855430d43ae13fdf895648301e5cfffec4ac	135409	Φθία	58	Φ58	0.800000	14822	Διάς	0.600000	0.200000	φθιασ	φθια
138690	Φθιᾶ		meineke_page_689.jpg	689	11842	ocr	OCR from image meineke_page_689.jpg (id=1861)	c579d2eaeaae4dd699beb1139f06d578d4638414250a123b8b33c40791067d3f	135409	Φθία	58	Φ58	1.000000	135410	Φθίρ	0.750000	0.250000	φθια	φθια
138691	Φιδόκνη		meineke_page_689.jpg	689	11843	ocr	OCR from image meineke_page_689.jpg (id=1861)	c26510d11750ab7307d17d6c713fc04e3a680cdfc78a14b3d3b1ade15e2083e6	135413	Φιδήνη	62	Φ62	0.714286	37820	Σιδάκη	0.571429	0.142857	φιδοκνη	φιδηνη
138692	Φιλα		meineke_page_690.jpg	690	11844	ocr	OCR from image meineke_page_690.jpg (id=1862)	0c4d8d8b32545693edea8b65905598f6a8f18fdb1ec95a08e81ff73f67d81966	135415	Φίλα	64	Φ64	1.000000	135411	Φιά	0.750000	0.250000	φιλα	φιλα
138694	Φιλαῖδαι		meineke_page_690.jpg	690	11846	ocr	OCR from image meineke_page_690.jpg (id=1862)	d0eae012b420a7547eabb192ffa6d9d0570a525e17be4b35de014807582e5662	135417	Φιλαΐδαι	66	Φ66	1.000000	48704	Τιτακίδαι	0.666667	0.333333	φιλαιδαι	φιλαιδαι
138696	Φιληρόμενον		meineke_page_690.jpg	690	11848	ocr	OCR from image meineke_page_690.jpg (id=1862)	778f39394eacff7499626f21a347a8ff933405fb14b4ac4e015c05fbaa75b205	135419	Φιληνόριον	68	Φ68	0.636364	135370	Φάληρον	0.545455	0.090909	φιληρομενον	φιληνοριον
138699	Φιλομηλεῖον		meineke_page_691.jpg	691	11851	ocr	OCR from image meineke_page_691.jpg (id=1863)	29371070bcb183539a1ced54ee26321b70be768b3a449513f5fd1e1cb9896550	135422	Φιλομήλειον	71	Φ71	1.000000	11890	Νικομήδειον	0.727273	0.272727	φιλομηλειον	φιλομηλειον
138701	Φιλοστέφεια		meineke_page_691.jpg	691	11853	ocr	OCR from image meineke_page_691.jpg (id=1863)	63017abc7a6f77ee428a9147ddc64a4af85e181ed0ad19c0b0aad08708049a24	135416	Φιλαδέλφεια	65	Φ65	0.636364	22225	Ἰλούργεια	0.545455	0.090909	φιλοστεφεια	φιλαδελφεια
138702	Φιλειον		meineke_page_692.jpg	692	11854	ocr	OCR from image meineke_page_692.jpg (id=1864)	c1b5e9fdad843daa37e95057a5bebb73f552830442bdfca92f27e7f393d6baee	135414	Φίκειον	63	Φ63	0.857143	135425	Φίνειον	0.857143	0.000000	φιλειον	φικειον
138703	Φινοπολις		meineke_page_692.jpg	692	11855	ocr	OCR from image meineke_page_692.jpg (id=1864)	3f542c17d0399c50540f286e3f256aa40a57117f6d16fd36aa7d60c43de2927f	135426	Φινόπολις	75	Φ75	1.000000	11891	Νικόπολις	0.777778	0.222222	φινοπολισ	φινοπολισ
138704	Φλαων		meineke_page_692.jpg	692	11856	ocr	OCR from image meineke_page_692.jpg (id=1864)	43fa74be84d33024f9be4e46c552313b2d362baeaa711d0c60796b6db1c8205c	135427	Φλάνων	76	Φ76	0.833333	80213	Ἀλαβών	0.666667	0.166667	φλαων	φλανων
138705	Φλεγαι		meineke_page_692.jpg	692	11857	ocr	OCR from image meineke_page_692.jpg (id=1864)	50ea40ae7cd67db3090bce5e31189454b25b1a246ca5ec61581a54aa9ee8480b	135402	Φεραί	51	Φ51	0.666667	135428	Φλέγρα	0.666667	0.000000	φλεγαι	φεραι
138706	Φλους		meineke_page_692.jpg	692	11858	ocr	OCR from image meineke_page_692.jpg (id=1864)	38224ee8149f0f9594081cf43b1179a64e0043ff257943257cb6d7a510ef6386	135430	Φλιοῦς	79	Φ79	0.833333	12826	Ὀλοῦς	0.800000	0.033333	φλουσ	φλιουσ
138707	Φλιοῦς / Φλιοῦντιος	1	meineke_page_693.jpg	693	11859	ocr	OCR from image meineke_page_693.jpg (id=1865)	1fdf24ccd44e349795c9dd358c72014c6a43b3e3303cc1c3d2ff319470056f79	4934	Δυσπόντιον	144	Δ144	0.437500	8423	Λαούντιον	0.437500	0.000000	φλιουσφλιουντιοσ	δυσποντιον
138708	Φλυγόνιον	2	meineke_page_693.jpg	693	11860	ocr	OCR from image meineke_page_693.jpg (id=1865)	47b54521da25472bb38147c913c7ad327477cbd90777fcc72bae8865b2399600	135431	Φλυγόνιον	80	Φ80	1.000000	17050	Ἐλύμνιον	0.666667	0.333333	φλυγονιον	φλυγονιον
138709	Φλυείς	3	meineke_page_693.jpg	693	11861	ocr	OCR from image meineke_page_693.jpg (id=1865)	a3ab932d3408fd10401209d20e68969406678a6ab81fb3289a9c96a1ed568da0	135432	Φλυεῖς	81	Φ81	1.000000	61020	Ὑλλεῖς	0.666667	0.333333	φλυεισ	φλυεισ
138710	Φλυοβρία / Φοῖβος	4	meineke_page_693.jpg	693	11862	ocr	OCR from image meineke_page_693.jpg (id=1865)	a5cdf6a5ae14041e59cb58591703b43dcea0971b58de4b20a2b5d8ad1a90517b	11038	Μυρίανδρος	248	Μ248	0.428571	14868	Δουρίοπος	0.428571	0.000000	φλυοβριαφοιβοσ	μυριανδροσ
138711	Φοινικαλον	5	meineke_page_693.jpg	693	11863	ocr	OCR from image meineke_page_693.jpg (id=1865)	e8ce545d74ebd3cfe20c389aeaae41b8c013d4b8c437daa250389ce2fc9d7a8b	135434	Φοινίκαιον	83	Φ83	0.900000	3274	Κορνίκολος	0.600000	0.300000	φοινικαλον	φοινικαιον
138712	Φοινίκη	6	meineke_page_693.jpg	693	11864	ocr	OCR from image meineke_page_693.jpg (id=1865)	cafa4b41f2a7dac26e6f35fae39115f2abe130a8e20b9484e66d0e9a580fa78e	135435	Φοινίκη	84	Φ84	1.000000	135436	Φοινικοῦς	0.666667	0.333333	φοινικη	φοινικη
138713	Φοινίξ		meineke_page_694.jpg	694	11865	ocr	OCR from image meineke_page_694.jpg (id=1866)	81f426b24fb651a9b81ead4addafbc3c786fccee23159d8dc797d4a133db0707	135435	Φοινίκη	84	Φ84	0.714286	135433	Φοιβία	0.666667	0.047619	φοινιξ	φοινικη
138714	Φοτίαι		meineke_page_694.jpg	694	11866	ocr	OCR from image meineke_page_694.jpg (id=1866)	a4399e1f9ce00eda3e36ef6de82e01c88c38bee20bb427406ba5eedc3ad0484a	135438	Φοιτίαι	87	Φ87	0.857143	28404	Πότνιαι	0.714286	0.142857	φοτιαι	φοιτιαι
138715	φολεγάνθερος		meineke_page_694.jpg	694	11867	ocr	OCR from image meineke_page_694.jpg (id=1866)	8807d27b74c1c4739be56dabfe972c8caecaacf65c4f1d1bfe83e69ce98d683b	135439	Φολέγανδρος	88	Φ88	0.833333	135363	Φάλανθος	0.583333	0.250000	φολεγανθεροσ	φολεγανδροσ
138716	Φολέγανδρος / Φολεγαδρεύς		meineke_page_695.jpg	695	11868	ocr	OCR from image meineke_page_695.jpg (id=1867)	dd206ae9d91c19d0ffee1c1cf86ee23e20a907d2d24176e2fdcd6ced11392233	135439	Φολέγανδρος	88	Φ88	0.500000	8955	Μαιανδρούπολις	0.363636	0.136364	φολεγανδροσφολεγαδρευσ	φολεγανδροσ
138717	Φολόη		meineke_page_695.jpg	695	11869	ocr	OCR from image meineke_page_695.jpg (id=1867)	1972be90daebde009e5de2abf0798dceda6e8a8430f8a6feba9f2bb7665f5386	135440	Φολόη	89	Φ89	1.000000	31968	Ῥοδόη	0.600000	0.400000	φολοη	φολοη
138718	Φόβας		meineke_page_695.jpg	695	11870	ocr	OCR from image meineke_page_695.jpg (id=1867)	37e7cf3c5cf6d4d2ac29edbae899822c1f4af35104639eeeb621179452809e88	135441	Φόρβας	90	Φ90	0.833333	30172	Ῥήβας	0.600000	0.233333	φοβασ	φορβασ
138719	Φορεία		meineke_page_695.jpg	695	11871	ocr	OCR from image meineke_page_695.jpg (id=1867)	63eb3e935cfd8a01b31bc33aa7c53ffd086da4968821f4bec3d44a088392d95e	135442	Φορίεια	91	Φ91	0.857143	9008	Μάρεια	0.666667	0.190476	φορεια	φοριεια
138720	Φορωννα / Φορωνναῖος		meineke_page_695.jpg	695	11872	ocr	OCR from image meineke_page_695.jpg (id=1867)	83f8d86439478d11e2fe36c913a4065ff4c3dffc8540f1f1c63c4d7cf821619d	32236	Κορακόνησος	156	Κ156	0.411765	135443	Φόρουννα	0.411765	0.000000	φορωνναφορωνναιοσ	κορακονησοσ
138721	Φοροβερεντάτιον		meineke_page_695.jpg	695	11873	ocr	OCR from image meineke_page_695.jpg (id=1867)	fb759486b6cbde2914738864af9de8a4516694cbf306088a2417ebc7156b120b	135444	Φοροβρεντάτιον	93	Φ93	0.933333	145224	Φρουρεντανοί	0.600000	0.333333	φοροβερεντατιον	φοροβρεντατιον
138722	Φούνδα		meineke_page_695.jpg	695	11874	ocr	OCR from image meineke_page_695.jpg (id=1867)	5769ef05e13509b472c0ab16f02f4d10ce1a08deb0ea23f01272303f7be9b850	135445	Φοῦνδα	94	Φ94	1.000000	135443	Φόρουννα	0.625000	0.375000	φουνδα	φουνδα
138723	Φουνωνίτα		meineke_page_695.jpg	695	11875	ocr	OCR from image meineke_page_695.jpg (id=1867)	e4da36abd1e5adadbd79bb61fd92a218b28ea34767e99eba79bdbd2a36d52b4e	135446	Φουρνίτα	95	Φ95	0.777778	2777	Καυλωνία	0.555556	0.222222	φουνωνιτα	φουρνιτα
138724	Φεάσπα		meineke_page_695.jpg	695	11876	ocr	OCR from image meineke_page_695.jpg (id=1867)	866d7a8321fcdaeadbbf16f3ff41066f582b7c4ee3051f5f2b02caaca15063eb	135447	Φράασπα	96	Φ96	0.714286	28405	Πράασπα	0.571429	0.142857	φεασπα	φραασπα
138725	Φεάγγοι		meineke_page_695.jpg	695	11877	ocr	OCR from image meineke_page_695.jpg (id=1867)	da28adf29f35bb469e2d5f874b645088c744110be67f410e18d231fc340ef608	135448	Φράγγοι	97	Φ97	0.857143	14871	Δράγγαι	0.571429	0.285714	φεαγγοι	φραγγοι
138726	Φεάδα		meineke_page_695.jpg	695	11878	ocr	OCR from image meineke_page_695.jpg (id=1867)	4e60b8bfcf0923221b4ed7fd5fb8c8c380df7659b4bd43d06749034f87a11a14	135449	Φράδα	98	Φ98	0.800000	26703	Πέδα	0.600000	0.200000	φεαδα	φραδα
138727	Φεατεία		meineke_page_695.jpg	695	11879	ocr	OCR from image meineke_page_695.jpg (id=1867)	b6eaf0bcecd68845c46e3e798eca065f39ea0a404bc4ca0f37d68f54e70b42d1	28367	Πλατεῖα	178	Π178	0.714286	135450	Φρατρία	0.714286	0.000000	φεατεια	πλατεια
138728	φρεάτηρ		meineke_page_696.jpg	696	11880	ocr	OCR from image meineke_page_696.jpg (id=1868)	60d5adb51d1752dcf62b223341560d8ea32eb7f9887e8ff15f1b2e041be45e72	17085	Ἐρευάτης	109	Ε109	0.625000	12862	Ὀρέστη	0.571429	0.053571	φρεατηρ	ερευατησ
138729	Φέσαροι		meineke_page_696.jpg	696	11881	ocr	OCR from image meineke_page_696.jpg (id=1868)	4cce965900b094a8930189d8db3e8ee7196fb5e0f9eedc85fa13fcc75102b320	13833	Δεξάροι	52	Δ52	0.714286	135451	Φρέαροι	0.714286	0.000000	φεσαροι	δεξαροι
138730	φρεξέλλα		meineke_page_696.jpg	696	11882	ocr	OCR from image meineke_page_696.jpg (id=1868)	d89d2b4b20a9084d1a1ead9179d3baad3a039835af669e0261ea12d570cbecad	135452	Φρέγελλα	101	Φ101	0.875000	37776	Σέκελλα	0.625000	0.250000	φρεξελλα	φρεγελλα
138731	φρεξτανόν		meineke_page_696.jpg	696	11883	ocr	OCR from image meineke_page_696.jpg (id=1868)	b1863ef103ac98d3dd3fb1b984d040972c3c4714872f173b35732bed7041f4b7	135453	Φρεντανόν	102	Φ102	0.888889	135403	Φερεντῖνος	0.600000	0.288889	φρεξτανον	φρεντανον
138732	Φηΐς, Φηρτός, Φηῆτες, ἔθνος Λιβυκόν	1	meineke_page_697.jpg	697	11884	ocr	OCR from image meineke_page_697.jpg (id=1869)	e94ea74e1778c1a6d45676749d8c928be06b7eefccad18f9822163bf0c94ef8b	10314	Μοσσύνοικοι	212	Μ212	0.285714	12860	Ὀρεσθάσιον	0.285714	0.000000	φηισφηρτοσφηητεσεθνοσλιβυκον	μοσσυνοικοι
138733	Φυκες		meineke_page_698.jpg	698	11885	ocr	OCR from image meineke_page_698.jpg (id=1870)	b5a3bf9a3d387ac71960c65c7811019765e4f5459d7993642fbfc9b7e807938c	145226	Φυκοῦς	109	Φ109	0.666667	145233	Φύσκος	0.666667	0.000000	φυκεσ	φυκουσ
138734	Φυλή		meineke_page_699.jpg	699	11886	ocr	OCR from image meineke_page_699.jpg (id=1871)	d253cc61f964d20df195cb59a5fe1f16352d6bedd95ec31f7a92238a284fa748	145228	Φυλή	111	Φ111	1.000000	8468	Λύλη	0.750000	0.250000	φυλη	φυλη
138735	Φυλον	1	meineke_page_700.jpg	700	11887	ocr	OCR from image meineke_page_700.jpg (id=1872)	e5c4acd837891439f5f8a795760d31e418f582b9918b9724d061cde575080873	145231	Φῦλον	114	Φ114	1.000000	145230	Φύλλος	0.666667	0.333333	φυλον	φυλον
138736	Φυσακια	2	meineke_page_700.jpg	700	11888	ocr	OCR from image meineke_page_700.jpg (id=1872)	e40036fbed76d5d95b38f8a90f46f37504f5f1d7f1f83e898e780f6f8caf94d1	145232	Φυσκία	115	Φ115	0.857143	99842	Ἀρσακία	0.714286	0.142857	φυσακια	φυσκια
138737	Φυσκος	3	meineke_page_700.jpg	700	11889	ocr	OCR from image meineke_page_700.jpg (id=1872)	ef4e2beaaa30b0bc610df4d5964fc9cc3ba252242d1dc4f3270ce4650bfe3e58	145233	Φύσκος	116	Φ116	1.000000	60991	Τύσκλος	0.714286	0.285714	φυσκοσ	φυσκοσ
138738	Φυσταλια	4	meineke_page_700.jpg	700	11890	ocr	OCR from image meineke_page_700.jpg (id=1872)	303e3f3fb683efeb274f7a3be7a46e75d34a95f0bada2b2c89ba1e67c31c2590	2617	Κασταλία	117	Κ117	0.750000	135395	Φάσταια	0.750000	0.000000	φυσταλια	κασταλια
138739	Φυτειον	5	meineke_page_700.jpg	700	11891	ocr	OCR from image meineke_page_700.jpg (id=1872)	88e7f8a5c2ece7fdd6a429411a8e94691a49adf0f8506f1d31898f2680236081	145235	Φύτειον	118	Φ118	1.000000	145234	Φύταιον	0.857143	0.142857	φυτειον	φυτειον
138740	Φωκαι	6	meineke_page_700.jpg	700	11892	ocr	OCR from image meineke_page_700.jpg (id=1872)	c602ecd7df8a14f90c43742ff7b993694dd34a00839731545e9ef3767457fd1f	145236	Φώκαια	119	Φ119	0.833333	7268	Κῶπαι	0.600000	0.233333	φωκαι	φωκαια
138741	Φωκις	7	meineke_page_700.jpg	700	11893	ocr	OCR from image meineke_page_700.jpg (id=1872)	3bcbe0f84f5d8ab6820b1cc07c1444e108668ad65c21e16fc97c2a7838a81f8b	145237	Φωκίς	120	Φ120	1.000000	145236	Φώκαια	0.666667	0.333333	φωκισ	φωκισ
138742	Φωκική		meineke_page_701.jpg	701	11894	ocr	OCR from image meineke_page_701.jpg (id=1873)	e1ec702109712c059eead0a3e6081115470527ffb47ebeddab6befdaf53efdf0	145237	Φωκίς	120	Φ120	0.666667	135435	Φοινίκη	0.571429	0.095238	φωκικη	φωκισ
138743	Φωρειαμοί		meineke_page_701.jpg	701	11895	ocr	OCR from image meineke_page_701.jpg (id=1873)	c48799673f0c3d6253a1f5df85ef7e141d953613188c08261871535f671afbd7	145238	Φωριαμοί	121	Φ121	0.888889	135451	Φρέαροι	0.666667	0.222222	φωρειαμοι	φωριαμοι
138744	Φωρειανοί		meineke_page_701.jpg	701	11896	ocr	OCR from image meineke_page_701.jpg (id=1873)	5db41e500695f29f034166a2bc55f6ffab0d63f25c0c5c1e74909ae35a9edc58	145238	Φωριαμοί	121	Φ121	0.777778	145239	Φωρμανοί	0.777778	0.000000	φωρειανοι	φωριαμοι
138745	Φωτινιατον		meineke_page_701.jpg	701	11897	ocr	OCR from image meineke_page_701.jpg (id=1873)	a826edc5fd5b49d0faafb9c965cef8f2323cab5867fc15c87b5f5435bfe21f8a	145240	Φωτίναιον	123	Φ123	0.800000	135434	Φοινίκαιον	0.600000	0.200000	φωτινιατον	φωτιναιον
138746	Χαβαρηνοί		meineke_page_701.jpg	701	20145	csv_fallback	Backfilled from meineke_headwords.greek_paragraph	3f00b5b381a912f9888a9f2386ffec3ef194b11bf56a28dea99c858d2de2ddba	2337	Καμαρηνοί	43	Κ43	0.777778	13818	Δαχαρηνοί	0.777778	0.000000	χαβαρηνοι	καμαρηνοι
138747	Χαδοσία	1	meineke_page_702.jpg	702	11899	ocr	OCR from image meineke_page_702.jpg (id=1874)	2e9c105ff867febd26ef5fd249ccf9ca104b306d2dcb75f9f969d246b05f7764	25147	Πανδοσία	15	Π15	0.750000	128478	Χαλισία	0.714286	0.035714	χαδοσια	πανδοσια
138748	Χαδοσματίται	2	meineke_page_702.jpg	702	11900	ocr	OCR from image meineke_page_702.jpg (id=1874)	0275442fde0fde7662a92c2db4176fa9eae5429c5f53016c35127a96cc4cc14f	2612	Κασσανῖται	112	Κ112	0.583333	61119	Ἀδυρμαχίδαι	0.583333	0.000000	χαδοσματιται	κασσανιται
138749	Χατζην	3	meineke_page_702.jpg	702	11901	ocr	OCR from image meineke_page_702.jpg (id=1874)	71162ebde3c8c828d037a3b1145f9d41b911a9e7029e026e97ea49f9a9698ac2	125142	Χαζήνη	4	Χ4	0.666667	128498	Χαττηνία	0.625000	0.041667	χατζην	χαζηνη
138750	Χαμεθου	4	meineke_page_702.jpg	702	11902	ocr	OCR from image meineke_page_702.jpg (id=1874)	8620e61743b38c443be0d716d45e3fe620253c7837ae6c14cb4fa9776a5e3178	131891	Ψαμαθοῦς	1	Ψ1	0.625000	82909	Ἀμαθοῦς	0.571429	0.053571	χαμεθου	ψαμαθουσ
138751	Χαιρώνεια	1	meineke_page_703.jpg	703	11903	ocr	OCR from image meineke_page_703.jpg (id=1875)	b37184d5c5551809523cbc69848ef610e8f326208f57bae5da6587cf63e8bc19	125146	Χαιρώνεια	6	Χ6	1.000000	9022	Μαρώνεια	0.777778	0.222222	χαιρωνεια	χαιρωνεια
138752	Λοκροί		meineke_page_704.jpg	704	16181	ocr	OCR from image meineke_page_704.jpg (id=1876)	0fa9c5fe38bacf2167ccfec6e44f5c7cd9bd6d5427feece8654d57afc804f48b	17046	Ἕλουροι	70	Ε70	0.714286	8448	Λουσοί	0.666667	0.047619	λοκροι	ελουροι
138753	Χάλαστρα		meineke_page_704.jpg	704	11905	ocr	OCR from image meineke_page_704.jpg (id=1876)	3424d6d79bf030597c696f4fa02e9acdb8c1d4e4709e6f8ee94f5e12fe2550fb	125150	Χαλάστρα	8	Χ8	1.000000	80211	Ἀλάβαστρα	0.666667	0.333333	χαλαστρα	χαλαστρα
138754	Χαλδάϊον		meineke_page_704.jpg	704	11906	ocr	OCR from image meineke_page_704.jpg (id=1876)	847fc25b9df3808884b16bd727b5c000fccdc7cd37526be6d75deb356c4b6b92	125148	Χάλαιον	7	Χ7	0.875000	32058	Σάρδαιον	0.750000	0.125000	χαλδαιον	χαλαιον
138755	Χαλδαία		meineke_page_705.jpg	705	11907	ocr	OCR from image meineke_page_705.jpg (id=1877)	d71ab974601145ce0557b2e35397d4e5462a3edac2a84719ede98e1c83421b6b	128476	Χαλδία	9		0.857143	80228	Ἀλθαία	0.714286	0.142857	χαλδαια	χαλδια
138756	Χαλία		meineke_page_706.jpg	706	11908	ocr	OCR from image meineke_page_706.jpg (id=1878)	03d93225adfb28877703b6daa19990c5f6d5976cdbd056bc3fbbc900daab706c	128477	Χαλία	11	Χ11	1.000000	128476	Χαλδία	0.833333	0.166667	χαλια	χαλια
138757	Χαλαισία		meineke_page_706.jpg	706	11909	ocr	OCR from image meineke_page_706.jpg (id=1878)	42a78aa8e5389b87c6ef02ee0f59a8795ffab363112c3a1b0e0e29a5e8632e50	128478	Χαλισία	12	Χ12	0.875000	135361	Φαλαισίαι	0.777778	0.097222	χαλαισια	χαλισια
138758	Χάλκεια		meineke_page_706.jpg	706	11910	ocr	OCR from image meineke_page_706.jpg (id=1878)	eb3f1ef284aea5eb4468180bf28e5808c9aaa4a383f7bc4806027378977e0039	128479	Χάλκεια	13	Χ13	1.000000	105845	Βάλκεια	0.857143	0.142857	χαλκεια	χαλκεια
138759	Χάλκη	1	meineke_page_707.jpg	707	11911	ocr	OCR from image meineke_page_707.jpg (id=1879)	b73de49ac7c0b576f14cfee4a74c070936e8e293e1d6583d6abdc66f3598c900	128480	Χάλκη	14	Χ14	1.000000	8976	Μαλάκη	0.666667	0.333333	χαλκη	χαλκη
138760	Χαλκηδών	2	meineke_page_707.jpg	707	11912	ocr	OCR from image meineke_page_707.jpg (id=1879)	330592a07133a4a28c4545a682d3f3a3388ce27f9c5234ab351f0875891e984f	128481	Χαλκηδών	15	Χ15	1.000000	135384	Φαρκηδών	0.750000	0.250000	χαλκηδων	χαλκηδων
138761	Χαλκητόριον		meineke_page_708.jpg	708	11913	ocr	OCR from image meineke_page_708.jpg (id=1880)	8889eb53b9d3e62eeec4571e34dc077ba3ba5d46fc0b48c6732a4cd2fe59c090	128482	Χαλκητόριον	16	Χ16	1.000000	8974	Μακτώριον	0.636364	0.363636	χαλκητοριον	χαλκητοριον
138762	Χαλκίς		meineke_page_708.jpg	708	19574	ocr	OCR from image meineke_page_709.jpg (id=1881)	4bd4b884f3f7ea6d3599b3db1f90ac5f9f315e65993888a38385c6bb65551e88	128483	Χαλκίς	17	Χ17	1.000000	128484	Χαλκῖτις	0.750000	0.250000	χαλκισ	χαλκισ
138764	Χαλκίς	1	meineke_page_710.jpg	710	11916	ocr	OCR from image meineke_page_710.jpg (id=1882)	3ebd22112812bb694b37429b12fbcd45c12ae4784146e808f09771bd78b2d293	128483	Χαλκίς	17	Χ17	1.000000	128484	Χαλκῖτις	0.750000	0.250000	χαλκισ	χαλκισ
138765	Χανδανακη		meineke_page_711.jpg	711	11917	ocr	OCR from image meineke_page_711.jpg (id=1883)	049065e4c716f0a74650c85d0fed794de3f48c3d6b2e99d4cfb69c046c9e4440	128487	Χανδανάκη	21		1.000000	128486	Χανδάνη	0.777778	0.222222	χανδανακη	χανδανακη
138766	Χανδάνη		meineke_page_711.jpg	711	11918	ocr	OCR from image meineke_page_711.jpg (id=1883)	87f40b0a8e870f098819c1843676a4ed44f9cc551a0d96b6207ddf54deb64257	128486	Χανδάνη	20		1.000000	128487	Χανδανάκη	0.777778	0.222222	χανδανη	χανδανη
138767	Χανοία		meineke_page_711.jpg	711	11919	ocr	OCR from image meineke_page_711.jpg (id=1883)	1d7e51d511d15b92d1a9895429f5708a07f0a76a2b4563c94a286e89c9672cb3	25151	Πανία	19	Π19	0.666667	32042	Σάνεια	0.666667	0.000000	χανοια	πανια
138768	Χαονιτικόν		meineke_page_712.jpg	712	11920	ocr	OCR from image meineke_page_712.jpg (id=1884)	ce7b95ee388c2be79b7c7265ab1489f0cca79618865399380c655ab380f94a9c	7221	Κυνητικόν	265	Κ265	0.600000	8423	Λαούντιον	0.600000	0.000000	χαονιτικον	κυνητικον
138769	Χαράδρα		meineke_page_712.jpg	712	11921	ocr	OCR from image meineke_page_712.jpg (id=1884)	ad6a1ba30a2749b5b59ea187daf8a4799ac3de704aab098b8e86254cfb292afe	128489	Χαράδρα	23	Χ23	1.000000	128490	Χάραδρος	0.750000	0.250000	χαραδρα	χαραδρα
138770	Χάραδρος		meineke_page_712.jpg	712	11922	ocr	OCR from image meineke_page_712.jpg (id=1884)	af48c7b4aaa8f0b3001c8f6a9270d33dd88cb0807a31c633bd8840ecfaa37fbb	128490	Χάραδρος	24	Χ24	1.000000	44233	Τάρανδρος	0.777778	0.222222	χαραδροσ	χαραδροσ
138771	Χαράκαμβα		meineke_page_712.jpg	712	11923	ocr	OCR from image meineke_page_712.jpg (id=1884)	3b9268ff1740a59195a51575dd56f08e41bb1c6237eb57b281d217bcc361f6be	128491	Χαράκμωβα	25	Χ25	0.777778	9010	Μαρίαβα	0.555556	0.222222	χαρακαμβα	χαρακμωβα
138772	Χαρας		meineke_page_713.jpg	713	11924	ocr	OCR from image meineke_page_713.jpg (id=1885)	f7ebe64e19836f135ab2224f9abaa477932c93c9bf15c98a8f19e6b0ab3336bd	44234	Τάρας	29	Τ29	0.800000	105822	Βάβρας	0.666667	0.133333	χαρασ	ταρασ
138773	Χαρμιάται		meineke_page_713.jpg	713	11925	ocr	OCR from image meineke_page_713.jpg (id=1885)	7764bbc91000e6b55810f99b863a4228327a5de3e2ce2fdf9679ab558b114b56	32064	Σαρμάται	73	Σ73	0.777778	128493	Χαριμάται	0.777778	0.000000	χαρμιαται	σαρμαται
138774	Χαρίστεια		meineke_page_713.jpg	713	11926	ocr	OCR from image meineke_page_713.jpg (id=1885)	473a2b8a1c4bfcf4f26047efae5efd0ede40c30af615af2ee08901221fc8820f	128494	Χαρισία	28		0.777778	51037	Τρίτεια	0.666667	0.111111	χαριστεια	χαρισια
