mineke_lemma_id	mineke_lemma	mineke_entry_number	biller_match_lemma_id	biller_match_lemma	biller_match_billerbeck_id	biller_match_entry_number	biller_match_similarity	headword_match_greek_headword	headword_match_billerbeck_id	headword_match_meineke_id	headword_match_nodegoat_id	headword_match_similarity	headword_target_lemma_id	agree_target
135457	Ἀβάκαινον		61052	Ἀβάκαινον	Α2	2	1.000000	Ἀβάκαινον	Α2	2.11	ngEL1E889Ebu3FLSqFX6oNLzIFXTuMrFTEco3ILS	1.000000	61052	1
135458	Ἀβαντίς	1	61053	Ἀβαντίς	Α3	3	1.000000	Ἀβαντίς	Α3	3.1	ngFM1B980HMv3GMRrFO7qOMaJGYUvNsCUHNp3JMR	1.000000	61053	1
135462	Ἄβδηρα		61056	Ἄβδηρα	Α6	6	1.000000	Ἄβδηρα	Α6	5.14	ngIP2E283KZyvJPIuKB0vRPVMJBXyQvFXKAsvMPI	1.000000	61056	1
135464	Ἀβόλλα	1	61059	Ἄβολλα	Α9	9	1.000000	Ἄβολλα	Α9	7.16	ngLS2H586LybxMSDxLU30USIPNEAbTyIAL5vxPSD	1.000000	61059	1
135471	Ἀβρότονον		61065	Ἀβρότονον	Α15	15	1.000000	Ἀβρότονον	Α15	9.7	ngRY3N182RIh5SYldSA96AYEVTKGhZeOGRJb5VYl	1.000000	61065	1
135477	Ἀγάθη	1	61071	Ἀγάθη	Α21	21	1.000000	Ἀγάθη	Α21	11.1	ngXE3B788Ykn0YEvjXQ59GEwBYwMnFkCMY7h0BEv	1.000000	61071	1
135481	Ἀγαμῆδη		61075	Ἀγαμήδη	Α25	25	1.000000	Ἀγαμήδη	Α25	12.11	ngBI4F182BornCIznBU95KIQFDUQrJoGQB1lnFIz	1.000000	61075	1
135482	Ἀγάμμεια	1	61076	Ἀγάμμεια	Α26	26	1.000000	Ἀγάμμεια	Α26	13.1	ngCJ4G283CTsnDJUoEL0mLJZGEVRsKpHRCUmnGJU	1.000000	61076	1
135484	Ἀγβάτανα	3	61078	Ἀγβάτανα	Α28	28	1.000000	Ἀγβάτανα	Α28	13.14	ngEL4E485GVuoFLcqGX25NLXIFdTuMrFTGWooILc	1.000000	61078	1
135485	Ἀγγελή		61079	Ἀγγελή	Α29	29	1.000000	Ἀγγελή	Α29	14.12	ngFM4F586HMvrGMNrFY3sOMCJHYUvNsGUHNprJMN	1.000000	61079	1
135492	Ἀγκύριον		61084	Ἀγκύριον	Α34	34	1.000000	Ἀγκύριον	Α34	18.3	ngKR5W081LRavLRKwKj81TRXOLDZaSxXZLSuvORK	1.000000	61084	1
135495	Ἄγνους	1	61087	Ἀγνοῦς	Α37	37	1.000000	Ἀγνοῦς	Α37	19.1	ngNU5Z384OEdzOUBzNG13WUiRPGCdVaACOFxzRUB	1.000000	61087	1
135511	Ἀγχίαλη		61103	Ἀγχιάλη	Α53	53	1.000000	Ἀγχιάλη	Α53	23.21	ngDK6t980FKt4EKLpEW7nMKyHFWStLquSFLn4HKL	1.000000	61103	1
135517	Ὰδέρκων	3	61107	Ἀδέρκων	Α57	57	1.000000	Ἀδέρκων	Α57	26.13	ngHO7x384IOx8IOZtH416QOELHAWxPuyWIPr8LOZ	1.000000	61107	1
135518	Ὰδιαβηνή	4	61108	Ἀδιαβηνή	Α58	58	1.000000	Ἀδιαβηνή	Α58	26.15	ngIP7y485JvysJPUuJ52sRPVMIBXyQvzXJ4ssMPU	1.000000	61108	1
135523	Ἀδρανόν		61113	Ἀδρανόν	Α63	63	1.000000	Ἀδρανόν	Α63	28.1	ngNU7Z980PUdaOUlzOW7aWUeROmCdVaACPVxaRUl	1.000000	61113	1
135524	Ἀδραστεία		61114	Ἀδράστεια	Α64	64	1.000000	Ἀδράστεια	Α64	28.4	ngOV8e081OFe0PVGaPX84XVBSQHDeWbfDOGy0SVG	1.000000	61114	1
135525	Ἀδρία		61115	Ἀδρία	Α65	65	1.000000	Ἀδρία	Α65	28.14	ngPW8B182QcfcQWDbRY9cYWYTPoEfXcCEQ1zcTWD	1.000000	61115	1
135526	Ἀδρόττα	1	61116	Ἄδροττα	Α66	66	1.000000	Ἄδροττα	Α66	29.6	ngQX8C283Rdg7RXQcR307ZXVUQJFgYdDFR2a7UXQ	1.000000	61116	1
135532	Ἀζανία	19	61121	Ἀζανία	Α71	71	1.000000	Ἀζανία	Α71	30.15	ngVC8t788XMl8WCVhW852ECIZXOKlDiuKXNf8ZCV	1.000000	61121	1
135533	Ἀζάνοι		61122	Ἀζανοί	Α72	72	1.000000	Ἀζανοί	Α72	31.3	ngWD8u889XDmjXDIiXF63FDJAXPLmEjvLXEgjADI	1.000000	61122	1
135552	Ἀζανια	5	61121	Ἀζανία	Α71	71	1.000000	Ἀζανία	Α71	30.15	ngVC8t788XMl8WCVhW852ECIZXOKlDiuKXNf8ZCV	1.000000	61121	1
135556	Ἀζηνιά		61124	Ἁζηνιά	Α74	74	1.000000	Ἁζηνιά	Α74	32.7	ngYF9w081Yvo4ZFUkYR82HFxCYxNoGlxNYwi4CFU	1.000000	61124	1
135557	Ἀζιλις		61125	Ἄζιλις	Α75	75	1.000000	Ἄζιλις	Α75	32.10	ngZG9x182Zmp6AGplAS9jIGEDBSOpHmyOZ1j6DGp	1.000000	61125	1
135558	Ἀζωρος		61126	Ἄζωρος	Α76	76	1.000000	Ἄζωρος	Α76	32.16	ngAH9y283ARq6BHMmBJ05JHvEATPqInzPASk6EHM	1.000000	61126	1
135571	Αιαμηνή		61137	Αἰαμηνή	Α87	87	1.000000	Αἰαμηνή	Α87	37.5	ngPW0H384Pcf3QWXbPY13YWMTPIEfXcIEP3z3TWX	1.000000	61137	1
135572	Αἰανή		61138	Αἰανή	Α88	88	1.000000	Αἰανή	Α88	37.7	ngQX0I485RHg6RXEcRZ2bZXRURpFgYdJFRIa6UXE	1.000000	61138	1
135573	Αἰανῖτις		61139	Αἰανῖτις	Α89	89	1.000000	Αἰανῖτις	Α89	37.11	ngRY0J586RYh5SYRdRA3cAYmVRKGhZeKGRZb5VYR	1.000000	61139	1
135574	Αἰβοῦδαι		61140	Αἰβοῦδαι	Α90	90	1.000000	Αἰβοῦδαι	Α90	37.15	ngSZ0K687Spi7TZKeUB4fBZBWSrHiAfLHSqc7WZK	1.000000	61140	1
135575	Αἰβοῦρα		61141	Αἴβουρα	Α91	91	1.000000	Αἴβουρα	Α91	37.17	ngTA0n788VAj8UATfUM59CAIXEMH1BgsIUBdgXAX	1.000000	61141	1
135576	Αἴγα	1	61142	Αἰγά	Α92	92	1.000000	Αἰγά	Α92	38.1	ngUB0s889WBk1VBUgV963DBRYFNI3ChtJV8ehYBk	1.000000	61142	1
135582	Αἴγιαλος		61149	Αἰγιαλός	Α100	100	1.000000	Αἰγιαλός	Α100	40.13	ngCJ1U687DTspDJKoC74oLJxGNVQnKpHRC6m7GJC	1.000000	61149	1
135585	Αἰγιλιά		61151	Αἰγιλιά	Α102	102	1.000000	Αἰγιλιά	Α102	41.4	ngEL1E889Ebu3FLSqE963NLvIFdTuMrFTEco3ILS	1.000000	61151	1
135591	Αἰγόσθενᾰ	2	61158	Αἰγόσθενα	Α109	109	1.000000	Αἰγόσθενα	Α109	44.4	ngLS2H586LybxMSDxLU39USIPNEAbTyIAL5vxPSD	1.000000	61158	1
135598	Αιδούσιοι		61166	Αἰδούσιοι	Α117	117	1.000000	Αἰδούσιοι	Α117	46.1	ngTA3L384VKj7UAFfUC15CACXTsIjBgMIVLd7XAF	1.000000	61166	1
135601	Αἴθαλη		61169	Αἰθάλη	Α120	120	1.000000	Αἰθάλη	Α120	46.6	ngWD3A687Xtm9XDIiYP4jFDXAXvLmEjBLXug9ADI	1.000000	61169	1
135603	Αἴθηρ		61171	Αἰθήρ	Α122	122	1.000000	Αἰθήρ	Α122	46.24	ngYF3C889ZPo1ZFCkAR6jHFHCYxNoGlDNZQi1CFC	1.000000	61171	1
135606	Αἰϑόπιον	3	61174	Αἰθόπιον	Α125	125	1.000000	Αἰθόπιον	Α125	47.22	ngBI4F182BornCIznBU94KIQFDUQrJoGQB1lnFIz	1.000000	61174	1
135612	Αἰμονία	1	61179	Αἱμονία	Α130	130	1.000000	Αἱμονία	Α130	49.6	ngGN4G687HdwrHNKsG741PNZKGfVwOtHVHeqrKNK	1.000000	61179	1
135613	Αἶμος		61180	Αἷμος	Α131	131	1.000000	Αἷμος	Α131	50.8	ngHO4H788IuxsIOTtIA57QOILIgWxPuIWI7rsLOT	1.000000	61180	1
135615	Αἰνήθος		61182	Αἴνηθος	Α133	133	1.000000	Αἴνηθος	Α133	51.1	ngJQ4J980KAz1KQFvJC74SQONLCYzRwKYKBt1NQF	1.000000	61182	1
135617	Αἰξωνεία		61185	Αἰξώνεια	Α136	136	1.000000	Αἰξώνεια	Α136	52.12	ngMT5Y283MzcwNTQyN30wVTJQNFBcUzZBM2wwQTQ	1.000000	61185	1
135618	Αἰόλειον	1	61186	Αἰόλειον	Α137	137	1.000000	Αἰόλειον	Α137	53.1	ngNU5Z384OEdzOUBzNG15WUWRNmCdVaACOFxzRUB	1.000000	61186	1
135620	Αἰπεία	3	61188	Αἴπεια	Α139	139	1.000000	Αἴπεια	Α139	53.15	ngPW5B586PWf7QWXbQY3aYWMTQIEfXcCEPXz7TWX	1.000000	61188	1
135623	Αἴλανον	3	61177	Ἀίλανον	Α128	128	1.000000	Ἀίλανον	Α128	48.9	ngEL4E485GVuoFLcqGX26NLTIGXTuMrFTGWooILc	1.000000	61177	1
135624	Αἴλια	4	61178	Αἰλία	Α129	129	1.000000	Αἰλία	Α129	48.13	ngFM4F586HMvrGMNrFY3sOMUJFYUvNsGUHNprJMN	1.000000	61178	1
135628	Αἰνεία		61181	Αἴνεια	Α132	132	1.000000	Αἴνεια	Α132	50.11	ngIP4I889Ivy9JPguKB69RPFMKBXyQvJXI8s9MPg	1.000000	61181	1
135630	Αἴνια		61183	Αἰνία	Α134	134	1.000000	Αἰνία	Α134	51.2	ngKR5W081LRavLRKwKj83TRbOLjZaSxXZLSuvORK	1.000000	61183	1
135640	Αἰσύμη		61192	Αἰσύμη	Α143	143	1.000000	Αἰσύμη	Α143	54.13	ngTA5B980Ugj0UAXfVC7dCAGXVMIjBgCIU9d0XAX	1.000000	61192	1
135641	Αἰσών		61193	Αἰσών	Α144	144	1.000000	Αἰσών	Α144	54.16	ngUB6C081WLk3VBIgUt84DBJYUNJkChDJWMe3YBI	1.000000	61193	1
135644	Αἰτωλία	2	61195	Αἰτωλία	Α146	146	1.000000	Αἰτωλία	Α146	55.10	ngWD6E283XtmhXDEiX30iFDrAYPLmEjFLXughADE	1.000000	61195	1
135645	Ἀκαδήμεια	1	61196	Ἀκαδήμεια	Α147	147	1.000000	Ἀκαδήμεια	Α147	56.1	ngXE6F384Xun8YErjYG1kGEwBYwMnFkGMXvh8BEr	1.000000	61196	1
135646	Ἀκακήσιον	2	61197	Ἀκακήσιον	Α148	148	1.000000	Ἀκακήσιον	Α148	56.5	ngYF6G485ZPoiZFokYH24HFVCZRNoGlHNZQiiCFo	1.000000	61197	1
135648	Ἀκαμαντίον	4	61199	Ἀκαμάντιον	Α150	150	1.000000	Ἀκαμάντιον	Α150	56.10	ngAH6I687AxqkBHImAJ4nJHPEBTPqInJPAykkEHI	1.000000	61199	1
135649	Ἀκανθός	5	61200	Ἄκανθος	Α151	151	1.000000	Ἄκανθος	Α151	56.17	ngBI6v788Byr8CINnCK5lKIYFBUQrJowQBzl8FIN	1.000000	61200	1
135651	Ἄκανναί		61201	Ἀκάνναι	Α152	152	1.000000	Ἀκάνναι	Α152	57.7	ngCJ6w889Cps9DJwoDL68LJxGEVRsKpxRC8m9GJw	1.000000	61201	1
135657	Ἀκεσαί	1	61206	Ἀκεσαί	Α157	157	1.000000	Ἀκεσαί	Α157	59.3	ngHO7x384IOx8IOZtH414QOQLIgWxPuyWIPr8LOZ	1.000000	61206	1
135659	Ἀκέστη	3	61208	Ἀκέστη	Α159	159	1.000000	Ἀκέστη	Α159	59.9	ngJQ7z586Jwz5KQJvKC36SQaNJiYzRwaYJ5t5NQJ	1.000000	61208	1
135667	Ἀκράγαντες	3	80193	Ἀκράγαντες	Α167	167	1.000000	Ἀκράγαντες	Α167	62.10	ngRY8D384TIh8SYZdTK1eAYSVRqGhZeEGTJb8VYZ	1.000000	80193	1
135673	Ἀκρόπολις	6	80199	Ἀκρόπολις	Α173	173	1.000000	Ἀκρόπολις	Α173	63.20	ngXE8v980YEn4YEvjYQ79GEUBXQMnFkwMYFh4BEv	1.000000	80199	1
135674	Ἀκρώρεια		80200	Ἀκρώρεια	Α174	174	1.000000	Ἀκρώρεια	Α174	64.1	ngYF9w081Yvo4ZFUkYR82HFNCYRNoGlxNYwi4CFU	1.000000	80200	1
135676	Ἀκτιον	3	80203	Ἄκτιον	Α177	177	1.000000	Ἄκτιον	Α177	65.3	ngBI9z384BIr7CIvnDU13KIUFBaQrJoaQBJl7FIv	1.000000	80203	1
135677	Ἀκυληία	4	80204	Ἀκυληία	Α178	178	1.000000	Ἀκυληία	Α178	65.13	ngCJ9w485ETs8DJGoDL27LJDGDbRsKpxREUm8GJG	1.000000	80204	1
135683	Ἀλαβάνδα		80210	Ἀλάβανδα	Α184	184	1.000000	Ἀλάβανδα	Α184	66.7	ngMT0E081NDc5NTAyOF85VTBQMFBcUzFBNEw5QTA	1.000000	80210	1
135684	Ἀλαβαστρά		80211	Ἀλάβαστρα	Α185	185	1.000000	Ἀλάβαστρα	Α185	66.21	ngNU0F182OUd1OUdzNW93WUmROmCdVaGCOVx1RUd	1.000000	80211	1
135686	Ἀλαβούριον		80212	Ἀλαβούριον	Α186	186	1.000000	Ἀλαβούριον	Α186	67.3	ngOV0G283Ple4PVKaPX0aXVnSOnDeWbHDPmy4SVK	1.000000	80212	1
135688	Ἀλαζών		80214	Ἀλαζών	Α188	188	1.000000	Ἀλαζών	Α188	67.8	ngQX0I485RHg6RXEcRZ2bZXJURpFgYdJFRIa6UXE	1.000000	80214	1
135690	Ἁλαί	1	80216	Ἀλαί	Α190	190	1.000000	Ἁλαί	Α190	68.5	ngSZ0K687Spi7TZKeUB4fBZnWSLHiAfLHSqc7WZK	1.000000	80216	1
135695	Ἄλβα		80221	Ἄλβα	Α195	195	1.000000	Ἄλβα	Α195	69.7	ngXE1B182ZEniYETjZG9kGEKBIQL1FkwMXFhjBEv	1.000000	80221	1
135697	Ἀλβίων		80223	Ἀλβίων	Α197	197	1.000000	Ἀλβίων	Α197	69.16	ngZG1V384BQplAGplZy1jIGODKSNlHmuOZxj6DGV	1.000000	80223	1
135698	Ἀλγίδος		80224	Ἄλγιδος	Α198	198	1.000000	Ἄλγιδος	Α198	69.18	ngAH1A485BRq5BHImBJ2kJHvELTOnInFPBIk5EHI	1.000000	80224	1
135708	Ἀλιζῶνες	1	80231	Ἁλιζῶνες	Α205	205	1.000000	Ἁλιζῶνες	Α205	74.1	ngHO2D182IuxuIOZtI294QOgLHgWxPuEWI1ruLOZ	1.000000	80231	1
135711	Ἀλικύρνα	4	80234	Ἁλίκυρνα	Α208	208	1.000000	Ἁλίκυρνα	Α208	74.17	ngKR2G485LhaxLRewK526TRHOKDZaSxHZLiuxORe	1.000000	80234	1
135715	Ἀλιμαλα		80238	Ἀλίμαλα	Α212	212	1.000000	Ἀλίμαλα	Α212	75.5	ngOV2K889OVe2PVGaQX62XVXSOnDeWbLDOWy2SVG	1.000000	80238	1
135719	Ἀλκομεναί		80242	Ἀλκομεναί	Α216	216	1.000000	Ἀλκομεναί	Α216	75.14	ngSZ3K283Tfi5TZKeS30fBZLWTrHiAfLHT2c5WZK	1.000000	80242	1
135726	Ἀλμωπία		80248	Ἀλμωπία	Α223	223	1.000000	Ἀλμωπία	Α223	76.16	ngZG3D980AGp2AGLlBI73IGuDZSOpHmEOAHj2DGL	1.000000	80248	1
135737	Ἀλύβας		82892	Ἀλύβας	Α232	232	1.000000	Ἀλύβας	Α232	79.3	ngIP4I889Ivy9JPguKR68RPVMIBXyQvJXI8s9MPg	1.000000	82892	1
135738	Ἀλύβη		82893	Ἀλύβη	Α233	233	1.000000	Ἀλύβη	Α233	79.6	ngJQ4J980KAz1KQFvJC73SQONLCYzRwKYKBt1NQF	1.000000	82893	1
135740	Ἀλύκος		82895	Ἄλυκος	Α235	235	1.000000	Ἄλυκος	Α235	79.16	ngLS5X182MibwMSTxME94UScPMkAbTyYAMjvwPST	1.000000	82895	1
135744	Ἀλῶνη		82898	Ἁλώνη	Α238	238	1.000000	Ἁλώνη	Α238	80.3	ngOV5A485OVeyPVKaPn28XVBSQHDeWbBDOWyySVK	1.000000	82898	1
135745	Ἀλωνίς		82899	Ἀλωνίς	Α239	239	1.000000	Ἀλωνίς	Α239	80.7	ngPW5B586PWf7QWXbQo3zYWYTQoEfXcCEPXz7TWX	1.000000	82899	1
135748	Ἀμαδόκοι		82904	Ἀμάδοκοι	Α244	244	1.000000	Ἀμάδοκοι	Α244	80.20	ngUB6C081WLk3VBIgUD85DBJYUNJkChDJWMe3YBI	1.000000	82904	1
135757	Ἀμαξιτός	5	82917	Ἀμαξιτός	Α257	257	1.000000	Ἀμαξιτός	Α257	83.10	ngHO7x384IOx8IOZtH418QOWLIAWxPuyWIPr8LOZ	1.000000	82917	1
135759	Ἀμαρδοί	7	82919	Ἀμαρδοί	Α259	259	1.000000	Ἀμαρδοί	Α259	83.15	ngJQ7z586Jwz5KQJvKC37SQWNKCYzRwaYJ5t5NQJ	1.000000	82919	1
135760	Ἀμαρυνθος	8	82920	Ἀμάρυνθος	Α260	260	1.000000	Ἀμάρυνθος	Α260	83.17	ngKR7a687LBa6LRSwLj41TRbOKjZaSxbZLCu6ORS	1.000000	82920	1
135762	Ἀμαστρίς	1	82922	Ἄμαστρις	Α262	262	1.000000	Ἄμαστρις	Α262	84.3	ngMT7c889Mjc8NTMyNl69VTBQMFBcUzdBMkw8QTM	1.000000	82922	1
135767	Ἀμήστρατος		82928	Ἀμήστρατος	Α268	268	1.000000	Ἀμήστρατος	Α268	85.14	ngSZ8q485UZi4TZieSB27BZHWULHiAfrHUAc4WZi	1.000000	82928	1
135772	Ἀμμωνία	1	82933	Ἀμμωνία	Α273	273	1.000000	Ἀμμωνία	Α273	86.1	ngXE8v980YEn4YEvjYQ7kGEUBXQMnFkwMYFh4BEv	1.000000	82933	1
135773	Ἄμνισός	2	82934	Ἀμνισός	Α274	274	1.000000	Ἀμνισός	Α274	86.5	ngYF9w081Yvo4ZFUkYH80HFNCZRNoGlxNYwi4CFU	1.000000	82934	1
135775	Ἄμοργος	4	82935	Ἀμοργός	Α276	275	1.000000	Ἀμοργός	Α276	86.9	ngAH9y283ARq6BHMmBz03JHPECTPqInzPASk6EHM	1.000000	82935	1
135782	Ἀμύκλαι	6	82943	Ἀμύκλαι	Α283	283	1.000000	Ἀμύκλαι	Α283	87.16	ngHO9b980IOxuIOTtJA70QOWLIAWxPucWIPruLOT	1.000000	82943	1
135785	Ἀμφάξιον	2	82949	Ἀμφάξιον	Α289	289	1.000000	Ἀμφάξιον	Α289	89.8	ngRY0J586RYh5SYRdRA37AYOVRKGhZeKGRZb5VYR	1.000000	82949	1
135786	Ἀμφεία	3	82950	Ἄμφεια	Α290	290	1.000000	Ἄμφεια	Α290	89.10	ngSZ0K687Spi7TZKeUL47BZLWSrHiAfLHSqc7WZK	1.000000	82950	1
135787	Ἀμφιγένεια	4	82951	Ἀμφιγένεια	Α291	291	1.000000	Ἀμφιγένεια	Α291	89.12	ngTA0n788VAj8UATfTs50CAGXEMH1BgsIUBdgXAP	1.000000	82951	1
135788	Ἀμφιδόλοι	5	82952	Ἀμφίδολοι	Α292	292	1.000000	Ἀμφίδολοι	Α292	89.19	ngUB0s889WBk1VBYgV961DBHYFNI3ChtJV8e8YBk	1.000000	82952	1
135789	Ἀμφικαια	1	82953	Ἀμφίκαια	Α293	293	1.000000	Ἀμφίκαια	Α293	90.3	ngVC0H980XCliWCRhW079ECqZGOJ1DiuKV9fhZCl	1.000000	82953	1
135790	Ἀμφίλοχοι	2	82954	Ἀμφίλοχοι	Α294	294	1.000000	Ἀμφίλοχοι	Α294	90.5	ngWD1m081YDm1XDAiWv80FDLAHPK3EjvLXEg0ADS	1.000000	82954	1
135792	Ἀμφίπολις	4	82956	Ἀμφίπολις	Α296	296	1.000000	Ἀμφίπολις	Α296	90.12	ngYF1G283AFo7ZFwkYH02HFDCJRM3GlxNAGi7CFQ	1.000000	82956	1
135793	Ἀμφίσσα	5	82957	Ἄμφισσα	Α297	297	1.000000	Ἄμφισσα	Α297	90.19	ngZG1V384BQplAGLlZ413IGODKSNlHmuOZxj5DGZ	1.000000	82957	1
135797	Ἀναγυρούς	5	85668	Ἀναγυροῦς	Α300	300	1.000000	Ἀναγυροῦς	Α300	91.13	ngCJ1U687DTspDJGoEV40LJxGNVQnKpHRC6m6GJw	1.000000	85668	1
135799	Ἀναία		85670	Ἀναία	Α302	302	1.000000	Ἀναία	Α302	92.3	ngEL1E889Ebu3FLSqE96rNLdIEdTuMrFTEco3ILS	1.000000	85670	1
135800	Ἀνακαία		85671	Ἀνακαία	Α303	303	1.000000	Ἀνακαία	Α303	92.9	ngFM1B980HMv3GMRrFO79OMCJHYUvNsCUHNp3JMR	1.000000	85671	1
135801	Ἀνάκη		85672	Ἀνάκη	Α304	304	1.000000	Ἀνάκη	Α304	92.13	ngGN2G081GXw4HNasGf85PNHKHfVwOtHVGYq4KNa	1.000000	85672	1
135802	Ἀνακτόριον		85673	Ἀνακτόριον	Α305	305	1.000000	Ἀνακτόριον	Α305	92.15	ngHO2D182IuxuIOZtI293QOILIgWxPuEWI1ruLOZ	1.000000	85673	1
135803	Ἀναριακή		85674	Ἀναριάκη	Α306	306	1.000000	Ἀναριάκη	Α306	93.5	ngIP2E283KZyvJPIuKR0tRPRMIhXyQvFXKAsvMPI	1.000000	85674	1
135805	Ἄναφη		85676	Ἀνάφη	Α308	308	1.000000	Ἀνάφη	Α308	93.10	ngKR2G485LhaxLRewLD2uTRHOLDZaSxHZLiuxORe	1.000000	85676	1
135806	Ἀνάφλυστος		85677	Ἀνάφλυστος	Α309	309	1.000000	Ἀνάφλυστος	Α309	93.15	ngLS2H586LybxMSDxLU3xUSEPLkAbTyIAL5vxPSD	1.000000	85677	1
135812	Ἀνεμώρεια	1	85682	Ἀνεμώρεια	Α314	314	1.000000	Ἀνεμώρεια	Α314	95.1	ngQX3I081SXg3RXQcQ184ZXVUQJFgYdJFSYa3UXQ	1.000000	85682	1
135815	Ἀνθεια	1	85685	Ἄνθεια	Α317	317	1.000000	Ἄνθεια	Α317	96.1	ngTA3L384VKj7UAFfUC16CAQXUMIjBgMIVLd7XAF	1.000000	85685	1
135817	Ἀνθηδών	3	85687	Ἀνθηδών	Α319	319	1.000000	Ἀνθηδών	Α319	96.11	ngVC3Z586XCl9WCNhVO30ECKZVOKlDiAKXDf9ZCN	1.000000	85687	1
135818	Ἀνθηλη	4	85688	Ἀνθήλη	Α320	320	1.000000	Ἀνθήλη	Α320	96.21	ngWD3A687Xtm9XDIiYP41FDTAWPLmEjBLXug9ADI	1.000000	85688	1
135821	Ἀνθύλλα		85690	Ἄνθυλλα	Α322	322	1.000000	Ἄνθυλλα	Α322	97.5	ngYF3C889ZPo1ZFCkAR68HFLCZRNoGlDNZQi1CFC	1.000000	85690	1
135824	Ἀνταιούπολις		85693	Ἀνταιούπολις	Α325	325	1.000000	Ἀνταιούπολις	Α325	97.13	ngBI4F182BornCIznBK92KICFBaQrJoGQB1lnFIz	1.000000	85693	1
135825	Ἀντανδρος		85694	Ἄντανδρος	Α326	326	1.000000	Ἄντανδρος	Α326	97.16	ngCJ4G283CTsnDJUoEV05LJZGCVRsKpHRCUmnGJU	1.000000	85694	1
135827	Ἀντεία	1	85696	Ἄντεια	Α328	328	1.000000	Ἄντεια	Α328	98.1	ngEL4E485GVuoFLcqGX2qNLzIEXTuMrFTGWooILc	1.000000	85696	1
135831	Ἀντικύραι	1	85699	Ἀντικύραι	Α332	331	1.000000	Ἀντικύραι	Α332	99.1	ngIP4I889Ivy9JPguKR6vRPVMKBXyQvJXI8s9MPg	1.000000	85699	1
135832	Ἀντινόεια	2	85701	Ἀντινόεια	Α333	333	1.000000	Ἀντινόεια	Α333	99.7	ngJQ4J980KAz1KQFvJC73SQiNJiYzRwKYKBt1NQF	1.000000	85701	1
135834	Ἀντιόχεια		85702	Ἀντιόχεια	Α334	334	1.000000	Ἀντιόχεια	Α334	99.9	ngKR5W081LRavLRKwK18xTRPOLDZaSxXZLSuvORK	1.000000	85702	1
135835	Ἀντιπατρίς		85703	Ἀντιπατρίς	Α335	335	1.000000	Ἀντιπατρίς	Α335	100.15	ngLS5X182MibwMSTxME95USYPNEAbTyYAMjvwPST	1.000000	85703	1
135839	Ἄντιφρα		85707	Ἀντίφρα	Α339	339	1.000000	Ἀντίφρα	Α339	101.8	ngPW5B586PWf7QWXbQY30YWCTQIEfXcCEPXz7TWX	1.000000	85707	1
135841	Ἄντρων		85709	Ἀντρών	Α341	341	1.000000	Ἀντρών	Α341	101.14	ngRY5Z788TYh9SYRdSA59AYEVRKGhZeAGTZb9VYR	1.000000	85709	1
135844	Ἄξια	1	85712	Ἀξία	Α344	344	1.000000	Ἀξία	Α344	102.1	ngUB6C081WLk3VBIgUt8eDBDYVtJkChDJWMe3YBI	1.000000	85712	1
135850	Ἀπαίσος	7	85718	Ἀπαισός	Α350	350	1.000000	Ἀπαισός	Α350	102.16	ngAH6I687AxqkBHImAJ46JHvECTPqInJPAykkEHI	1.000000	85718	1
135851	Ἀπάμεια		85719	Ἀπάμεια	Α351	351	1.000000	Ἀπάμεια	Α351	103.3	ngBI6v788Byr8CINnCU5oKIQFDUQrJowQBzl8FIN	1.000000	85719	1
135853	Ἀπεραντεία		85723	Ἀπεράντεια	Α355	355	1.000000	Ἀπεράντεια	Α355	104.11	ngFM7v182Gsv6GMFrGY92OMCJGYUvNswUG1p6JMF	1.000000	85723	1
135854	Ἀπέσας		85724	Ἀπέσας	Α356	356	1.000000	Ἀπέσας	Α356	104.13	ngGN7w283INwqHNasHf05PNZKGfVwOtxVIOqqKNa	1.000000	85724	1
135855	Ἀπία		96927	Ἀπία	Α357	357	1.000000	Ἀπία	Α357	104.20	ngHO7x384IOx8IOZtH416QOMLHAWxPuyWIPr8LOZ	1.000000	96927	1
135857	Ἀπιόλα	2	96928	Ἀπίολα	Α358	358	1.000000	Ἀπίολα	Α358	105.12	ngIP7y485JvysJPUuJh24RPJMIhXyQvzXJ4ssMPU	1.000000	96928	1
135858	Ἀποδωτοί	3	96929	Ἀποδωτοί	Α359	359	1.000000	Ἀποδωτοί	Α359	105.14	ngJQ7z586Jwz5KQJvKC38SQaNJiYzRwaYJ5t5NQJ	1.000000	96929	1
135860	Ἀπολλωνία	5	96931	Ἀπολλωνία	Α361	361	1.000000	Ἀπολλωνία	Α361	105.20	ngLS7b788LSb7MSDxMU5xUSYPNEAbTycALTv7PSD	1.000000	96931	1
135867	Ἀραβία	4	96937	Ἀραβία	Α367	367	1.000000	Ἀραβία	Α367	107.17	ngRY8D384TIh8SYZdTA1bAYOVTKGhZeEGTJb8VYZ	1.000000	96937	1
135869	Ἀραιθυρέα		96943	Ἀραιθυρέα	Α373	373	1.000000	Ἀραιθυρέα	Α373	108.15	ngXE8v980YEn4YEvjYQ7iGEsBZQMnFkwMYFh4BEv	1.000000	96943	1
135871	Ἀρακύνθος		96945	Ἀράκυνθος	Α375	375	1.000000	Ἀράκυνθος	Α375	109.8	ngZG9x182Zmp6AGplAS9jIGODASOpHmyOZ1j6DGp	1.000000	96945	1
135872	Ἀράντια		96946	Ἀραντία	Α376	376	1.000000	Ἀραντία	Α376	109.11	ngAH9y283ARq6BHMmBz04JHPEATPqInzPASk6EHM	1.000000	96946	1
135873	Ἀραξα		96947	Ἄραξα	Α377	377	1.000000	Ἄραξα	Α377	109.13	ngBI9z384BIr7CIvnC416KIUFCaQrJoaQBJl7FIv	1.000000	96947	1
135875	Ἀραξῆς		96949	Ἀράξης	Α379	379	1.000000	Ἀράξης	Α379	109.18	ngDK9x586FKt9EKPpE635MKSHEWStLqySFLn9HKP	1.000000	96949	1
135876	Ἀράφεια		96950	Ἀράφεια	Α380	380	1.000000	Ἀράφεια	Α380	109.21	ngEL9y687FburFLSqEd4oNLBIFXTuMrzTFcorILS	1.000000	96950	1
135877	Ἀραφῆν		96951	Ἀραφήν	Α381	381	1.000000	Ἀραφήν	Α381	110.1	ngFM9z788GsvsGMBrF857OMOJFeUvNsaUG7psJMB	1.000000	96951	1
135879	Ἀραχωσία		96953	Ἀραχωσία	Α383	383	1.000000	Ἀραχωσία	Α383	110.10	ngHO9b980IOxuIOTtJA79QOWLIAWxPucWIPruLOT	1.000000	96953	1
135880	Ἀραχωτοί		96954	Ἀραχωτοί	Α384	384	1.000000	Ἀραχωτοί	Α384	110.13	ngMT0E081NDc5NTAyOV8xVTBQMFBcUzFBNEw5QTA	1.000000	96954	1
135889	Ἀργαῖς		96963	Ἀργαΐς	Α393	393	1.000000	Ἀργαΐς	Α393	111.15	ngVC0H980XCliWCRhXE71ECqZGOJ1DiuKV9fhZCt	1.000000	96963	1
135890	Ἀργανθων		96964	Ἀργανθών	Α394	394	1.000000	Ἀργανθών	Α394	111.17	ngWD1m081YDm1XDAiW180FDLAHPK3EjvLXEg0ADW	1.000000	96964	1
135893	Ἀργεννοῦσα	2	96966	Ἀργέννουσα	Α396	396	1.000000	Ἀργέννουσα	Α396	112.3	ngYF1G283AFo7ZFwkY30iHFNCJRM3GlxNAGi7CFY	1.000000	96966	1
135895	Ἀργίλα	4	96968	Ἄργιλα	Α398	398	1.000000	Ἄργιλα	Α398	112.11	ngAH1A485BRq5BHImA52mJHFELTOnInFPBIk5EHA	1.000000	96968	1
135896	Ἀργίλος	5	96969	Ἄργιλος	Α399	399	1.000000	Ἄργιλος	Α399	112.13	ngBI1X586DSrnCIFnBU3lKKmFBaP9JoYQCTllFIP	1.000000	96969	1
135897	Ἀργος	6	96970	Ἄργος	Α400	400	1.000000	Ἄργος	Α400	112.18	ngCJ1U687DTspDJKoCL4nLJPGNVQnKpHRC6m7GJU	1.000000	96970	1
135898	Ἄργος		96970	Ἄργος	Α400	400	1.000000	Ἄργος	Α400	112.18	ngCJ1U687DTspDJKoCL4nLJPGNVQnKpHRC6m7GJU	1.000000	96970	1
135900	Ἀργύννιον	1	96972	<Ἀργύννιον	Α402	402	1.000000	Ἀργύννιον	Α402	114.8	ngEL1E889Ebu3FLSqE96pNLvIEdTuMrFTEco3ILS	1.000000	96972	1
135901	Ἀργυρά		96973	Ἀργυρᾶ	Α403	403	1.000000	Ἀργυρᾶ	Α403	115.1	ngFM1B980HMv3GMRrFO70OMaJGYUvNsCUHNp3JMR	1.000000	96973	1
135903	Ἀργύριππα		96975	Ἀργύριππα	Α405	405	1.000000	Ἀργύριππα	Α405	115.7	ngHO2D182IuxuIOZtI292QOELJAWxPuEWI1ruLOZ	1.000000	96975	1
135904	Ἀργύρος		96976	Ἄργυρος	Α406	406	1.000000	Ἄργυρος	Α406	115.12	ngIP2E283KZyvJPIuKR0sRPFMIBXyQvFXKAsvMPI	1.000000	96976	1
135909	Ἄρειος πάγος		99801	Ἄρειος πάγος	Α412	412	1.000000	Ἄρειος πάγος	Α412	117.1	ngOV2K889OVe2PVGaQX60XVXSOnDeWbLDOWy2SVG	1.000000	99801	1
135916	Ἀρκάδες	2	99816	Ἀρκάδες	Α427	427	1.000000	Ἀρκάδες	Α427	119.14	ngDK4H384DKtpEKtpDM1pMKWHEcStLqISDLnpHKt	1.000000	99816	1
135923	Ἀρκτῶν νῆσος	2	99823	Ἄρκτων νῆσος	Α434	434	1.000000	Ἄρκτων νῆσος	Α434	122.3	ngKR5W081LRavLRKwK180TRPOLDZaSxXZLSuvORK	1.000000	99823	1
135925	Ἀρμένη	4	99825	Ἀρμένη	Α436	436	1.000000	Ἀρμένη	Α436	122.17	ngMT5Y283MzcwNTQyN30yVTBQNFBcUzZBM2wwQTQ	1.000000	99825	1
135926	Ἀρμενία		99826	Ἀρμενία	Α437	437	1.000000	Ἀρμενία	Α437	123.3	ngNU5Z384OEdyOUlzPW17WUORNmCdVaACOFxyRUl	1.000000	99826	1
135932	Ἀρπάγια		99832	Ἁρπάγια	Α443	443	1.000000	Ἁρπάγια	Α443	124.9	ngTA5B980Ugj0UAXfVC7gCAsXTsIjBgCIU9d0XAX	1.000000	99832	1
135933	Ἀρπαλυκεία		99833	Ἁρπαλύκεια	Α444	444	1.000000	Ἁρπαλύκεια	Α444	124.11	ngUB6C081WLk3VBIgUD85DBDYVtJkChDJWMe3YBI	1.000000	99833	1
135946	Ἀρταία	1	99845	Ἀρταία	Α456	456	1.000000	Ἀρταία	Α456	127.4	ngGN7w283INwqHNasHf04PNDKGZVwOtxVIOqqKNa	1.000000	99845	1
135947	Ἀρτακή	2	99846	Ἀρτάκη	Α457	457	1.000000	Ἀρτάκη	Α457	127.13	ngHO7x384IOx8IOZtH417QOILHgWxPuyWIPr8LOZ	1.000000	99846	1
135949	Ἀρταξάτα	1	99848	Ἀρτάξατα	Α459	459	1.000000	Ἀρτάξατα	Α459	128.1	ngJQ7z586Jwz5KQJvKC39SQWNKCYzRwaYJ5t5NQJ	1.000000	99848	1
135962	Ἀσδύνις	4	99861	Ἄσδυνις	Α472	472	1.000000	Ἄσδυνις	Α472	130.14	ngWD8u889XDmjXDIiXF68FDXAXvLmEjvLXEgjADI	1.000000	99861	1
135964	Ἀσία	6	99863	Ἀσία	Α474	474	1.000000	Ἀσία	Α474	130.20	ngYF9w081Yvo4ZFUkYH8jHFHCZxNoGlxNYwi4CFU	1.000000	99863	1
135966	Ἀσίνη		99864	Ἀσίνη	Α475	475	1.000000	Ἀσίνη	Α475	131.11	ngZG9x182Zmp6AGplZ292IGuDASOpHmyOZ1j6DGp	1.000000	99864	1
135968	Ἀσκάλων		99865	Ἀσκάλων	Α476	476	1.000000	Ἀσκάλων	Α476	131.15	ngAH9y283ARq6BHMmBz0lJHvEATPqInzPASk6EHM	1.000000	99865	1
135969	Ἀσκιται	1	102753	Ἀσκῖται	Α478	478	1.000000	Ἀσκῖται	Α478	133.4	ngCJ9w485ETs8DJGoDb2oLJRGDVRsKpxREUm8GJG	1.000000	102753	1
135973	Ἄσπαλαθεια	2	102757	Ἀσπαλάθεια	Α482	482	1.000000	Ἀσπαλάθεια	Α482	134.5	ngGN9a889HXwsHNYsHP62PNxKHfVwOtbVHYqsKNY	1.000000	102757	1
135976	Ἄσπις	5	105722	Ἀσπίς	Α485	485	1.000000	Ἀσπίς	Α485	134.15	ngNU0F182OUd1OUdzNm9zWUmRNmCdVaGCOVx1RUd	1.000000	105722	1
135980	Ἄσσος		102766	Ἀσσός	Α492	492	1.000000	Ἀσσός	Α492	136.7	ngUB0s889WBk1VBYgVN68DBpYFNI3ChtJV8e8YBY	1.000000	102766	1
135982	Ἀσσυρία		102767	Ἀσσυρία	Α493	493	1.000000	Ἀσσυρία	Α493	137.3	ngVC0H980XCliWCRhWE79ECqZGOJ1DiuKV9fhZCD	1.000000	102767	1
135983	Ἀσσώριον		102769	Ἀσσώριον	Α494	495	1.000000	Ἀσσώριον	Α494	137.7	ngWD1m081YDm1XDWiYF8iFDrAHPK3EjvLXEgjADu	1.000000	102769	1
135985	Ἀσταί		102770	Ἀσταί	Α496	496	1.000000	Ἀσταί	Α496	137.12	ngYF1G283AFo7ZFwkZR03HFLCJRM3GlxNAGi7CFC	1.000000	102770	1
135986	Ἄστακος		102771	Ἀστακός	Α497	497	1.000000	Ἀστακός	Α497	137.14	ngZG1V384BQplAGLlAI13IGODKSNlHmuOZxj5DGH	1.000000	102771	1
135989	Ἀστελεβή	3	102774	Ἀστελέβη	Α500	500	1.000000	Ἀστελέβη	Α500	138.8	ngCJ1U687DTspDJGoD74pLJPGNVQnKpHRC6m6GJs	1.000000	102774	1
135995	ἄστυ		102775	Ἄστυ	Α505	505	1.000000	Ἄστυ	Α505	139.12	ngHO2D182IuxuIOZtI292QOWLHAWxPuEWI1ruLOZ	1.000000	102775	1
135996	Ἀστυπάλαια	1	102776	Ἀστυπάλαια	Α506	506	1.000000	Ἀστυπάλαια	Α506	140.8	ngIP2E283KZyvJPIuKB06RPRMJhXyQvFXKAsvMPI	1.000000	102776	1
135997	Ἀσχείον	1	102779	Ἄσχειον	Α509	509	1.000000	Ἄσχειον	Α509	141.3	ngLS2H586LybxMSDxLU3yUSkPMkAbTyIAL5vxPSD	1.000000	102779	1
135998	Ἄταβυρον	2	102780	Ἀτάβυρον	Α510	510	1.000000	Ἀτάβυρον	Α510	141.5	ngMT2I687NDczNTYyM740VTRQOFBcUzJBNEwzQTY	1.000000	102780	1
136000	Ἀταλάντη	4	102782	Ἀταλάντη	Α512	512	1.000000	Ἀταλάντη	Α512	141.12	ngOV2K889OVe2PVGaQX60XVHSPnDeWbLDOWy2SVG	1.000000	102782	1
136013	Ἀτρηνή	4	102794	Ἀτρήνη	Α524	524	1.000000	Ἀτρήνη	Α524	143.12	ngAH4E081Axq3BHWmCT8nJHPEBTPqInFPAyk3EHW	1.000000	102794	1
136016	Ἀτταλεία		102797	Ἀττάλεια	Α527	527	1.000000	Ἀττάλεια	Α527	144.4	ngDK4H384DKtpEKtpDW17MKuHEcStLqISDLnpHKt	1.000000	102797	1
136018	Ἀτταλυδά		102799	Ἀττάλυδα	Α529	529	1.000000	Ἀττάλυδα	Α529	144.11	ngFM4F586HMvrGMNrFY30OMCJGYUvNsGUHNprJMN	1.000000	102799	1
136022	Αὐασις		102803	Αὔασις	Α533	533	1.000000	Αὔασις	Α533	145.1	ngJQ4J980KAz1KQFvJC71SQONKCYzRwKYKBt1NQF	1.000000	102803	1
136026	Αὐγουσταί		102807	Αὔγουσται	Α537	537	1.000000	Αὔγουσται	Α537	145.14	ngNU5Z384OEdyOUlzPW18WUmROmCdVaACOFxyRUl	1.000000	102807	1
136027	Αὐενίων		102808	Αὐενιών	Α538	538	1.000000	Αὐενιών	Α538	145.16	ngOV5A485OVeyPVKaP52zXVfSPnDeWbBDOWyySVK	1.000000	102808	1
136028	Αὐλαί		102809	Αὐλαί	Α539	539	1.000000	Αὐλαί	Α539	145.19	ngPW5B586PWf7QWXbQY38YWITQoEfXcCEPXz7TWX	1.000000	102809	1
136030	Αὐλίς	1	102811	Αὐλίς	Α541	541	1.000000	Αὐλίς	Α541	147.1	ngRY5Z788TYh9SYRdSA5dAYGVSKGhZeAGTZb9VYR	1.000000	102811	1
136031	Αὐλών	2	102812	Αὐλών	Α542	542	1.000000	Αὐλών	Α542	147.6	ngSZ5E889SJi1TZOeSr6eBZXWULHiAfFHSKc1WZO	1.000000	102812	1
136032	Αὐσέις	3	102813	Αὐσεῖς	Α543	543	1.000000	Αὐσεῖς	Α543	147.11	ngTA5B980Ugj0UAXfVC73CAQXTMIjBgCIU9d0XAX	1.000000	102813	1
136040	Ἀφάναι		102820	Ἀφάναι	Α551	550	1.000000	Ἀφάναι	Α551	149.1	ngBI6v788Byr8CINnCU5oKIOFCUQrJowQBzl8FIN	1.000000	102820	1
136041	Ἀφειδάντες		102822	Ἀφείδαντες	Α552	552	1.000000	Ἀφείδαντες	Α552	149.4	ngCJ6w889Cps9DJwoDL62LJLGDbRsKpxRC8m9GJw	1.000000	102822	1
136042	Ἄφεται		102823	Ἀφεταί	Α553	553	1.000000	Ἀφεταί	Α553	149.6	ngDK6t980FKt4EKLpEW70MKyHFWStLquSFLn4HKL	1.000000	102823	1
136047	Ἀφροδισίας		105795	Ἀφροδισιάς	Α558	558	1.000000	Ἀφροδισιάς	Α558	150.11	ngIP7y485JvysJPUuJh25RPXMJBXyQvzXJ4ssMPU	1.000000	105795	1
136050	Ἀχαιΐα		105799	Ἀχαιία	Α562	562	1.000000	Ἀχαιία	Α562	151.6	ngMT7c889Mjc8NTMyNl6zVTRQNFBcUzdBMkw8QTM	1.000000	105799	1
136056	Ἀχελῷος		105804	Ἀχελῷος	Α567	567	1.000000	Ἀχελῷος	Α567	151.19	ngRY8D384TIh8SYZdTK18AYOVSKGhZeEGTJb8VYZ	1.000000	105804	1
136064	Βαβύλη		105820	Βαβύλη	Β2	2	1.000000	Βαβύλη	Β2	154.8	ngHO9b980IOxuIOTtJA72QOALIgWxPucWIPruLOT	1.000000	105820	1
136067	Βαβυλών		105823	Βαβυλών	Β5	5	1.000000	Βαβυλών	Β5	154.14	ngOV0G283Ple4PVKaPH04XVBSQHDeWbHDPmy4SVK	1.000000	105823	1
136071	Βαγιστανά		105826	Βαγίστανα	Β8	8	1.000000	Βαγίστανα	Β8	155.8	ngRY0J586RYh5SYRdRA30AYOVRKGhZeKGRZb5VYR	1.000000	105826	1
136075	Βαιάκη		105830	Βαιάκη	Β12	12	1.000000	Βαιάκη	Β12	155.16	ngVC0H980XCliWCRhWE7gECSZGOJ1DiuKV9fhZCD	1.000000	105830	1
136081	Βάϊτιον		105834	Βαίτιον	Β17	16	1.000000	Βαίτιον	Β17	156.7	ngAH1A485BRq5BHImAT27JHNELTOnInFPBIk5EHO	1.000000	105834	1
136082	Βαίτις		105835	Βαῖτις	Β18	17	1.000000	Βαῖτις	Β18	156.9	ngBI1X586DSrnCITnB637KKmFBaP9JoYQBJloFIN	1.000000	105835	1
136084	Βάκτρα		105838	Βάκτρα	Β20	20	1.000000	Βάκτρα	Β20	156.13	ngDK1D788DKt1EKVpEc5qMKAHDWStLqESDLn1HKV	1.000000	105838	1
136087	Βάλα		105841	Βάλα	Β23	23	1.000000	Βάλα	Β23	156.20	ngGN2G081GXw4HNasG18sPNLKHZVwOtHVGYq4KNa	1.000000	105841	1
136090	Βαλδός		105844	Βάλδος	Β26	26	1.000000	Βάλδος	Β26	157.3	ngJQ2F384KQzvKQJvJS14SQWNJCYzRwGYKRtvNQJ	1.000000	105844	1
136091	Βάλις		105846	Βᾶλις	Β27	28	1.000000	Βᾶλις	Β27	157.7	ngKR2G485LhaxLRewLD2wTRPOLDZaSxHZLiuxORe	1.000000	105846	1
136093	Βάλλα		105847	Βάλλα	Β29	29	1.000000	Βάλλα	Β29	157.11	ngMT2I687NDczNTYyNF4wVTFQMlBcUzJBNEwzQTY	1.000000	105847	1
136096	Βαντία		105850	Βαντία	Β32	32	1.000000	Βαντία	Β32	157.17	ngPW2L980Pmf4QWDbQo7cYWkTQIEfXcMEPnz4TWD	1.000000	105850	1
136097	Βάντιοι		105851	Βάντιοι	Β33	33	1.000000	Βάντιοι	Β33	158.1	ngQX3I081SXg3RXQcQ182ZXDUSJFgYdJFSYa3UXQ	1.000000	105851	1
136099	Βαράκη		105853	Βαράκη	Β35	35	1.000000	Βαράκη	Β35	158.5	ngSZ3K283Tfi5TZKeS302BZFWSLHiAfLHT2c5WZK	1.000000	105853	1
136108	Βάρις		105861	Βάρις	Β43	43	1.000000	Βάρις	Β43	159.8	ngAH4E081Axq3BHWmCT80JHPEBTPqInFPAyk3EHW	1.000000	105861	1
136113	Βάσηρα		105866	Βάσηρα	Β48	48	1.000000	Βάσηρα	Β48	160.1	ngFM4F586HMvrGMNrFY39OMUJFYUvNsGUHNprJMN	1.000000	105866	1
136117	Βελγική	6	108926	Βελγίκη	Β60	60	1.000000	Βελγίκη	Β60	161.15	ngRY5Z788TYh9SYRdSA57AYOVSKGhZeAGTZb9VYR	1.000000	108926	1
136120	Βέλιτρα		108929	Βέλιτρα	Β63	63	1.000000	Βέλιτρα	Β63	162.1	ngUB6C081WLk3VBIgUt8hDBJYUNJkChDJWMe3YBI	1.000000	108929	1
136126	Βέννα		108933	Βέννα	Β67	67	1.000000	Βέννα	Β67	162.17	ngYF6G485ZPoiZFokYx2iHFHCYxNoGlHNZQiiCFo	1.000000	108933	1
136127	Βεργέπολις		108935	Βεργέπολις	Β69	69	1.000000	Βεργέπολις	Β69	163.13	ngAH6I687AxqkBHImAJ49JHFEATPqInJPAykkEHI	1.000000	108935	1
136128	Βέργη		108936	Βέργη	Β70	70	1.000000	Βέργη	Β70	163.14	ngBI6v788Byr8CINnCU58KIwFCUQrJowQBzl8FIN	1.000000	108936	1
136129	Βερεκυντός		108938	Βερέκυντος	Β71	72	1.000000	Βερέκυντος	Β71	163.19	ngCJ6w889Cps9DJwoDL63LJPGDVRsKpxRC8m9GJw	1.000000	108938	1
136138	Βηρυτὸς		108954	Βηρυτός	Β88	88	1.000000	Βηρυτός	Β88	167.8	ngTA8L586TKjdUAXfVC3gCAIXTMH9B6eITBddXAH	1.000000	108954	1
136142	Βιέννος		108960	Βίεννος	Β94	94	1.000000	Βίεννος	Β94	168.16	ngZG9x182Zmp6AGplZ293IGIDAyOpHmyOZ1j6DGp	1.000000	108960	1
136144	Βιζύη		108961	Βιζύη	Β95	95	1.000000	Βιζύη	Β95	169.13	ngAH9y283ARq6BHMmBz0nJHzEBzPqInzPASk6EHM	1.000000	108961	1
136145	Βιζώνη		108962	Βιζώνη	Β96	96	1.000000	Βιζώνη	Β96	169.15	ngBI9z384BIr7CIvnC417KIwFDUQrJoaQBJl7FIv	1.000000	108962	1
136147	Βιθυνία		108964	Βιθυνία	Β98	98	1.000000	Βιθυνία	Β98	169.19	ngDK9x586FKt9EKPpE638MKQHFWStLqySFLn9HKP	1.000000	108964	1
136149	Βιθυνίον		108965	Βιθύνιον	Β99	99	1.000000	Βιθύνιον	Β99	170.6	ngEL9y687FburFLSqEN49NLJIGXTuMrzTFcorILS	1.000000	108965	1
136152	Βίλβινα		108968	Βίλβινα	Β102	102	1.000000	Βίλβινα	Β102	170.14	ngHO9b980IOxuIOTtJA71QOALIgWxPucWIPruLOT	1.000000	108968	1
136156	Βιστονία		108972	Βιστονία	Β106	106	1.000000	Βιστονία	Β106	171.8	ngPW0H384Pcf3QWXbPY18YWgTPoEfXcIEP3z3TWX	1.000000	108972	1
136157	Βιτέλλα		108973	Βίτελλα	Β107	107	1.000000	Βίτελλα	Β107	171.18	ngQX0I485RHg6RXEcRJ25ZXZUQpFgYdJFRIa6UXE	1.000000	108973	1
136158	Βλαύδος		108974	Βλαῦδος	Β108	108	1.000000	Βλαῦδος	Β108	171.19	ngRY0J586RYh5SYRdRA38AYEVSKGhZeKGRZb5VYR	1.000000	108974	1
136159	Βλέμυες	1	108975	Βλέμυες	Β109	109	1.000000	Βλέμυες	Β109	172.1	ngSZ0K687Spi7TZKeUL40BZnWSLHiAfLHSqc7WZK	1.000000	108975	1
136160	Βοαύλεια	2	108976	Βοαύλεια	Β110	110	1.000000	Βοαύλεια	Β110	172.4	ngTA0n788VAj8UAPfVM50CAGXEMH1BgsIUBdfXAn	1.000000	108976	1
136161	Βοβωνία	3	108977	Βοβωνία	Β111	111	1.000000	Βοβωνία	Β111	172.5	ngUB0s889WBk1VBYgU968DBZYFNI3ChtJV8e8YBU	1.000000	108977	1
136163	Βοῖβη	5	108979	Βοίβη	Β113	113	1.000000	Βοίβη	Β113	172.9	ngWD1m081YDm1XDAiWF82FDLAHPK3EjvLXEg0ADO	1.000000	108979	1
136167	Βοιωτία		108982	Βοιωτία	Β116	116	1.000000	Βοιωτία	Β116	173.4	ngZG1V384BQplAGLlA41jIGuDKSNlHmuOZxj5DGp	1.000000	108982	1
136168	Βόλβαι		108983	Βόλβαι	Β117	117	1.000000	Βόλβαι	Β117	174.8	ngAH1A485BRq5BHEmCJ27JHNELTOnInFPBIk4EHy	1.000000	108983	1
136169	Βολβιτίνη		108984	Βολβιτίνη	Β118	118	1.000000	Βολβιτίνη	Β118	174.11	ngBI1X586DSrnCIXnB637KKmFBaP9JoYQBzloFIN	1.000000	108984	1
136170	Βολίνη		108985	Βολίνη	Β119	119	1.000000	Βολίνη	Β119	174.14	ngCJ1U687DTspDJGoEV4mLJxGNVQnKpHRC6m6GJw	1.000000	108985	1
136171	Βολισσός		108986	Βολισσός	Β120	120	1.000000	Βολισσός	Β120	174.16	ngDK1D788DKt1EKVpEc57MKAHFWStLqESDLn1HKV	1.000000	108986	1
136179	Βορυσθένης		108994	Βορυσθένης	Β128	128	1.000000	Βορυσθένης	Β128	176.12	ngLS2H586LybxMSDxLU3yUSUPMkAbTyIAL5vxPSD	1.000000	108994	1
136183	Βόστρα		115295	Βόστρα	Β131	131	1.000000	Βόστρα	Β131	179.9	ngOV2K889OVe2PVGaQX68XVTSQHDeWbLDOWy2SVG	1.000000	115295	1
136186	Βούβαστος		115298	Βούβαστος	Β134	134	1.000000	Βούβαστος	Β134	179.17	ngRY3N182RIh5SYldSq9eAYGVRKGhZeOGRJb5VYl	1.000000	115298	1
136187	Βούβων		115299	Βουβών	Β135	135	1.000000	Βουβών	Β135	179.22	ngSZ3K283Tfi5TZKeS302BZrWTrHiAfLHT2c5WZK	1.000000	115299	1
136188	Βούδεια	1	115300	Βούδεια	Β136	136	1.000000	Βούδεια	Β136	180.3	ngTA3L384VKj7UAFfUs1dCAsXTsIjBgMIVLd7XAF	1.000000	115300	1
136195	Βουκεφάλεια		115306	Βουκεφάλεια	Β142	142	1.000000	Βουκεφάλεια	Β142	181.13	ngZG3D980AGp2AGplZS7jIGyDZyOpHmEOAHj2DGp	1.000000	115306	1
136196	Βουκιννα		115307	Βούκιννα	Β143	143	1.000000	Βούκιννα	Β143	182.1	ngAH4E081Axq2BHMmBJ8kJHBEAzPqInFPAyk2EHM	1.000000	115307	1
136197	Βουλινοι		115308	Βουλῖνοι	Β144	144	1.000000	Βουλῖνοι	Β144	182.3	ngBI4F182BornCIvnBK96KIUFCaQrJoGQB1lnFIv	1.000000	115308	1
136198	Βουλις		115309	Βοῦλις	Β145	145	1.000000	Βοῦλις	Β145	182.5	ngCJ4G283CTsnDJOoC30oLJHGEVRsKpHRCUmnGJO	1.000000	115309	1
136201	Βουννος		115312	Βοῦννος	Β148	148	1.000000	Βοῦννος	Β148	182.12	ngFM4F586HMvqGMdrGO39OMSJFYUvNsGUHNpqJMd	1.000000	115312	1
136206	Βούφια	2	115323	Βουφία	Β159	159	1.000000	Βουφία	Β159	184.5	ngQX5C687Qng8RXocQ74cZXZURpFgYdDFQoa8UXo	1.000000	115323	1
136210	Βραχία	6	115327	Βραχία	Β163	163	1.000000	Βραχία	Β163	184.14	ngUB6C081WLk2VBkgUt83DBHYUNJkChDJWMe2YBk	1.000000	115327	1
136212	Βραχυλη		115329	Βραχύλη	Β165	165	1.000000	Βραχύλη	Β165	185.5	ngWD6E283XtmhXDKiXF02FDLAYPLmEjFLXughADK	1.000000	115329	1
136213	Βρεα		115330	Βρέα	Β166	166	1.000000	Βρέα	Β166	185.7	ngXE6F384Xun8YErjYw16GEsBXQMnFkGMXvh8BEr	1.000000	115330	1
136226	Βρυγίας	4	115342	Βρυγίας	Β178	178	1.000000	Βρυγίας	Β178	187.8	ngJQ7z586Jwz5KQJvJS3tSQaNKiYzRwaYJ5t5NQJ	1.000000	115342	1
136227	Βρύγιον	5	115343	Βρύγιον	Β179	179	1.000000	Βρύγιον	Β179	187.9	ngKR7a687LBa7LRYwLj48TRPOMDZaSxbZLCu7ORY	1.000000	115343	1
136229	Βρύλλιον	7	115345	Βρύλλιον	Β181	181	1.000000	Βρύλλιον	Β181	187.13	ngMT7c889Mjc8NTYyM960VTFQNlBcUzdBMkw8QTY	1.000000	115345	1
136230	Βρύξ	8	115346	Βρύξ	Β182	182	1.000000	Βρύξ	Β182	187.17	ngNU7Z980PUdaOURzOW7xWUKRNGCdVaACPVxaRUR	1.000000	115346	1
136231	Βρυσάκιον		115347	Βρυσάκιον	Β183	183	1.000000	Βρυσάκιον	Β183	188.1	ngOV8e081OFe0PVKaOH82XVBSPHDeWbfDOGy0SVK	1.000000	115347	1
136232	Βύβλος	2	115352	Βύβλος	Β188	188	1.000000	Βύβλος	Β188	188.12	ngTA8L586TKjdUABfTM36CAsXTMH9B6eITBddXAH	1.000000	115352	1
136233	Βύζαντες	3	115354	Βύζαντες	Β189	189	1.000000	Βύζαντες	Β189	189.3	ngUB8s687VhkhVBogV74gDBVYUtJkChtJV6ehYBo	1.000000	115354	1
136235	Βυζάντιον	12	115355	Βυζάντιον	Β190	190	1.000000	Βυζάντιον	Β190	189.12	ngVC8t788XMl8WCRhXO57ECSZXOKlDiuKXNf8ZCR	1.000000	115355	1
136236	Βυζάντιον	1	115355	Βυζάντιον	Β190	190	1.000000	Βυζάντιον	Β190	189.12	ngVC8t788XMl8WCRhXO57ECSZXOKlDiuKXNf8ZCR	1.000000	115355	1
136238	Βωμοί	2	115364	Βωμοί	Β199	199	1.000000	Βωμοί	Β199	191.3	ngEL9y687FbuqFLMqFX47NLNIEdTuMrzTFcoqILM	1.000000	115364	1
136240	Βωταχίδαι	4	115366	Βωταχίδαι	Β201	201	1.000000	Βωταχίδαι	Β201	191.12	ngGN9a889HXwsHNwsH96rPNVKHZVwOtbVHYqsKNw	1.000000	115366	1
136241	Γάβα	5	115367	Γάβα	Γ1	1	1.000000	Γάβα	Γ1	191.15	ngHO9b980IOxuIOPtHg71QOMLIAWxPucWIPruLOP	1.000000	115367	1
136243	Γάβαλα	7	115369	Γάβαλα	Γ3	3	1.000000	Γάβαλα	Γ3	191.19	ngNU0F182OUd2OUJzOm9zWUiRNGCdVaGCOVx2RUJ	1.000000	115369	1
136244	Γαβαούπολις		115370	Γαβαούπολις	Γ4	4	1.000000	Γαβαούπολις	Γ4	192.1	ngOV0G283Ple4PVCaOX07XVTSOHDeWbHDPmy4SVC	1.000000	115370	1
136245	Γάββα		115371	Γάββα	Γ5	5	1.000000	Γάββα	Γ5	192.4	ngPW0H384Pcf3QWjbP41bYWoTQoEfXcIEP3z3TWj	1.000000	115371	1
136248	Γάγγρα		121772	Γάγγρα	Γ8	8	1.000000	Γάγγρα	Γ8	192.11	ngSZ0K687Spi7TZmeSB47BZHWSLHiAfLHSqc7WZm	1.000000	121772	1
136252	Γαθέαι		121781	Γαθεαί	Γ17	17	1.000000	Γαθεαί	Γ17	195.9	ngBI1B586BSr8CINnCa35KKmFB6PlJosQCzl7FIF	1.000000	121781	1
136254	Γαλάδα	1	121783	Γάλαδα	Γ19	19	1.000000	Γάλαδα	Γ19	196.3	ngDK1D788DKt1EKVpFM5nMKyHDWStLqESDLn1HKV	1.000000	121783	1
136257	Γαλάται	4	121786	Γαλάται	Γ22	22	1.000000	Γαλάται	Γ22	196.14	ngGN2G081GXw5HNYsH18sPNHKHfVwOtHVGYq5KNY	1.000000	121786	1
136260	Γαληψός	2	121788	Γαληψός	Γ24	24	1.000000	Γαληψός	Γ24	197.11	ngIP2E283KZyvJPMuKR07RPBMJhXyQvFXKAsvMPM	1.000000	121788	1
136264	Γάμαλα		121793	Γάμαλα	Γ29	29	1.000000	Γάμαλα	Γ29	198.9	ngNU2J788NUdzOUFzNG59WUiRPGCdVaKCNVxzRUF	1.000000	121793	1
136265	Γάμβρειον		121794	Γάμβρειον	Γ30	30	1.000000	Γάμβρειον	Γ30	198.11	ngOV2K889OVe1PVAaOX63XVTSOHDeWbLDOWy1SVA	1.000000	121794	1
136268	Γαράμαντες		121797	Γαράμαντες	Γ33	33	1.000000	Γαράμαντες	Γ33	198.18	ngRY3N182RIh5SYDdRK9bAYmVRKGhZeOGRJb5VYD	1.000000	121797	1
136269	Γάργαρα		121798	Γάργαρα	Γ34	34	1.000000	Γάργαρα	Γ34	198.20	ngSZ3K283Tfi5TZWeSB03BZFWTLHiAfLHT2c5WZW	1.000000	121798	1
136274	Γέα		121805	Γέα	Γ41	41	1.000000	Γέα	Γ41	200.5	ngZG3D980AGp2AGtlZ072IGyDZyOpHmEOAHj2DGt	1.000000	121805	1
136275	Γέβαλα		121806	Γέβαλα	Γ42	42	1.000000	Γέβαλα	Γ42	200.11	ngAH4E081Axq2BHMmBJ8kJHPEBTPqInFPAyk2EHM	1.000000	121806	1
136278	Γέλα		121809	Γέλα	Γ45	45	1.000000	Γέλα	Γ45	200.20	ngDK4H384DKtpEKDpFW16MKyHEWStLqISDLnpHKD	1.000000	121809	1
136287	Γέντα		121816	Γέντα	Γ52	52	1.000000	Γέντα	Γ52	203.1	ngKR5W081LRauLRewLj83TRbOKjZaSxXZLSuuORe	1.000000	121816	1
136290	Γεράνεια		121819	Γεράνεια	Γ55	55	1.000000	Γεράνεια	Γ55	203.9	ngNU5Z384OEdyOUhzOG17WUSRNGCdVaACOFxyRUh	1.000000	121819	1
136291	Γεράνθραι		121820	Γεράνθραι	Γ56	56	1.000000	Γεράνθραι	Γ56	203.13	ngOV5A485OVeyPVAaPn2bXVPSOnDeWbBDOWyySVA	1.000000	121820	1
136293	Γέργις		121822	Γέργις	Γ58	58	1.000000	Γέργις	Γ58	203.21	ngQX5C687Qng8RXocQ74dZXZURpFgYdDFQoa8UXo	1.000000	121822	1
136295	Γέρην		121823	Γέρην	Γ59	59	1.000000	Γέρην	Γ59	205.3	ngRY5Z788TYh8SYhdSK58AYmVSKGhZeAGTZb8VYh	1.000000	121823	1
136299	Γέφυρα		121832	Γέφυρα	Γ68	68	1.000000	Γέφυρα	Γ68	206.12	ngAH6I687AxqkBHumBT41JHFECTPqInJPAykkEHu	1.000000	121832	1
136304	Γήλυς		128414	Γηλύς	Γ72	72	1.000000	Γηλύς	Γ72	207.11	ngEL7y081ELuoFLcqFX82NLNIEdTuMrzTEMooILc	1.000000	128414	1
136309	Γίλδα		128418	Γίλδα	Γ76	76	1.000000	Γίλδα	Γ76	208.3	ngIP7y485JvysJPWuKB25RPhMJhXyQvzXJ4ssMPW	1.000000	128418	1
136310	Γιλιγάμαι		128419	Γιλιγάμαι	Γ77	77	1.000000	Γιλιγάμαι	Γ77	208.5	ngJQ7z586Jwz5KQJvJS3uSQWNLCYzRwaYJ5t5NQJ	1.000000	128419	1
136312	Γινδάρα		128421	Γίνδαρα	Γ79	79	1.000000	Γίνδαρα	Γ79	208.8	ngLS7b788LSbyMSfxNE5wUSUPLkAbTycALTvyPSf	1.000000	128421	1
136313	Γίττα		128422	Γίττα	Γ80	80	1.000000	Γίττα	Γ80	208.10	ngMT7c889Mjc8NTYyM961VThQOFBcUzdBMkw8QTY	1.000000	128422	1
136314	Γλᾶνις		125099	Γλάνις	Γ81	81	1.000000	Γλάνις	Γ81	208.12	ngNU7Z980PUdaOURzOG73WUSRPGCdVaACPVxaRUR	1.000000	125099	1
136315	Γλαυκία		125100	Γλαυκία	Γ82	82	1.000000	Γλαυκία	Γ82	208.16	ngOV8e081OFe0PVKaOH81XVDSQHDeWbfDOGy0SVK	1.000000	125100	1
136317	Γλαφῦραι		125102	Γλαφύραι	Γ84	84	1.000000	Γλαφύραι	Γ84	209.3	ngQX8C283Rdg7RXIcSJ05ZXFUSJFgYdDFR2a7UXI	1.000000	125102	1
136320	Γνῆς		125105	Γνής	Γ87	87	1.000000	Γνής	Γ87	209.18	ngTA8L586TKjdUABfTM36CAsXVCHfB6eITBddXAH	1.000000	125105	1
136321	Γοαρηνή		125106	Γοαρηνή	Γ88	88	1.000000	Γοαρηνή	Γ88	210.1	ngUB8s687VhkhVBogV74fDBJYUNJkChtJV6ehYBo	1.000000	125106	1
136323	Γομολίται		125108	Γομολῖται	Γ90	90	1.000000	Γομολῖται	Γ90	210.7	ngWD8u889XDm8XDKiYF62FDXAXvLmEjvLXEg8ADK	1.000000	125108	1
136336	Γόρτυν	2	125121	Γόρτυν	Γ103	103	1.000000	Γόρτυν	Γ103	212.2	ngNU0F182OUd2OUJzOm9yWUAROGCdVaGCOVx2RUJ	1.000000	125121	1
136337	Γότθοι	3	125122	Γότθοι	Γ104	104	1.000000	Γότθοι	Γ104	212.8	ngOV0G283Ple4PVCaOn0yXVXSPnDeWbHDPmy4SVC	1.000000	125122	1
136340	Γραϊκός	6	125125	Γραικός	Γ107	107	1.000000	Γραικός	Γ107	212.16	ngRY0J586RYh5SYVdRK3cAYiVRqGhZeKGRZb5VYV	1.000000	125125	1
136349	Γύθειον	2	125134	Γύθειον	Γ116	116	1.000000	Γύθειον	Γ116	214.5	ngAH1A485BRqmBHMmAJ2mJHPELTOnInFPAyk6EHS	1.000000	125134	1
136355	Γωγαρηνή		125140	Γωγαρηνή	Γ122	122	1.000000	Γωγαρηνή	Γ122	216.1	ngGN2G081GXw5HNYsH18sPNTKHZVwOtHVGYq5KNY	1.000000	125140	1
136356	Δᾶαι		2781	Δάαι	Δ1	1	1.000000	Δάαι	Δ1	216.3	ngHO2D182IuxtIOxtIA9rQOgLHgWxPuEWI1rtLOx	1.000000	2781	1
136357	Δάδικαι		2782	Δαδίκαι	Δ2	2	1.000000	Δαδίκαι	Δ2	216.5	ngIP2E283KZyvJPMuKR05RPRMIhXyQvFXKAsvMPM	1.000000	2782	1
136358	Δαδόκερτα		2783	Δαδόκερτα	Δ3	3	1.000000	Δαδόκερτα	Δ3	216.6	ngJQ2F384KQzvKQhvKi17SQeNKCYzRwGYKRtvNQh	1.000000	2783	1
136359	Δαίδαλα		2784	Δαίδαλα	Δ4	4	1.000000	Δαίδαλα	Δ4	216.8	ngKR2G485LhaxLRawKj2vTRXOKDZaSxHZLiuxORa	1.000000	2784	1
136361	Δαιδαλίδαι		2786	Δαιδαλίδαι	Δ6	6	1.000000	Δαιδαλίδαι	Δ6	216.19	ngMT2I687NDczNTIyOV46VTNQMlBcUzJBNEwzQTI	1.000000	2786	1
136362	Δακία		2787	Δακία	Δ7	7	1.000000	Δακία	Δ7	216.22	ngNU2J788NUdzOUFzNG50WUmROmCdVaKCNVxzRUF	1.000000	2787	1
136363	Δάλμιον		2788	Δάλμιον	Δ8	8	1.000000	Δάλμιον	Δ8	216.27	ngOV2K889OVe1PVAaOX63XVDSPHDeWbLDOWy1SVA	1.000000	2788	1
136368	Δανουβίον	5	2793	Δανούβιον	Δ13	13	1.000000	Δανούβιον	Δ13	217.22	ngTA3L384VKj7UALfU41eCAkXTsIjBgMIVLd7XAL	1.000000	2793	1
136371	Δάραψα	3	12879	Δάραψα	Δ16	16	1.000000	Δάραψα	Δ16	218.6	ngWD3A687Xtm9XDEiWF4hFDFAWvLmEjBLXug9ADE	1.000000	12879	1
136377	Δασκύλιον	3	13810	Δασκύλιον	Δ26	26	1.000000	Δασκύλιον	Δ26	220.9	ngGN4G687HdwrHNKsGf48PNTKHZVwOtHVHeqrKNK	1.000000	13810	1
136387	Δάϋσαρα		15823	Δαύσαρα	Δ34	34	1.000000	Δαύσαρα	Δ34	222.4	ngOV5A485OVeyPVAaPn24XVjSQHDeWbBDOWyySVA	1.000000	15823	1
136388	Δάφνη		15824	Δάφνη	Δ35	35	1.000000	Δάφνη	Δ35	222.6	ngPW5B586PWf7QWHbQ635YWCTPIEfXcCEPXz7TWH	1.000000	15824	1
136391	Δαχαρηνοί		13818	Δαχαρηνοί	Δ37	37	1.000000	Δαχαρηνοί	Δ37	223.7	ngRY5Z788TYh8SYhdSK59AYiVSqGhZeAGTZb8VYh	1.000000	13818	1
136394	Δειπνίας		13821	Δειπνιάς	Δ40	40	1.000000	Δειπνιάς	Δ40	223.12	ngUB6C081WLk2VBkgUt84DBNYVtJkChDJWMe2YBk	1.000000	13821	1
136396	Δειρή		13823	Δείρη	Δ42	42	1.000000	Δειρή	Δ42	223.20	ngWD6E283XtmhXDKiXF0iFDTAXPLmEjFLXughADK	1.000000	13823	1
136400	Δεξαμεναι		13832	Δεξαμεναί	Δ51	51	1.000000	Δεξαμεναί	Δ51	225.10	ngFM7v182Gsv6GMvrGe9pOMCJFYUvNswUG1p6JMv	1.000000	13832	1
136401	Δεξαροι		13833	Δεξάροι	Δ52	52	1.000000	Δέξαροι	Δ52	225.14	ngGN7w283INwqHNOsGP0sPNTKHZVwOtxVIOqqKNO	1.000000	13833	1
136403	Δερβη		13835	Δέρβη	Δ54	54	1.000000	Δέρβη	Δ54	225.20	ngIP7y485JvysJPWuKB25RPVMKBXyQvzXJ4ssMPW	1.000000	13835	1
136407	Δερτῶν		13839	Δερτών	Δ58	58	1.000000	Δερτών	Δ58	226.8	ngMT7c889Mjc8NTYyM962VTFQNlBcUzdBMkw8QTY	1.000000	13839	1
136408	Δηλία		13840	Δηλία	Δ59	59	1.000000	Δηλία	Δ59	226.11	ngNU7Z980PUdaOURzOG73WUKRNGCdVaACPVxaRUR	1.000000	13840	1
136409	Δήλιον		13841	Δήλιον	Δ60	60	1.000000	Δήλιον	Δ60	226.13	ngOV8e081OFe0PVKaOH81XVfSPnDeWbfDOGy0SVK	1.000000	13841	1
136412	Δημητριάς		13843	Δημητριάς	Δ62	62	1.000000	Δημητριάς	Δ62	227.6	ngQX8C283Rdg7RXIcSJ04ZXFUQJFgYdDFR2a7UXI	1.000000	13843	1
136416	Διαβήτη	2	14818	Διαβήτη	Δ70	70	1.000000	Διαβήτη	Δ70	229.10	ngYF9w081Yvo4ZFCkYx8lHFVCARNoGlxNYwi4CFC	1.000000	14818	1
136417	Διαδόχου	3	14819	Διαδόχου	Δ71	71	1.000000	Διαδόχου	Δ71	229.12	ngZG9x182Zmp6AGRlBS9kIGWDASOpHmyOZ1j6DGR	1.000000	14819	1
136418	Διακρία	4	14820	Διακρία	Δ72	72	1.000000	Διακρία	Δ72	229.14	ngAH9y283ARq6BHMmBJ0lJHBEBzPqInzPASk6EHM	1.000000	14820	1
136419	Διανείς	5	14821	Διανεῖς	Δ73	73	1.000000	Διανεῖς	Δ73	229.16	ngBI9z384BIr8CIFnBU13KIUFBaQrJoaQBJl8FIF	1.000000	14821	1
136424	Δικτή	1	14830	Δίκτη	Δ82	82	1.000000	Δίκτη	Δ82	231.3	ngOV0G283Ple4PVCaOX05XVDSQHDeWbHDPmy4SVC	1.000000	14830	1
136429	Διομηδέια		14835	Διομήδεια	Δ87	87	1.000000	Διομήδεια	Δ87	231.15	ngTA0n788VAjgUAnfTs5gCAQXEMH1BgsIT7d1XAP	1.000000	14835	1
136430	Δίον		14836	Δῖον	Δ88	88	1.000000	Δῖον	Δ88	232.3	ngUB0M889ULkeVBMgU962DBHYUNJkChNJUMeeYBM	1.000000	14836	1
136431	Διονυσία		14837	Διονυσία	Δ89	89	1.000000	Διονυσία	Δ89	232.16	ngVC0H980XMl4WCDhVE73ECAZGOJ1DiqKXDf0ZCN	1.000000	14837	1
136432	Διονύσου πόλις	1	14838	Διονύσου πόλις	Δ90	90	1.000000	Διονύσου πόλις	Δ90	233.1	ngWD1m081YDm3XDKiYP80FDBAHPK3EjvLX0ggADq	1.000000	14838	1
136434	Διὸς ἱερόν	3	14840	Διὸς ἱερόν	Δ92	92	1.000000	Διὸς ἱερόν	Δ92	233.12	ngYF1G283AFo7ZFYkAR0lHFLCJRM3GlxNAGilCFs	1.000000	14840	1
136435	Διοσκουριάς	4	14841	Διοσκουριάς	Δ93	93	1.000000	Διοσκουριάς	Δ93	233.15	ngZG1V384BQp6AGHlZI15IGuDKSNlHmuOA3j4DGR	1.000000	14841	1
136439	Δῖπαια	3	14845	Δίπαια	Δ97	97	1.000000	Δίπαια	Δ97	234.14	ngDK1D788DKt1EKVpFW50MKQHFWStLqESDLn1HKV	1.000000	14845	1
136448	Δόλιονες	4	14854	Δολίονες	Δ106	106	1.000000	Δολίονες	Δ106	235.8	ngMT2I687NDczNTIyOV47VTlQNlBcUzJBNEwzQTI	1.000000	14854	1
136451	Δόλοπες	7	14857	Δόλοπες	Δ109	109	1.000000	Δόλοπες	Δ109	235.19	ngPW2L980Pmf4QWDbPo74YWUTQIEfXcMEPnz4TWD	1.000000	14857	1
136452	Δομετιούπολις	8	14858	Δομετιούπολις	Δ110	110	1.000000	Δομετιούπολις	Δ110	235.21	ngQX3I081SXg3RXkcRJ8cZXJUQpFgYdJFSYa3UXk	1.000000	14858	1
136453	Δονουσία	9	14859	Δονουσία	Δ111	111	1.000000	Δονουσία	Δ111	235.23	ngRY3N182RIh5SYDdRK9eAYEVRKGhZeOGRJb5VYD	1.000000	14859	1
136460	Δουλίχιον		14864	Δουλίχιον	Δ116	116	1.000000	Δουλίχιον	Δ116	236.11	ngWD3A687Xtm9XDEiWP40FDPAWvLmEjBLXug9ADE	1.000000	14864	1
136461	Δούλων πόλις		14865	Δούλων πόλις	Δ117	117	1.000000	Δούλων πόλις	Δ117	237.5	ngXE3B788Ykn1YETjYw57GEYBXwMnFkCMY7h1BET	1.000000	14865	1
136464	Δουρίοπος		14868	Δουρίοπος	Δ120	120	1.000000	Δουρίοπος	Δ120	237.21	ngAH4E081Axq2BHMmBJ8nJHTEBzPqInFPAyk2EHM	1.000000	14868	1
136488	Δυρράχιον		4932	Δυρράχιον	Δ143	143	1.000000	Δυρράχιον	Δ143	243.3	ngXE6F384Xun8YErjYw14GEKBZQMnFkGMXvh8BEr	1.000000	4932	1
136497	Δῶριον	2	5786	Δώριον	Δ149	149	1.000000	Δώριον	Δ149	251.6	ngDK6x980DUtnEKVpFW70MKQHDWStLqySDVnnHKV	1.000000	5786	1
136516	Ἐδδάνα		15964	Ἔδδανα	Ε11	11	1.000000	Ἔδδανα	Ε11	260.16	ngQX8C283Rdg7RXIcSJ03ZXFUSJFgYdDFR2a7UXI	1.000000	15964	1
136539	Σεβαστή		37770	Σεβαστή	Σ91	91	1.000000	Σεβαστή	Σ91	558.15	ngCJ9w485ETs8DJYoC528LJDGDbRsKpxREUm8GJY	1.000000	37770	1
136547	Ἐλέα		15966	Ἐλέα	Ε41	41	1.000000	Ἐλέα	Ε41	264.18	ngYF1G283AFo7ZFYkZ30lHFLCJRM3GlxNAGilCFo	1.000000	15966	1
136548	Ἐλέγεια		15967	Ἐλέγεια	Ε42	42	1.000000	Ἐλέγεια	Ε42	264.21	ngZG1V384BQp6AGHlZy1jIGEDKSNlHmuOA3j4DGV	1.000000	15967	1
136550	Ἑλένη		15969	Ἑλένη	Ε44	44	1.000000	Ἑλένη	Ε44	265.3	ngBI1B586BSr8CIFnB637KKmFB6PlJosQCTloFIN	1.000000	15969	1
136552	Ἐλευθέραί		15971	Ἐλευθεραί	Ε46	46	1.000000	Ἐλευθεραί	Ε46	265.10	ngDK1D788DKt1EKVpFW51MKuHEcStLqESDLn1HKV	1.000000	15971	1
136553	Ἐλευθέριον		15972	Ἐλευθέριον	Ε47	47	1.000000	Ἐλευθέριον	Ε47	265.17	ngEL1E889Ebu3FLQqEX68NLJIGXTuMrFTEco3ILQ	1.000000	15972	1
136557	Ἐλίνοι	3	18181	Ἔλινοι	Ε58	58	1.000000	Ἔλινοι	Ε58	267.10	ngPW2L980Pmf4QWDbPo72YWkTRIEfXcMEPnz4TWD	1.000000	18181	1
136560	Ἔλλα		18184	Ἕλλα	Ε61	61	1.000000	Ἕλλα	Ε61	268.1	ngSZ3K283Tfi5TZWeSB04BZHWULHiAfLHT2c5WZW	1.000000	18184	1
136561	Ἑλλάς		17038	Ἑλλάς	Ε62	62	1.000000	Ἑλλάς	Ε62	268.3	ngTA3L384VKj7UALfU414CAIXTMIjBgMIVLd7XAL	1.000000	17038	1
136563	Ἑλληνόπολις		17039	Ἑλληνόπολις	Ε64	63	1.000000	Ἑλληνόπολις	Ε64	268.11	ngVC3Z586XCl9WCHhXE3iECIZWOKlDiAKXDf9ZCH	1.000000	17039	1
136564	Ἑλλήσποντος		17041	Ἑλλήσποντος	Ε65	65	1.000000	Ἑλλήσποντος	Ε65	268.13	ngWD3A687Xtm9XDEiWP41FDJAYPLmEjBLXug9ADE	1.000000	17041	1
136565	Ἑλλοπία		17042	Ἐλλοπία	Ε66	66	1.000000	Ἐλλοπία	Ε66	268.17	ngXE3B788Ykn1YETjYw58GEwBYwMnFkCMY7h1BET	1.000000	17042	1
136567	Ἑλμαντική	2	17044	Ἐλμαντική	Ε68	68	1.000000	Ἐλμαντική	Ε68	269.3	ngZG3D980AGp2AGtlZ073IGADAyOpHmEOAHj2DGt	1.000000	17044	1
136569	Ἑλουροι	4	17046	Ἕλουροι	Ε70	70	1.000000	Ἕλουροι	Ε70	269.11	ngBI4F182BornCIvnBK92KIUFCaQrJoGQB1lnFIv	1.000000	17046	1
136571	Ἑλπία	6	17048	Ἐλπία	Ε72	72	1.000000	Ἐλπία	Ε72	269.15	ngDK4H384DKtpEKDpFW16MKuHDcStLqISDLnpHKD	1.000000	17048	1
136572	Ἑλυμαία	7	17049	Ἐλυμαία	Ε73	73	1.000000	Ἐλυμαία	Ε73	269.17	ngEL4E485GVupFLAqEX2oNLvIEdTuMrFTGWopILA	1.000000	17049	1
136574	πόλις	9	28381	Πόλις	Π199	199	1.000000	Πόλις	Π199	531.15	ngCJ4G283CTsnDJOoCL03LJRGCVRsKpHRCUmnGJO	1.000000	28381	1
136575	Ἕλυρος		17051	Ἔλυρος	Ε75	75	1.000000	Ἔλυρος	Ε75	270.1	ngGN4G687HdwrHNKsGf40PNTKHZVwOtHVHeqrKNK	1.000000	17051	1
136577	Ἐμβατον		17053	Ἔμβατον	Ε77	77	1.000000	Ἔμβατον	Ε77	270.8	ngIP4I889Ivy9JPyuJR6sRPBMJhXyQvJXI8s9MPy	1.000000	17053	1
136579	Ἔμποριον		17055	Ἐμπόριον	Ε79	79	1.000000	Ἐμπόριον	Ε79	270.15	ngKR5W081LRauLRewLj82TRTOLjZaSxXZLSuuORe	1.000000	17055	1
136580	Ἐνετοί		17056	Ἐνετοί	Ε80	80	1.000000	Ἐνετοί	Ε80	270.18	ngLS5X182MibwMSXxLk9yUSIPMEAbTyYAMjvwPSX	1.000000	17056	1
136584	Ἐντελλα		17060	Ἔντελλα	Ε84	84	1.000000	Ἔντελλα	Ε84	271.9	ngPW5B586PWf7QWHbQ63bYWgTQoEfXcCEPXz7TWH	1.000000	17060	1
136589	Ἐπαρίται		17065	Ἐπαρῖται	Ε89	89	1.000000	Ἐπαρῖται	Ε89	272.8	ngUB6C081WLk2VBkgU18eDBtYVtJkChDJWMe2YBk	1.000000	17065	1
136590	Ἐπειοί		17066	Ἐπειοί	Ε90	90	1.000000	Ἐπειοί	Ε90	272.11	ngVC6D182WCl2WCDhWO91ECWZWuKlDiEKWDf2ZCD	1.000000	17066	1
136592	Ἐπίδαμνος		17067	Ἐπίδαμνος	Ε91	91	1.000000	Ἐπίδαμνος	Ε91	273.3	ngWD6E283XtmhXDKiXF0gFDnAWvLmEjFLXughADK	1.000000	17067	1
136593	Ἐπίδαυρος		17068	Ἐπίδαυρος	Ε92	92	1.000000	Ἐπίδαυρος	Ε92	273.7	ngXE6F384Xun8YErjYw13GEQBXwMnFkGMXvh8BEr	1.000000	17068	1
136596	Ἐπωπή		17077	Ἐπώπη	Ε101	101	1.000000	Ἐπώπη	Ε101	275.3	ngGN7w283INwqHNOsGP04PNVKIZVwOtxVIOqqKNO	1.000000	17077	1
136598	Ἔρβιτα		17079	Ἕρβιτα	Ε103	103	1.000000	Ἕρβιτα	Ε103	275.8	ngIP7y485JvysJPWuKB28RPVMJBXyQvzXJ4ssMPW	1.000000	17079	1
136599	Ἐργετίον		17080	Ἐργέτιον	Ε104	104	1.000000	Ἐργέτιον	Ε104	275.10	ngJQ7z586Jwz5KQJvJS35SQaNKiYzRwaYJ5t5NQJ	1.000000	17080	1
136601	Ἐρεμβοι		17082	Ἐρεμβοί	Ε106	106	1.000000	Ἐρεμβοί	Ε106	275.13	ngLS7b788LSbyMSfxM851USQPMEAbTycALTvyPSf	1.000000	17082	1
136607	Ἐρθα		17087	Ἔρθα	Ε111	111	1.000000	Ἔρθα	Ε111	276.14	ngQX8C283Rdg7RXIcSJ02ZXFUQJFgYdDFR2a7UXI	1.000000	17087	1
136612	Ἑρμοῦπολις	2	17098	Ἑρμούπολις	Ε122	122	1.000000	Ἑρμούπολις	Ε122	278.6	ngBI9z384BIr8CIFnBU15KIUFBaQrJoaQBJl8FIF	1.000000	17098	1
136614	Ἑρμωνθίς	4	17100	Ἕρμωνθις	Ε124	124	1.000000	Ἕρμωνθις	Ε124	278.17	ngDK9x586FKt9EKbpE630MKQHEWStLqySFLn9HKb	1.000000	17100	1
136617	Ἐρύκη		17108	Ἐρύκη	Ε132	132	1.000000	Ἐρύκη	Ε132	280.14	ngPW0H384Pcf3QWjbP41bYWITQoEfXcIEP3z3TWj	1.000000	17108	1
136623	Ἐσπερία		18263	Ἑσπερία	Ε140	140	1.000000	Ἑσπερία	Ε140	282.13	ngXE1B182ZOn2YETjYQ96GEKBIQL1FksMYFhjBEB	1.000000	18263	1
136624	Ἐσπερίς		18264	Ἑσπερίς	Ε141	141	1.000000	Ἑσπερίς	Ε141	282.16	ngYF1G283AFo7ZFYkAR07HFVCJRM3GlxNAGilCFs	1.000000	18264	1
136625	Ἑστιαῖα	1	18265	Ἑστίαια	Ε142	142	1.000000	Ἑστίαια	Ε142	283.1	ngZG1V384BQp6AGHlZ415IGuDKSNlHmuOA3j4DGZ	1.000000	18265	1
136627	Ἑτεωνός	3	18267	Ἐτεωνός	Ε144	144	1.000000	Ἐτεωνός	Ε144	283.8	ngBI1B586BSr8CIXnCa35KKmFB6PlJosQBzl7FIF	1.000000	18267	1
136628	Εὔα	4	18268	Εὖα	Ε145	145	1.000000	Εὖα	Ε145	283.12	ngCJ1U687Cps0DJCoCV47LJZGNVQnKpDREUmpGJQ	1.000000	18268	1
136629	Εὐαίμων	5	18269	Εὐαίμων	Ε146	146	1.000000	Εὐαίμων	Ε146	283.14	ngDK1D788DKt1EKVpFW52MKQHFWStLqESDLn1HKV	1.000000	18269	1
136633	Εὔβοια		18272	Εὔβοια	Ε149	149	1.000000	Εὔβοια	Ε149	283.20	ngGN2G081GXw5HNYsH181PNxKGfVwOtHVGYq5KNY	1.000000	18272	1
136636	Εὐέλγεια		18275	Εὐέλγεια	Ε152	152	1.000000	Εὐέλγεια	Ε152	284.14	ngJQ2F384KQzvKQhvKi14SQONKCYzRwGYKRtvNQh	1.000000	18275	1
136637	Εὐεργέται		18276	Εὐεργέται	Ε153	153	1.000000	Εὐεργέται	Ε153	284.16	ngKR2G485LhaxLRawKj2xTRfOKDZaSxHZLiuxORa	1.000000	18276	1
136639	Εὐθηναί		18278	Εὐθηναί	Ε155	155	1.000000	Εὐθηναί	Ε155	284.22	ngMT2I687NDczNTIyOV48VTBQNFBcUzJBNEwzQTI	1.000000	18278	1
136640	Εὐίππη		18279	Εὐίππη	Ε156	156	1.000000	Εὐίππη	Ε156	285.3	ngNU2J788NUdzOUFzNW5yWUKRNGCdVaKCNVxzRUF	1.000000	18279	1
136641	Εὐμένεια		18282	Εὐμένεια	Ε159	159	1.000000	Εὐμένεια	Ε159	286.1	ngQX3I081SXg3RXkcRJ80ZXJUQpFgYdJFSYa3UXk	1.000000	18282	1
136642	Εὐρυμεναί		18291	Εὐρυμεναί	Ε168	168	1.000000	Εὐρυμεναί	Ε168	287.1	ngZG3D980AGp2AGtlZ074IGODASOpHmEOAHj2DGt	1.000000	18291	1
136643	Εὐρυτάνες		18292	Εὐρυτᾶνες	Ε169	169	1.000000	Εὐρυτᾶνες	Ε169	287.3	ngAH4E081Axq2BHMmBJ80JHPEBTPqInFPAyk2EHM	1.000000	18292	1
136645	Εὐρώπη		18294	Εὐρώπη	Ε171	171	1.000000	Εὐρώπη	Ε171	287.8	ngCJ4G283CTsnDJOoCb06LJxGDVRsKpHRCUmnGJO	1.000000	18294	1
136646	Εὐρωπός		18295	Εὐρωπός	Ε172	172	1.000000	Εὐρωπός	Ε172	287.14	ngDK4H384DKtpEKDpFW15MKuHDcStLqISDLnpHKD	1.000000	18295	1
136649	Εὐφραντα		18298	Εὔφραντα	Ε175	175	1.000000	Εὔφραντα	Ε175	288.5	ngGN4G687HdwrHNKsGf41PNxKGfVwOtHVHeqrKNK	1.000000	18298	1
136650	Εὐφρατις		18299	Εὐφρατίς	Ε176	176	1.000000	Εὐφρατίς	Ε176	288.7	ngHO4H788IuxtIOZtJA50QOQLHgWxPuIWI7rtLOZ	1.000000	18299	1
136677	Ζηβυττις		19493	Ζήβυττις	Ζ18	18	1.000000	Ζήβυττις	Ζ18	296.4	ngJQ7z586Jwz5KQJvJS36SQWNLCYzRwaYJ5t5NQJ	1.000000	19493	1
136678	Ζήλα		19494	Ζῆλα	Ζ19	19	1.000000	Ζῆλα	Ζ19	296.6	ngKR7a687LBa7LRYwL74vTRbOKjZaSxbZLCu7ORY	1.000000	19494	1
136680	Ζηνοδότιον		19496	Ζηνοδότιον	Ζ21	21	1.000000	Ζηνοδότιον	Ζ21	296.13	ngMT7c889Mjc8NTYyNF6xVThQOFBcUzdBMkw8QTY	1.000000	19496	1
136684	Ζιποίτιον	19	19499	Ζιποίτιον	Ζ24	24	1.000000	Ζιποίτιον	Ζ24	297.1	ngPW8B182QcfcQWBbQ29zYWETPIEfXcCEQ1zcTWB	1.000000	19499	1
136685	Ζόαρα	20	19500	Ζόαρα	Ζ25	25	1.000000	Ζόαρα	Ζ25	297.3	ngQX8C283Rdg7RXIcSJ0dZXFUSJFgYdDFR2a7UXI	1.000000	19500	1
136686	Ζοιτεῖον	21	19501	Ζοίτειον	Ζ26	26	1.000000	Ζοίτειον	Ζ26	297.11	ngRY8D384TIh8SYpdSK18AYqVRqGhZeEGTJb8VYp	1.000000	19501	1
136687	Ζομβίς	22	19502	Ζομβίς	Ζ27	27	1.000000	Ζομβίς	Ζ27	297.14	ngSZ8q485UZi4TZOeUB27BZHWSLHiAfrHUAc4WZO	1.000000	19502	1
136691	Ζυγοί	1	19506	Ζυγοί	Ζ31	31	1.000000	Ζυγοί	Ζ31	298.3	ngWD8u889XDm8XDKiYF6hFDrAWPLmEjvLXEg8ADK	1.000000	19506	1
136692	Ζωβῖδαι	2	19507	Ζωβίδαι	Ζ32	32	1.000000	Ζωβίδαι	Ζ32	298.6	ngXE8v980YEn4YEJjXQ70GEUBXQMnFkwMYFh4BEJ	1.000000	19507	1
136693	Ζώνη	3	19508	Ζώνη	Ζ33	33	1.000000	Ζώνη	Ζ33	298.8	ngYF9w081Yvo4ZFCkYx84HFtCZRNoGlxNYwi4CFC	1.000000	19508	1
136694	Ζωστήρ	4	19509	Ζωστήρ	Ζ34	34	1.000000	Ζωστήρ	Ζ34	298.10	ngZG9x182Zmp6AGRlA292IGIDZyOpHmyOZ1j6DGR	1.000000	19509	1
136695	Ἤδοι	5	19510	Ἠδοί	Η1	1	1.000000	Ἠδοί	Η1	298.15	ngAH9y283ARq6BHMmBJ02JHFEBTPqInzPASk6EHM	1.000000	19510	1
136696	Ἤδυμη	6	19511	Ἠδύμη	Η2	2	1.000000	Ἠδύμη	Η2	298.16	ngBI9z384BIr8CIFnBU1lKIsFBaQrJoaQBJl8FIF	1.000000	19511	1
136697	Ἤδωνοι	7	19512	Ἠδωνοί	Η3	3	1.000000	Ἠδωνοί	Η3	298.17	ngCJ9w485ETs8DJYoCb2pLJPGDVRsKpxREUm8GJY	1.000000	19512	1
136699	Ἡίων	9	19514	Ἠιών	Η5	5	1.000000	Ἠιών	Η5	298.22	ngEL9y687FbuqFLMqFX4oNLBIGXTuMrzTFcoqILM	1.000000	19514	1
136702	Ἡλακαταῖον		19515	Ἠλακαταῖον	Η6	6	1.000000	Ἠλακαταῖον	Η6	299.3	ngFM9z788GsvsGMFrFY50OMKJGYUvNsaUG7psJMF	1.000000	19515	1
136704	Ἡλιαία		19517	Ἡλιαία	Η8	8	1.000000	Ἡλιαία	Η8	300.9	ngHO9b980IOxuIOPtH07sQOULJAWxPucWIPruLOP	1.000000	19517	1
136705	Ἡλιούπολις		19518	Ἡλίου πόλις	Η9	9	1.000000	Ἡλιούπολις	Η9	300.17	ngMT0E081NDc5NTEyMF8wVTBQMFBcUzFBNEw5QTE	1.000000	19518	1
136706	Ἥλις	1	19519	Ἦλις	Η10	10	1.000000	Ἦλις	Η10	301.1	ngNU0F182OUd2OUJzOm94WUiRPGCdVaGCOVx2RUJ	1.000000	19519	1
136707	Ἡλώνη	2	19520	Ἠλώνη	Η11	11	1.000000	Ἠλώνη	Η11	301.11	ngOV0G283Ple4PVCaOX02XVPSOnDeWbHDPmy4SVC	1.000000	19520	1
136708	Ἡμαθία	3	19521	Ἠμαθία	Η12	12	1.000000	Ἠμαθία	Η12	301.14	ngPW0H384Pcf3QWjbP417YWMTPIEfXcIEP3z3TWj	1.000000	19521	1
136710	Ἡμίκυνες	2	19523	Ἡμίκυνες	Η14	14	1.000000	Ἡμίκυνες	Η14	302.3	ngRY0J586RYh5SYVdRK39AYOVTKGhZeKGRZb5VYV	1.000000	19523	1
136711	Ἡνιοχεῖα	3	19524	Ἡνιοχεία	Η15	15	1.000000	Ἡνιοχεία	Η15	302.11	ngSZ0K687Spi7TZmeSL40BZjWSrHiAfLHSqc7WZm	1.000000	19524	1
136715	Ἡραῖα	1	19527	Ἥραια	Η18	18	1.000000	Ἥραια	Η18	302.18	ngVC0H980XMl4WCZhXE79ECqZGOJ1DiqKXDf9ZCt	1.000000	19527	1
136716	Ἡραῖον		19528	Ἥραιον	Η19	19	1.000000	Ἥραιον	Η19	303.13	ngWD1m081YDm3XDOiXv8iFDBAHPK3EjvLX0ghADI	1.000000	19528	1
136722	Ἡρῶ	5	19533	Ἡρώ	Η24	24	1.000000	Ἡρώ	Η24	304.11	ngBI1B586BSr9CITnB63nKKmFB6PlJowQBJloFIX	1.000000	19533	1
136723	Ἡσιονία	6	19534	Ἠσιονία	Η25	25	1.000000	Ἠσιονία	Η25	304.15	ngCJ1U687Cps0DJYoDb49LJZGNVQnKpDREUmoGJO	1.000000	19534	1
136728	Ἡφαιστοῦ νῆσοι	4	20774	Ἡφαίστου νῆσοι	Η30	30	1.000000	Ἡφαίστου νῆσοι	Η30	305.16	ngHO2D182IuxtIOxtH293QOELJAWxPuEWI1rtLOx	1.000000	20774	1
136729	Θαλάμαι	1	22090	Θαλάμαι	Θ1	1	1.000000	Θαλάμαι	Θ1	306.1	ngJQ2F384KQzvKQhvKi1uSQKNJiYzRwGYKRtvNQh	1.000000	22090	1
136730	Θαυμακία		20776	Θαυμακία	Θ9	9	1.000000	Θαυμακία	Θ9	307.3	ngRY3N182RIh5SYDdRK92AYmVRKGhZeOGRJb5VYD	1.000000	20776	1
136731	Θαυμασίον		20777	Θαυμάσιον	Θ10	10	1.000000	Θαυμάσιον	Θ10	307.8	ngSZ3K283Tfi5TZWeSB0cBZXWSLHiAfLHT2c5WZW	1.000000	20777	1
136732	Θάψακος		20778	Θάψακος	Θ11	11	1.000000	Θάψακος	Θ11	307.10	ngTA3L384VKj7UALfU414CAYXTMIjBgMIVLd7XAL	1.000000	20778	1
136733	Θαψῖπολις		20779	Θαψίπολις	Θ12	12	1.000000	Θαψίπολις	Θ12	307.12	ngUB3Y485WBkgVBCgUt24DBZYUNJkChZJWCegYBC	1.000000	20779	1
136734	Θάψος		20780	Θάψος	Θ13	13	1.000000	Θάψος	Θ13	308.1	ngVC3Z586XCl9WCHhXE3hECuZVuKlDiAKXDf9ZCH	1.000000	20780	1
136735	Θέα		20781	Θέα	Θ14	14	1.000000	Θέα	Θ14	308.4	ngWD3A687Xtm9XDEiWF47FDTAWPLmEjBLXug9ADE	1.000000	20781	1
136736	Θεάγγελα		20782	Θεάγγελα	Θ15	15	1.000000	Θεάγγελα	Θ15	308.6	ngXE3B788Ykn1YETjYw5kGEMBXQMnFkCMY7h1BET	1.000000	20782	1
136738	Θεισόα		20784	Θεισόα	Θ17	17	1.000000	Θεισόα	Θ17	308.9	ngZG3D980AGp2AGtlZ07lIGADAyOpHmEOAHj2DGt	1.000000	20784	1
136742	Θεμισσός	1	20788	Θεμισσός	Θ21	21	1.000000	Θεμισσός	Θ21	309.1	ngDK4H384DKtpEKDpFM1qMKMHEcStLqISDLnpHKD	1.000000	20788	1
136744	Θεναι	3	20790	Θεναί	Θ23	23	1.000000	Θεναί	Θ23	309.5	ngFM4F586HMvqGMdrGe3sOMUJFYUvNsGUHNpqJMd	1.000000	20790	1
136745	Θευδοσία	4	20791	Θευδοσία	Θ24	24	1.000000	Θευδοσία	Θ24	309.7	ngGN4G687HdwrHNKsGf4sPNfKHfVwOtHVHeqrKNK	1.000000	20791	1
136747	Θεράπναι	6	20793	Θεράπναι	Θ26	26	1.000000	Θεράπναι	Θ26	309.13	ngIP4I889Ivy9JPyuJR62RPFMJBXyQvJXI8s9MPy	1.000000	20793	1
136752	Θέρνη		20798	Θέρνη	Θ31	31	1.000000	Θέρνη	Θ31	310.7	ngNU5Z384OEdyOUhzOG1aWUSRPGCdVaACOFxyRUh	1.000000	20798	1
136754	Θέσπεια		20800	Θέσπεια	Θ33	33	1.000000	Θέσπεια	Θ33	310.9	ngPW5B586PWf7QWHbRI3zYWYTPoEfXcCEPXz7TWH	1.000000	20800	1
136755	Θεσπρωτία		20801	Θεσπρωτία	Θ34	34	1.000000	Θεσπρωτία	Θ34	310.19	ngQX5C687Qng8RXocQp40ZXVUSJFgYdDFQoa8UXo	1.000000	20801	1
136760	Θέστις		20806	Θέστις	Θ38	39	1.000000	Θέστις	Θ38	312.10	ngUB6C081WLk2VBkgUt8fDBRYWNJkChDJWMe2YBk	1.000000	20806	1
136761	Θέστωρος		20804	Θέστωρος	Θ39	37	1.000000	Θέστωρος	Θ39	312.13	ngVC6D182WCl2WCDhWO93ECWZWuKlDiEKWDf2ZCD	1.000000	20804	1
136762	Θήβη		20807	Θήβη	Θ40	40	1.000000	Θήβη	Θ40	312.15	ngWD6E283XtmhXDKiXF07FDPAWvLmEjFLXughADK	1.000000	20807	1
136766	Θῆρα		22132	Θήρα	Θ43	43	1.000000	Θήρα	Θ43	313.12	ngZG6H586ZGpjAGNlBS37IGEDASOpHmIOZHjjDGN	1.000000	22132	1
136767	Θιβαΐς	1	22134	Θιβαΐς	Θ45	45	1.000000	Θιβαΐς	Θ45	314.1	ngBI6v788Byr8CIXnBU5mKIQFDUQrJowQBzl8FIX	1.000000	22134	1
136768	Θίβρος	2	22135	Θίβρος	Θ46	46	1.000000	Θίβρος	Θ46	314.9	ngCJ6w889Cps9DJaoDb62LJbGDbRsKpxRC8m9GJa	1.000000	22135	1
136769	Θίγγη	3	20809	Θίγγη	Θ47	47	1.000000	Θίγγη	Θ47	314.11	ngDK6x980DUtnEKVpFM7qMKyHFWStLqySDVnnHKV	1.000000	20809	1
136770	Θίς	4	20810	Θίς	Θ48	48	1.000000	Θίς	Θ48	314.13	ngEL7y081ELuoFLcqE184NLdIFdTuMrzTEMooILc	1.000000	20810	1
136776	Θυάτειρα	1	20828	Θυάτειρα	Θ66	66	1.000000	Θυάτειρα	Θ66	319.1	ngWD8u889XDm8XDKiYF6jFDTAYPLmEjvLXEg8ADK	1.000000	20828	1
136777	Θυέλα	2	20829	Θυέλα	Θ67	67	1.000000	Θυέλα	Θ67	319.11	ngXE8v980YEn4YEJjXQ79GEUBXQMnFkwMYFh4BEJ	1.000000	20829	1
136778	Θυεσσός	3	20830	Θυεσσός	Θ68	68	1.000000	Θυεσσός	Θ68	319.13	ngYF9w081Yvo4ZFCkYx83HFxCYxNoGlxNYwi4CFC	1.000000	20830	1
136779	Θυμαϊτάδαι	4	20831	Θυμαιτάδαι	Θ69	69	1.000000	Θυμαιτάδαι	Θ69	319.15	ngZG9x182Zmp6AGRlA293IGMDZSOpHmyOZ1j6DGR	1.000000	20831	1
136780	Θύμβρα	5	20832	Θύμβρα	Θ70	70	1.000000	Θύμβρα	Θ70	319.17	ngAH9y283ARq6BHMmBJ03JHBEBzPqInzPASk6EHM	1.000000	20832	1
136781	Θύμβραρα	6	20833	Θύμβραρα	Θ71	71	1.000000	Θύμβραρα	Θ71	319.22	ngBI9z384BIr8CIBnDK18KIUFCaQrJoaQBJl8FIB	1.000000	20833	1
136786	Ἰαζαβᾶται		20847	Ἰαζαβάται	Ι3	3	1.000000	Ἰαζαβάται	Ι3	321.10	ngTA0n788VAjgUAjfVM5gCAQXEMH1BgsIT7d0XAn	1.000000	20847	1
136795	Ἰάποδες	3	22183	Ἰάποδες	Ι12	12	1.000000	Ἰάποδες	Ι12	322.9	ngCJ1U687Cps0DJYoEL4mLJRGNVQnKpDREUmoGJa	1.000000	22183	1
136796	Ἰαπυγία	4	22184	Ἰαπυγία	Ι13	13	1.000000	Ἰαπυγία	Ι13	322.11	ngDK1D788DKt1EKVpFM59MKyHDWStLqESDLn1HKV	1.000000	22184	1
136798	Ἴας	6	22186	Ἰάς	Ι15	15	1.000000	Ἰάς	Ι15	322.16	ngFM1B980HMv3GMJrFe7qOMCJFYUvNsCUHNp3JMJ	1.000000	22186	1
136805	Ἰβύλλα	1	22191	Ἴβυλλα	Ι20	20	1.000000	Ἴβυλλα	Ι20	326.1	ngKR2G485LhaxLRawKj26TRjOKjZaSxHZLiuxORa	1.000000	22191	1
136808	Ἰδάλιον	4	22194	Ἰδάλιον	Ι23	23	1.000000	Ἰδάλιον	Ι23	326.6	ngNU2J788NUdzOUFzNG5zWUmROmCdVaKCNVxzRUF	1.000000	22194	1
136810	Ἰδομεναί	6	22196	Ἰδομεναί	Ι25	25	1.000000	Ἰδομεναί	Ι25	326.13	ngPW2L980Pmf4QWDbP071YWETPIEfXcMEPnz4TWD	1.000000	22196	1
136821	Ἱέρασα	3	22204	Ἰέρασα	Ι35	34	1.000000	Ἰέρασα	Ι35	328.7	ngZG3D980AGp2AGtlZ07jIGuDZSOpHmEOAHj2DGt	1.000000	22204	1
136822	Ἱεραφῆ	4	22206	Ἱεράφη	Ι36	36	1.000000	Ἱεράφη	Ι36	328.9	ngAH4E081Axq2BHMmBJ83JHTEBzPqInFPAyk2EHM	1.000000	22206	1
136825	Ἱερός κόλπος	7	22209	Ἱερὸς κόλπος	Ι39	39	1.000000	Ἱερὸς κόλπος	Ι39	328.16	ngDK4H384DKtpEKDpFM14MKWHDcStLqISDLnpHKD	1.000000	22209	1
136826	Ἱεροσόλυμα	8	22210	Ἱεροσόλυμα	Ι40	40	1.000000	Ἱεροσόλυμα	Ι40	328.18	ngEL4E485GVupFLWqGN29NLTIEXTuMrFTGWopILW	1.000000	22210	1
136827	Ἰθάκη	9	22212	Ἰθάκη	Ι42	42	1.000000	Ἰθάκη	Ι42	328.22	ngGN4G687HdwrHNKsGf4rPNLKIZVwOtHVHeqrKNK	1.000000	22212	1
136828	Ἰθώμη		22213	Ἰθώμη	Ι43	43	1.000000	Ἰθώμη	Ι43	329.1	ngHO4H788IuxtIOZtJQ5rQOULIAWxPuIWI7rtLOZ	1.000000	22213	1
136829	Ἰκαρία		22214	Ἰκαρία	Ι44	44	1.000000	Ἰκαρία	Ι44	329.9	ngIP4I889Ivy9JPyuJR61RPJMIhXyQvJXI8s9MPy	1.000000	22214	1
136831	Ἰκόνιον		22216	Ἰκόνιον	Ι46	46	1.000000	Ἰκόνιον	Ι46	329.16	ngKR5W081LRauLRewL18xTRfOMDZaSxXZLSuuORe	1.000000	22216	1
136834	Ἴλαττία		22220	Ἰλαττία	Ι50	50	1.000000	Ἰλαττία	Ι50	330.14	ngOV5A485OVeyPVAaPn29XVjSOHDeWbBDOWyySVA	1.000000	22220	1
136837	'Ιναχία		22231	Ἰναχία	Ι61	61	1.000000	Ἰναχία	Ι61	331.23	ngZG6H586ZGpjAGNlBS36IGEDASOpHmIOZHjjDGN	1.000000	22231	1
136847	Ἰνδικὴ		22233	Ἰνδική	Ι63	63	1.000000	Ἰνδική	Ι63	332.9	ngBI6v788Byr8CIXnBU5nKIQFBUQrJowQBzl8FIX	1.000000	22233	1
136848	Ἰνδός		22234	Ἰνδός	Ι64	64	1.000000	Ἰνδός	Ι64	332.11	ngCJ6w889Cps9DJaoD96mLJRGDVRsKpxRC8m9GJa	1.000000	22234	1
136851	Ἰνσόβροι		23619	Ἴνσοβροι	Ι67	67	1.000000	Ἴνσοβροι	Ι67	332.17	ngFM7v182Gsv6GMvrGe92OMOJFeUvNswUG1p6JMv	1.000000	23619	1
136853	'Ιξιαι		23621	Ἰξίαι	Ι69	69	1.000000	Ἰξίαι	Ι69	333.1	ngHO7x384IOx8IOHtH41tQOMLJAWxPuyWIPr8LOH	1.000000	23621	1
136854	'Ιξιας		23622	Ἰξιάς	Ι70	70	1.000000	Ἰξιάς	Ι70	333.4	ngIP7y485JvysJPWuKB2sRPBMIhXyQvzXJ4ssMPW	1.000000	23622	1
136855	'Ιξιβαται		23623	Ἰξιβάται	Ι71	71	1.000000	Ἰξιβάται	Ι71	333.6	ngJQ7z586Jwz5KQJvJS38SQWNLCYzRwaYJ5t5NQJ	1.000000	23623	1
136856	'Ιονιον πελαγος		23625	Ἰόνιον πέλαγος	Ι72	73	1.000000	Ἰόνιον πέλαγος	Ι72	333.8	ngKR7a687LBa7LRYwL74vTRZOKDZaSxbZLCu7ORY	1.000000	23625	1
136860	Ἰουλεις		23630	Ἰουλεῖς	Ι78	78	1.000000	Ἰουλεῖς	Ι78	335.2	ngQX8C283Rdg7RXIcSJ0bZXFUSJFgYdDFR2a7UXI	1.000000	23630	1
136861	Ἰουλίς		23631	Ἰουλίς	Ι79	79	1.000000	Ἰουλίς	Ι79	335.5	ngRY8D384TIh8SYpdSK17AYmVTKGhZeEGTJb8VYp	1.000000	23631	1
136864	Ἴπνους		23634	Ἰπνοῦς	Ι82	82	1.000000	Ἰπνοῦς	Ι82	335.19	ngUB8s687VhkhVBogVt47DBVYUtJkChtJV6ehYBo	1.000000	23634	1
136865	Ἱππόλα		23635	Ἱππόλα	Ι83	83	1.000000	Ἱππόλα	Ι83	336.1	ngVC8t788XMl8WCRhXO51ECmZVuKlDiuKXNf8ZCR	1.000000	23635	1
136866	Ἱππόνησος		23636	Ἱππόνησος	Ι84	84	1.000000	Ἱππόνησος	Ι84	336.3	ngWD8u889XDm8XDKiYF6jFDJAXPLmEjvLXEg8ADK	1.000000	23636	1
136872	Ἵππων		23642	Ἱππών	Ι90	90	1.000000	Ἱππών	Ι90	336.16	ngCJ9w485ETs8DJYoCb24LJRGDVRsKpxREUm8GJY	1.000000	23642	1
136874	Ἱρά		23644	Ἰρά	Ι92	92	1.000000	Ἰρά	Ι92	337.1	ngEL9y687FbuqFLMqE740NLJIFXTuMrzTFcoqILM	1.000000	23644	1
136876	Ἱρος		23646	Ἶρος	Ι94	94	1.000000	Ἶρος	Ι94	337.8	ngGN9a889HXwsHNwsHf60PNTKIZVwOtbVHYqsKNw	1.000000	23646	1
136882	Ἰσσηδόνες	3	23659	Ἰσσηδόνες	Ι107	107	1.000000	Ἰσσηδόνες	Ι107	339.18	ngXE1B182ZOn2YETjXG93GECBIQL1FksMYFhjBEP	1.000000	23659	1
136883	Ἰσσός	1	23660	Ἰσσός	Ι108	108	1.000000	Ἰσσός	Ι108	340.1	ngYF1G283AFo7ZFCkY304HFNCJRM3GlxNAGi2CFY	1.000000	23660	1
136884	Ἰστιαι̂α	2	23662	Ἰστίαια	Ι110	110	1.000000	Ἰστίαια	Ι110	340.7	ngAH1A485BRqmBHImBJ2kJHFELTOnInFPAyk5EHI	1.000000	23662	1
136886	Ἰστρία	4	23664	Ἰστρία	Ι112	112	1.000000	Ἰστρία	Ι112	340.17	ngCJ1U687Cps0DJYoDV40LJxGNVQnKpDREUmoGJG	1.000000	23664	1
136887	Ἰστριανά	5	23665	Ἰστριανά	Ι113	113	1.000000	Ἰστριανά	Ι113	340.19	ngDK1D788DKt1EKVpFM5pMKuHEcStLqESDLn1HKV	1.000000	23665	1
136891	Ἰταλία	3	23669	Ἰταλία	Ι117	117	1.000000	Ἰταλία	Ι117	341.12	ngHO2D182IuxtIOxtH291QOELJAWxPuEWI1rtLOx	1.000000	23669	1
136892	Ἴτανος	4	23670	Ἰτανός	Ι118	118	1.000000	Ἰτανός	Ι118	341.21	ngIP2E283KZyvJPQuIB0sRPdMIBXyQvFXKAsvMPQ	1.000000	23670	1
136898	Ἱψίκουροι		23676	Ἰψίκουροι	Ι124	124	1.000000	Ἰψίκουροι	Ι124	343.1	ngOV2K889OVe1PVAaOX6aXVTSOHDeWbLDOWy1SVA	1.000000	23676	1
136905	Καβαλίς		2054	Καβαλίς	Κ1	1	1.000000	Καβαλίς	Κ1	344.6	ngWD3A687Xtm9XDEiWF4jFDXAXvLmEjBLXug9ADE	1.000000	2054	1
136906	Καβασσός		2055	Καβασσός	Κ2	2	1.000000	Καβασσός	Κ2	344.12	ngXE3B788Ykn1YETjYG52GEoBXwMnFkCMY7h1BET	1.000000	2055	1
136909	Καβελλίων		2057	Καβελλιών	Κ4	4	1.000000	Καβελλιών	Κ4	345.17	ngZG3D980AGp2AGtlZ079IGADAyOpHmEOAHj2DGt	1.000000	2057	1
136910	Καβύλη	1	2058	Καβύλη	Κ5	5	1.000000	Καβύλη	Κ5	346.1	ngAH4E081Axq2BHMmBJ84JHBEAzPqInFPAyk2EHM	1.000000	2058	1
136911	Καδμεία	2	2059	Καδμεία	Κ6	6	1.000000	Καδμεία	Κ6	346.4	ngBI4F182BornCIvnBa9mKIGFBUQrJoGQB1lnFIv	1.000000	2059	1
136912	Κάδοι	3	2060	Κάδοι	Κ7	7	1.000000	Κάδοι	Κ7	346.7	ngCJ4G283CTsnDJOoCb02LJHGEVRsKpHRCUmnGJO	1.000000	2060	1
136913	Καδοῦσιοι	4	2061	Καδούσιοι	Κ8	8	1.000000	Καδούσιοι	Κ8	346.9	ngDK4H384DKtpEKDpFM1oMKSHFWStLqISDLnpHKD	1.000000	2061	1
136917	Καινίνη	8	2075	Καινίνη	Κ12	12	1.000000	Καινίνη	Κ12	346.17	ngHO4H788IuxtIOZtJQ5sQOWLHAWxPuIWI7rtLOZ	1.000000	2075	1
136919	Καινῦς	10	2078	Καινύς	Κ14	15	1.000000	Καινύς	Κ14	346.21	ngJQ4J980KAz1KQRvJC7vSQSNJiYzRwKYKBt1NQR	1.000000	2078	1
136922	Καισάρεια		2079	Καισάρεια	Κ16	16	1.000000	Καισάρεια	Κ16	347.5	ngLS5X182MibwMSXxLU94USAPLEAbTyYAMjvwPSX	1.000000	2079	1
136924	Καλάθη		2081	Καλάθη	Κ18	18	1.000000	Καλάθη	Κ18	347.11	ngNU5Z384OEdyOUhzOG15WUARNGCdVaACOFxyRUh	1.000000	2081	1
136925	Καλάμαι		2082	Καλάμαι	Κ19	19	1.000000	Καλάμαι	Κ19	347.16	ngOV5A485OVeyPVAaP52yXVDSQHDeWbBDOWyySVA	1.000000	2082	1
136929	Καλατιαί		2086	Καλατίαι	Κ23	23	1.000000	Καλατίαι	Κ23	347.24	ngSZ5E889SJi1TZKeTB6cBZBWTrHiAfFHSKc1WZK	1.000000	2086	1
136930	Καλαυρέια		2087	Καλαύρεια	Κ24	24	1.000000	Καλαύρεια	Κ24	347.25	ngTA5B980Ugj0UArfU073CAQXVMIjBgCIU9d0XAr	1.000000	2087	1
136931	Κάλβιος	1	2114	Κάλβιος	Κ25	25	1.000000	Κάλβιος	Κ25	348.3	ngUB6C081WLk2VBkgUt80DBlYUtJkChDJWMe2YBk	1.000000	2114	1
136933	Κάληρος	3	2116	Κάληρος	Κ27	27	1.000000	Κάληρος	Κ27	348.11	ngWD6E283XtmhXDKiXF04FDvAXvLmEjFLXughADK	1.000000	2116	1
136934	Καλήσια	4	2117	Καλησία	Κ28	28	1.000000	Καλησία	Κ28	348.15	ngXE6F384Xun8YErjYw1hGECBYQMnFkGMXvh8BEr	1.000000	2117	1
136935	Καλλάτηβος	5	2118	Καλλάτηβος	Κ29	29	1.000000	Καλλάτηβος	Κ29	348.17	ngYF6G485ZPojZFUkAR2kHFDCARNoGlHNZQijCFU	1.000000	2118	1
136940	Καλλιόπη	4	2327	Καλλιόπη	Κ33	33	1.000000	Καλλιόπη	Κ33	349.12	ngCJ6w889Cps9DJaoD96mLJbGDbRsKpxRC8m9GJa	1.000000	2327	1
136941	Καλλίπολις	5	2328	Καλλίπολις	Κ34	34	1.000000	Καλλίπολις	Κ34	349.14	ngDK6x980DUtnEKVpFM7oMKyHFWStLqySDVnnHKV	1.000000	2328	1
136942	Κάλπη	6	2329	Κάλπη	Κ35	35	1.000000	Κάλπη	Κ35	349.18	ngEL7y081ELuoFLcqE182NLdIFdTuMrzTEMooILc	1.000000	2329	1
136944	Κάλυδνα		2331	Κάλυδνα	Κ37	37	1.000000	Κάλυδνα	Κ37	350.6	ngGN7w283INwqHNOsGP0rPNxKHfVwOtxVIOqqKNO	1.000000	2331	1
136945	Κάλυμνα		2333	Κάλυμνα	Κ39	39	1.000000	Κάλυμνα	Κ39	350.12	ngIP7y485JvysJPWuKB2tRPNMJBXyQvzXJ4ssMPW	1.000000	2333	1
136946	Κάλυνδα		2334	Κάλυνδα	Κ40	40	1.000000	Κάλυνδα	Κ40	350.16	ngJQ7z586Jwz5KQJvJS39SQaNKiYzRwaYJ5t5NQJ	1.000000	2334	1
136947	Κάλυτις		2335	Κάλυτις	Κ41	41	1.000000	Κάλυτις	Κ41	350.18	ngKR7a687LBa7LRYwL74uTRZOKDZaSxbZLCu7ORY	1.000000	2335	1
136948	Καμάρα	1	2336	Καμάρα	Κ42	42	1.000000	Καμάρα	Κ42	351.1	ngLS7b788LSbyMSfxM85wUSgPNEAbTycALTvyPSf	1.000000	2336	1
136949	Καμαρηνοί	2	2337	Καμαρηνοί	Κ43	43	1.000000	Καμαρηνοί	Κ43	351.3	ngMT7c889Mjc8NTYyM963VTZQOFBcUzdBMkw8QTY	1.000000	2337	1
136951	Καμάρινα	4	2339	Καμάρινα	Κ45	45	1.000000	Καμάρινα	Κ45	351.8	ngOV8e081OFe0PVKaOX80XVBSPHDeWbfDOGy0SVK	1.000000	2339	1
136953	Καμικός	6	2341	Καμικός	Κ47	47	1.000000	Καμικός	Κ47	351.13	ngQX8C283Rdg7RXIcSJ0aZXFUQJFgYdDFR2a7UXI	1.000000	2341	1
136956	Κάμπος		2344	Κάμπος	Κ50	50	1.000000	Κάμπος	Κ50	352.3	ngTA8L586TKjdUABfTM37CAMXVCH7B6eITBddXAH	1.000000	2344	1
136958	Κάναι		2346	Κάναι	Κ52	52	1.000000	Κάναι	Κ52	352.7	ngVC8t788XMl8WCRhXE5hECSZXOKlDiuKXNf8ZCR	1.000000	2346	1
136962	Κάνδαρα		2457	Κάνδαρα	Κ55	55	1.000000	Κάνδαρα	Κ55	354.1	ngYF9w081Yvo4ZFCkYx83HFZCZxNoGlxNYwi4CFC	1.000000	2457	1
136963	Κανδύβα		2458	Κάνδυβα	Κ56	56	1.000000	Κάνδυβα	Κ56	354.4	ngZG9x182Zmp6AGRlA29kIGuDBSOpHmyOZ1j6DGR	1.000000	2458	1
136976	Καππαδοκία		2470	Καππαδοκία	Κ68	68	1.000000	Καππαδοκία	Κ68	356.12	ngPW0H384Pcf3QWjbP414YWkTQIEfXcIEP3z3TWj	1.000000	2470	1
136981	Κάρανα	5	2475	Κάρανα	Κ73	73	1.000000	Κάρανα	Κ73	357.11	ngUB0M889ULkeVBMgVN68DBNYUtJkChNJUMeeYBM	1.000000	2475	1
136982	Καῤβανίς	6	2476	Καρβανίς	Κ74	74	1.000000	Καρβανίς	Κ74	357.13	ngVC0H980XMl4WCZhWu79ECqZGOJ1DiqKXDf9ZCH	1.000000	2476	1
136987	Καρόπολις	1	2495	Καρόπολις	Κ93	93	1.000000	Καρόπολις	Κ93	361.1	ngOV2K889OVe1PVAaOX6aXVDSPHDeWbLDOWy1SVA	1.000000	2495	1
136991	Κάσιον		2605	Κάσιον	Κ105	105	1.000000	Κάσιον	Κ105	363.18	ngAH4E081Axq2BHMmBJ85JHBEAzPqInFPAyk2EHM	1.000000	2605	1
136992	Κασμένη		2606	Κασμένη	Κ106	106	1.000000	Κασμένη	Κ106	364.1	ngBI4F182BornCIvnBa9lKIGFBUQrJoGQB1lnFIv	1.000000	2606	1
136993	Κάσος		2607	Κάσος	Κ107	107	1.000000	Κάσος	Κ107	364.3	ngCJ4G283CTsnDJOoCb0pLJLGDbRsKpHRCUmnGJO	1.000000	2607	1
136995	Κάσπειρος		2609	Κάσπειρος	Κ109	109	1.000000	Κάσπειρος	Κ109	364.10	ngEL4E485GVupFLWqGN25NLvIEdTuMrFTGWopILW	1.000000	2609	1
136999	Καστάβαλα	2	2616	Καστάβαλα	Κ116	116	1.000000	Καστάβαλα	Κ116	366.3	ngLS5X182MibwMSXxLU94USkPLkAbTyYAMjvwPSX	1.000000	2616	1
137000	Κασταλία	3	2617	Κασταλία	Κ117	117	1.000000	Κασταλία	Κ117	366.6	ngMT5Y283MzcxNTAyOV07VTdQMlBcUzZBM2wxQTA	1.000000	2617	1
137003	Κασταξ	6	2620	Κάσταξ	Κ120	120	1.000000	Κάσταξ	Κ120	366.15	ngPW5B586PWf7QWHbQ638YWgTQoEfXcCEPXz7TWH	1.000000	2620	1
137027	Καφηρεύς		3086	Καφηρεύς	Κ141	141	1.000000	Καφηρεύς	Κ141	370.12	ngKR7a687LBa7LRYwLj49TRbOKjZaSxbZLCu7ORY	1.000000	3086	1
137028	Κάφυαι		3087	Καφύαι	Κ142	142	1.000000	Καφύαι	Κ142	370.15	ngLS7b788LSbyMSfxM85yUSUPLkAbTycALTvyPSf	1.000000	3087	1
137029	Κάψα		3088	Κάψα	Κ143	143	1.000000	Κάψα	Κ143	370.18	ngMT7c889Mjc8NTYyNF6wVTFQMlBcUzdBMkw8QTY	1.000000	3088	1
137031	Κεβρηνία		3090	Κεβρηνία	Κ145	145	1.000000	Κεβρηνία	Κ145	371.3	ngOV8e081OFe0PVKaOX8bXVDSQHDeWbfDOGy0SVK	1.000000	3090	1
137033	Κεκρυφάλεια		3258	Κεκρυφάλεια	Κ151	151	1.000000	Κεκρυφάλεια	Κ151	372.1	ngUB8s687VhkhVBogVt40DBlYVtJkChtJV6ehYBo	1.000000	3258	1
137035	Κέλαιθοι		3260	Κέλαιθοι	Κ153	153	1.000000	Κέλαιθοι	Κ153	372.6	ngWD8u889XDm8XDKiYF69FDBAYPLmEjvLXEg8ADK	1.000000	3260	1
137036	Κέλαιθρα		3261	Κελαίθρα	Κ154	154	1.000000	Κελαίθρα	Κ154	372.8	ngXE8v980YEn4YEJjXQ7iGEGBXwMnFkwMYFh4BEJ	1.000000	3261	1
137046	Κόρινθος	6	3269	Κόρινθος	Κ161	161	1.000000	Κόρινθος	Κ161	373.15	ngHO9b980IOxuIOPtH07tQOcLHAWxPucWIPruLOP	1.000000	3269	1
137047	Κόρινθος		3269	Κόρινθος	Κ161	161	1.000000	Κόρινθος	Κ161	373.15	ngHO9b980IOxuIOPtH07tQOcLHAWxPucWIPruLOP	1.000000	3269	1
137054	Κορομάνη		3276	Κορομάνη	Κ168	168	1.000000	Κορομάνη	Κ168	375.3	ngSZ0K687Spi7TZmeSB4fBZFWULHiAfLHSqc7WZm	1.000000	3276	1
137055	Κόροντα		3278	Κόροντα	Κ169	170	1.000000	Κόροντα	Κ169	375.6	ngTA0n788VAjgUAjfUC5fCAYXEMH1BgsIT7d0XAB	1.000000	3278	1
137056	Κορόπη		3277	Κορόπη	Κ170	169	1.000000	Κορόπη	Κ170	375.8	ngUB0M889ULkeVBMgVN6hDBJYVNJkChNJUMeeYBM	1.000000	3277	1
137059	Κορυδαλλός		3284	Κορυδαλλός	Κ176	176	1.000000	Κορυδαλλός	Κ176	377.1	ngAH1A485BRqmBHImA52mJHPELTOnInFPAyk5EHA	1.000000	3284	1
137062	Κορυφασίον		3287	Κορυφάσιον	Κ179	179	1.000000	Κορυφάσιον	Κ179	377.8	ngDK1D788DKt1EKVpFM57MKuHEcStLqESDLn1HKV	1.000000	3287	1
137064	Κορώνη		3289	Κορώνη	Κ181	181	1.000000	Κορώνη	Κ181	378.1	ngFM1B980HMv3GMJrFe7sOMSJGYUvNsCUHNp3JMJ	1.000000	3289	1
137065	Κοσιᾶνα		3290	Κοσίανα	Κ182	182	1.000000	Κοσίανα	Κ182	378.6	ngGN2G081GXw5HNYsH18rPNVKHZVwOtHVGYq5KNY	1.000000	3290	1
137067	Κοσσαῖα		3292	Κοσσαία	Κ184	184	1.000000	Κοσσαία	Κ184	378.11	ngIP2E283KZyvJPQuIB0sRPNMIBXyQvFXKAsvMPQ	1.000000	3292	1
137071	Κοτιαεῖον	1	3496	Κοτιάειον	Κ188	188	1.000000	Κοτιάειον	Κ188	379.3	ngMT2I687NDczNTMyMF4xVTZQOFBcUzJBNEwzQTM	1.000000	3496	1
137075	Κοτύωρα	5	3500	Κοτύωρα	Κ192	192	1.000000	Κοτύωρα	Κ192	379.15	ngQX3I081SXg3RXkcQ185ZXJUQpFgYdJFSYa3UXk	1.000000	3500	1
137080	Κοχλιοῦσα		3505	Κοχλίουσα	Κ197	197	1.000000	Κοχλίουσα	Κ197	380.10	ngVC3Z586XCl9WCHhXO39ECuZVuKlDiAKXDf9ZCH	1.000000	3505	1
137083	Κραδή		3508	Κράδη	Κ200	200	1.000000	Κράδη	Κ200	380.21	ngYF3C889ZPo1ZFMkAR60HFLCZRNoGlDNZQi1CFM	1.000000	3508	1
137084	Κράμβουσα		3509	Κράμβουσα	Κ201	201	1.000000	Κράμβουσα	Κ201	380.23	ngZG3D980AGp2AGtlZ079IGSDZyOpHmEOAHj2DGt	1.000000	3509	1
137086	Κρανάη	1	3511	Κραναή	Κ203	203	1.000000	Κραναή	Κ203	381.3	ngBI4F182BornCIvnBK96KIGFBUQrJoGQB1lnFIv	1.000000	3511	1
137087	Κρανεία	2	3512	Κράνεια	Κ204	204	1.000000	Κράνεια	Κ204	381.13	ngCJ4G283CTsnDJOoCb0pLJbGCbRsKpHRCUmnGJO	1.000000	3512	1
137088	Κρανίδες	3	3513	Κρανίδες	Κ205	205	1.000000	Κρανίδες	Κ205	381.16	ngDK4H384DKtpEKDpFM1oMKyHDWStLqISDLnpHKD	1.000000	3513	1
137089	Κράνιοι	4	3514	Κράνιοι	Κ206	206	1.000000	Κράνιοι	Κ206	381.18	ngEL4E485GVupFLWqGN26NLRIFXTuMrFTGWopILW	1.000000	3514	1
137092	Κραστός		3517	Κραστός	Κ209	209	1.000000	Κραστός	Κ209	382.13	ngHO4H788IuxtIOZtJQ5tQOcLIAWxPuIWI7rtLOZ	1.000000	3517	1
137093	Κρέμη		3518	Κρέμη	Κ210	210	1.000000	Κρέμη	Κ210	382.19	ngIP4I889Ivy9JPyuJR68RPFMJBXyQvJXI8s9MPy	1.000000	3518	1
137096	Κρεύσις	2	3520	Κρεῦσις	Κ212	212	1.000000	Κρεῦσις	Κ212	383.6	ngKR5W081LRauLRewL18vTRPOLDZaSxXZLSuuORe	1.000000	3520	1
137103	Κρητίνια		3526	Κρητινία	Κ218	218	1.000000	Κρητινία	Κ218	384.13	ngQX5C687Qng8RXocQp46ZXVUSJFgYdDFQoa8UXo	1.000000	3526	1
137109	Κροκέαι	5	3532	Κροκέαι	Κ224	224	1.000000	Κροκέαι	Κ224	385.13	ngWD6E283XtmhXDKiXF03FDPAWvLmEjFLXughADK	1.000000	3532	1
137110	Κροκοδειλῶν πόλις	6	3533	Κροκοδείλων πόλις	Κ225	225	1.000000	Κροκοδείλων πόλις	Κ225	385.16	ngXE6F384Xun8YErjYG18GEoBXwMnFkGMXvh8BEr	1.000000	3533	1
137120	Κρυα		3542	Κρύα	Κ234	234	1.000000	Κρύα	Κ234	387.13	ngGN7w283INwqHNOsGf03PNZKGfVwOtxVIOqqKNO	1.000000	3542	1
137126	Κτησιφών		3548	Κτησιφῶν	Κ240	240	1.000000	Κτησιφῶν	Κ240	388.15	ngMT7c889Mjc8NTYyMl60VTNQMlBcUzdBMkw8QTY	1.000000	3548	1
137129	Κύαλος		3550	Κύαλος	Κ242	242	1.000000	Κύαλος	Κ242	389.3	ngOV8e081OFe0PVKaOX82XVPSOnDeWbfDOGy0SVK	1.000000	3550	1
137131	Κυβάσσος		3552	Κυβασσός	Κ244	244	1.000000	Κυβασσός	Κ244	389.7	ngQX8C283Rdg7RXIcSZ06ZXVUSJFgYdDFR2a7UXI	1.000000	3552	1
137132	Κυβέλεια		3553	Κυβέλεια	Κ245	245	1.000000	Κυβέλεια	Κ245	389.9	ngRY8D384TIh8SYpdR413AYEVTKGhZeEGTJb8VYp	1.000000	3553	1
137134	Κυδαθηναιον		3555	Κυδαθήναιον	Κ247	247	1.000000	Κυδαθήναιον	Κ247	390.1	ngTA8L586TKjdUABfTM37CAoXVCHfB6eITBddXAH	1.000000	3555	1
137135	Κυδαντιδαι		3556	Κυδαντίδαι	Κ248	248	1.000000	Κυδαντίδαι	Κ248	390.5	ngUB8s687VhkhVBogWN4gDBZYWNJkChtJV6ehYBo	1.000000	3556	1
137136	Κυδνα		3557	Κύδνα	Κ249	249	1.000000	Κύδνα	Κ249	390.8	ngVC8t788XMl8WCRhW85iECqZVOKlDiuKXNf8ZCR	1.000000	3557	1
137138	Κυδραρα		3559	Κύδραρα	Κ251	251	1.000000	Κύδραρα	Κ251	390.12	ngXE8v980YEn4YEJjXQ7hGEGBXwMnFkwMYFh4BEJ	1.000000	3559	1
137140	Κυδωνια		3561	Κυδωνία	Κ253	253	1.000000	Κυδωνία	Κ253	390.17	ngZG9x182Zmp6AGRlBI9jIGIDZyOpHmyOZ1j6DGR	1.000000	3561	1
137142	Κύζικος		7210	Κύζικος	Κ254	254	1.000000	Κύζικος	Κ254	391.4	ngAH9y283ARq6BHMmA306JHvECTPqInzPASk6EHM	1.000000	7210	1
137143	Κύθηρα		7211	Κύθηρα	Κ255	255	1.000000	Κύθηρα	Κ255	391.12	ngBI9z384BIr8CIBnDK14KIGFDUQrJoaQBJl8FIB	1.000000	7211	1
137144	Κύθηρος		7212	Κύθηρος	Κ256	256	1.000000	Κύθηρος	Κ256	391.17	ngCJ9w485ETs8DJYoCb28LJxGEVRsKpxREUm8GJY	1.000000	7212	1
137146	Κυκνίτις		7214	Κυκνῖτις	Κ258	258	1.000000	Κυκνῖτις	Κ258	392.5	ngEL9y687FbuqFLMqFN47NLNIEdTuMrzTFcoqILM	1.000000	7214	1
137148	Κυλλήνη		7216	Κυλλήνη	Κ260	260	1.000000	Κυλλήνη	Κ260	392.9	ngGN9a889HXwsHNwsHf6qPNxKGfVwOtbVHYqsKNw	1.000000	7216	1
137149	Κύμη		7217	Κύμη	Κ261	261	1.000000	Κύμη	Κ261	392.17	ngHO9b980IOxuIOPtH071QOgLHgWxPucWIPruLOP	1.000000	7217	1
137151	Κυνέτεια	2	7219	Κυνέτεια	Κ263	263	1.000000	Κυνέτεια	Κ263	393.7	ngNU0F182OUd2OUJzO29aWUGRNmCdVaGCOVx2RUJ	1.000000	7219	1
137152	Κυνή	3	7220	Κυνή	Κ264	264	1.000000	Κυνή	Κ264	393.10	ngOV0G283Ple4PVCaOn07XVXSPnDeWbHDPmy4SVC	1.000000	7220	1
137153	Κυνητικόν	4	7221	Κυνητικόν	Κ265	265	1.000000	Κυνητικόν	Κ265	393.12	ngPW0H384Pcf3QWjbPo1bYWoTQoEfXcIEP3z3TWj	1.000000	7221	1
137154	Κύνθος	5	7222	Κύνθος	Κ266	266	1.000000	Κύνθος	Κ266	393.15	ngQX0I485RHg5RXYcR529ZXVUSJFgYdJFRIa5UXY	1.000000	7222	1
137155	Κύννα	6	7223	Κύννα	Κ267	267	1.000000	Κύννα	Κ267	393.18	ngRY0J586RYh5SYVdRA3eAYKVRqGhZeKGRZb5VYV	1.000000	7223	1
137156	Κύνος	7	7224	Κῦνος	Κ268	268	1.000000	Κῦνος	Κ268	393.20	ngSZ0K687Spi7TZmeSr46BZPWSLHiAfLHSqc7WZm	1.000000	7224	1
137157	Κυνόσαργες	8	7225	Κυνόσαργες	Κ269	269	1.000000	Κυνόσαργες	Κ269	393.24	ngTA0n788VAjgUArfUM51CAIXEMH1BgsIT7d2XAX	1.000000	7225	1
137160	Κυνὸς κεφαλαί		7226	Κυνὸς κεφαλαί	Κ270	270	1.000000	Κυνὸς κεφαλαί	Κ270	394.6	ngUB0M889ULkeVBMgU96eDBHYUNJkChNJUMeeYBM	1.000000	7226	1
137163	Κύνουρα		7229	Κύνουρα	Κ273	273	1.000000	Κύνουρα	Κ273	394.14	ngXE1B182ZOn2YEXjYQ95GEMBIQL1FksMYFhkBEB	1.000000	7229	1
137165	Κυνῶν πόλις		7231	Κυνῶν πόλις	Κ275	275	1.000000	Κυνῶν πόλις	Κ275	394.20	ngZG1V384BQp6AGZlBS14IGMDKSNlHmuOA3jmDGt	1.000000	7231	1
137169	Κυπάρισσος	2	7236	Κυπάρισσος	Κ280	280	1.000000	Κυπάρισσος	Κ280	395.6	ngEL1E889Ebu3FLMqGN6pNLXIFdTuMrFTEco3ILM	1.000000	7236	1
137172	Κύπρος	5	7239	Κύπρος	Κ283	283	1.000000	Κύπρος	Κ283	395.15	ngHO2D182IuxtIOxtIQ9tQOILHgWxPuEWI1rtLOx	1.000000	7239	1
137173	Κύπρος	1	7239	Κύπρος	Κ283	283	1.000000	Κύπρος	Κ283	395.15	ngHO2D182IuxtIOxtIQ9tQOILHgWxPuEWI1rtLOx	1.000000	7239	1
137175	Κύρις		7246	Κύρις	Κ290	290	1.000000	Κύρις	Κ290	397.1	ngOV2K889OVe1PVAaOH63XVDSQHDeWbLDOWy1SVA	1.000000	7246	1
137181	Κυτέριον		7255	Κυτέριον	Κ299	299	1.000000	Κυτέριον	Κ299	399.4	ngXE3B788Ykn1YETjYG50GEKBXQMnFkCMY7h1BET	1.000000	7255	1
137182	Κύτινα		7256	Κύτινα	Κ300	300	1.000000	Κύτινα	Κ300	399.7	ngYF3C889ZPo1ZFMkAH6iHFRCYxNoGlDNZQi1CFM	1.000000	7256	1
137184	Κύτωρος		7258	Κύτωρος	Κ302	302	1.000000	Κύτωρος	Κ302	399.12	ngAH4E081Axq2BHMmA185JHFEATPqInFPAyk2EHM	1.000000	7258	1
137190	Κῶπαί	3	7268	Κῶπαι	Κ312	312	1.000000	Κῶπαι	Κ312	401.12	ngKR5W081LRauLRewLT83TRZOMDZaSxXZLSuuORe	1.000000	7268	1
137191	Κῶρυκος	4	7269	Κώρυκος	Κ313	313	1.000000	Κώρυκος	Κ313	401.18	ngLS5X182MibwMSXxLU91USkPMkAbTyYAMjvwPSX	1.000000	7269	1
137197	Λαβίνιον		7636	Λαβίνιον	Λ5	5	1.000000	Λαβίνιον	Λ5	405.3	ngUB6C081WLk2VBkgUD82DBRYWNJkChDJWMe2YBk	1.000000	7636	1
137200	Λάγινα		7639	Λάγινα	Λ8	8	1.000000	Λάγινα	Λ8	405.11	ngXE6F384Xun8YErjY417GEsBXQMnFkGMXvh8BEr	1.000000	7639	1
137204	Λάδη		7643	Λάδη	Λ12	12	1.000000	Λάδη	Λ12	406.3	ngBI6v788Byr8CIXnBK59KIKFCaQrJowQBzl8FIX	1.000000	7643	1
137205	Λαδισακίτης κόλπος		7644	Λαδισακίτης κόλπος	Λ13	13	1.000000	Λαδισακίτης κόλπος	Λ13	406.5	ngCJ6w889Cps9DJaoDL6pLJxGEVRsKpxRC8m9GJa	1.000000	7644	1
137210	Λαιστρυγόνες		8027	Λαιστρυγόνες	Λ18	18	1.000000	Λαιστρυγόνες	Λ18	406.15	ngHO7x384IOx8IOHtHQ17QOcLJAWxPuyWIPr8LOH	1.000000	8027	1
137211	Λακεδαίμων		8028	Λακεδαίμων	Λ19	19	1.000000	Λακεδαίμων	Λ19	406.18	ngIP7y485JvysJPWuJ524RPFMIBXyQvzXJ4ssMPW	1.000000	8028	1
137212	Σπάρτη		41970	Σπάρτη	Σ259	259	1.000000	Σπάρτη	Σ259	583.15	ngWD6E283XtmhXDKiW30hFDLAYPLmEjFLXughADK	1.000000	41970	1
137213	Λακερεία	1	51392	Λακέρεια	Λ20	20	1.000000	Λακέρεια	Λ20	408.8	ngJQ7z586Jwz5KQJvJi3uSQWNLCYzRwaYJ5t5NQJ	1.000000	51392	1
137227	Λάμψακος		8030	Λάμψακος	Λ34	34	1.000000	Λάμψακος	Λ34	410.16	ngXE8v980YEn4YEFjZG74GEGBXwMnFkwMYFh4BEF	1.000000	8030	1
137228	Λάμψος		8031	Λάμψος	Λ35	35	1.000000	Λάμψος	Λ35	410.25	ngYF9w081Yvo4ZFCkY180HFtCZRNoGlxNYwi4CFC	1.000000	8031	1
137231	Λαοδίκεια	3	8033	Λαοδίκεια	Λ37	37	1.000000	Λαοδίκεια	Λ37	411.7	ngAH9y283ARq6BHMmBT0kJHTEAzPqInzPASk6EHM	1.000000	8033	1
137233	Λαουντιον		8423	Λαούντιον	Λ39	39	1.000000	Λαούντιον	Λ39	412.1	ngCJ9w485ETs8DJYoC52mLJZGEVRsKpxREUm8GJY	1.000000	8423	1
137235	Λαπηθος		8425	Λάπηθος	Λ41	41	1.000000	Λάπηθος	Λ41	412.6	ngEL9y687FbuqFLMqFN46NLRIEXTuMrzTFcoqILM	1.000000	8425	1
137236	Λαπιθη		8034	Λαπίθη	Λ42	42	1.000000	Λαπίθη	Λ42	412.9	ngFM9z788GsvsGMBrHO5pOMKJFYUvNsaUG7psJMB	1.000000	8034	1
137238	Λαρινα		8036	Λάρινα	Λ44	44	1.000000	Λάρινα	Λ44	412.16	ngHO9b980IOxuIOPtH070QOgLHgWxPucWIPruLOP	1.000000	8036	1
137260	Λιμήν		8438	Λιμήν	Λ68	68	1.000000	Λιμήν	Λ68	417.7	ngJQ2F384KQzvKQhvKS17SQKNKiYzRwGYKRtvNQh	1.000000	8438	1
137261	Λιμναία		8439	Λιμναία	Λ69	69	1.000000	Λιμναία	Λ69	417.9	ngKR2G485LhaxLRawK52wTRZOMDZaSxHZLiuxORa	1.000000	8439	1
137262	Λίμναι		8440	Λίμναι	Λ70	70	1.000000	Λίμναι	Λ70	417.11	ngLS2H586LybxMSTxME36USQPLEAbTyIAL5vxPST	1.000000	8440	1
137265	Λίνδος		8895	Λίνδος	Λ73	73	1.000000	Λίνδος	Λ73	417.19	ngOV2K889OVe1PVAaOH62XVfSOnDeWbLDOWy1SVA	1.000000	8895	1
137266	Λῖνον		8896	Λίνον	Λ74	74	1.000000	Λίνον	Λ74	418.1	ngPW2L980Pmf4QWDbQI7aYWETPIEfXcMEPnz4TWD	1.000000	8896	1
137267	Λίξα		8897	Λίξα	Λ75	75	1.000000	Λίξα	Λ75	418.4	ngQX3I081SXg3RXkcRZ82ZXJURpFgYdJFSYa3UXk	1.000000	8897	1
137268	Λίπαξος		8898	Λίπαξος	Λ76	76	1.000000	Λίπαξος	Λ76	418.7	ngRY3N182RIh5SYZdTK96AYAVSqGhZeOGRJb5VYZ	1.000000	8898	1
137270	Λιρνύτεια		8900	Λιρνύτεια	Λ78	78	1.000000	Λιρνύτεια	Λ78	418.11	ngTA3L384VKj7UALfVM1gCAIXTMIjBgMIVLd7XAL	1.000000	8900	1
137271	Λίσσος		8901	Λίσσος	Λ79	79	1.000000	Λίσσος	Λ79	418.13	ngUB3Y485WBkgVBCgVN2eDBZYWNJkChZJWCegYBC	1.000000	8901	1
137272	Λιταί		8902	Λιταί	Λ80	80	1.000000	Λιταί	Λ80	418.15	ngVC3Z586XCl9WClhVO37ECOZVuKlDiAKXDf9ZCl	1.000000	8902	1
137274	Λογγώνη		8904	Λογγώνη	Λ82	82	1.000000	Λογγώνη	Λ82	418.19	ngXE3B788Ykn1YETjYG50GEwBYwMnFkCMY7h1BET	1.000000	8904	1
137276	Λοκροί Ἐπιζεφύριοι		8442	Λοκροὶ Ἐπιζεφύριοι	Λ84	84	1.000000	Λοκροὶ Ἐπιζεφύριοι	Λ84	419.3	ngZG3D980AGp2AGtlAS71IGADAyOpHmEOAHj2DGt	1.000000	8442	1
137280	Λουσία		8446	Λουσιά	Λ88	88	1.000000	Λουσιά	Λ88	419.13	ngDK4H384DKtpEKHpDW1nMKAHDWStLqISDLnpHKH	1.000000	8446	1
137282	Λουσοί		8448	Λουσοί	Λ90	90	1.000000	Λουσοί	Λ90	419.17	ngFM4F586HMvqGMdrGY38OMCJGYUvNsGUHNpqJMd	1.000000	8448	1
137285	Λύγξ		8450	Λύγξ	Λ92	92	1.000000	Λύγξ	Λ92	420.6	ngHO4H788IuxtIOZtJQ57QOULJAWxPuIWI7rtLOZ	1.000000	8450	1
137286	Λυδία		8451	Λυδία	Λ93	93	1.000000	Λυδία	Λ93	420.9	ngIP4I889Ivy9JPyuJh6uRPVMJBXyQvJXI8s9MPy	1.000000	8451	1
137288	Λύκαια		8453	Λύκαια	Λ95	95	1.000000	Λύκαια	Λ95	420.13	ngKR5W081LRauLRewLT85TRHOKDZaSxXZLSuuORe	1.000000	8453	1
137289	Λυκαονία		8454	Λυκαονία	Λ96	96	1.000000	Λυκαονία	Λ96	420.16	ngLS5X182MibwMSXxLU92USgPNEAbTyYAMjvwPSX	1.000000	8454	1
137292	Λυκεῖον	3	8457	Λύκειον	Λ99	99	1.000000	Λυκεῖον	Λ99	421.8	ngOV5A485OVeyPVAaPX2bXVBSOHDeWbBDOWyySVA	1.000000	8457	1
137293	Λυκία	4	8458	Λυκία	Λ100	100	1.000000	Λυκία	Λ100	421.10	ngPW5B586PWf7QWHbQo35YWgTQoEfXcCEPXz7TWH	1.000000	8458	1
137297	Λυκοσθένη	8	8462	Λυκοσθένη	Λ104	104	1.000000	Λυκοσθένη	Λ104	421.19	ngTA5B980Ugj0UArfUs7dCAQXTMIjBgCIU9d0XAr	1.000000	8462	1
137298	Λυκόσουρα		8463	Λυκόσουρα	Λ105	105	1.000000	Λυκόσουρα	Λ105	422.3	ngUB6C081WLk2VBkgUD83DBpYVNJkChDJWMe2YBk	1.000000	8463	1
137299	Λύκτος		8464	Λύκτος	Λ106	106	1.000000	Λύκτος	Λ106	422.5	ngVC6D182WCl2WCDhWE9iECKZVOKlDiEKWDf2ZCD	1.000000	8464	1
137301	Λυκώνη		8466	Λυκώνη	Λ108	108	1.000000	Λυκώνη	Λ108	422.12	ngXE6F384Xun8YErjY416GEUBYQMnFkGMXvh8BEr	1.000000	8466	1
137302	Λυκώρεια		8467	Λυκώρεια	Λ109	109	1.000000	Λυκώρεια	Λ109	422.15	ngYF6G485ZPojZFUkZx29HFtCZRNoGlHNZQijCFU	1.000000	8467	1
137303	Λύλῃ		8468	Λύλη	Λ110	110	1.000000	Λύλη	Λ110	422.19	ngZG6H586ZGpjAGNlBS3jIGMDZSOpHmIOZHjjDGN	1.000000	8468	1
137309	Λυχνίδος		8474	Λυχνιδός	Λ116	116	1.000000	Λυχνιδός	Λ116	423.14	ngFM7v182Gsv6GMvrG29pOMaJGYUvNswUG1p6JMv	1.000000	8474	1
137311	Λώρυμα		8476	Λώρυμα	Λ118	118	1.000000	Λώρυμα	Λ118	424.1	ngHO7x384IOx8IOHtHQ16QOELIAWxPuyWIPr8LOH	1.000000	8476	1
137312	Λώς		8477	Λῶς	Λ119	119	1.000000	Λῶς	Λ119	424.3	ngIP7y485JvysJPWuJ524RPdMKBXyQvzXJ4ssMPW	1.000000	8477	1
137316	Μαγία		8481	Μαγία	Μ3	3	1.000000	Μαγία	Μ3	424.12	ngMT7c889Mjc8NTYyMl62VTNQMlBcUzdBMkw8QTY	1.000000	8481	1
137319	Μαγνησία		8484	Μαγνησία	Μ6	6	1.000000	Μαγνησία	Μ6	424.19	ngPW8B182QcfcQWBbRI93YWETQIEfXcCEQ1zcTWB	1.000000	8484	1
137327	Μαΐα		8954	Μαῖα	Μ13	13	1.000000	Μαῖα	Μ13	425.18	ngWD8u889XDm8XDKiYP62FDFAXvLmEjvLXEg8ADK	1.000000	8954	1
137329	Μαιδοί	1	8956	Μαιδοί	Μ15	15	1.000000	Μαιδοί	Μ15	426.1	ngYF9w081Yvo4ZFCkY18lHFVCARNoGlxNYwi4CFC	1.000000	8956	1
137333	Μαιονία	5	8960	Μαιονία	Μ19	19	1.000000	Μαιονία	Μ19	426.13	ngCJ9w485ETs8DJYoCb29LJZGEVRsKpxREUm8GJY	1.000000	8960	1
137352	Μάλεα	8	8978	Μαλέα	Μ37	37	1.000000	Μαλέα	Μ37	429.16	ngYF1G283AFo7ZFUkZH06HFNCJRM3GlxNAGikCFG	1.000000	8978	1
137354	Μαλλάδα		8980	Μαλλάδα	Μ39	39	1.000000	Μαλλάδα	Μ39	430.1	ngAH1A485BRqmBHImAT25JHXELTOnInFPAyk5EHO	1.000000	8980	1
137355	Μαλλός		8981	Μαλλός	Μ40	40	1.000000	Μαλλός	Μ40	430.3	ngBI1B586BSr9CIJnC637KKmFB6PlJowQCJl8FIN	1.000000	8981	1
137356	Μαλόεις		8982	Μαλόεις	Μ41	41	1.000000	Μαλόεις	Μ41	430.6	ngCJ1U687Cps0DJGoC748LJHGNVQnKpDREUm6GJC	1.000000	8982	1
137357	Μαλοί		8983	Μαλοί	Μ42	42	1.000000	Μαλοί	Μ42	430.9	ngDK1D788DKt1EKVpFW5pMKEHDcStLqESDLn1HKV	1.000000	8983	1
137363	Μανδύριον		8989	Μανδύριον	Μ48	48	1.000000	Μανδύριον	Μ48	430.21	ngJQ2F384KQzvKQhvKS13SQGNKCYzRwGYKRtvNQh	1.000000	8989	1
137364	Μανήσιον		8990	Μανήσιον	Μ49	49	1.000000	Μανήσιον	Μ49	430.23	ngKR2G485LhaxLRawK526TRHOMDZaSxHZLiuxORa	1.000000	8990	1
137374	Μαράφιοι		9002	Μαράφιοι	Μ61	61	1.000000	Μαράφιοι	Μ61	432.8	ngWD3A687Xtm9XDAiYF49FDvAXvLmEjBLXug9ADA	1.000000	9002	1
137375	Μαράχη		9003	Μαράχη	Μ62	62	1.000000	Μαράχη	Μ62	432.9	ngXE3B788Ykn1YETjYG57GEKBYQMnFkCMY7h1BET	1.000000	9003	1
137376	Μάργαια		9004	Μάργαια	Μ63	63	1.000000	Μάργαια	Μ63	432.11	ngYF3C889ZPo1ZFMkAH6lHFVCZRNoGlDNZQi1CFM	1.000000	9004	1
137379	Μαρδόνες		9007	Μαρδόνες	Μ66	66	1.000000	Μαρδόνες	Μ66	432.17	ngBI4F182BornCIvnBU93KIUFCaQrJoGQB1lnFIv	1.000000	9007	1
137380	Μάρεια		9008	Μάρεια	Μ67	67	1.000000	Μάρεια	Μ67	432.19	ngCJ4G283CTsnDJOoCL07LJLGDbRsKpHRCUmnGJO	1.000000	9008	1
137382	Μαριάβα		9010	Μαρίαβα	Μ69	69	1.000000	Μαρίαβα	Μ69	433.1	ngEL4E485GVupFLAqEX29NLRIFXTuMrFTGWopILA	1.000000	9010	1
137384	Μαριανδυνία		9012	Μαριανδυνία	Μ71	71	1.000000	Μαριανδυνία	Μ71	433.5	ngGN4G687HdwrHNKsGP41PNbKGZVwOtHVHeqrKNK	1.000000	9012	1
137385	Μάριον		9013	Μάριον	Μ72	72	1.000000	Μάριον	Μ72	433.10	ngHO4H788IuxtIOZtJQ59QOALIgWxPuIWI7rtLOZ	1.000000	9013	1
137390	Μάσιον		9026	Μάσιον	Μ85	85	1.000000	Μάσιον	Μ85	435.9	ngUB6C081WLk2VBkgUD85DBZYUNJkChDJWMe2YBk	1.000000	9026	1
137393	Μασσαγέται		9029	Μασσαγέται	Μ88	88	1.000000	Μασσαγέται	Μ88	435.16	ngXE6F384Xun8YErjY414GEGBXwMnFkGMXvh8BEr	1.000000	9029	1
137394	Μασσαλία		9030	Μασσαλία	Μ89	89	1.000000	Μασσαλία	Μ89	435.18	ngYF6G485ZPojZFUkZx27HFNCYRNoGlHNZQijCFU	1.000000	9030	1
137403	Μάταυρος		9583	Μάταυρος	Μ97	97	1.000000	Μάταυρος	Μ97	437.3	ngGN7w283INwqHNOsGf05PNTKHZVwOtxVIOqqKNO	1.000000	9583	1
137405	Ματυκέται		9585	Ματυκέται	Μ99	99	1.000000	Ματυκέται	Μ99	437.8	ngIP7y485JvysJPWuJ527RPBMJhXyQvzXJ4ssMPW	1.000000	9585	1
137409	Μαυσωλοί		9589	Μαύσωλοι	Μ103	103	1.000000	Μαύσωλοι	Μ103	437.15	ngMT7c889Mjc8NTYyMl6zVTZQNFBcUzdBMkw8QTY	1.000000	9589	1
137410	Μαχαιρούς		9590	Μαχαιροῦς	Μ104	104	1.000000	Μαχαιροῦς	Μ104	437.17	ngNU7Z980PUdaOURzOG7zWUKROGCdVaACPVxaRUR	1.000000	9590	1
137411	Μεγάλῃ πόλις		9591	Μεγάλη πόλις	Μ105	105	1.000000	Μεγάλη πόλις	Μ105	437.20	ngOV8e081OFe0PVKaOX85XVPSOnDeWbfDOGy0SVK	1.000000	9591	1
137413	μέγαρα	2	9592	Μέγαρα	Μ106	106	1.000000	Μέγαρα	Μ106	438.13	ngPW8B182QcfcQWBbRI95YWMTQIEfXcCEQ1zcTWB	1.000000	9592	1
137415	Μεγαρικόν		9593	Μεγαρικόν	Μ107	107	1.000000	Μεγαρικόν	Μ107	439.12	ngQX8C283Rdg7RXIcSZ03ZXZURpFgYdDFR2a7UXI	1.000000	9593	1
137416	Μέγαρα		9592	Μέγαρα	Μ106	106	1.000000	Μέγαρα	Μ106	438.13	ngPW8B182QcfcQWBbRI95YWMTQIEfXcCEQ1zcTWB	1.000000	9592	1
137417	Μεγίστη		10211	Μεγίστη	Μ109	109	1.000000	Μεγίστη	Μ109	439.17	ngSZ8q485UZi4TZOeUL29BZHWSLHiAfrHUAc4WZO	1.000000	10211	1
137418	Μεδεών		10212	Μεδεών	Μ110	110	1.000000	Μεδεών	Μ110	439.19	ngTA8L586TKjdUABfTM37CAkXTCHfB6eITBddXAH	1.000000	10212	1
137419	Μεδιόλανιον		10213	Μεδιολάνιον	Μ111	111	1.000000	Μεδιολάνιον	Μ111	439.23	ngUB8s687VhkhVBogWN46DBRYWNJkChtJV6ehYBo	1.000000	10213	1
137429	Μελία	2	9606	Μελία	Μ126	126	1.000000	Μελία	Μ126	442.5	ngNU0F182OUd2OUJzO29yWUSRNGCdVaGCOVx2RUJ	1.000000	9606	1
137430	Μελιβόια	3	9607	Μελίβοια	Μ127	127	1.000000	Μελίβοια	Μ127	442.7	ngOV0G283Ple4PVCaOn04XVjSOHDeWbHDPmy4SVC	1.000000	9607	1
137432	Μέλινα	5	9609	Μέλινα	Μ129	129	1.000000	Μέλινα	Μ129	442.11	ngQX0I485RHg5RXYcSJ2aZXlUQJFgYdJFRIa5UXY	1.000000	9609	1
137433	Μελινοφάγοι	6	9610	Μελινοφάγοι	Μ130	130	1.000000	Μελινοφάγοι	Μ130	442.13	ngRY0J586RYh5SYVdRA37AYOVTKGhZeKGRZb5VYV	1.000000	9610	1
137434	Μέλισσα	7	9611	Μέλισσα	Μ131	131	1.000000	Μέλισσα	Μ131	442.15	ngSZ0K687Spi7TZmeSr49BZFWSLHiAfLHSqc7WZm	1.000000	9611	1
137435	Μελίταια	1	9612	Μελίταια	Μ132	132	1.000000	Μελίταια	Μ132	443.1	ngTA0n788VAjgUArfTC50CAQXEMH1BgsIT7d2XAL	1.000000	9612	1
137436	Μελίτη	2	9613	Μελίτη	Μ133	133	1.000000	Μελίτη	Μ133	443.6	ngUB0M889ULkeVBMgUt63DBNYUtJkChNJUMeeYBM	1.000000	9613	1
137437	Μελιτηνή	3	9614	Μελιτηνή	Μ134	134	1.000000	Μελιτηνή	Μ134	443.10	ngVC0H980XMl4WCZhVO73ECAZGOJ1DiqKXDf9ZCJ	1.000000	9614	1
137438	Μελίτουσα	4	9615	Μελίτουσα	Μ135	135	1.000000	Μελίτουσα	Μ135	443.14	ngWD1m081YDm3XDOiYF8hFDTAHPK3EjvLX0ghADu	1.000000	9615	1
137441	Μέμφις		9617	Μέμφις	Μ137	137	1.000000	Μέμφις	Μ137	444.7	ngYF1G283AFo7ZFUkZ30lHFLCJRM3GlxNAGikCFo	1.000000	9617	1
137442	Μέμνονες		9618	Μέμνονες	Μ138	138	1.000000	Μέμνονες	Μ138	444.10	ngZG1V384BQp6AGDlZy1lIGODKSNlHmuOA3j3DGV	1.000000	9618	1
137443	Μενάι		9619	Μεναί	Μ139	139	1.000000	Μεναί	Μ139	444.12	ngAH1A485BRqmBHEmCJ25JHXELTOnInFPAyk4EHy	1.000000	9619	1
137447	Μενεκίνη		9623	Μενεκίνη	Μ143	143	1.000000	Μενεκίνη	Μ143	445.1	ngEL1E889Ebu3FLMqGN68NLJIGXTuMrFTEco3ILM	1.000000	9623	1
137448	Μενέλαος		9624	Μενέλαος	Μ144	144	1.000000	Μενέλαος	Μ144	445.3	ngFM1B980HMv3GMJrFe72OMUJFYUvNsCUHNp3JMJ	1.000000	9624	1
137449	Μενουθίς		9625	Μένουθις	Μ145	145	1.000000	Μένουθις	Μ145	445.7	ngGN2G081GXw5HNYsIZ80PNTKHZVwOtHVGYq5KNY	1.000000	9625	1
137450	Μέντορες		9626	Μέντορες	Μ146	146	1.000000	Μέντορες	Μ146	445.11	ngHO2D182IuxtIOxtIA96QOMLHAWxPuEWI1rtLOx	1.000000	9626	1
137453	Μερόη		9629	Μερόη	Μ149	149	1.000000	Μερόη	Μ149	446.1	ngKR2G485LhaxLRawK525TRHOKDZaSxHZLiuxORa	1.000000	9629	1
137454	Μεροῦσιον		9630	Μερούσιον	Μ150	150	1.000000	Μερούσιον	Μ150	446.7	ngLS2H586LybxMSTxME30USgPLEAbTyIAL5vxPST	1.000000	9630	1
137455	Μερόψ		9631	Μέροψ	Μ151	151	1.000000	Μέροψ	Μ151	446.11	ngMT2I687NDczNTIyOF46VTVQNlBcUzJBNEwzQTI	1.000000	9631	1
137457	Μεσημβρία		9633	Μεσημβρία	Μ153	153	1.000000	Μεσημβρία	Μ153	446.15	ngOV2K889OVe1PVAaOH60XVfSOnDeWbLDOWy1SVA	1.000000	9633	1
137459	Μέσμα		9635	Μέσμα	Μ155	155	1.000000	Μέσμα	Μ155	446.25	ngQX3I081SXg3RXkcRZ8dZXFURJFgYdJFSYa3UXk	1.000000	9635	1
137461	Μεσοπόντιος		9637	Μεσοπόντιος	Μ157	157	1.000000	Μεσοπόντιος	Μ157	447.3	ngSZ3K283Tfi5TZWeSL05BZBWSrHiAfLHT2c5WZW	1.000000	9637	1
137475	Μέτηλις		9650	Μέτηλις	Μ170	170	1.000000	Μέτηλις	Μ170	449.4	ngFM4F586HMvqGMdrGO3pOMOJFeUvNsGUHNpqJMd	1.000000	9650	1
137477	Μηδια		10274	Μηδία	Μ172	172	1.000000	Μηδία	Μ172	449.8	ngHO4H788IuxtIOZtJQ59QOQLHgWxPuIWI7rtLOZ	1.000000	10274	1
137478	Μηθυμνα		10275	Μήθυμνα	Μ173	173	1.000000	Μήθυμνα	Μ173	449.16	ngIP4I889Ivy9JPyuJh6sRPNMKBXyQvJXI8s9MPy	1.000000	10275	1
137480	Μήνιγξ		10280	Μῆνιγξ	Μ178	178	1.000000	Μῆνιγξ	Μ178	451.1	ngNU5Z384OEdyOUhzOm1aWUAROGCdVaACOFxyRUh	1.000000	10280	1
137481	Μητρόπολις		10281	Μητρόπολις	Μ179	179	1.000000	Μητρόπολις	Μ179	451.3	ngOV5A485OVeyPVAaPX26XVTSOHDeWbBDOWyySVA	1.000000	10281	1
137482	Μιδάειον		10283	Μιδάειον	Μ181	181	1.000000	Μιδάειον	Μ181	451.11	ngQX5C687Qng8RXocQZ40ZXZURpFgYdDFQoa8UXo	1.000000	10283	1
137486	Μιλητοσ		10286	Μίλητος	Μ184	184	1.000000	Μίλητος	Μ184	452.7	ngTA5B980Ugj0UArfUs7fCAQXTMIjBgCIU9d0XAr	1.000000	10286	1
137487	Μιλητούπολις		10287	Μιλητούπολις	Μ185	185	1.000000	Μιλητούπολις	Μ185	453.7	ngUB6C081WLk2VBkgUt8eDBtYVtJkChDJWMe2YBk	1.000000	10287	1
137488	Μίλκωρος		10288	Μίλκωρος	Μ186	186	1.000000	Μίλκωρος	Μ186	453.11	ngVC6D182WCl2WCDhWE92ECKZVOKlDiEKWDf2ZCD	1.000000	10288	1
137490	Μιλωνία		10290	Μιλωνία	Μ188	188	1.000000	Μιλωνία	Μ188	453.17	ngXE6F384Xun8YErjY41kGEwBYwMnFkGMXvh8BEr	1.000000	10290	1
137491	Μίμακες		10291	Μίμακες	Μ189	189	1.000000	Μίμακες	Μ189	453.19	ngYF6G485ZPojZFUkZx28HFNCYRNoGlHNZQijCFU	1.000000	10291	1
137493	Μίναιοι		10293	Μιναῖοι	Μ191	191	1.000000	Μιναῖοι	Μ191	453.22	ngAH6I687AxqkBHumBz4kJHrEAzPqInJPAykkEHu	1.000000	10293	1
137497	Μισγομέναι	4	10297	Μισγομεναί	Μ195	195	1.000000	Μισγομεναί	Μ195	454.12	ngEL7y081ELuoFLcqE18rNLNIEdTuMrzTEMooILc	1.000000	10297	1
137511	Μονᾶβαι	1	10309	Μοναβαί	Μ207	207	1.000000	Μοναβαί	Μ207	456.1	ngQX8C283Rdg7RXIcSZ02ZXVUSJFgYdDFR2a7UXI	1.000000	10309	1
137513	Μόνοικος	3	10311	Μόνοικος	Μ209	209	1.000000	Μόνοικος	Μ209	456.7	ngSZ8q485UZi4TZOeUB2cBZBWTrHiAfrHUAc4WZO	1.000000	10311	1
137522	Μουμάστος		10321	Μούμαστος	Μ219	219	1.000000	Μούμαστος	Μ219	457.16	ngCJ9w485ETs8DJYoC52oLJLGDbRsKpxREUm8GJY	1.000000	10321	1
137523	Μουνυχία		10322	Μουνυχία	Μ220	220	1.000000	Μουνυχία	Μ220	458.1	ngDK9x586FKt9EKbpFW39MKyHEWStLqySFLn9HKb	1.000000	10322	1
137532	Μυκάλη		10331	Μυκάλη	Μ229	229	1.000000	Μυκάλη	Μ229	459.13	ngQX0I485RHg5RXYcSJ2aZXDUQJFgYdJFRIa5UXY	1.000000	10331	1
137535	Μύκοι		10334	Μύκοι	Μ232	232	1.000000	Μύκοι	Μ232	460.15	ngTA0n788VAjgUArfTM51CAIXEMH1BgsIT7d2XAH	1.000000	10334	1
137536	Μύκονος		10335	Μύκονος	Μ233	233	1.000000	Μύκονος	Μ233	460.17	ngUB0M889ULkeVBMgUt60DBtYUtJkChNJUMeeYBM	1.000000	10335	1
137542	Μυόννησος		11033	Μυόννησος	Μ243	243	1.000000	Μυόννησος	Μ243	462.11	ngEL1E889Ebu3FLMqGN6rNLNIFdTuMrFTEco3ILM	1.000000	11033	1
137544	Μύρα		11035	Μύρα	Μ245	245	1.000000	Μύρα	Μ245	462.17	ngGN2G081GXw5HNYsIZ82PNHKHfVwOtHVGYq5KNY	1.000000	11035	1
137550	Μυρλεία		11042	Μύρλεια	Μ252	252	1.000000	Μύρλεια	Μ252	463.17	ngNU2J788NUdzOUFzNG5xWUeRNmCdVaKCNVxzRUF	1.000000	11042	1
137559	Μυστία	1	11051	Μυστία	Μ261	261	1.000000	Μυστία	Μ261	465.3	ngWD3A687Xtm9XDAiYF40FDJAYPLmEjBLXug9ADA	1.000000	11051	1
137560	Μυτιλήνη	2	11052	Μυτιλήνη	Μ262	262	1.000000	Μυτιλήνη	Μ262	465.5	ngXE3B788Ykn1YETjYG59GECBZQMnFkCMY7h1BET	1.000000	11052	1
137562	Μύων	4	11055	Μύων	Μ265	265	1.000000	Μύων	Μ265	465.17	ngAH4E081Axq2BHMmBT8nJHFEATPqInFPAyk2EHM	1.000000	11055	1
137574	Ναξία		11069	Ναξία	Ν8	8	1.000000	Ναξία	Ν8	468.5	ngOV5A485OVeyPVAaPX26XVBSQHDeWbBDOWyySVA	1.000000	11069	1
137575	Ναπαται		11071	Ναπάται	Ν10	10	1.000000	Ναπάται	Ν10	469.1	ngQX5C687Qng8RXocQZ41ZXZURpFgYdDFQoa8UXo	1.000000	11071	1
137576	Νάπη		11072	Νάπη	Ν11	11	1.000000	Νάπη	Ν11	469.4	ngRY5Z788TYh8SYhdSA57AYAVSqGhZeAGTZb8VYh	1.000000	11072	1
137577	Νάπις		11073	Νάπις	Ν12	12	1.000000	Νάπις	Ν12	469.8	ngSZ5E889SJi1TZKeTr61BZnWSLHiAfFHSKc1WZK	1.000000	11073	1
137587	Ναυπάκτος		11083	Ναύπακτος	Ν22	22	1.000000	Ναύπακτος	Ν22	470.16	ngCJ6w889Cps9DJaoDL61LJLGDbRsKpxRC8m9GJa	1.000000	11083	1
137592	Νεμέα	2	11093	Νεμέα	Ν32	32	1.000000	Νεμέα	Ν32	472.7	ngMT7c889Mjc8NTYyM96xVTRQMFBcUzdBMkw8QTY	1.000000	11093	1
137593	Νεοκαισάρεια	3	11094	Νεοκαισάρεια	Ν33	33	1.000000	Νεοκαισάρεια	Ν33	472.11	ngNU7Z980PUdaOURzN079WUSRPGCdVaACPVxaRUR	1.000000	11094	1
137594	Νέον τεῖχος	4	11095	Νέον τεῖχος	Ν34	34	1.000000	Νέον τεῖχος	Ν34	472.14	ngOV8e081OFe0PVKaOn8zXVBSPHDeWbfDOGy0SVK	1.000000	11095	1
137596	Νέσσων	6	11097	Νέσσων	Ν36	36	1.000000	Νέσσων	Ν36	472.20	ngQX8C283Rdg7RXIcSZ0dZXZURpFgYdDFR2a7UXI	1.000000	11097	1
137597	Νέστος	7	11098	Νέστος	Ν37	37	1.000000	Νέστος	Ν37	472.22	ngRY8D384TIh8SYpdR418AYEVRKGhZeEGTJb8VYp	1.000000	11098	1
137598	Νευροί		11099	Νευροί	Ν38	38	1.000000	Νευροί	Ν38	473.3	ngSZ8q485UZi4TZOeUL27BZLWTrHiAfrHUAc4WZO	1.000000	11099	1
137599	Νεφελοκοκκυγία		11100	Νεφελοκοκκυγία	Ν39	39	1.000000	Νεφελοκοκκυγία	Ν39	473.5	ngTA8L586TKjdUABfTM38CAYXTMH9B6eITBddXAH	1.000000	11100	1
137601	Νεών		11102	Νεών	Ν41	41	1.000000	Νεών	Ν41	473.10	ngVC8t788XMl8WCRhW851ECqZVOKlDiuKXNf8ZCR	1.000000	11102	1
137602	Νῆιον		11103	Νήιον	Ν42	42	1.000000	Νήιον	Ν42	473.12	ngWD8u889XDm8XDKiYP6hFDrAWPLmEjvLXEg8ADK	1.000000	11103	1
137610	Νησωπή		11881	Νησώπη	Ν49	49	1.000000	Νησώπη	Ν49	474.11	ngDK9x586FKt9EKbpFW3nMKIHDWStLqySFLn9HKb	1.000000	11881	1
137614	Νικαῖα	1	11884	Νίκαια	Ν52	52	1.000000	Νίκαια	Ν52	474.17	ngGN9a889HXwsHNwsHP69PNLKIZVwOtbVHYqsKNw	1.000000	11884	1
137616	Νικηφόριον	3	11887	Νικηφόριον	Ν55	55	1.000000	Νικηφόριον	Ν55	475.11	ngNU0F182OUd2OUJzO295WUWRNmCdVaGCOVx2RUJ	1.000000	11887	1
137618	Νικομήδεια	5	11889	Νικομήδεια	Ν57	57	1.000000	Νικομήδεια	Ν57	475.15	ngPW0H384Pcf3QWjbPo16YWYTQoEfXcIEP3z3TWj	1.000000	11889	1
137619	Νικόπολις	6	11891	Νικόπολις	Ν59	59	1.000000	Νικόπολις	Ν59	475.22	ngRY0J586RYh5SYVdRA39AYKVRqGhZeKGRZb5VYV	1.000000	11891	1
137620	Νικωνία		11892	Νικωνία	Ν60	60	1.000000	Νικωνία	Ν60	476.1	ngSZ0K687Spi7TZmeSB41BZPWSLHiAfLHSqc7WZm	1.000000	11892	1
137621	Νίναϊα		11893	Νίναια	Ν61	61	1.000000	Νίναια	Ν61	476.4	ngTA0n788VAjgUAnfVC51CAoXEMH1BgsIT7d1XAr	1.000000	11893	1
137622	Νινόη		11894	Νινόη	Ν62	62	1.000000	Νινόη	Ν62	476.6	ngUB0M889ULkeVBMgU969DBlYVtJkChNJUMeeYBM	1.000000	11894	1
137630	Νῖψα		11901	Νίψα	Ν69	69	1.000000	Νίψα	Ν69	477.19	ngBI1B586BSr0CITnDU3lKKmFB6PlJoaQBJl9FIP	1.000000	11901	1
137632	Νομαντία		12740	Νομαντία	Ν71	71	1.000000	Νομαντία	Ν71	478.1	ngDK1D788DKt1EKVpFW58MKIHDWStLqESDLn1HKV	1.000000	12740	1
137633	Νόμβα		12741	Νόμβα	Ν72	72	1.000000	Νόμβα	Ν72	478.3	ngEL1E889Ebu3FLMqGX60NLTIGXTuMrFTEco3ILM	1.000000	12741	1
137635	Νοστία		12743	Νοστία	Ν74	74	1.000000	Νοστία	Ν74	478.7	ngGN2G081GXw5HNYsH182PNLKGZVwOtHVGYq5KNY	1.000000	12743	1
137636	Νότιον		12744	Νότιον	Ν75	75	1.000000	Νότιον	Ν75	478.11	ngHO2D182IuxtIOxtIA94QOMLHAWxPuEWI1rtLOx	1.000000	12744	1
137641	Νύμφαιον		11907	Νύμφαιον	Ν80	80	1.000000	Νύμφαιον	Ν80	478.22	ngMT2I687NDczNTIyOF49VThQNFBcUzJBNEwzQTI	1.000000	11907	1
137644	Νύραξ		11909	Νύραξ	Ν82	82	1.000000	Νύραξ	Ν82	479.5	ngOV2K889OVe1PVAaOH69XVDSPHDeWbLDOWy1SVA	1.000000	11909	1
137651	Ξιλια		11923	Ξιλία	Ξ7	7	1.000000	Ξιλία	Ξ7	481.3	ngCJ4G283CTsnDJOoCL05LJtGDbRsKpHRCUmnGJO	1.000000	11923	1
137654	Ξοις		11926	Ξόϊς	Ξ10	10	1.000000	Ξόϊς	Ξ10	481.9	ngFM4F586HMvqGMdrGO3rOMaJGYUvNsGUHNpqJMd	1.000000	11926	1
137655	Ξουθια		11927	Ξουθία	Ξ11	11	1.000000	Ξουθία	Ξ11	481.12	ngGN4G687HdwrHNKsGP4sPNLKIZVwOtHVHeqrKNK	1.000000	11927	1
137656	Ξουχις		11928	Ξοῦχις	Ξ12	12	1.000000	Ξοῦχις	Ξ12	481.14	ngHO4H788IuxtIOZtJQ52QOULIAWxPuIWI7rtLOZ	1.000000	11928	1
137657	Ξυλος		11929	Ξύλος	Ξ13	13	1.000000	Ξύλος	Ξ13	481.16	ngIP4I889Ivy9JPyuJh62RPdMKBXyQvJXI8s9MPy	1.000000	11929	1
137658	Ξυνια		11930	Ξυνία	Ξ14	14	1.000000	Ξυνία	Ξ14	481.19	ngJQ4J980KAz1KQRvJS71SQGNLCYzRwKYKBt1NQR	1.000000	11930	1
137660	Ξυστις	1	11932	Ξύστις	Ξ16	16	1.000000	Ξύστις	Ξ16	482.1	ngLS5X182MibwMSXxLE96USYPMEAbTyYAMjvwPSX	1.000000	11932	1
137666	Ὄγκαίαι	7	11938	Ὀγκαῖαι	Ο6	6	1.000000	Ὀγκαῖαι	Ο6	482.20	ngRY5Z788TYh8SYhdSq5bAYqVRqGhZeAGTZb8VYh	1.000000	11938	1
137667	Ὄγκεῖον	8	11939	Ὄγκειον	Ο7	7	1.000000	Ὄγκειον	Ο7	482.22	ngSZ5E889SJi1TZKeTr6fBZFWULHiAfFHSKc1WZK	1.000000	11939	1
137671	Ὀδύσσεῖς		12789	Ὀδυσσεῖς	Ο15	15	1.000000	Ὀδυσσεῖς	Ο15	484.7	ngAH6I687AxqkBHumBz47JHTEAzPqInJPAykkEHu	1.000000	12789	1
137675	Οἰδάντιον	1	12793	Οἰδάντιον	Ο19	19	1.000000	Οἰδάντιον	Ο19	485.1	ngEL7y081ELuoFLcqEd84NLdIFdTuMrzTEMooILc	1.000000	12793	1
137677	Οἰκου̂ς	3	12795	Οἰκοῦς	Ο21	21	1.000000	Οἰκοῦς	Ο21	485.9	ngGN7w283INwqHNOsGP07PNZKGfVwOtxVIOqqKNO	1.000000	12795	1
137680	Οἰνεών	6	12798	Οἰνεών	Ο24	24	1.000000	Οἰνεών	Ο24	485.18	ngJQ7z586Jwz5KQJvJi37SQaNKiYzRwaYJ5t5NQJ	1.000000	12798	1
137683	Οἴνωνη		12804	Οἰνώνη	Ο30	30	1.000000	Οἰνώνη	Ο30	486.13	ngPW8B182QcfcQWBbQ296YWkTPIEfXcCEQ1zcTWB	1.000000	12804	1
137684	Οἰνούς		12802	Οἰνοῦς	Ο28	28	1.000000	Οἰνοῦς	Ο28	486.9	ngNU7Z980PUdaOURzN079WUKRNGCdVaACPVxaRUR	1.000000	12802	1
137691	Οἴσυμη		12808	Οἰσύμη	Ο34	34	1.000000	Οἰσύμη	Ο34	487.7	ngTA8L586TKjdUABfTM38CACXTMH9B6eITBddXAH	1.000000	12808	1
137692	Οἶτη		12809	Οἴτη	Ο35	35	1.000000	Οἴτη	Ο35	487.10	ngUB8s687VhkhVBogV748DBpYUNJkChtJV6ehYBo	1.000000	12809	1
137695	Οἰχαλία		12811	Οἰχαλία	Ο37	37	1.000000	Οἰχαλία	Ο37	487.18	ngWD8u889XDm8XDKiYP6iFDLAWPLmEjvLXEg8ADK	1.000000	12811	1
137696	Ὀλβηλος	1	12814	Ὄλβηλος	Ο40	40	1.000000	Ὄλβηλος	Ο40	489.1	ngZG9x182Zmp6AGRlBS92IGODZSOpHmyOZ1j6DGR	1.000000	12814	1
137697	Ὀλβία	2	12815	Ὀλβία	Ο41	41	1.000000	Ὀλβία	Ο41	489.3	ngAH9y283ARq6BHMmBT03JHPEBTPqInzPASk6EHM	1.000000	12815	1
137703	Ὀλύμπη	2	12831	Ὀλύμπη	Ο57	57	1.000000	Ὀλύμπη	Ο57	491.3	ngUB0M889ULkeVBMgU968DBpYVNJkChNJUMeeYBM	1.000000	12831	1
137704	Ὀλυμπία	3	12832	Ὀλυμπία	Ο58	58	1.000000	Ὀλυμπία	Ο58	491.5	ngVC0H980XMl4WCZhVO79ECKZGOJ1DiqKXDf9ZCJ	1.000000	12832	1
137707	Ὀλυνθος	6	12835	Ὄλυνθος	Ο61	61	1.000000	Ὄλυνθος	Ο61	491.16	ngYF1G283AFo7ZFYkYx0iHFDCJRM3GlxNAGilCFU	1.000000	12835	1
137709	Ὀμάριον	8	12837	Ὁμάριον	Ο63	63	1.000000	Ὁμάριον	Ο63	491.22	ngAH1A485BRqmBHEmBz2mJHPELTOnInFPAyk4EHM	1.000000	12837	1
137710	Ὅμβοι	1	12838	Ὄμβοι	Ο64	64	1.000000	Ὄμβοι	Ο64	492.3	ngBI1B586BSr0CIPnBU39KKmFB6PlJoaQBTllFIv	1.000000	12838	1
137714	Ὁμφάκη		12843	Ὀμφάκη	Ο69	69	1.000000	Ὀμφάκη	Ο69	493.8	ngGN2G081GXw5HNYsH184PNZKGfVwOtHVGYq5KNY	1.000000	12843	1
137715	Ὁμφάλιον		12844	Ὀμφάλιον	Ο70	70	1.000000	Ὀμφάλιον	Ο70	493.11	ngHO2D182IuxtIOxtIA92QOULJAWxPuEWI1rtLOx	1.000000	12844	1
137716	Ὀνειβατις		12845	Ὀνείβατις	Ο71	71	1.000000	Ὀνείβατις	Ο71	493.13	ngIP2E283KZyvJPMuKR0uRPBMIhXyQvFXKAsvMPM	1.000000	12845	1
137718	Ὀννη		12847	Ὄννη	Ο73	73	1.000000	Ὄννη	Ο73	493.17	ngKR2G485LhaxLRawK527TRPOKDZaSxHZLiuxORa	1.000000	12847	1
137724	Ὄπικοι		12853	Ὀπικοί	Ο79	79	1.000000	Ὀπικοί	Ο79	494.6	ngQX3I081SXg3RXkcRZ8bZXRUQpFgYdJFSYa3UXk	1.000000	12853	1
137729	Ὀργών		12858	Ὀργών	Ο84	84	1.000000	Ὀργών	Ο84	494.19	ngVC3Z586XCl9WClhVO3gECOZVuKlDiAKXDf9ZCl	1.000000	12858	1
137730	Ὀρδαία		12859	Ὀρδαία	Ο85	85	1.000000	Ὀρδαία	Ο85	494.21	ngWD3A687Xtm9XDEiWP48FDnAXvLmEjBLXug9ADE	1.000000	12859	1
137735	'Ορεστια	3	12863	Ὀρεστία	Ο89	89	1.000000	Ὀρεστία	Ο89	495.9	ngAH4E081Axq2BHMmBT82JHvEBTPqInFPAyk2EHM	1.000000	12863	1
137744	Πάλτος	3	25139	Πάλτος	Π7	7	1.000000	Πάλτος	Π7	498.10	ngKR5W081LRauLRewLj80TRTOKjZaSxXZLSuuORe	1.000000	25139	1
137748	Παναϊόυρα		25143	Παναίουρα	Π11	11	1.000000	Παναίουρα	Π11	499.4	ngOV5A485OVeyPVAaPX28XVjSPHDeWbBDOWyySVA	1.000000	25143	1
137752	Πανεάς		25148	Πανεάς	Π16	16	1.000000	Πανεάς	Π16	499.23	ngTA5B980Ugj0UArfUs79CAMXUsIjBgCIU9d0XAr	1.000000	25148	1
137753	Πανέλληνες	1	25149	Πανέλληνες	Π17	17	1.000000	Πανέλληνες	Π17	500.1	ngUB6C081WLk2VBkgUD8hDBNYVtJkChDJWMe2YBk	1.000000	25149	1
137755	Πανία	3	25151	Πανία	Π19	19	1.000000	Πανία	Π19	500.8	ngWD6E283XtmhXDKiXv06FDJAWPLmEjFLXughADK	1.000000	25151	1
137756	Πανιώνιον	4	25152	Πανιώνιον	Π20	20	1.000000	Πανιώνιον	Π20	500.12	ngXE6F384Xun8YErjY41iGEsBYQMnFkGMXvh8BEr	1.000000	25152	1
137758	Πανόπη	6	25153	Πανόπη	Π22	22	1.000000	Πανόπη	Π22	500.19	ngZG6H586ZGpjAGNlA636IGMDZSOpHmIOZHjjDGN	1.000000	25153	1
137759	Πάνορμος		25154	Πάνορμος	Π23	23	1.000000	Πάνορμος	Π23	501.3	ngAH6I687AxqkBHumBz4mJHzEAzPqInJPAykkEHu	1.000000	25154	1
137762	Παντικάπαιον		25157	Παντικάπαιον	Π26	26	1.000000	Παντικάπαιον	Π26	501.13	ngDK6x980DUtnEKVpFW7oMKyHEWStLqySDVnnHKV	1.000000	25157	1
137765	Παπίτιον		25159	Παπίτιον	Π28	28	1.000000	Παπίτιον	Π28	502.7	ngFM7v182Gsv6GMvrG292OMaJGYUvNswUG1p6JMv	1.000000	25159	1
137767	Παράδεισος		25161	Παράδεισος	Π30	30	1.000000	Παράδεισος	Π30	502.10	ngHO7x384IOx8IOHtHg1tQOMLJAWxPuyWIPr8LOH	1.000000	25161	1
137773	Παραποταμία		26659	Παραποταμία	Π36	36	1.000000	Παραποταμία	Π36	503.4	ngNU7Z980PUdaOURzN07zWUSRPGCdVaACPVxaRUR	1.000000	26659	1
137779	Παρθένιον		26665	Παρθένιον	Π42	42	1.000000	Παρθένιον	Π42	503.19	ngTA8L586TKjdUABfTM38CACXVCHfB6eITBddXAH	1.000000	26665	1
137783	Πάρθος	1	25170	Πάρθος	Π47	47	1.000000	Πάρθος	Π47	505.1	ngYF9w081Yvo4ZFCkY184HFxCYxNoGlxNYwi4CFC	1.000000	25170	1
137786	Πάριον	4	25173	Πάριον	Π50	50	1.000000	Πάριον	Π50	505.13	ngBI9z384BIr8CIBnDU17KIGFBUQrJoaQBJl8FIB	1.000000	25173	1
137791	Παρῥασία		26681	Παρρασία	Π58	58	1.000000	Παρρασία	Π58	508.18	ngNU0F182OUd2OUJzO294WUAROGCdVaGCOVx2RUJ	1.000000	26681	1
137793	Πάσσα		26683	Πάσσα	Π60	60	1.000000	Πάσσα	Π60	509.11	ngPW0H384Pcf3QWjbP41zYWETQIEfXcIEP3z3TWj	1.000000	26683	1
137794	Πάσσαλα		26684	Πάσσαλα	Π61	61	1.000000	Πάσσαλα	Π61	509.16	ngQX0I485RHg5RXYcR52cZXRUQpFgYdJFRIa5UXY	1.000000	26684	1
137796	Πάταλα		26687	Πάταλα	Π64	64	1.000000	Πάταλα	Π64	510.11	ngTA0n788VAjgUAnfU850CAQXEMH1BgsIT7d1XAj	1.000000	26687	1
137797	Πάταλος		26688	Πάταλος	Π65	65	1.000000	Πάταλος	Π65	510.14	ngUB0M889ULkeVBMgU969DBJYVNJkChNJUMeeYBM	1.000000	26688	1
137798	Πάταρα		26689	Πάταρα	Π66	66	1.000000	Πάταρα	Π66	510.17	ngVC0H980XMl4WCZhVO7fECAZGOJ1DiqKXDf9ZCJ	1.000000	26689	1
137803	Πατρίς		26695	Πατρίς	Π72	72	1.000000	Πατρίς	Π72	512.20	ngBI1B586BSr0CITnBU39KKmFB6PlJoaQBJllFIv	1.000000	26695	1
137804	Πατρόκλου νῆσος		26696	Πατρόκλου νῆσος	Π73	73	1.000000	Πατρόκλου νῆσος	Π73	512.22	ngCJ1U687Cps0DJCoEV46LJRGNVQnKpDREUmpGJw	1.000000	26696	1
137809	Πελλα		26715	Πέλλα	Π92	92	1.000000	Πέλλα	Π92	515.6	ngVC3Z586XCl9WClhVO3fECOZVuKlDiAKXDf9ZCl	1.000000	26715	1
137810	Πελληνη		26716	Πελλήνη	Π93	93	1.000000	Πελλήνη	Π93	515.12	ngWD3A687Xtm9XDEiWP4jFDTAWPLmEjBLXug9ADE	1.000000	26716	1
137811	Πελοποννησος		26718	Πελοπόννησος	Π95	95	1.000000	Πελοπόννησος	Π95	515.20	ngYF3C889ZPo1ZFMkAH62HFDCARNoGlDNZQi1CFM	1.000000	26718	1
137812	Πελταί		26719	Πέλται	Π96	96	1.000000	Πέλται	Π96	516.13	ngZG3D980AGp2AGtlAS79IGMDBSOpHmEOAHj2DGt	1.000000	26719	1
137813	Περαῖα		26725	Περαία	Π102	102	1.000000	Περαία	Π102	517.1	ngFM4F586HMvqGMdrGO37OMYJFeUvNsGUHNpqJMd	1.000000	26725	1
137820	Περιϑοίδαι		26732	Περιθοῖδαι	Π109	109	1.000000	Περιθοῖδαι	Π109	517.14	ngMT5Y283MzcxNTEyMV0xVTJQMFBcUzZBM2wxQTE	1.000000	26732	1
137821	Περινϑος		26733	Πέρινθος	Π110	110	1.000000	Πέρινθος	Π110	517.17	ngNU5Z384OEdyOUhzOW16WUCRPGCdVaACOFxyRUh	1.000000	26733	1
137825	Περουσία		26737	Περουσία	Π114	114	1.000000	Περουσία	Π114	518.1	ngRY5Z788TYh8SYhdSA51AYqVRqGhZeAGTZb8VYh	1.000000	26737	1
137835	Πετεών	5	28312	Πετεών	Π123	123	1.000000	Πετεών	Π123	519.13	ngAH6I687AxqkBHumBz48JHNEBTPqInJPAykkEHu	1.000000	28312	1
137839	Πετροσάκα	9	28316	Πετροσάκα	Π127	127	1.000000	Πετροσάκα	Π127	519.19	ngEL7y081ELuoFLcqEd82NLdIFdTuMrzTEMooILc	1.000000	28316	1
137842	Πευκέτιοι		28319	Πευκέτιοι	Π130	130	1.000000	Πευκέτιοι	Π130	520.1	ngHO7x384IOx8IOHtHg14QOgLIgWxPuyWIPr8LOH	1.000000	28319	1
137844	Πήλιον		28328	Πήλιον	Π139	139	1.000000	Πήλιον	Π139	521.4	ngQX8C283Rdg7RXIcSZ0aZXVUSJFgYdDFR2a7UXI	1.000000	28328	1
137846	Πηλούσιον		28330	Πηλούσιον	Π141	141	1.000000	Πηλούσιον	Π141	521.15	ngSZ8q485UZi4TZOeUL24BZTWSrHiAfrHUAc4WZO	1.000000	28330	1
137847	Πῆρα		28331	Πήρα	Π142	142	1.000000	Πήρα	Π142	521.19	ngTA8L586TKjdUABfTM38CAMXVMHdB6eITBddXAH	1.000000	28331	1
137849	Πιακος		28333	Πίακος	Π144	144	1.000000	Πίακος	Π144	522.1	ngVC8t788XMl8WCRhXO5gECqZVOKlDiuKXNf8ZCR	1.000000	28333	1
137850	Πιαλέια		28334	Πιάλεια	Π145	145	1.000000	Πιάλεια	Π145	522.2	ngWD8u889XDm8XDKiYP6jFDrAXPLmEjvLXEg8ADK	1.000000	28334	1
137851	Πιάσται		28335	Πιάσται	Π146	146	1.000000	Πιάσται	Π146	522.4	ngXE8v980YEn4YEFjZG7jGEGBXwMnFkwMYFh4BEF	1.000000	28335	1
137854	Πιθηκούσσαι	1	28338	Πιθηκοῦσσαι	Π149	149	1.000000	Πιθηκοῦσσαι	Π149	523.1	ngAH9y283ARq6BHMmBT0lJHrEBzPqInzPASk6EHM	1.000000	28338	1
137855	Πιθήκων κόλπος	2	28339	Πιθήκων κόλπος	Π150	150	1.000000	Πιθήκων κόλπος	Π150	523.3	ngBI9z384BIr8CIBnDK1oKIYFCUQrJoaQBJl8FIB	1.000000	28339	1
137856	Πίθος	3	28340	Πίθος	Π151	151	1.000000	Πίθος	Π151	523.5	ngCJ9w485ETs8DJYoC526LJZGDVRsKpxREUm8GJY	1.000000	28340	1
137857	Πικεντία	4	28341	Πικεντία	Π152	152	1.000000	Πικεντία	Π152	523.9	ngDK9x586FKt9EKbpFW3pMKQHDWStLqySFLn9HKb	1.000000	28341	1
137858	Πικιαντες	5	28342	Πικίαντες	Π153	153	1.000000	Πικίαντες	Π153	523.11	ngEL9y687FbuqFLMqFX49NLNIEdTuMrzTFcoqILM	1.000000	28342	1
137864	Πισιδία	1	28348	Πισιδία	Π159	159	1.000000	Πισιδία	Π159	524.3	ngOV0G283Ple4PVCaOn0zXVXSPnDeWbHDPmy4SVC	1.000000	28348	1
137865	Πισσαΐον	2	28350	Πισσαῖον	Π161	161	1.000000	Πισσαῖον	Π161	524.10	ngQX0I485RHg5RXYcR525ZXpURpFgYdJFRIa5UXY	1.000000	28350	1
137867	Πιτάνη	4	28353	Πιτάνη	Π164	164	1.000000	Πιτάνη	Π164	524.15	ngTA0n788VAjgUAnfUs51CAIXEMH1BgsIT7d1XAF	1.000000	28353	1
137871	Πιτυή		28357	Πιτύη	Π168	168	1.000000	Πιτύη	Π168	525.7	ngXE1B182ZOn2YEXjXG9jGEsBIQL1FksMYFhkBEP	1.000000	28357	1
137874	Πλακεντία		28360	Πλακεντία	Π171	171	1.000000	Πλακεντία	Π171	525.13	ngAH1A485BRqmBHEmBT2nJHNELTOnInFPAyk4EHE	1.000000	28360	1
137876	Πλάμος		28362	Πλάμος	Π173	173	1.000000	Πλάμος	Π173	525.16	ngCJ1U687Cps0DJCoDV4oLJxGNVQnKpDREUmpGJG	1.000000	28362	1
137880	Πλαταιαί		28365	Πλαταιαί	Π176	176	1.000000	Πλαταιαί	Π176	525.20	ngFM1B980HMv3GMJrF07rOMOJGeUvNsCUHNp3JMJ	1.000000	28365	1
137882	Πλούτιον	1	30039	Πλούτιον	Π184	184	1.000000	Πλούτιον	Π184	528.1	ngNU2J788NUdzOUBzPW57WUGROmCdVaKCNVxzRUB	1.000000	30039	1
137883	Πλυνέαι	2	30040	Πλυνέαι	Π185	185	1.000000	Πλυνέαι	Π185	528.3	ngOV2K889OVe1PVAaOH6zXVfSOnDeWbLDOWy1SVA	1.000000	30040	1
137884	Πλώθεια	3	30041	Πλώθεια	Π186	186	1.000000	Πλώθεια	Π186	528.5	ngPW2L980Pmf4QWDbQI70YWUTQIEfXcMEPnz4TWD	1.000000	30041	1
137886	Πνύξ	5	28370	Πνύξ	Π188	188	1.000000	Πνύξ	Π188	528.10	ngRY3N182RIh5SYZdTA94AYmVSKGhZeOGRJb5VYZ	1.000000	28370	1
137888	Ποδάλεια		28371	Ποδάλεια	Π189	189	1.000000	Ποδάλεια	Π189	530.6	ngSZ3K283Tfi5TZWeSL0eBZPWULHiAfLHT2c5WZW	1.000000	28371	1
137889	Ποιήεσσα		28372	Ποιήεσσα	Π190	190	1.000000	Ποιήεσσα	Π190	530.8	ngTA3L384VKj7UALfVM17CAGXUMIjBgMIVLd7XAL	1.000000	28372	1
137893	Ποίμην		28374	Ποιμήν	Π192	192	1.000000	Ποιμήν	Π192	530.11	ngVC3Z586XCl9WClhVO3fECAZVOKlDiAKXDf9ZCl	1.000000	28374	1
137900	Πολίτεια		28382	Πολιτεία	Π200	200	1.000000	Πολίτεια	Π200	532.1	ngDK4H384DKtpEKHpDW1nMKuHDcStLqISDLnpHKH	1.000000	28382	1
137901	Πολιτώριον		28383	Πολιτώριον	Π201	201	1.000000	Πολιτώριον	Π201	532.2	ngEL4E485GVupFLAqEX25NLNIFdTuMrFTGWopILA	1.000000	28383	1
137903	Πολλεντός		28385	Πολλεντός	Π203	203	1.000000	Πολλεντός	Π203	532.6	ngGN4G687HdwrHNKsGP47PNPKHfVwOtHVHeqrKNK	1.000000	28385	1
137907	Πομπηιοῦπολις		28390	Πομπηιούπολις	Π208	208	1.000000	Πομπηιούπολις	Π208	532.15	ngLS5X182MibwMSXxLE94USYPLEAbTyYAMjvwPSX	1.000000	28390	1
137909	Πόντος		28392	Πόντος	Π210	210	1.000000	Πόντος	Π210	532.19	ngNU5Z384OEdyOUhzOW15WUCRNGCdVaACOFxyRUh	1.000000	28392	1
137911	Πορδοσελήνη		28394	Πορδοσελήνη	Π212	212	1.000000	Πορδοσελήνη	Π212	533.1	ngPW5B586PWf7QWHbQo38YWoTPoEfXcCEPXz7TWH	1.000000	28394	1
137913	Πορφυρέων		28396	Πορφυρεών	Π214	214	1.000000	Πορφυρεών	Π214	533.7	ngRY5Z788TYh8SYhdSA51AYAVSqGhZeAGTZb8VYh	1.000000	28396	1
137915	Ποσειδεῖον		28398	Ποσείδειον	Π216	216	1.000000	Ποσείδειον	Π216	533.10	ngTA5B980Ugj0UArfUs73CAkXTsIjBgCIU9d0XAr	1.000000	28398	1
137916	Ποσειδωνία		28399	Ποσειδωνία	Π217	217	1.000000	Ποσειδωνία	Π217	533.12	ngUB6C081WLk2VBkgUD81DBtYVtJkChDJWMe2YBk	1.000000	28399	1
137917	Ποταμοσάκων		28400	Ποταμοσάκων	Π218	218	1.000000	Ποταμοσάκων	Π218	533.14	ngVC6D182WCl2WCDhWu9fECKZVOKlDiEKWDf2ZCD	1.000000	28400	1
137918	Ποτιδαία		28401	Ποτίδαια	Π219	219	1.000000	Ποτίδαια	Π219	533.16	ngWD6E283XtmhXDKiXv03FDrAWPLmEjFLXughADK	1.000000	28401	1
137919	Ποτιδανία		28402	Ποτιδανία	Π220	220	1.000000	Ποτιδανία	Π220	533.18	ngXE6F384Xun8YErjYw17GEsBZQMnFkGMXvh8BEr	1.000000	28402	1
137923	Πραινεστός		28406	Πραίνεστος	Π224	224	1.000000	Πραίνεστος	Π224	533.26	ngBI6v788Byr8CIXnBK58KIOFBUQrJowQBzl8FIX	1.000000	28406	1
137925	Πραισός		28407	Πραισός	Π225	225	1.000000	Πραισός	Π225	534.3	ngCJ6w889Cps9DJaoDb6nLJxGEVRsKpxRC8m9GJa	1.000000	28407	1
137933	Πρᾶσον		30088	Πράσον	Π233	233	1.000000	Πράσον	Π233	534.19	ngKR7a687LBa7LRYwL740TRHOKDZaSxbZLCu7ORY	1.000000	30088	1
137945	Πρόκλῃ		30100	Πρόκλη	Π245	245	1.000000	Πρόκλη	Π245	536.1	ngWD8u889XDm8XDKiYP69FDBAYPLmEjvLXEg8ADK	1.000000	30100	1
137948	Πρόνεκτος		30103	Πρόνεκτος	Π248	248	1.000000	Πρόνεκτος	Π248	536.6	ngZG9x182Zmp6AGRlBS91IGODBSOpHmyOZ1j6DGR	1.000000	30103	1
137949	Πρόπαλαι		30104	Πρόπαλαι	Π249	249	1.000000	Πρόπαλαι	Π249	536.8	ngAH9y283ARq6BHMmBT0nJHPEATPqInzPASk6EHM	1.000000	30104	1
137951	Προποντίς		30106	Προποντίς	Π251	251	1.000000	Προποντίς	Π251	536.12	ngCJ9w485ETs8DJYoC527LJPGDVRsKpxREUm8GJY	1.000000	30106	1
137952	Προσεληνοί		30107	Προσέληνοι	Π252	252	1.000000	Προσέληνοι	Π252	536.15	ngDK9x586FKt9EKbpFW3qMKuHEcStLqySFLn9HKb	1.000000	30107	1
137956	Πρόσχιον		30111	Πρόσχιον	Π256	256	1.000000	Πρόσχιον	Π256	536.22	ngHO9b980IOxuIOPtIA7uQOELJAWxPucWIPruLOP	1.000000	30111	1
137957	Προσωπίς		30112	Προσωπίς	Π257	257	1.000000	Προσωπίς	Π257	536.24	ngMT0E081NDc5NTEyMV80VTBQMFBcUzFBNEw5QTE	1.000000	30112	1
137961	Πρυμνησία	4	30117	Πρυμνησία	Π262	262	1.000000	Πρυμνησία	Π262	537.12	ngRY0J586RYh5SYVdRA30AYAVSqGhZeKGRZb5VYV	1.000000	30117	1
137962	Πρώανα	5	30118	Πρώανα	Π263	263	1.000000	Πρώανα	Π263	537.14	ngSZ0K687Spi7TZmeSr4eBZnWULHiAfLHSqc7WZm	1.000000	30118	1
137964	Πτελέα	7	30120	Πτελέα	Π265	265	1.000000	Πτελέα	Π265	537.18	ngUB0M889ULkeVBMgU96gDBJYWNJkChNJUMeeYBM	1.000000	30120	1
137965	Πτελεόν	8	30121	Πτελεόν	Π266	266	1.000000	Πτελεόν	Π266	537.21	ngVC0H980XMl4WCVhXO7fECAZGOJ1DiqKXDfiZCp	1.000000	30121	1
137968	Πτολεμαϊς		30123	Πτολεμαΐς	Π268	268	1.000000	Πτολεμαΐς	Π268	538.7	ngXE1B182ZOn2YEXjXG9hGEsBIQL1FksMYFhkBEP	1.000000	30123	1
137970	Πυγελα		30125	Πύγελα	Π270	270	1.000000	Πύγελα	Π270	538.12	ngZG1V384BQp6AGZlA41mIGWDKSNlHmuOA3jmDGp	1.000000	30125	1
137973	Πυδνα		30128	Πύδνα	Π273	273	1.000000	Πύδνα	Π273	538.16	ngCJ1U687Cps0DJCoDb47LJPGNVQnKpDREUmpGJO	1.000000	30128	1
137975	Πυθιον		30130	Πύθιον	Π275	275	1.000000	Πύθιον	Π275	538.19	ngEL1E889Ebu3FLMqGX61NLBIEXTuMrFTEco3ILM	1.000000	30130	1
137977	Πυληνη		30134	Πυλήνη	Π279	279	1.000000	Πυλήνη	Π279	540.3	ngIP2E283KZyvJPMuKB07RPzMJhXyQvFXKAsvMPM	1.000000	30134	1
137978	Πυλος		30135	Πύλος	Π280	280	1.000000	Πύλος	Π280	540.5	ngJQ2F384KQzvKQhvKS1uSQYNJCYzRwGYKRtvNQh	1.000000	30135	1
137979	Πυξις		30136	Πύξις	Π281	281	1.000000	Πύξις	Π281	540.8	ngKR2G485LhaxLRawK529TRPOLDZaSxHZLiuxORa	1.000000	30136	1
137981	Πυραια		30138	Πυραία	Π283	283	1.000000	Πυραία	Π283	540.12	ngMT2I687NDczNTIyOV4xVTJQMFBcUzJBNEwzQTI	1.000000	30138	1
137982	Πυραμἱδες		30139	Πυραμίδες	Π284	284	1.000000	Πυραμίδες	Π284	540.14	ngNU2J788NUdzOUBzPW58WUWROmCdVaKCNVxzRUB	1.000000	30139	1
137996	Ῥαββατάμμανα	1	30153	Ῥαββατάμμανα	Ρ3	3	1.000000	Ῥαββατάμμανα	Ρ3	542.1	ngBI4F182BornCIvnBU96KIGFBUQrJoGQB1lnFIv	1.000000	30153	1
137997	Ῥάβεννα	2	30154	Ῥάβεννα	Ρ4	4	1.000000	Ῥάβεννα	Ρ4	542.3	ngCJ4G283CTsnDJOoCL0pLJtGDbRsKpHRCUmnGJO	1.000000	30154	1
137998	Ῥάγα	3	30155	Ῥάγα	Ρ5	5	1.000000	Ῥάγα	Ρ5	542.9	ngDK4H384DKtpEKHpDW1pMKIHEWStLqISDLnpHKH	1.000000	30155	1
138001	Ῥαιτοί		30158	Ῥαιτοί	Ρ8	8	1.000000	Ῥαιτοί	Ρ8	543.1	ngGN4G687HdwrHNKsGP4tPNfKGfVwOtHVHeqrKNK	1.000000	30158	1
138002	Ῥέατιον		30168	Ῥεάτιον	Ρ18	18	1.000000	Ῥεάτιον	Ρ18	544.1	ngQX5C687Qng8RXocQZ46ZXVUSJFgYdDFQoa8UXo	1.000000	30168	1
138022	Ῥοδανουσία		31964	Ῥοδανουσία	Ρ38	38	1.000000	Ῥοδανουσία	Ρ38	546.1	ngKR7a687LBa7LRYwL740TRPOMDZaSxbZLCu7ORY	1.000000	31964	1
138023	Ῥοδαί		31965	Ῥοδαί	Ρ39	39	1.000000	Ῥοδαί	Ρ39	546.3	ngLS7b788LSbyMSfxNE5xUSkPLkAbTycALTvyPSf	1.000000	31965	1
138024	Ῥόδη		31966	Ῥόδη	Ρ40	40	1.000000	Ῥόδη	Ρ40	546.4	ngMT7c889Mjc8NTYyM96wVTVQNlBcUzdBMkw8QTY	1.000000	31966	1
138025	Ῥοδία		31967	Ῥοδία	Ρ41	41	1.000000	Ῥοδία	Ρ41	546.6	ngNU7Z980PUdaOURzN070WUORNmCdVaACPVxaRUR	1.000000	31967	1
138027	Ῥοδόπη		31969	Ῥοδόπη	Ρ43	43	1.000000	Ῥοδόπη	Ρ43	546.10	ngPW8B182QcfcQWBbRI9cYWkTPIEfXcCEQ1zcTWB	1.000000	31969	1
138028	Ῥόδος		31970	Ῥόδος	Ρ44	44	1.000000	Ῥόδος	Ρ44	546.12	ngQX8C283Rdg7RXIcSJ06ZXVUSJFgYdDFR2a7UXI	1.000000	31970	1
138029	Ῥοδουντία		31971	Ῥοδουντία	Ρ45	45	1.000000	Ῥοδουντία	Ρ45	547.1	ngRY8D384TIh8SYpdR415AYOVRKGhZeEGTJb8VYp	1.000000	31971	1
138032	Ῥοϊτεῖον		31974	Ῥοίτειον	Ρ48	48	1.000000	Ῥοίτειον	Ρ48	547.7	ngUB8s687VhkhVBogV740DBRYVNJkChtJV6ehYBo	1.000000	31974	1
138036	Ῥοπείς		31978	Ῥοπεῖς	Ρ52	52	1.000000	Ῥοπεῖς	Ρ52	547.14	ngYF9w081Yvo4ZFCkYR8lHFHCYxNoGlxNYwi4CFC	1.000000	31978	1
138037	Ῥύβδος		31979	Ῥύβδος	Ρ53	53	1.000000	Ῥύβδος	Ρ53	547.16	ngZG9x182Zmp6AGVlZS9jIGuDASOpHmyOZ1j6DGV	1.000000	31979	1
138038	Ῥύγχαι		31980	Ῥύγχαι	Ρ54	54	1.000000	Ῥύγχαι	Ρ54	547.17	ngAH9y283ARq6BHMmAz06JHJEBzPqInzPASk6EHM	1.000000	31980	1
138039	Ῥύμη		31981	Ῥύμη	Ρ55	55	1.000000	Ῥύμη	Ρ55	547.18	ngBI9z384BIr8CIFnBa14KIaFCaQrJoaQBJl8FIF	1.000000	31981	1
138040	Ῥύνδακος		31982	Ῥύνδακος	Ρ56	56	1.000000	Ῥύνδακος	Ρ56	548.1	ngCJ9w485ETs8DJYoC529LJZGCVRsKpxREUm8GJY	1.000000	31982	1
138041	Ῥύπαι		31983	Ῥύπαι	Ρ57	57	1.000000	Ῥύπαι	Ρ57	548.4	ngDK9x586FKt9EKbpEM35MKQHFWStLqySFLn9HKb	1.000000	31983	1
138044	Ῥώγη		31986	Ῥώγη	Ρ60	60	1.000000	Ῥώγη	Ρ60	548.9	ngGN9a889HXwsHNwsIP6rPNVKHZVwOtbVHYqsKNw	1.000000	31986	1
138046	Ῥώμη		31988	Ῥώμη	Ρ62	62	1.000000	Ῥώμη	Ρ62	548.11	ngMT0E081NDc5NTEyMV81VTBQMFBcUzFBNEw5QTE	1.000000	31988	1
138047	Ῥωμυλία		31989	Ῥωμυλία	Ρ63	63	1.000000	Ῥωμυλία	Ρ63	548.13	ngNU0F182OUd2OUJzOG9zWUiRNGCdVaGCOVx2RUJ	1.000000	31989	1
138048	Ῥών		31990	Ῥών	Ρ64	64	1.000000	Ῥών	Ρ64	548.15	ngOV0G283Ple4PVCaPH0yXVDSPHDeWbHDPmy4SVC	1.000000	31990	1
138049	Ῥωσός		31991	Ῥωσός	Ρ65	65	1.000000	Ῥωσός	Ρ65	548.17	ngPW0H384Pcf3QWjbPY1bYWQTPoEfXcIEP3z3TWj	1.000000	31991	1
138050	Σάβαι		31992	Σαβαί	Σ1	1	1.000000	Σαβαί	Σ1	548.20	ngQX0I485RHg5RXCcQJ29ZXDURJFgYdJFRIa5UXC	1.000000	31992	1
138052	Σαββατία		31993	Σαββατία	Σ2	2	1.000000	Σαββατία	Σ2	549.4	ngRY0J586RYh5SYVdRq3eAYOVTKGhZeKGRZb5VYV	1.000000	31993	1
138054	Σάβοι		31995	Σάβοι	Σ4	4	1.000000	Σάβοι	Σ4	549.8	ngTA0n788VAj7UAHfUC5eCAQXEMH1BgsIULddXAB	1.000000	31995	1
138055	Σαβώ		31996	Σαβώ	Σ5	5	1.000000	Σαβώ	Σ5	549.10	ngUB0M889ULkeVBMgUt6eDBtYUtJkChNJUMeeYBM	1.000000	31996	1
138056	Σαγαλασσός		31997	Σαγαλασσός	Σ6	6	1.000000	Σαγαλασσός	Σ6	549.12	ngVC0H980XMl4WClhWO73ECKZGOJ1DiqKXDf2ZCZ	1.000000	31997	1
138060	Σάδᾱλις		32001	Σάδαλις	Σ10	10	1.000000	Σάδαλις	Σ10	549.19	ngZG1V384BQp6AGVlBS16IGWDKSNlHmuOA3jlDGt	1.000000	32001	1
138061	Σάζοι		32002	Σάζοι	Σ11	11	1.000000	Σάζοι	Σ11	549.20	ngAH1A485BRqmBHumA524JHvELTOnInFPAyk8EHA	1.000000	32002	1
138064	Σᾶις		32005	Σάϊς	Σ14	14	1.000000	Σάις	Σ14	550.2	ngDK1D788DKt1EKZpDM5nMKyHDWStLqESDLn1HKZ	1.000000	32005	1
138065	Σάκαι		32006	Σάκαι	Σ15	15	1.000000	Σάκαι	Σ15	550.5	ngEL1E889Ebu3FLMqGX6pNLXIFdTuMrFTEco3ILM	1.000000	32006	1
138066	Σάκος		32007	Σάκος	Σ16	16	1.000000	Σάκος	Σ16	550.7	ngFM1B980HMv3GMFrHO79OMwJFeUvNsCUHNp3JMF	1.000000	32007	1
138068	Σάλαγγος		32011	Σάλαγγος	Σ18	20	1.000000	Σάλαγγος	Σ18	550.10	ngHO2D182IuxtIOxtHg9sQOcLIAWxPuEWI1rtLOx	1.000000	32011	1
138070	Σαλαμίς		32010	Σαλαμίς	Σ20	19	1.000000	Σαλαμίς	Σ20	551.1	ngJQ2F384KQzvKQhvKC15SQeNLCYzRwGYKRtvNQh	1.000000	32010	1
138075	Σαλλεντία		32016	Σαλλεντία	Σ25	25	1.000000	Σαλλεντία	Σ25	551.12	ngOV2K889OVe1PVWaQX63XVfSOnDeWbLDOWy1SVW	1.000000	32016	1
138076	Σάλλυες		32017	Σάλλυες	Σ26	26	1.000000	Σάλλυες	Σ26	551.13	ngPW2L980Pmf4QWDbPY7aYWCTPIEfXcMEPnz4TWD	1.000000	32017	1
138077	Σαλμακίς		32018	Σαλμακίς	Σ27	27	1.000000	Σαλμακίς	Σ27	551.15	ngQX3I081SXg3RXkcRp81ZXNURJFgYdJFSYa3UXk	1.000000	32018	1
138079	Σάλμος		32020	Σάλμος	Σ29	29	1.000000	Σάλμος	Σ29	551.19	ngSZ3K283Tfi5TZWeS303BZHWSLHiAfLHT2c5WZW	1.000000	32020	1
138083	Σάμβος		32027	Σάμβος	Σ36	36	1.000000	Σάμβος	Σ36	553.1	ngZG3D980AGp2AGtlZI71IGMDASOpHmEOAHj2DGt	1.000000	32027	1
138084	Σαμηνοί		32028	Σαμηνοί	Σ37	37	1.000000	Σαμηνοί	Σ37	553.3	ngAH4E081Axq2BHMmB18lJHBEAzPqInFPAyk2EHM	1.000000	32028	1
138087	Σαμοθράκη		32031	Σαμοθρᾴκη	Σ40	40	1.000000	Σαμοθρᾴκη	Σ40	553.9	ngDK4H384DKtpEKHpDW18MKWHDcStLqISDLnpHKH	1.000000	32031	1
138089	Σάμος		32033	Σάμος	Σ42	42	1.000000	Σάμος	Σ42	553.14	ngFM4F586HMvqGMdrG630OMCJHYUvNsGUHNpqJMd	1.000000	32033	1
138090	Σαμόσατα		32034	Σαμόσατα	Σ43	43	1.000000	Σαμόσατα	Σ43	554.1	ngGN4G687HdwrHNKsGZ49PNHKGfVwOtHVHeqrKNK	1.000000	32034	1
138093	Σάντις	3	32046	Σάντις	Σ55	55	1.000000	Σάντις	Σ55	555.5	ngSZ5E889SJi1TZKeT962BZrWSrHiAfFHSKc1WZK	1.000000	32046	1
138094	Σάντονες	4	32047	Σάντονες	Σ56	56	1.000000	Σάντονες	Σ56	555.7	ngTA5B980Ugj0UArfUC7eCAQXTMIjBgCIU9d0XAr	1.000000	32047	1
138097	Σάπαι	7	32050	Σάπαι	Σ59	59	1.000000	Σάπαι	Σ59	555.10	ngWD6E283XtmhXDKiW30jFDTAXPLmEjFLXughADK	1.000000	32050	1
138098	Σάπειρες	8	32051	Σάπειρες	Σ60	60	1.000000	Σάπειρες	Σ60	555.12	ngXE6F384Xun8YErjZQ17GEKBYQMnFkGMXvh8BEr	1.000000	32051	1
138099	Σαπφειρηνή		32052	Σαπφειρηνή	Σ61	61	1.000000	Σαπφειρηνή	Σ61	556.1	ngYF6G485ZPojZFUkZH28HFZCZxNoGlHNZQijCFU	1.000000	32052	1
138101	Σάραπις		32054	Σάραπις	Σ63	63	1.000000	Σάραπις	Σ63	556.5	ngAH6I687AxqkBHumB74kJHTEAzPqInJPAykkEHu	1.000000	32054	1
138102	Σάραπτα		32055	Σάραπτα	Σ64	64	1.000000	Σάραπτα	Σ64	556.7	ngBI6v788Byr8CITnDU58KIGFCUQrJowQBzl8FIT	1.000000	32055	1
138104	Σάργαντις		32057	Σάργαντις	Σ66	66	1.000000	Σάργαντις	Σ66	556.10	ngDK6x980DUtnEKVpEc72MKcHDcStLqySDVnnHKV	1.000000	32057	1
138110	Σάριχα		32063	Σάριχα	Σ72	72	1.000000	Σάριχα	Σ72	557.5	ngJQ7z586Jwz5KQFvLS3tSQaNJiYzRwaYJ5t5NQF	1.000000	32063	1
138111	Σαρμάται		32064	Σαρμάται	Σ73	73	1.000000	Σαρμάται	Σ73	557.7	ngKR7a687LBa7LRYwMD49TRbOKjZaSxbZLCu7ORY	1.000000	32064	1
138113	Σαρπηδών		32066	Σαρπηδών	Σ75	75	1.000000	Σαρπηδών	Σ75	557.11	ngMT7c889Mjc8NTYyNV61VThQOFBcUzdBMkw8QTY	1.000000	32066	1
138116	Σάτρα		32069	Σάτρα	Σ78	78	1.000000	Σάτρα	Σ78	557.16	ngPW8B182QcfcQWBbRY91YWoTQoEfXcCEQ1zcTWB	1.000000	32069	1
138117	Σατορνία		32070	Σατορνία	Σ79	79	1.000000	Σατορνία	Σ79	557.18	ngQX8C283Rdg7RXIcRp05ZXFUSJFgYdDFR2a7UXI	1.000000	32070	1
138118	Σάταλα		32071	Σάταλα	Σ80	80	1.000000	Σάταλα	Σ80	557.20	ngRY8D384TIh8SYpdSq14AYqVRqGhZeEGTJb8VYp	1.000000	32071	1
138119	Σατικόλα		32072	Σατίκολα	Σ81	81	1.000000	Σατίκολα	Σ81	557.22	ngSZ8q485UZi4TZOeUL2dBZHWSLHiAfrHUAc4WZO	1.000000	32072	1
138120	Σάτραι		32073	Σάτραι	Σ82	82	1.000000	Σάτραι	Σ82	557.24	ngTA8L586TKjdUABfTM3gCAsXTsH9B6eITBddXAH	1.000000	32073	1
138123	Σάυα		32077	Σαῦα	Σ86	86	1.000000	Σαῦα	Σ86	558.5	ngXE8v980YEn4YEFjZQ74GEUBXQMnFkwMYFh4BEF	1.000000	32077	1
138128	Σέβεδα		37771	Σέβεδα	Σ92	92	1.000000	Σέβεδα	Σ92	558.19	ngDK9x586FKt9EKbpEM35MKyHFWStLqySFLn9HKb	1.000000	37771	1
138129	Σεβεννυτός		37772	Σεβέννυτος	Σ93	93	1.000000	Σεβέννυτος	Σ93	558.21	ngEL9y687FbuqFLMqFd47NLBIFXTuMrzTFcoqILM	1.000000	37772	1
138134	Σελασία	13	37777	Σελασία	Σ98	98	1.000000	Σελασία	Σ98	559.13	ngNU0F182OUd2OUJzOG9zWUmRNmCdVaGCOVx2RUJ	1.000000	37777	1
138135	Σέλγη		37778	Σέλγη	Σ99	99	1.000000	Σέλγη	Σ99	560.1	ngOV0G283Ple4PVCaO307XVLSQHDeWbHDPmy4SVC	1.000000	37778	1
138136	Σελεύκεια		37779	Σελεύκεια	Σ100	100	1.000000	Σελεύκεια	Σ100	560.3	ngPW0H384Pcf3QWjbPY1cYWMTQIEfXcIEP3z3TWj	1.000000	37779	1
138137	Σέλευκος		37780	Σέλευκος	Σ101	101	1.000000	Σέλευκος	Σ101	560.10	ngQX0I485RHg5RXCcQJ29ZXNUSJFgYdJFRIa5UXC	1.000000	37780	1
138138	Σελευκόβηλος		37781	Σελευκόβηλος	Σ102	102	1.000000	Σελευκόβηλος	Σ102	560.12	ngRY0J586RYh5SYVdRq35AYOVTKGhZeKGRZb5VYV	1.000000	37781	1
138141	Σελασία		37777	Σελασία	Σ98	98	1.000000	Σελασία	Σ98	559.13	ngNU0F182OUd2OUJzOG9zWUmRNmCdVaGCOVx2RUJ	1.000000	37777	1
138142	Σέλλοι		37785	Σελλοί	Σ106	106	1.000000	Σελλοί	Σ106	561.5	ngVC0H980XMl4WClhWO79ECAZGOJ1DiqKXDf2ZCZ	1.000000	37785	1
138149	Σεσαρηθος		37792	Σεσάρηθος	Σ113	113	1.000000	Σεσάρηθος	Σ113	562.1	ngCJ1U687Cps0DJUoC74oLJxGNVQnKpDREUmnGJC	1.000000	37792	1
138150	Σεσινδιον		37793	Σεσίνδιον	Σ114	114	1.000000	Σεσίνδιον	Σ114	562.3	ngDK1D788DKt1EKZpDM5oMKyHFWStLqESDLn1HKZ	1.000000	37793	1
138151	Σεστιον		37794	Σέστιον	Σ115	115	1.000000	Σέστιον	Σ115	562.5	ngEL1E889Ebu3FLMqGX6oNLTIGXTuMrFTEco3ILM	1.000000	37794	1
138154	Σημαχιδαι		37797	Σημαχίδαι	Σ118	118	1.000000	Σημαχίδαι	Σ118	562.12	ngHO2D182IuxtIOxtHg9rQOELJAWxPuEWI1rtLOx	1.000000	37797	1
138155	Σηνη		37798	Σήνη	Σ119	119	1.000000	Σήνη	Σ119	562.17	ngIP2E283KZyvJPQuIR05RPRMIhXyQvFXKAsvMPQ	1.000000	37798	1
138156	Σηνος		37799	Σῆνος	Σ120	120	1.000000	Σῆνος	Σ120	562.18	ngJQ2F384KQzvKQhvKC16SQeNLCYzRwGYKRtvNQh	1.000000	37799	1
138158	Σησαμον		37801	Σήσαμον	Σ122	122	1.000000	Σήσαμον	Σ122	562.22	ngLS2H586LybxMSTxMU36USgPNEAbTyIAL5vxPST	1.000000	37801	1
138159	Σηστός		37802	Σηστός	Σ123	123	1.000000	Σηστός	Σ123	563.1	ngMT2I687NDczNTIyN746VTBQMFBcUzJBNEwzQTI	1.000000	37802	1
138160	Σηταϊον		37803	Σηταῖον	Σ124	124	1.000000	Σηταῖον	Σ124	563.4	ngNU2J788NUdzOUFzNm51WUKRPGCdVaKCNVxzRUF	1.000000	37803	1
138161	Σητία		37804	Σητία	Σ125	125	1.000000	Σητία	Σ125	563.7	ngOV2K889OVe1PVWaQX62XVDSQHDeWbLDOWy1SVW	1.000000	37804	1
138163	Σῖβαι		37806	Σίβαι	Σ127	127	1.000000	Σίβαι	Σ127	563.12	ngQX3I081SXg3RXkcRp82ZXlUQJFgYdJFSYa3UXk	1.000000	37806	1
138164	Σίβδα		37807	Σίβδα	Σ128	128	1.000000	Σίβδα	Σ128	563.14	ngRY3N182RIh5SYZdS296AYAVSqGhZeOGRJb5VYZ	1.000000	37807	1
138166	Σίβυρτος		37809	Σίβυρτος	Σ130	130	1.000000	Σίβυρτος	Σ130	563.18	ngTA3L384VKj7UALfVC1fCAGXVMIjBgMIVLd7XAL	1.000000	37809	1
138167	Σίγαθα		37810	Σίγαθα	Σ131	131	1.000000	Σίγαθα	Σ131	564.1	ngUB3Y485WBkgVBCgUN29DBHYWNJkChZJWCegYBC	1.000000	37810	1
138175	Σιδούς		37825	Σιδοῦς	Σ146	146	1.000000	Σιδοῦς	Σ146	565.22	ngJQ4J980KAz1KQNvLC73SQKNKiYzRwKYKBt1NQN	1.000000	37825	1
138176	Σίδουσα		37826	Σίδουσα	Σ147	147	1.000000	Σίδουσα	Σ147	566.3	ngKR5W081LRauLRewMT8uTRDOLjZaSxXZLSuuORe	1.000000	37826	1
138177	Σίδυμα		37827	Σίδυμα	Σ148	148	1.000000	Σίδυμα	Σ148	566.5	ngLS5X182MibwMSXxLE92USUPMkAbTyYAMjvwPSX	1.000000	37827	1
138178	Σιδών		37828	Σιδών	Σ149	149	1.000000	Σιδών	Σ149	566.7	ngMT5Y283MzcxNTAyN30xVTZQOFBcUzZBM2wxQTA	1.000000	37828	1
138179	Σιδωνία		37829	Σιδωνία	Σ150	150	1.000000	Σιδωνία	Σ150	566.10	ngNU5Z384OEdyOUhzO41yWUCRNGCdVaACOFxyRUh	1.000000	37829	1
138181	Σιθωνία		37831	Σιθωνία	Σ152	152	1.000000	Σιθωνία	Σ152	566.14	ngPW5B586PWf7QWHbRY36YWMTQIEfXcCEPXz7TWH	1.000000	37831	1
138184	Σικελία		37834	Σικελία	Σ155	155	1.000000	Σικελία	Σ155	566.20	ngSZ5E889SJi1TZKeT963BZrWSrHiAfFHSKc1WZK	1.000000	37834	1
138186	Κῦρνος	1	7247	Κύρνος	Κ291	291	1.000000	Κύρνος	Κ291	397.3	ngPW2L980Pmf4QWDbQI7bYWYTQoEfXcMEPnz4TWD	1.000000	7247	1
138190	Σικυών		37837	Σικυών	Σ158	158	1.000000	Σικυών	Σ158	569.3	ngVC6D182WCl2WCDhWu9hECWZWuKlDiEKWDf2ZCD	1.000000	37837	1
138191	Σιλίνδιον		37838	Σιλίνδιον	Σ159	159	1.000000	Σιλίνδιον	Σ159	569.6	ngWD6E283XtmhXDKiW30iFDrAYPLmEjFLXughADK	1.000000	37838	1
138193	Σίμανα		37840	Σίμανα	Σ161	161	1.000000	Σίμανα	Σ161	569.11	ngYF6G485ZPojZFUkZx2iHFLCZRNoGlHNZQijCFU	1.000000	37840	1
138200	Σίνδα		37847	Σίνδα	Σ168	168	1.000000	Σίνδα	Σ168	569.25	ngFM7v182Gsv6GMvrG296OMaJHYUvNswUG1p6JMv	1.000000	37847	1
138201	Σίνδοι		37848	Σινδοί	Σ169	169	1.000000	Σίνδοι	Σ169	569.27	ngGN7w283INwqHNKsIP0sPNfKHfVwOtxVIOqqKNK	1.000000	37848	1
138207	Σίντια		39832	Σιντία	Σ174	174	1.000000	Σιντία	Σ174	570.10	ngLS7b788LSbyMSfxMk5vUSYPLEAbTycALTvyPSf	1.000000	39832	1
138214	Σίρρα		41896	Σίρρα	Σ184	184	1.000000	Σίρρα	Σ184	572.16	ngVC8t788XMl8WCRhWu5hECmZWuKlDiuKXNf8ZCR	1.000000	41896	1
138217	Σιτικὸν		41900	Σιτικόν	Σ187	188	1.000000	Σιτικόν	Σ187	572.22	ngYF9w081Yvo4ZFCkYR8kHFxCZxNoGlxNYwi4CFC	1.000000	41900	1
138221	Σιωνία	3	41903	Σιωνία	Σ191	191	1.000000	Σιωνία	Σ191	573.6	ngCJ9w485ETs8DJYoC529LJbGCbRsKpxREUm8GJY	1.000000	41903	1
138224	Σκάμανδρος	6	39843	Σκάμανδρος	Σ194	194	1.000000	Σκάμανδρος	Σ194	573.12	ngFM9z788GsvsGMBrHY5pOMSJHYUvNsaUG7psJMB	1.000000	39843	1
138225	Σκαμβωνίδαι	7	39844	Σκαμβωνίδαι	Σ195	195	1.000000	Σκαμβωνίδαι	Σ195	573.15	ngGN9a889HXwsHNwsIP6rPNfKGfVwOtbVHYqsKNw	1.000000	39844	1
138231	Σκῆναι		39850	Σκηναί	Σ201	201	1.000000	Σκηναί	Σ201	574.6	ngQX0I485RHg5RXCcQJ27ZXlUQJFgYdJFRIa5UXC	1.000000	39850	1
138232	Σκήψις		39851	Σκῆψις	Σ202	202	1.000000	Σκῆψις	Σ202	574.8	ngRY0J586RYh5SYVdRq3dAYAVSqGhZeKGRZb5VYV	1.000000	39851	1
138233	Σκιάθος		39852	Σκίαθος	Σ203	203	1.000000	Σκίαθος	Σ203	574.11	ngSZ0K687Spi7TZieUB47BZBWTrHiAfLHSqc7WZi	1.000000	39852	1
138234	Σκιάποδες		39853	Σκιάποδες	Σ204	204	1.000000	Σκιάποδες	Σ204	574.12	ngTA0n788VAj7UAHfT85fCAoXEMH1BgsIULddXAT	1.000000	39853	1
138235	Σκιάς		39854	Σκιάς	Σ205	205	1.000000	Σκιάς	Σ205	574.14	ngUB0M889ULkeVBMgUt6eDBRYUNJkChNJUMeeYBM	1.000000	39854	1
138240	Σκίρος		39858	Σκίρος	Σ210	210	1.000000	Σκίρος	Σ210	575.7	ngZG1V384BQp6AGZlZS13IGODKSNlHmuOA3jmDGN	1.000000	39858	1
138242	Σκιρτωνιον		39859	Σκιρτώνιον	Σ211	211	1.000000	Σκιρτώνιον	Σ211	576.7	ngAH1A485BRqmBHumAJ2kJHPELTOnInFPAyk8EHS	1.000000	39859	1
138244	Σκιωνη		39861	Σκιώνη	Σ213	213	1.000000	Σκιώνη	Σ213	576.11	ngCJ1U687Cps0DJUoC74mLJRGNVQnKpDREUmnGJC	1.000000	39861	1
138246	Σκόλις		39862	Σκόλις	Σ214	214	1.000000	Σκόλις	Σ214	577.4	ngDK1D788DKt1EKZpDM5pMKyHDWStLqESDLn1HKZ	1.000000	39862	1
138249	Σκότινα		39865	Σκότινα	Σ217	217	1.000000	Σκότινα	Σ217	577.10	ngGN2G081GXw5HNYsIP8tPNxKGfVwOtHVGYq5KNY	1.000000	39865	1
138251	Σκούποι		39867	Σκοῦποι	Σ219	219	1.000000	Σκοῦποι	Σ219	578.4	ngIP2E283KZyvJPQuIR06RPNMJBXyQvFXKAsvMPQ	1.000000	39867	1
138252	Σκύβρος		39868	Σκύβρος	Σ220	220	1.000000	Σκύβρος	Σ220	578.6	ngJQ2F384KQzvKQhvKC16SQWNJCYzRwGYKRtvNQh	1.000000	39868	1
138253	Σκύθαι		39870	Σκύθαι	Σ222	222	1.000000	Σκύθαι	Σ222	578.10	ngLS2H586LybxMSTxMU37USEPMkAbTyIAL5vxPST	1.000000	39870	1
138254	Σκυθόπολις		39872	Σκυθόπολις	Σ224	224	1.000000	Σκυθόπολις	Σ224	578.21	ngNU2J788NUdzOUFzNm52WUKRNGCdVaKCNVxzRUF	1.000000	39872	1
138258	Σκυλλῆτιον		39875	Σκυλλήτιον	Σ227	227	1.000000	Σκυλλήτιον	Σ227	579.7	ngQX3I081SXg3RXkcRp82ZXpUQpFgYdJFSYa3UXk	1.000000	39875	1
138259	Σκύλλιον		39876	Σκύλλιον	Σ228	228	1.000000	Σκύλλιον	Σ228	579.9	ngRY3N182RIh5SYZdS295AYmVRKGhZeOGRJb5VYZ	1.000000	39876	1
138260	Σκυμνιάδαι		39877	Σκυμνιάδαι	Σ229	229	1.000000	Σκυμνιάδαι	Σ229	579.12	ngSZ3K283Tfi5TZWeS302BZXWTLHiAfLHT2c5WZW	1.000000	39877	1
138262	Σκῦρος		39879	Σκῦρος	Σ231	231	1.000000	Σκῦρος	Σ231	579.16	ngUB3Y485WBkgVBCgUD2eDBHYWNJkChZJWCegYBC	1.000000	39879	1
138264	Σκυφία		39881	Σκυφία	Σ233	233	1.000000	Σκυφία	Σ233	580.5	ngWD3A687Xtm9XDAiYF4gFDJAYPLmEjBLXug9ADA	1.000000	39881	1
138266	Σμίλα		39883	Σμίλα	Σ235	235	1.000000	Σμίλα	Σ235	580.9	ngYF3C889ZPo1ZFMkAH63HFVCZRNoGlDNZQi1CFM	1.000000	39883	1
138267	Σμίνθη		39884	Σμίνθη	Σ236	236	1.000000	Σμίνθη	Σ236	580.11	ngZG3D980AGp2AGtlZI71IGODBSOpHmEOAHj2DGt	1.000000	39884	1
138268	Σμίνθιον		39885	Σμίνθιον	Σ237	237	1.000000	Σμίνθιον	Σ237	580.13	ngAH4E081Axq2BHMmB18lJHvECTPqInFPAyk2EHM	1.000000	39885	1
138269	Σμύρνα		39886	Σμύρνα	Σ238	238	1.000000	Σμύρνα	Σ238	580.16	ngBI4F182BornCIrnDK93KIUFCaQrJoGQB1lnFIr	1.000000	39886	1
138271	Σογδιανή		39888	Σογδιανή	Σ240	240	1.000000	Σογδιανή	Σ240	581.3	ngDK4H384DKtpEKHpDW18MKyHEWStLqISDLnpHKH	1.000000	39888	1
138272	Σόδομα		39889	Σόδομα	Σ241	241	1.000000	Σόδομα	Σ241	581.5	ngEL4E485GVupFLWqF529NLXIFdTuMrFTGWopILW	1.000000	39889	1
138274	Σόλλιον		39891	Σόλλιον	Σ243	243	1.000000	Σόλλιον	Σ243	581.9	ngGN4G687HdwrHNKsGZ41PNHKGfVwOtHVHeqrKNK	1.000000	39891	1
138277	Σολυγεία		39894	Σολύγεια	Σ246	246	1.000000	Σολύγεια	Σ246	581.23	ngJQ4J980KAz1KQNvLC72SQKNKiYzRwKYKBt1NQN	1.000000	39894	1
138278	Σόλυμα		39895	Σόλυμα	Σ247	247	1.000000	Σόλυμα	Σ247	581.26	ngKR5W081LRauLRewMD82TRZOLDZaSxXZLSuuORe	1.000000	39895	1
138279	Σουάγγελα	5	39897	Σουάγγελα	Σ249	249	1.000000	Σουάγγελα	Σ249	582.5	ngMT5Y283MzcxNTAyN303VTNQMlBcUzZBM2wxQTA	1.000000	39897	1
138282	Σοῦνιον	8	39900	Σούνιον	Σ252	252	1.000000	Σούνιον	Σ252	582.13	ngPW5B586PWf7QWHbRY35YWQTPoEfXcCEPXz7TWH	1.000000	39900	1
138283	Σούρα	9	39901	Σοῦρα	Σ253	253	1.000000	Σοῦρα	Σ253	582.17	ngQX5C687Qng8RXocQJ41ZXDURJFgYdDFQoa8UXo	1.000000	39901	1
138284	Σούσα	1	39902	Σοῦσα	Σ254	254	1.000000	Σοῦσα	Σ254	583.1	ngRY5Z788TYh8SYhdRq5dAYmVTKGhZeAGTZb8VYh	1.000000	39902	1
138287	Σπαρτάκος	4	39905	Σπάρτακος	Σ257	257	1.000000	Σπάρτακος	Σ257	583.11	ngUB6C081WLk2VBkgVD8eDBHYWNJkChDJWMe2YBk	1.000000	39905	1
138293	Σπήλαιον	9	41973	Σπήλαιον	Σ262	262	1.000000	Σπήλαιον	Σ262	584.9	ngZG6H586ZGpjAGRlZI36IGIDZyOpHmIOZHjjDGR	1.000000	41973	1
138294	Σπίνα	12	41974	Σπῖνα	Σ263	263	1.000000	Σπῖνα	Σ263	584.12	ngAH6I687AxqkBHumB74mJHXECTPqInJPAykkEHu	1.000000	41974	1
138295	Σποργίλος	15	41975	Σπόργιλος	Σ264	264	1.000000	Σπόργιλος	Σ264	584.15	ngBI6v788Byr8CITnDU51KIKFCaQrJowQBzl8FIT	1.000000	41975	1
138296	Στάγειρα	16	41976	Στάγειρα	Σ265	265	1.000000	Στάγειρα	Σ265	584.16	ngCJ6w889Cps9DJaoEV60LJRGDVRsKpxRC8m9GJa	1.000000	41976	1
138298	Στάσις	20	41978	Στάσις	Σ267	267	1.000000	Στάσις	Σ267	584.20	ngEL7y081ELuoFLcqFd8qNLdIEdTuMrzTEMooILc	1.000000	41978	1
138300	Στειρία		41979	Στειριά	Σ268	268	1.000000	Στειριά	Σ268	585.3	ngFM7v182Gsv6GMvrG293OMKJFYUvNswUG1p6JMv	1.000000	41979	1
138302	Στεφάνη		41981	Στεφάνη	Σ270	270	1.000000	Στεφάνη	Σ270	585.9	ngHO7x384IOx8IOHtIQ1sQOWLIAWxPuyWIPr8LOH	1.000000	41981	1
138303	Στεφανίς		41982	Στεφανίς	Σ271	271	1.000000	Στεφανίς	Σ271	585.10	ngIP7y485JvysJPWuJh26RPVMKBXyQvzXJ4ssMPW	1.000000	41982	1
138304	Στήλαι		41983	Στῆλαι	Σ272	272	1.000000	Στῆλαι	Σ272	585.12	ngJQ7z586Jwz5KQFvLS3vSQaNJiYzRwaYJ5t5NQF	1.000000	41983	1
138307	Στοιχάδες		41986	Στοιχάδες	Σ275	275	1.000000	Στοιχάδες	Σ275	585.19	ngMT7c889Mjc8NTYyNV68VTFQMlBcUzdBMkw8QTY	1.000000	41986	1
138314	Στροφαδες		41999	Στροφάδες	Σ288	288	1.000000	Στροφάδες	Σ288	587.14	ngZG9x182Zmp6AGRlBI95IGMDASOpHmyOZ1j6DGR	1.000000	41999	1
138328	Σύβαρις	1	42013	Σύβαρις	Σ302	302	1.000000	Σύβαρις	Σ302	589.3	ngRY0J586RYh5SYVdRq37AYKVRqGhZeKGRZb5VYV	1.000000	42013	1
138331	Συβρίδαι	4	42016	Συβρίδαι	Σ305	305	1.000000	Συβρίδαι	Σ305	589.21	ngUB0M889ULkeVBMgUD62DBpYUNJkChNJUMeeYBM	1.000000	42016	1
138333	Σύεσσα		42018	Σύεσσα	Σ307	307	1.000000	Σύεσσα	Σ307	590.1	ngWD1m081YDm3XDSiYF80FDBAHPK3EjvLX0giADu	1.000000	42018	1
138336	Σῦις		42021	Σύϊς	Σ310	310	1.000000	Σύϊς	Σ310	590.10	ngZG1V384BQp6AGZlZy1jIGEDKSNlHmuOA3jmDGV	1.000000	42021	1
138337	Συκαί		42022	Συκαί	Σ311	311	1.000000	Συκαί	Σ311	590.12	ngAH1A485BRqmBHumAT2kJHPELTOnInFPAyk8EHO	1.000000	42022	1
138341	Σύλειον		42025	Σύλειον	Σ314	314	1.000000	Σύλειον	Σ314	591.9	ngDK1D788DKt1EKZpDW51MKuHEcStLqESDLn1HKZ	1.000000	42025	1
138342	Συλῖονες		42026	Συλίονες	Σ315	315	1.000000	Συλίονες	Σ315	591.11	ngEL1E889Ebu3FLMqGX68NLJIGXTuMrFTEco3ILM	1.000000	42026	1
138344	Σύμβρα		42028	Σύμβρα	Σ317	317	1.000000	Σύμβρα	Σ317	591.15	ngGN2G081GXw5HNYsIP81PNDKIZVwOtHVGYq5KNY	1.000000	42028	1
138345	Σύμη		42029	Σύμη	Σ318	318	1.000000	Σύμη	Σ318	591.17	ngHO2D182IuxtIOxtHQ95QOELJAWxPuEWI1rtLOx	1.000000	42029	1
138349	Συπαληττός	3	42033	Συπαληττός	Σ322	322	1.000000	Συπαληττός	Σ322	592.14	ngLS2H586LybxMSTxMk3vUSYPLEAbTyIAL5vxPST	1.000000	42033	1
138355	Συῶπιοι		42043	Συώπιοι	Σ332	332	1.000000	Συώπιοι	Σ332	594.17	ngVC3Z586XCl9WClhVE36ECqZXOKlDiAKXDf9ZCl	1.000000	42043	1
138356	Σφακτηρία		42044	Σφακτήρια	Σ333	333	1.000000	Σφακτήρια	Σ333	594.19	ngWD3A687Xtm9XDAiYP49FDPAWvLmEjBLXug9ADA	1.000000	42044	1
138358	Σφενδάλη	4	42045	Σφενδαλή	Σ334	334	1.000000	Σφενδαλή	Σ334	595.4	ngXE3B788Ykn1YETjZQ58GEwBYwMnFkCMY7h1BET	1.000000	42045	1
138359	Σφήκεια	7	42046	Σφήκεια	Σ335	335	1.000000	Σφήκεια	Σ335	595.7	ngYF3C889ZPo1ZFQkYR6kHFpCYxNoGlDNZQi1CFQ	1.000000	42046	1
138360	Σφηττός	13	42047	Σφηττός	Σ336	336	1.000000	Σφηττός	Σ336	595.10	ngZG3D980AGp2AGtlZI74IGMDASOpHmEOAHj2DGt	1.000000	42047	1
138361	Σχερία	19	42048	Σχερία	Σ337	337	1.000000	Σχερία	Σ337	595.13	ngAH4E081Axq2BHMmB18nJHPEBTPqInFPAyk2EHM	1.000000	42048	1
138362	Σχινόυσσα	20	42049	Σχινοῦσσα	Σ338	338	1.000000	Σχινοῦσσα	Σ338	595.19	ngBI4F182BornCIrnDK92KIUFCaQrJoGQB1lnFIr	1.000000	42049	1
138363	Σχοινους		42050	Σχοινοῦς	Σ339	339	1.000000	Σχοινοῦς	Σ339	596.1	ngCJ4G283CTsnDJOoDL0mLJtGCbRsKpHRCUmnGJO	1.000000	42050	1
138364	Σωβαλα		42051	Σώβαλα	Σ340	340	1.000000	Σώβαλα	Σ340	596.16	ngDK4H384DKtpEKHpDW14MKyHDWStLqISDLnpHKH	1.000000	42051	1
138368	Σωτείρα		42056	Σώτειρα	Σ345	345	1.000000	Σώτειρα	Σ345	596.24	ngHO4H788IuxtIOZtIg59QOWLIAWxPuIWI7rtLOZ	1.000000	42056	1
138371	Ταβηνοί		44208	Ταβηνοί	Τ2	2	1.000000	Ταβηνοί	Τ2	597.18	ngKR5W081LRauLRewMD81TRXOKDZaSxXZLSuuORe	1.000000	44208	1
138372	Τάβαι		44207	Τάβαι	Τ1	1	1.000000	Τάβαι	Τ1	597.6	ngJQ4J980KAz1KQNvLC72SQeNJCYzRwKYKBt1NQN	1.000000	44207	1
138376	Ταιναρος		44212	Ταίναρος	Τ7	7	1.000000	Ταίναρος	Τ7	598.6	ngPW5B586PWf7QWHbRY3cYWUTPIEfXcCEPXz7TWH	1.000000	44212	1
138386	Τάναγρα		44222	Τάναγρα	Τ17	17	1.000000	Τάναγρα	Τ17	600.12	ngZG6H586ZGpjAGRlZI35IGMDBSOpHmIOZHjjDGR	1.000000	44222	1
138388	Τᾶνος		44225	Τάνος	Τ20	20	1.000000	Τάνος	Τ20	602.1	ngCJ6w889Cps9DJaoEV60LJbGDbRsKpxRC8m9GJa	1.000000	44225	1
138389	Τάνταλος		44226	Τάνταλος	Τ21	21	1.000000	Τάνταλος	Τ21	602.3	ngDK6x980DUtnEKVpEc70MKQHEWStLqySDVnnHKV	1.000000	44226	1
138390	Ταξιάνα		44227	Ταξίανα	Τ22	22	1.000000	Ταξίανα	Τ22	602.5	ngEL7y081ELuoFLcqFd8pNLdIEdTuMrzTEMooILc	1.000000	44227	1
138391	Τάξιλα		44228	Τάξιλα	Τ23	23	1.000000	Τάξιλα	Τ23	602.8	ngFM7v182Gsv6GMvrG293OMwJGeUvNswUG1p6JMv	1.000000	44228	1
138393	Ταποσείρις		44230	Ταπόσειρις	Τ25	25	1.000000	Ταπόσειρις	Τ25	602.14	ngHO7x384IOx8IOHtIQ1rQOWLIAWxPuyWIPr8LOH	1.000000	44230	1
138394	Ταπροβάνη		44231	Ταπροβάνη	Τ26	26	1.000000	Ταπροβάνη	Τ26	602.16	ngIP7y485JvysJPWuJh28RPXMIBXyQvzXJ4ssMPW	1.000000	44231	1
138397	Τάρας		44234	Τάρας	Τ29	29	1.000000	Τάρας	Τ29	603.1	ngLS7b788LSbyMSfxMU51USQPMEAbTycALTvyPSf	1.000000	44234	1
138399	Ταρκυνία		44236	Ταρκυνία	Τ31	31	1.000000	Ταρκυνία	Τ31	603.21	ngNU7Z980PUdaOURzN07xWUARPGCdVaACPVxaRUR	1.000000	44236	1
138401	Ταρσός	1	44244	Ταρσός	Τ39	39	1.000000	Ταρσός	Τ39	605.1	ngVC8t788XMl8WCRhWu57ECmZWuKlDiuKXNf8ZCR	1.000000	44244	1
138404	Ταρτησσός		44246	Ταρτησσός	Τ41	41	1.000000	Ταρτησσός	Τ41	606.15	ngXE8v980YEn4YEFjZQ71GEGBXwMnFkwMYFh4BEF	1.000000	44246	1
138446	Τελχις		46446	Τελχίς	Τ81	81	1.000000	Τελχίς	Τ81	614.4	ngPW2L980Pmf4QWDbPI72YWoTPoEfXcMEPnz4TWD	1.000000	46446	1
138448	Τέμβρος		48647	Τέμβρος	Τ83	83	1.000000	Τέμβρος	Τ83	614.13	ngRY3N182RIh5SYZdTK9cAYqVRqGhZeOGRJb5VYZ	1.000000	48647	1
138449	Τεμένεια		48648	Τεμένεια	Τ84	84	1.000000	Τεμένεια	Τ84	614.15	ngSZ3K283Tfi5TZWeS304BZXWTLHiAfLHT2c5WZW	1.000000	48648	1
138450	Τέμενος		48649	Τέμενος	Τ85	85	1.000000	Τέμενος	Τ85	614.17	ngTA3L384VKj7UALfVC14CAGXTMIjBgMIVLd7XAL	1.000000	48649	1
138451	Τεμέση	1	48650	Τεμέση	Τ86	86	1.000000	Τεμέση	Τ86	615.1	ngUB3Y485WBkgVBCgUD2gDBDYUtJkChZJWCegYBC	1.000000	48650	1
138452	Τένδηβα	2	48652	Τένδηβα	Τ88	88	1.000000	Τένδηβα	Τ88	615.8	ngWD3A687Xtm9XDAiYP40FDFAWvLmEjBLXug9ADA	1.000000	48652	1
138453	Τενέα	3	48653	Τενέα	Τ89	89	1.000000	Τενέα	Τ89	615.9	ngXE3B788Ykn1YETjZQ50GEQBXwMnFkCMY7h1BET	1.000000	48653	1
138454	Τενέβριον	4	48654	Τενέβριον	Τ90	90	1.000000	Τενέβριον	Τ90	615.12	ngYF3C889ZPo1ZFQkYR6jHFpCYxNoGlDNZQi1CFQ	1.000000	48654	1
138455	Τένεδος	5	48655	Τένεδος	Τ91	91	1.000000	Τένεδος	Τ91	615.14	ngZG3D980AGp2AGtlZI73IGEDZSOpHmEOAHj2DGt	1.000000	48655	1
138461	Τερηδών	1	48660	Τερηδών	Τ96	96	1.000000	Τερηδών	Τ96	617.3	ngEL4E485GVupFLWqGX2pNLTIEXTuMrFTGWopILW	1.000000	48660	1
138472	Τεως		48671	Τέως	Τ108	107	1.000000	Τέως	Τ108	619.15	ngQX5C687Qng8RXocQJ40ZXpUQpFgYdDFQoa8UXo	1.000000	48671	1
138474	Τημένιον		48677	Τημένιον	Τ113	113	1.000000	Τημένιον	Τ113	621.3	ngVC6D182WCl2WCDhWu93ECKZVOKlDiEKWDf2ZCD	1.000000	48677	1
138479	Τιβαρηνία		48681	Τιβαρηνία	Τ117	117	1.000000	Τιβαρηνία	Τ117	622.6	ngZG6H586ZGpjAGRlZI3mIGMDBSOpHmIOZHjjDGR	1.000000	48681	1
138480	Τίβειον		48682	Τίβειον	Τ118	118	1.000000	Τίβειον	Τ118	622.12	ngAH6I687AxqkBHumB74lJHJEBzPqInJPAykkEHu	1.000000	48682	1
138481	Τιβεριάς		48683	Τιβεριάς	Τ119	119	1.000000	Τιβεριάς	Τ119	622.14	ngBI6v788Byr8CITnDU52KIUFBaQrJowQBzl8FIT	1.000000	48683	1
138482	Τίβυρις		48684	Τίβυρις	Τ120	120	1.000000	Τίβυρις	Τ120	622.20	ngCJ6w889Cps9DJaoEV62LJDGDbRsKpxRC8m9GJa	1.000000	48684	1
138492	Τῖος		48696	Τίος	Τ132	132	1.000000	Τίος	Τ132	624.20	ngOV8e081OFe0PVGaQH84XVHSOnDeWbfDOGy0SVG	1.000000	48696	1
138497	Τίςια		48701	Τισία	Τ137	137	1.000000	Τισία	Τ137	626.6	ngTA8L586TKjdUABfTM3gCAkXVMH5B6eITBddXAH	1.000000	48701	1
138502	Τολέριον	5	48711	Τολέριον	Τ147	147	1.000000	Τολέριον	Τ147	627.17	ngDK9x586FKt9EKbpEM39MKyHFWStLqySFLn9HKb	1.000000	48711	1
138504	Τολοφών		48713	Τολοφών	Τ149	149	1.000000	Τολοφών	Τ149	628.1	ngFM9z788GsvsGMBrG851OMKJHYUvNsaUG7psJMB	1.000000	48713	1
138505	Τόμαρος		48714	Τόμαρος	Τ150	150	1.000000	Τόμαρος	Τ150	628.3	ngGN9a889HXwsHNwsIZ63PNTKHZVwOtbVHYqsKNw	1.000000	48714	1
138508	Τοπαζος		48718	Τόπαζος	Τ154	154	1.000000	Τόπαζος	Τ154	628.16	ngOV0G283Ple4PVCaO302XVnSPnDeWbHDPmy4SVC	1.000000	48718	1
138515	Τραγασαί		50997	Τραγασαί	Τ160	160	1.000000	Τραγασαί	Τ160	630.1	ngUB0M889ULkeVBMgUt69DBlYVtJkChNJUMeeYBM	1.000000	50997	1
138516	Τραγία		50998	Τραγία	Τ161	161	1.000000	Τραγία	Τ161	630.6	ngVC0H980XMl4WCHhXE73ECKZGOJ1DiqKXDf1ZCt	1.000000	50998	1
138517	Τραγίλος		50999	Τράγιλος	Τ162	162	1.000000	Τράγιλος	Τ162	630.11	ngWD1m081YDm3XDWiXv81FDJAHPK3EjvLX0gjADI	1.000000	50999	1
138518	Τραλλία		51000	Τραλλία	Τ163	163	1.000000	Τραλλία	Τ163	630.14	ngXE1B182ZOn1YEvjZQ93GEsBIQL1FksMYPh6BEr	1.000000	51000	1
138519	Τραλλίς		51001	Τράλλις	Τ164	164	1.000000	Τράλλις	Τ164	630.18	ngYF1G283AFo7ZFKkYH02HFDCJRM3GlxNAGi4CFQ	1.000000	51001	1
138527	Τρεμιλη-		51015	Τρεμίλη	Τ178	178	1.000000	Τρεμίλη	Τ178	633.8	ngMT2I687NDczNTIyN740VTBQMFBcUzJBNEwzQTI	1.000000	51015	1
138529	Τρήχις		51017	Τρῆχις	Τ180	180	1.000000	Τρῆχις	Τ180	634.6	ngOV2K889OVe1PVWaQX68XVTSOHDeWbLDOWy1SVW	1.000000	51017	1
138530	Τριβαλλοι		51018	Τριβαλλοί	Τ181	181	1.000000	Τριβαλλοί	Τ181	634.8	ngPW2L980Pmf4QWDbPY71YWCTPIEfXcMEPnz4TWD	1.000000	51018	1
138542	Τριόδος	2	51030	Τρίοδος	Τ193	193	1.000000	Τρίοδος	Τ193	636.5	ngBI4F182BornCIvnBU9oKIGFBUQrJoGQB1lnFIv	1.000000	51030	1
138543	Τριόπιον	3	51031	Τριόπιον	Τ194	194	1.000000	Τριόπιον	Τ194	636.10	ngCJ4G283CTsnDJOoDV05LJPGCVRsKpHRCUmnGJO	1.000000	51031	1
138546	Τριπολίσσοι	3	51034	Τριπόλισσοι	Τ197	197	1.000000	Τριπόλισσοι	Τ197	637.10	ngFM4F586HMvqGMdrHY35OMSJFYUvNsGUHNpqJMd	1.000000	51034	1
138551	Τριφυλία	3	51040	Τριφυλία	Τ203	203	1.000000	Τριφυλία	Τ203	638.4	ngLS5X182MibwMSTxNU96USMPLkAbTyYAMjvwPST	1.000000	51040	1
138553	Τροία	5	51042	Τροία	Τ205	205	1.000000	Τροία	Τ205	638.12	ngNU5Z384OEdyOUhzOm13WUSROGCdVaACOFxyRUh	1.000000	51042	1
138554	Τροιζην		51043	Τροιζήν	Τ206	206	1.000000	Τροιζήν	Τ206	639.5	ngOV5A485OVeyPVAaPH27XVLSQHDeWbBDOWyySVA	1.000000	51043	1
138559	Τρωγίλος		51047	Τρώγιλος	Τ210	210	1.000000	Τρώγιλος	Τ210	639.18	ngSZ5E889SJi1TZKeT96fBZFWULHiAfFHSKc1WZK	1.000000	51047	1
138563	Τυλησσός		51052	Τυλησσός	Τ215	215	1.000000	Τυλησσός	Τ215	640.18	ngXE6F384Xun8YErjZQ1kGECBXQMnFkGMXvh8BEr	1.000000	51052	1
138566	Τύμης	1	51056	Τύμης	Τ219	219	1.000000	Τύμης	Τ219	641.6	ngBI6v788Byr8CITnDU5lKIGFCUQrJowQBzl8FIT	1.000000	51056	1
138567	Τυμνησσός	2	60975	Τυμνησσός	Τ220	220	1.000000	Τυμνησσός	Τ220	641.8	ngCJ6w889Cps9DJaoEV63LJZGEVRsKpxRC8m9GJa	1.000000	60975	1
138568	Τύμνος	3	60976	Τύμνος	Τ221	221	1.000000	Τύμνος	Τ221	641.11	ngDK6x980DUtnEKVpE07pMKcHDcStLqySDVnnHKV	1.000000	60976	1
138569	Τύμφη	4	60977	Τύμφη	Τ222	222	1.000000	Τύμφη	Τ222	641.13	ngEL7y081ELuoFLcqFN85NLdIEdTuMrzTEMooILc	1.000000	60977	1
138572	Τυπαῖον		60980	Τύπαιον	Τ225	225	1.000000	Τύπαιον	Τ225	642.1	ngHO7x384IOx8IOHtIQ13QOMLIAWxPuyWIPr8LOH	1.000000	60980	1
138573	Τυπανέαι		60981	Τυπανέαι	Τ226	226	1.000000	Τυπανέαι	Τ226	642.2	ngIP7y485JvysJPWuJR28RPNMKBXyQvzXJ4ssMPW	1.000000	60981	1
138580	Τύρος	2	60988	Τύρος	Τ233	233	1.000000	Τύρος	Τ233	643.4	ngPW8B182QcfcQWBbRI96YWkTPIEfXcCEQ1zcTWB	1.000000	60988	1
138585	Τύχη		60993	Τύχη	Τ238	238	1.000000	Τύχη	Τ238	644.1	ngUB8s687VhkhVBogWN48DBtYVtJkChtJV6ehYBo	1.000000	60993	1
138586	Ὑαία		60994	Ὑαία	Υ1	1	1.000000	Ὑαία	Υ1	644.4	ngVC8t788XMl8WCRhWu52ECWZVuKlDiuKXNf8ZCR	1.000000	60994	1
138588	Ὑάμεια		60995	Ὑάμεια	Υ2	2	1.000000	Ὑάμεια	Υ2	644.6	ngWD8u889XDm8XDOiWF6iFDvAXvLmEjvLXEg8ADO	1.000000	60995	1
138589	Ὑάμιον		60996	Ὑάμιον	Υ3	3	1.000000	Ὑάμιον	Υ3	644.8	ngXE8v980YEn4YEFjZQ79GEGBXwMnFkwMYFh4BEF	1.000000	60996	1
138590	Ὑάμπολις		60997	Ὑάμπολις	Υ4	4	1.000000	Ὑάμπολις	Υ4	644.10	ngYF9w081Yvo4ZFCkYR85HFHCYxNoGlxNYwi4CFC	1.000000	60997	1
138591	Ὑάντες		60998	Ὕαντες	Υ5	5	1.000000	Ὕαντες	Υ5	644.11	ngZG9x182Zmp6AGRlBI92IGODZSOpHmyOZ1j6DGR	1.000000	60998	1
138592	Ὑάπεια		60999	Ὑάπεια	Υ6	6	1.000000	Ὑάπεια	Υ6	644.14	ngAH9y283ARq6BHMmA302JHFEATPqInzPASk6EHM	1.000000	60999	1
138593	Ὑᾶσις		61000	Ὕασις	Υ7	7	1.000000	Ὕασις	Υ7	644.16	ngBI9z384BIr8CIFnBa1lKIGFCUQrJoaQBJl8FIF	1.000000	61000	1
138594	Ὑβα		61001	Ὕβα	Υ8	8	1.000000	Ὕβα	Υ8	644.19	ngCJ9w485ETs8DJYoDV2pLJPGCVRsKpxREUm8GJY	1.000000	61001	1
138595	Ὑβέλη		61002	Ὑβέλη	Υ9	9	1.000000	Ὑβέλη	Υ9	644.22	ngDK9x586FKt9EKbpEM3nMKAHFWStLqySFLn9HKb	1.000000	61002	1
138597	Ἡραια		19527	Ἥραια	Η18	18	1.000000	Ἥραια	Η18	302.18	ngVC0H980XMl4WCZhXE79ECqZGOJ1DiqKXDf9ZCt	1.000000	19527	1
138598	Ὑγασσος		61004	Ὑγασσός	Υ11	11	1.000000	Ὑγασσός	Υ11	645.6	ngFM9z788GsvsGMBrHY50OMOJGeUvNsaUG7psJMB	1.000000	61004	1
138600	Ὑδη		61006	Ὕδη	Υ13	13	1.000000	Ὕδη	Υ13	645.11	ngHO9b980IOxuIOPtIQ7sQOULIAWxPucWIPruLOP	1.000000	61006	1
138610	Ύλαία		61016	Ὑλαία	Υ23	23	1.000000	Ὑλαία	Υ23	647.4	ngVC0H980XMl4WCHhXE79ECAZGOJ1DiqKXDf1ZCt	1.000000	61016	1
138611	Ύλαμοι		61017	Ὕλαμοι	Υ24	24	1.000000	Ὕλαμοι	Υ24	647.6	ngWD1m081YDm3XDWiX181FDJAHPK3EjvLX0gjADm	1.000000	61017	1
138617	Ὑμηττός		61022	Ὑμηττός	Υ29	29	1.000000	Ὑμηττός	Υ29	649.3	ngBI1B586BIrlCIXnCU39KKmFB6PmJoQQBzl5FIv	1.000000	61022	1
138619	Ὑπαίπα		61024	Ὕπαιπα	Υ31	31	1.000000	Ὕπαιπα	Υ31	649.8	ngDK1D788DKt1EKZpDM59MKyHDWStLqESDLn1HKZ	1.000000	61024	1
138621	Ὑπάνα		61026	Ὕπανα	Υ33	33	1.000000	Ὕπανα	Υ33	649.13	ngFM1B980HMv3GMFrHO73OMeJGeUvNsCUHNp3JMF	1.000000	61026	1
138622	Ὑπανις		61027	Ὕπανις	Υ34	34	1.000000	Ὕπανις	Υ34	649.15	ngGN2G081GXw5HNYsIZ83PNLKIZVwOtHVGYq5KNY	1.000000	61027	1
138626	Ὑπερδέξιον		61031	Ὑπερδέξιον	Υ38	38	1.000000	Ὑπερδέξιον	Υ38	650.13	ngKR2G485LhaxLRawKD26TRjOKjZaSxHZLiuxORa	1.000000	61031	1
138627	Ὑπερησία		61032	Ὑπερησία	Υ39	39	1.000000	Ὑπερησία	Υ39	650.17	ngLS2H586LybxMSTxMU3xUSQPNEAbTyIAL5vxPST	1.000000	61032	1
138639	Ὑσβη		61043	Ὕσβη	Υ50	50	1.000000	Ὕσβη	Υ50	653.5	ngWD3A687Xtm9XDAiYF48FDvAWvLmEjBLXug9ADA	1.000000	61043	1
138640	Ὑσία		61044	Ὑσία	Υ51	51	1.000000	Ὑσία	Υ51	653.6	ngXE3B788Ykn1YETjZQ5kGEsBYQMnFkCMY7h1BET	1.000000	61044	1
138644	Ὑψηλις		61048	Ὕψηλις	Υ55	55	1.000000	Ὕψηλις	Υ55	653.19	ngBI4F182BornCIvnBU9nKIGFBUQrJoGQB1lnFIv	1.000000	61048	1
138647	Φαβία		135353	Φαβία	Φ1	1	1.000000	Φαβία	Φ1	654.3	ngEL4E485GVupFLWqF527NLvIEdTuMrFTGWopILW	1.000000	135353	1
138648	Φαβεντία		135354	Φαβεντία	Φ2	2	1.000000	Φαβεντία	Φ2	654.6	ngFM4F586HMvqGMdrHY3rOMwJFeUvNsGUHNpqJMd	1.000000	135354	1
138649	Φάγρης		135355	Φάγρης	Φ3	3	1.000000	Φάγρης	Φ3	654.8	ngGN4G687HdwrHNKsGZ4qPNPKGfVwOtHVHeqrKNK	1.000000	135355	1
138652	Φαιστός		135358	Φαιστός	Φ6	6	1.000000	Φαιστός	Φ6	654.17	ngJQ4J980KAz1KQNvLC7wSQWNLCYzRwKYKBt1NQN	1.000000	135358	1
138653	Φάκιον		135359	Φάκιον	Φ7	7	1.000000	Φάκιον	Φ7	654.25	ngKR5W081LRauLRewMT80TRfOLDZaSxXZLSuuORe	1.000000	135359	1
138654	Φάκουσα		135360	Φάκουσα	Φ8	8	1.000000	Φάκουσα	Φ8	655.1	ngLS5X182MibwMSXxLE9vUSIPMEAbTyYAMjvwPSX	1.000000	135360	1
138657	Φαλανθος		135363	Φάλανθος	Φ11	11	1.000000	Φάλανθος	Φ11	655.14	ngOV5A485OVeyPVAaPH28XVjSPHDeWbBDOWyySVA	1.000000	135363	1
138658	Φάλαννα		135364	Φάλαννα	Φ12	12	1.000000	Φάλαννα	Φ12	655.17	ngPW5B586PWf7QWLbPI3zYWkTRIEfXcCEPXz7TWL	1.000000	135364	1
138659	Φαλάνναια		135365	Φαλάνναια	Φ13	13	1.000000	Φαλάνναια	Φ13	656.1	ngQX5C687Qng8RXocQJ47ZXDURJFgYdDFQoa8UXo	1.000000	135365	1
138661	Φαμιζών	2	135374	Φαμιζών	Φ22	22	1.000000	Φαμιζών	Φ22	657.5	ngZG6H586ZGpjAGRlZS37IGEDZSOpHmIOZHjjDGR	1.000000	135374	1
138662	Φαναγόρεια	3	135375	Φαναγόρεια	Φ23	23	1.000000	Φαναγόρεια	Φ23	657.8	ngAH6I687AxqkBHumB74nJHPECTPqInJPAykkEHu	1.000000	135375	1
138667	Φαρνάκεια		135386	Φαρνάκεια	Φ34	34	1.000000	Φαρνάκεια	Φ34	659.3	ngLS7b788LSbyMSfxMU58USMPMkAbTycALTvyPSf	1.000000	135386	1
138668	Φάρος		135387	Φάρος	Φ35	35	1.000000	Φάρος	Φ35	659.7	ngMT7c889Mjc8NTYyNl6zVTJQNFBcUzdBMkw8QTY	1.000000	135387	1
138669	Φαρουσίοι		135388	Φαρούσιοι	Φ36	36	1.000000	Φαρούσιοι	Φ36	659.16	ngOV8e081OFe0PVGaQH85XVjSOHDeWbfDOGy0SVG	1.000000	135388	1
138670	Φάρσαλος		135389	Φάρσαλος	Φ37	37	1.000000	Φάρσαλος	Φ37	659.18	ngPW8B182QcfcQWBbRY9bYWETPIEfXcCEQ1zcTWB	1.000000	135389	1
138672	Φασαηλίς		135391	Φασαηλίς	Φ39	39	1.000000	Φασαηλίς	Φ39	660.1	ngRY8D384TIh8SYpdSq17AYmVTKGhZeEGTJb8VYp	1.000000	135391	1
138674	Φασταῖα		135395	Φάσταια	Φ43	43	1.000000	Φάσταια	Φ43	661.7	ngVC8t788XMl8WCRhWu50ECmZWuKlDiuKXNf8ZCR	1.000000	135395	1
138676	Φεᾶ		135396	Φεά	Φ45	45	1.000000	Φεά	Φ45	661.11	ngXE8v980YEn4YEFjZQ7kGEGBXwMnFkwMYFh4BEF	1.000000	135396	1
138680	Φενεβηϑις		135400	Φενέβηθις	Φ49	49	1.000000	Φενέβηθις	Φ49	662.1	ngBI9z384BIr8CIFnBK17KIwFDUQrJoaQBJl8FIF	1.000000	135400	1
138681	Φενεός		135401	Φενεός	Φ50	50	1.000000	Φενεός	Φ50	662.4	ngCJ9w485ETs8DJYoDV25LJRGCVRsKpxREUm8GJY	1.000000	135401	1
138682	Φεραί		135402	Φεραί	Φ51	51	1.000000	Φεραί	Φ51	662.12	ngDK9x586FKt9EKbpEM3oMKIHEWStLqySFLn9HKb	1.000000	135402	1
138685	Φηγεια		135405	Φήγεια	Φ54	54	1.000000	Φήγεια	Φ54	663.5	ngGN9a889HXwsHNwsIZ60PNTKIZVwOtbVHYqsKNw	1.000000	135405	1
138686	Φηγούς		135406	Φηγοῦς	Φ55	55	1.000000	Φηγοῦς	Φ55	663.10	ngHO9b980IOxuIOPtIQ7rQOULIAWxPucWIPruLOP	1.000000	135406	1
138687	Φημιαί		135407	Φημίαι	Φ56	56	1.000000	Φημίαι	Φ56	663.12	ngMT0E081NDc5NTEyMl8yVTBQMFBcUzFBNEw5QTE	1.000000	135407	1
138690	Φθιᾶ		135409	Φθία	Φ58	58	1.000000	Φθία	Φ58	663.16	ngOV0G283Ple4PVCaO303XVXSOnDeWbHDPmy4SVC	1.000000	135409	1
138692	Φιλα		135415	Φίλα	Φ64	64	1.000000	Φίλα	Φ64	665.1	ngUB0M889ULkeVBMgUt69DBVYVtJkChNJUMeeYBM	1.000000	135415	1
138694	Φιλαῖδαι		135417	Φιλαΐδαι	Φ66	66	1.000000	Φιλαΐδαι	Φ66	665.15	ngWD1m081YDm3XDWiYP8iFDBAHPK3EjvLX0gjADq	1.000000	135417	1
138699	Φιλομηλεῖον		135422	Φιλομήλειον	Φ71	71	1.000000	Φιλομήλειον	Φ71	666.11	ngBI1B586BIrlCIPnDK3nKKmFB6PmJoQQBTl0FIX	1.000000	135422	1
138703	Φινοπολις		135426	Φινόπολις	Φ75	75	1.000000	Φινόπολις	Φ75	667.5	ngFM1B980HMv3GMJrFY7pOMOJFeUvNsCUHNp3JMJ	1.000000	135426	1
138708	Φλυγόνιον	2	135431	Φλυγόνιον	Φ80	80	1.000000	Φλυγόνιον	Φ80	668.11	ngKR2G485LhaxLRawKD25TRfOLDZaSxHZLiuxORa	1.000000	135431	1
138709	Φλυείς	3	135432	Φλυεῖς	Φ81	81	1.000000	Φλυεῖς	Φ81	668.13	ngLS2H586LybxMSTxMU3wUSEPMkAbTyIAL5vxPST	1.000000	135432	1
138712	Φοινίκη	6	135435	Φοινίκη	Φ84	84	1.000000	Φοινίκη	Φ84	668.19	ngOV2K889OVe1PVWaQX6aXVfSOnDeWbLDOWy1SVW	1.000000	135435	1
138717	Φολόη		135440	Φολόη	Φ89	89	1.000000	Φολόη	Φ89	670.3	ngTA3L384VKj7UALfVC16CAkXTsIjBgMIVLd7XAL	1.000000	135440	1
138722	Φούνδα		135445	Φοῦνδα	Φ94	94	1.000000	Φοῦνδα	Φ94	670.13	ngYF3C889ZPo1ZFQkYR68HFDCARNoGlDNZQi1CFQ	1.000000	135445	1
138734	Φυλή		145228	Φυλή	Φ111	111	1.000000	Φυλή	Φ111	674.3	ngPW5B586PWf7QWHbRY30YWoTQoEfXcCEPXz7TWH	1.000000	145228	1
138735	Φυλον	1	145231	Φῦλον	Φ114	114	1.000000	Φῦλον	Φ114	675.1	ngSZ5E889SJi1TZKeT96cBZBWTrHiAfFHSKc1WZK	1.000000	145231	1
138737	Φυσκος	3	145233	Φύσκος	Φ116	116	1.000000	Φύσκος	Φ116	675.7	ngUB6C081WLk2VBkgVN81DBVYVtJkChDJWMe2YBk	1.000000	145233	1
138739	Φυτειον	5	145235	Φύτειον	Φ118	118	1.000000	Φύτειον	Φ118	675.17	ngWD6E283XtmhXDKiW304FDXAWvLmEjFLXughADK	1.000000	145235	1
138741	Φωκις	7	145237	Φωκίς	Φ120	120	1.000000	Φωκίς	Φ120	675.25	ngYF6G485ZPojZFUkZx2jHFHCYxNoGlHNZQijCFU	1.000000	145237	1
138751	Χαιρώνεια	1	125146	Χαιρώνεια	Χ6	6	1.000000	Χαιρώνεια	Χ6	678.1	ngHO7x384IOx8IOHtIQ15QOELJAWxPuyWIPr8LOH	1.000000	125146	1
138753	Χάλαστρα		125150	Χαλάστρα	Χ8	8	1.000000	Χαλάστρα	Χ8	679.4	ngJQ7z586Jwz5KQFvLS38SQeNJCYzRwaYJ5t5NQF	1.000000	125150	1
138756	Χαλία		128477	Χαλία	Χ11	11	1.000000	Χαλία	Χ11	681.4	ngMT7c889Mjc8NTYyNV63VTZQOFBcUzdBMkw8QTY	1.000000	128477	1
138758	Χάλκεια		128479	Χάλκεια	Χ13	13	1.000000	Χάλκεια	Χ13	681.12	ngOV8e081OFe0PVGaQX8bXVPSPnDeWbfDOGy0SVG	1.000000	128479	1
138759	Χάλκη	1	128480	Χάλκη	Χ14	14	1.000000	Χάλκη	Χ14	682.1	ngPW8B182QcfcQWBbRY9cYWETRIEfXcCEQ1zcTWB	1.000000	128480	1
138760	Χαλκηδών	2	128481	Χαλκηδών	Χ15	15	1.000000	Χαλκηδών	Χ15	682.9	ngQX8C283Rdg7RXIcRp0aZXFUQJFgYdDFR2a7UXI	1.000000	128481	1
138761	Χαλκητόριον		128482	Χαλκητόριον	Χ16	16	1.000000	Χαλκητόριον	Χ16	683.5	ngRY8D384TIh8SYpdSq16AYmVTKGhZeEGTJb8VYp	1.000000	128482	1
138762	Χαλκίς		128483	Χαλκίς	Χ17	17	1.000000	Χαλκίς	Χ17	683.9	ngSZ8q485UZi4TZOeT524BZXWULHiAfrHUAc4WZO	1.000000	128483	1
138764	Χαλκίς	1	128483	Χαλκίς	Χ17	17	1.000000	Χαλκίς	Χ17	683.9	ngSZ8q485UZi4TZOeT524BZXWULHiAfrHUAc4WZO	1.000000	128483	1
138769	Χαράδρα		128489	Χαράδρα	Χ23	23	1.000000	Χαράδρα	Χ23	687.5	ngYF9w081Yvo4ZFCkYR81HFpCZxNoGlxNYwi4CFC	1.000000	128489	1
138770	Χάραδρος		128490	Χάραδρος	Χ24	24	1.000000	Χάραδρος	Χ24	687.7	ngZG9x182Zmp6AGRlBI9mIGEDBSOpHmyOZ1j6DGR	1.000000	128490	1
